#ifndef TATSU_LOGO_H
#define TATSU_LOGO_H

const unsigned int bg_width = 256;
const unsigned int bg_height = 256;
const unsigned int bgPixels[65536] = {
0x010101,0x000000,0x000000,0x000000,0x000000,0x010101,0x000000,0x000000,0x000000,0x010101,0x000000,0x000000,
0x010101,0x010101,0x010101,0x010101,0x010101,0x010101,0x010101,0x000000,0x010101,0x010101,0x010101,0x010101,
0x010101,0x010101,0x010101,0x010101,0x010101,0x010101,0x000000,0x000000,0x000000,0x010101,0x010101,0x010101,
0x010101,0x010101,0x000000,0x000000,0x010101,0x010101,0x010101,0x010101,0x010101,0x010101,0x010101,0x010101,
0x010101,0x010101,0x010101,0x010101,0x010101,0x010101,0x010101,0x010101,0x010101,0x010101,0x010101,0x010101,
0x010101,0x010101,0x010101,0x010101,0x010101,0x010101,0x010101,0x000000,0x010101,0x010101,0x010101,0x010101,
0x000000,0x010101,0x010101,0x000000,0x010101,0x010101,0x010101,0x010101,0x010101,0x010101,0x010101,0x010101,
0x010101,0x010101,0x010101,0x010101,0x010101,0x010101,0x010101,0x010101,0x010101,0x010101,0x010101,0x010101,
0x010101,0x010101,0x010101,0x010101,0x010101,0x010101,0x010101,0x010101,0x010101,0x010101,0x010101,0x000000,
0x010101,0x010101,0x010101,0x010101,0x000000,0x010101,0x010101,0x000000,0x010101,0x010101,0x010101,0x000000,
0x010101,0x010101,0x010101,0x010101,0x010101,0x010101,0x000000,0x000000,0x010101,0x010101,0x010101,0x010101,
0x010101,0x010101,0x010101,0x000000,0x010101,0x010101,0x010101,0x010101,0x010101,0x010101,0x010101,0x000000,
0x010101,0x010101,0x000000,0x000000,0x010101,0x010101,0x010101,0x010101,0x010101,0x010101,0x010101,0x010101,
0x010101,0x010101,0x010101,0x010101,0x010101,0x010101,0x010101,0x000000,0x010101,0x010101,0x010101,0x000000,
0x010101,0x010101,0x010101,0x010101,0x010101,0x010101,0x010101,0x010101,0x010101,0x010101,0x010101,0x010101,
0x010101,0x010101,0x010101,0x010101,0x000000,0x010101,0x010101,0x010101,0x010101,0x010101,0x010101,0x010101,
0x000000,0x010101,0x010101,0x000000,0x000000,0x010101,0x010101,0x000000,0x010101,0x010101,0x010101,0x010101,
0x010101,0x010101,0x010101,0x010101,0x010101,0x010101,0x010101,0x010101,0x010101,0x010101,0x010101,0x000000,
0x010101,0x010101,0x010101,0x010101,0x010101,0x010101,0x010101,0x010101,0x010101,0x010101,0x010101,0x010101,
0x010101,0x010101,0x000000,0x000000,0x010101,0x010101,0x010101,0x010101,0x000000,0x010101,0x010101,0x010101,
0x000000,0x010101,0x000000,0x000000,0x010101,0x010101,0x000000,0x000000,0x010101,0x010101,0x000000,0x000000,
0x010101,0x010101,0x000000,0x010101,0x010101,0x000000,0x000000,0x000000,0x000000,0x010101,0x000000,0x000000,
0x000000,0x010101,0x000000,0x000000,0x000000,0x000000,0x010101,0x010101,0x010101,0x010101,0x010101,0x000000,
0x010101,0x010101,0x010101,0x010101,0x010101,0x010101,0x010101,0x010101,0x010101,0x010101,0x000000,0x000000,
0x000000,0x010101,0x010101,0x010101,0x010101,0x010101,0x000000,0x000000,0x010101,0x010101,0x010101,0x010101,
0x010101,0x010101,0x010101,0x010101,0x010101,0x010101,0x010101,0x010101,0x010101,0x010101,0x010101,0x010101,
0x010101,0x010101,0x010101,0x010101,0x010101,0x010101,0x010101,0x010101,0x010101,0x010101,0x010101,0x000000,
0x010101,0x010101,0x010101,0x010101,0x000000,0x010101,0x010101,0x000000,0x010101,0x010101,0x010101,0x010101,
0x010101,0x010101,0x010101,0x010101,0x010101,0x010101,0x000000,0x000000,0x010101,0x010101,0x010101,0x010101,
0x010101,0x010101,0x010101,0x010101,0x010101,0x010101,0x010101,0x010101,0x010101,0x010101,0x010101,0x010101,
0x000000,0x010101,0x010101,0x000000,0x010101,0x010101,0x010101,0x010101,0x000000,0x010101,0x010101,0x000000,
0x010101,0x010101,0x010101,0x000000,0x010101,0x010101,0x010101,0x010101,0x010101,0x010101,0x010101,0x010101,
0x010101,0x010101,0x010101,0x010101,0x010101,0x010101,0x010101,0x000000,0x010101,0x010101,0x010101,0x010101,
0x010101,0x010101,0x010101,0x000000,0x010101,0x010101,0x000000,0x000000,0x010101,0x010101,0x010101,0x010101,
0x010101,0x010101,0x010101,0x010101,0x010101,0x010101,0x010101,0x010101,0x010101,0x010101,0x010101,0x000000,
0x010101,0x010101,0x010101,0x000000,0x010101,0x010101,0x010101,0x010101,0x010101,0x010101,0x010101,0x010101,
0x010101,0x010101,0x010101,0x010101,0x010101,0x010101,0x010101,0x010101,0x000000,0x010101,0x010101,0x010101,
0x010101,0x010101,0x010101,0x010101,0x000000,0x010101,0x010101,0x000000,0x000000,0x010101,0x010101,0x000000,
0x010101,0x010101,0x010101,0x010101,0x010101,0x010101,0x010101,0x010101,0x010101,0x010101,0x010101,0x010101,
0x010101,0x010101,0x010101,0x000000,0x010101,0x010101,0x010101,0x010101,0x010101,0x010101,0x010101,0x010101,
0x010101,0x010101,0x010101,0x010101,0x010101,0x010101,0x000000,0x000000,0x010101,0x010101,0x010101,0x010101,
0x000000,0x010101,0x010101,0x010101,0x000000,0x010101,0x000000,0x000000,0x010101,0x010101,0x000000,0x000000,
0x010101,0x010101,0x000000,0x000000,0x010101,0x010101,0x000000,0x010101,0x010101,0x000000,0x000000,0x000000,
0x010101,0x010101,0x000000,0x000000,0x010101,0x010101,0x000000,0x000000,0x010101,0x010101,0x000000,0x010101,
0x010101,0x010101,0x000000,0x000000,0x010101,0x010101,0x010101,0x010101,0x010101,0x010101,0x000000,0x000000,
0x010101,0x010101,0x010101,0x010101,0x010101,0x010101,0x000000,0x010101,0x010101,0x000000,0x000000,0x010101,
0x010101,0x000000,0x010101,0x010101,0x010101,0x010101,0x000000,0x000000,0x010101,0x010101,0x000000,0x010101,
0x010101,0x010101,0x010101,0x010101,0x010101,0x010101,0x000000,0x010101,0x010101,0x000000,0x000000,0x010101,
0x010101,0x010101,0x010101,0x010101,0x010101,0x010101,0x000000,0x010101,0x010101,0x000000,0x000000,0x000000,
0x010101,0x000000,0x000000,0x010101,0x010101,0x010101,0x000000,0x010101,0x010101,0x000000,0x000000,0x000000,
0x010101,0x010101,0x010101,0x010101,0x010101,0x010101,0x000000,0x010101,0x010101,0x000000,0x010101,0x010101,
0x010101,0x010101,0x000000,0x010101,0x010101,0x010101,0x000000,0x000000,0x010101,0x010101,0x010101,0x010101,
0x010101,0x010101,0x000000,0x010101,0x010101,0x010101,0x000000,0x010101,0x010101,0x000000,0x000000,0x010101,
0x010101,0x010101,0x010101,0x010101,0x010101,0x000000,0x010101,0x010101,0x010101,0x010101,0x000000,0x010101,
0x010101,0x010101,0x000000,0x000000,0x010101,0x010101,0x000000,0x010101,0x010101,0x010101,0x000000,0x010101,
0x010101,0x010101,0x000000,0x000000,0x010101,0x010101,0x010101,0x010101,0x010101,0x000000,0x000000,0x010101,
0x010101,0x010101,0x000000,0x000000,0x010101,0x010101,0x010101,0x010101,0x010101,0x000000,0x000000,0x000000,
0x010101,0x010101,0x000000,0x000000,0x010101,0x010101,0x000000,0x000000,0x010101,0x010101,0x000000,0x010101,
0x010101,0x010101,0x000000,0x000000,0x010101,0x010101,0x000000,0x000000,0x010101,0x010101,0x010101,0x010101,
0x010101,0x010101,0x010101,0x010101,0x010101,0x010101,0x000000,0x000000,0x010101,0x010101,0x000000,0x000000,
0x010101,0x010101,0x000000,0x010101,0x010101,0x010101,0x000000,0x000000,0x010101,0x010101,0x000000,0x000000,
0x010101,0x000000,0x010101,0x010101,0x010101,0x010101,0x000000,0x000000,0x010101,0x010101,0x010101,0x010101,
0x010101,0x010101,0x010101,0x010101,0x010101,0x000000,0x010101,0x010101,0x010101,0x000000,0x010101,0x010101,
0x010101,0x010101,0x000000,0x010101,0x010101,0x010101,0x000000,0x010101,0x010101,0x010101,0x000000,0x000000,
0x010101,0x000000,0x000000,0x000000,0x010101,0x010101,0x000000,0x000000,0x010101,0x010101,0x000000,0x000000,
0x000000,0x000000,0x000000,0x010101,0x010101,0x010101,0x010101,0x010101,0x010101,0x010101,0x010101,0x010101,
0x000000,0x000000,0x000000,0x000000,0x000000,0x000000,0x010101,0x010101,0x010101,0x010101,0x000000,0x010101,
0x010101,0x000000,0x000000,0x010101,0x010101,0x000000,0x010101,0x010101,0x010101,0x010101,0x010101,0x010101,
0x010101,0x010101,0x000000,0x010101,0x000000,0x000000,0x010101,0x010101,0x010101,0x010101,0x000000,0x010101,
0x010101,0x000000,0x000000,0x010101,0x000000,0x000000,0x010101,0x010101,0x000000,0x000000,0x010101,0x010101,
0x010101,0x000000,0x010101,0x010101,0x010101,0x000000,0x000000,0x010101,0x010101,0x010101,0x010101,0x010101,
0x010101,0x000000,0x010101,0x010101,0x010101,0x010101,0x010101,0x010101,0x010101,0x010101,0x000000,0x010101,
0x010101,0x000000,0x010101,0x010101,0x010101,0x010101,0x000000,0x010101,0x010101,0x010101,0x010101,0x010101,
0x010101,0x010101,0x010101,0x010101,0x010101,0x010101,0x000000,0x010101,0x010101,0x010101,0x000000,0x010101,
0x010101,0x000000,0x000000,0x010101,0x010101,0x010101,0x010101,0x010101,0x010101,0x000000,0x010101,0x010101,
0x000000,0x000000,0x000000,0x010101,0x010101,0x010101,0x010101,0x010101,0x010101,0x010101,0x000000,0x010101,
0x010101,0x010101,0x000000,0x010101,0x010101,0x010101,0x010101,0x010101,0x010101,0x010101,0x010101,0x010101,
0x010101,0x000000,0x000000,0x010101,0x010101,0x010101,0x010101,0x010101,0x010101,0x010101,0x010101,0x010101,
0x010101,0x000000,0x010101,0x010101,0x010101,0x010101,0x010101,0x010101,0x000000,0x000000,0x010101,0x010101,
0x000000,0x000000,0x000000,0x010101,0x010101,0x010101,0x010101,0x010101,0x000000,0x000000,0x010101,0x010101,
0x010101,0x010101,0x010101,0x010101,0x010101,0x010101,0x010101,0x010101,0x010101,0x010101,0x010101,0x010101,
0x000000,0x000000,0x010101,0x010101,0x010101,0x010101,0x010101,0x010101,0x010101,0x010101,0x010101,0x010101,
0x000000,0x000000,0x010101,0x010101,0x010101,0x000000,0x010101,0x010101,0x010101,0x010101,0x010101,0x010101,
0x010101,0x010101,0x010101,0x010101,0x010101,0x010101,0x010101,0x010101,0x010101,0x000000,0x010101,0x010101,
0x010101,0x000000,0x010101,0x010101,0x010101,0x010101,0x000000,0x010101,0x010101,0x010101,0x000000,0x010101,
0x010101,0x010101,0x000000,0x000000,0x010101,0x010101,0x010101,0x010101,0x000000,0x000000,0x010101,0x010101,
0x000000,0x000000,0x010101,0x010101,0x010101,0x010101,0x010101,0x010101,0x000000,0x010101,0x010101,0x010101,
0x010101,0x010101,0x010101,0x010101,0x000000,0x010101,0x010101,0x010101,0x000000,0x010101,0x010101,0x010101,
0x010101,0x010101,0x010101,0x000000,0x010101,0x010101,0x010101,0x010101,0x010101,0x010101,0x010101,0x010101,
0x000000,0x010101,0x010101,0x010101,0x000000,0x010101,0x010101,0x010101,0x010101,0x010101,0x010101,0x010101,
0x000000,0x010101,0x010101,0x000000,0x000000,0x000000,0x010101,0x010101,0x000000,0x000000,0x010101,0x010101,
0x000000,0x010101,0x010101,0x010101,0x000000,0x010101,0x010101,0x010101,0x010101,0x010101,0x010101,0x010101,
0x000000,0x010101,0x010101,0x010101,0x000000,0x000000,0x010101,0x010101,0x010101,0x010101,0x010101,0x010101,
0x010101,0x010101,0x010101,0x010101,0x010101,0x010101,0x010101,0x010101,0x010101,0x010101,0x010101,0x010101,
0x000000,0x010101,0x010101,0x010101,0x010101,0x010101,0x010101,0x010101,0x010101,0x010101,0x010101,0x010101,
0x010101,0x010101,0x010101,0x010101,0x000000,0x000000,0x010101,0x010101,0x000000,0x010101,0x010101,0x010101,
0x010101,0x010101,0x010101,0x010101,0x000000,0x010101,0x010101,0x010101,0x010101,0x010101,0x000000,0x010101,
0x010101,0x010101,0x010101,0x010101,0x000000,0x010101,0x010101,0x010101,0x000000,0x000000,0x010101,0x010101,
0x000000,0x010101,0x010101,0x010101,0x000000,0x000000,0x010101,0x010101,0x000000,0x010101,0x010101,0x010101,
0x010101,0x010101,0x010101,0x010101,0x010101,0x010101,0x010101,0x010101,0x010101,0x010101,0x010101,0x010101,
0x010101,0x010101,0x010101,0x010101,0x000000,0x000000,0x010101,0x010101,0x000000,0x010101,0x010101,0x010101,
0x000000,0x010101,0x010101,0x010101,0x010101,0x010101,0x010101,0x010101,0x010101,0x010101,0x010101,0x000000,
0x010101,0x010101,0x010101,0x010101,0x000000,0x000000,0x010101,0x000000,0x010101,0x010101,0x010101,0x010101,
0x010101,0x010101,0x010101,0x010101,0x010101,0x010101,0x010101,0x010101,0x010101,0x010101,0x010101,0x010101,
0x010101,0x010101,0x010101,0x010101,0x000000,0x010101,0x010101,0x000000,0x000000,0x010101,0x010101,0x010101,
0x010101,0x010101,0x010101,0x010101,0x000000,0x010101,0x010101,0x010101,0x000000,0x010101,0x010101,0x010101,
0x010101,0x010101,0x010101,0x010101,0x000000,0x010101,0x010101,0x010101,0x010101,0x010101,0x010101,0x010101,
0x010101,0x010101,0x010101,0x010101,0x000000,0x000000,0x010101,0x010101,0x010101,0x010101,0x010101,0x010101,
0x000000,0x010101,0x000000,0x000000,0x010101,0x010101,0x000000,0x000000,0x000000,0x010101,0x000000,0x000000,
0x000000,0x010101,0x000000,0x000000,0x010101,0x010101,0x010101,0x000000,0x010101,0x010101,0x010101,0x010101,
0x010101,0x010101,0x010101,0x010101,0x000000,0x010101,0x000000,0x000000,0x000000,0x010101,0x010101,0x010101,
0x010101,0x010101,0x000000,0x000000,0x000000,0x010101,0x010101,0x000000,0x010101,0x010101,0x010101,0x000000,
0x010101,0x010101,0x010101,0x010101,0x000000,0x010101,0x000000,0x000000,0x000000,0x010101,0x000000,0x000000,
0x010101,0x010101,0x010101,0x010101,0x000000,0x010101,0x000000,0x000000,0x010101,0x010101,0x010101,0x010101,
0x010101,0x010101,0x010101,0x010101,0x010101,0x010101,0x000000,0x000000,0x010101,0x010101,0x010101,0x010101,
0x010101,0x010101,0x010101,0x010101,0x000000,0x010101,0x010101,0x010101,0x010101,0x010101,0x010101,0x010101,
0x010101,0x010101,0x010101,0x010101,0x010101,0x010101,0x010101,0x010101,0x010101,0x010101,0x000000,0x000000,
0x000000,0x010101,0x010101,0x010101,0x010101,0x010101,0x010101,0x010101,0x000000,0x010101,0x010101,0x010101,
0x010101,0x010101,0x000000,0x010101,0x010101,0x010101,0x010101,0x010101,0x000000,0x010101,0x010101,0x010101,
0x010101,0x010101,0x010101,0x010101,0x000000,0x010101,0x010101,0x010101,0x000000,0x000000,0x010101,0x010101,
0x000000,0x010101,0x010101,0x010101,0x010101,0x010101,0x010101,0x010101,0x010101,0x010101,0x010101,0x010101,
0x010101,0x010101,0x000000,0x000000,0x010101,0x010101,0x010101,0x010101,0x010101,0x010101,0x010101,0x010101,
0x000000,0x010101,0x010101,0x010101,0x000000,0x010101,0x010101,0x010101,0x010101,0x010101,0x000000,0x000000,
0x010101,0x010101,0x010101,0x000000,0x010101,0x010101,0x000000,0x000000,0x000000,0x000000,0x010101,0x000000,
0x010101,0x010101,0x000000,0x000000,0x010101,0x010101,0x010101,0x010101,0x010101,0x010101,0x000000,0x000000,
0x010101,0x010101,0x010101,0x010101,0x010101,0x010101,0x010101,0x000000,0x000000,0x010101,0x010101,0x000000,
0x000000,0x010101,0x010101,0x010101,0x010101,0x010101,0x010101,0x010101,0x000000,0x010101,0x010101,0x010101,
0x000000,0x010101,0x000000,0x000000,0x010101,0x010101,0x000000,0x000000,0x000000,0x010101,0x000000,0x000000,
0x000000,0x000000,0x000000,0x000000,0x000000,0x000000,0x010101,0x010101,0x000000,0x000000,0x010101,0x010101,
0x010101,0x010101,0x000000,0x010101,0x010101,0x010101,0x010101,0x010101,0x010101,0x010101,0x000000,0x010101,
0x010101,0x010101,0x010101,0x010101,0x010101,0x010101,0x010101,0x010101,0x010101,0x010101,0x010101,0x010101,
0x010101,0x010101,0x010101,0x010101,0x010101,0x010101,0x010101,0x010101,0x010101,0x010101,0x010101,0x010101,
0x010101,0x010101,0x000000,0x010101,0x010101,0x010101,0x010101,0x010101,0x010101,0x010101,0x000000,0x010101,
0x010101,0x010101,0x000000,0x010101,0x010101,0x010101,0x000000,0x010101,0x010101,0x010101,0x000000,0x010101,
0x010101,0x010101,0x010101,0x010101,0x010101,0x010101,0x000000,0x000000,0x010101,0x010101,0x000000,0x010101,
0x010101,0x010101,0x000000,0x010101,0x010101,0x010101,0x010101,0x010101,0x010101,0x010101,0x010101,0x010101,
0x010101,0x010101,0x010101,0x010101,0x010101,0x010101,0x010101,0x010101,0x010101,0x010101,0x010101,0x010101,
0x010101,0x010101,0x010101,0x010101,0x010101,0x010101,0x010101,0x010101,0x010101,0x010101,0x010101,0x010101,
0x010101,0x010101,0x010101,0x010101,0x010101,0x010101,0x010101,0x010101,0x010101,0x010101,0x000000,0x010101,
0x010101,0x010101,0x010101,0x010101,0x010101,0x010101,0x010101,0x010101,0x000000,0x010101,0x010101,0x010101,
0x010101,0x010101,0x000000,0x010101,0x010101,0x010101,0x000000,0x010101,0x010101,0x010101,0x000000,0x000000,
0x010101,0x010101,0x000000,0x010101,0x010101,0x010101,0x010101,0x010101,0x010101,0x010101,0x010101,0x010101,
0x010101,0x010101,0x000000,0x010101,0x010101,0x010101,0x010101,0x010101,0x010101,0x010101,0x010101,0x010101,
0x010101,0x010101,0x000000,0x010101,0x010101,0x010101,0x000000,0x010101,0x010101,0x010101,0x000000,0x010101,
0x010101,0x010101,0x000000,0x010101,0x010101,0x010101,0x010101,0x010101,0x010101,0x010101,0x010101,0x010101,
0x010101,0x010101,0x010101,0x010101,0x010101,0x010101,0x000000,0x010101,0x010101,0x000000,0x000000,0x010101,
0x010101,0x010101,0x010101,0x010101,0x010101,0x010101,0x010101,0x010101,0x010101,0x010101,0x000000,0x010101,
0x010101,0x010101,0x010101,0x010101,0x010101,0x010101,0x010101,0x010101,0x010101,0x010101,0x000000,0x010101,
0x010101,0x010101,0x010101,0x010101,0x000000,0x000000,0x000000,0x000000,0x010101,0x010101,0x010101,0x010101,
0x010101,0x010101,0x000000,0x000000,0x000000,0x000000,0x010101,0x010101,0x000000,0x000000,0x010101,0x010101,
0x000000,0x000000,0x010101,0x010101,0x000000,0x000000,0x000000,0x010101,0x010101,0x010101,0x010101,0x010101,
0x010101,0x010101,0x000000,0x010101,0x010101,0x010101,0x010101,0x010101,0x010101,0x010101,0x010101,0x010101,
0x010101,0x010101,0x010101,0x010101,0x010101,0x010101,0x010101,0x010101,0x010101,0x010101,0x010101,0x010101,
0x010101,0x010101,0x010101,0x010101,0x010101,0x010101,0x010101,0x010101,0x010101,0x010101,0x010101,0x010101,
0x010101,0x010101,0x000000,0x010101,0x010101,0x010101,0x000000,0x010101,0x010101,0x010101,0x000000,0x010101,
0x010101,0x010101,0x000000,0x010101,0x010101,0x010101,0x010101,0x010101,0x010101,0x010101,0x000000,0x000000,
0x010101,0x010101,0x000000,0x010101,0x010101,0x010101,0x000000,0x010101,0x010101,0x010101,0x010101,0x010101,
0x010101,0x010101,0x010101,0x010101,0x010101,0x010101,0x000000,0x000000,0x010101,0x010101,0x010101,0x010101,
0x010101,0x010101,0x010101,0x010101,0x010101,0x010101,0x010101,0x010101,0x010101,0x010101,0x010101,0x010101,
0x010101,0x010101,0x010101,0x010101,0x010101,0x010101,0x010101,0x010101,0x010101,0x010101,0x010101,0x010101,
0x010101,0x010101,0x000000,0x010101,0x010101,0x010101,0x010101,0x010101,0x010101,0x010101,0x010101,0x010101,
0x000000,0x010101,0x010101,0x010101,0x010101,0x010101,0x000000,0x010101,0x010101,0x010101,0x000000,0x010101,
0x010101,0x010101,0x010101,0x010101,0x010101,0x010101,0x000000,0x010101,0x010101,0x010101,0x010101,0x010101,
0x010101,0x010101,0x010101,0x010101,0x000000,0x000000,0x000000,0x010101,0x010101,0x010101,0x010101,0x010101,
0x010101,0x010101,0x010101,0x010101,0x010101,0x010101,0x000000,0x010101,0x010101,0x010101,0x000000,0x010101,
0x010101,0x010101,0x000000,0x010101,0x010101,0x010101,0x000000,0x010101,0x010101,0x010101,0x010101,0x010101,
0x010101,0x010101,0x010101,0x010101,0x010101,0x010101,0x010101,0x010101,0x010101,0x010101,0x000000,0x010101,
0x010101,0x000000,0x000000,0x010101,0x010101,0x010101,0x010101,0x010101,0x010101,0x010101,0x010101,0x010101,
0x010101,0x010101,0x000000,0x010101,0x010101,0x010101,0x010101,0x010101,0x000000,0x000000,0x010101,0x010101,
0x010101,0x010101,0x000000,0x010101,0x010101,0x010101,0x010101,0x010101,0x000000,0x000000,0x010101,0x010101,
0x010101,0x010101,0x010101,0x010101,0x010101,0x010101,0x010101,0x010101,0x010101,0x000000,0x010101,0x010101,
0x000000,0x000000,0x010101,0x010101,0x000000,0x000000,0x010101,0x010101,0x000000,0x000000,0x010101,0x010101,
0x000000,0x000000,0x010101,0x010101,0x000000,0x000000,0x010101,0x010101,0x000000,0x000000,0x010101,0x010101,
0x000000,0x010101,0x010101,0x010101,0x010101,0x010101,0x010101,0x010101,0x000000,0x000000,0x010101,0x010101,
0x000000,0x000000,0x010101,0x010101,0x000000,0x000000,0x010101,0x010101,0x000000,0x000000,0x010101,0x010101,
0x010101,0x010101,0x010101,0x010101,0x000000,0x000000,0x010101,0x010101,0x000000,0x000000,0x000000,0x000000,
0x000000,0x000000,0x010101,0x000000,0x000000,0x000000,0x010101,0x010101,0x010101,0x010101,0x000000,0x000000,
0x000000,0x000000,0x000000,0x000000,0x000000,0x000000,0x010101,0x010101,0x010101,0x010101,0x010101,0x010101,
0x000000,0x000000,0x000000,0x000000,0x000000,0x000000,0x010101,0x000000,0x000000,0x000000,0x010101,0x010101,
0x000000,0x000000,0x010101,0x010101,0x010101,0x010101,0x010101,0x010101,0x010101,0x010101,0x010101,0x010101,
0x000000,0x000000,0x010101,0x010101,0x010101,0x010101,0x010101,0x010101,0x000000,0x000000,0x010101,0x000000,
0x010101,0x010101,0x010101,0x000000,0x000000,0x000000,0x010101,0x010101,0x000000,0x000000,0x010101,0x010101,
0x000000,0x000000,0x000000,0x000000,0x000000,0x000000,0x010101,0x000000,0x000000,0x010101,0x010101,0x000000,
0x000000,0x000000,0x010101,0x010101,0x000000,0x000000,0x000000,0x000000,0x000000,0x000000,0x010101,0x010101,
0x010101,0x010101,0x010101,0x010101,0x000000,0x010101,0x010101,0x010101,0x000000,0x000000,0x010101,0x010101,
0x000000,0x010101,0x010101,0x010101,0x000000,0x000000,0x000000,0x000000,0x000000,0x010101,0x010101,0x000000,
0x000000,0x000000,0x010101,0x010101,0x010101,0x010101,0x010101,0x010101,0x000000,0x000000,0x010101,0x010101,
0x010101,0x010101,0x010101,0x000000,0x000000,0x000000,0x010101,0x010101,0x010101,0x010101,0x010101,0x010101,
0x000000,0x010101,0x010101,0x010101,0x010101,0x010101,0x010101,0x010101,0x010101,0x010101,0x010101,0x010101,
0x000000,0x010101,0x010101,0x010101,0x000000,0x000000,0x010101,0x010101,0x010101,0x010101,0x010101,0x010101,
0x000000,0x010101,0x010101,0x000000,0x010101,0x010101,0x010101,0x010101,0x000000,0x000000,0x010101,0x010101,
0x000000,0x000000,0x010101,0x010101,0x000000,0x000000,0x010101,0x010101,0x010101,0x010101,0x010101,0x010101,
0x010101,0x000000,0x000000,0x000000,0x000000,0x000000,0x000000,0x000000,0x000000,0x000000,0x000000,0x000000,
0x000000,0x000000,0x010101,0x010101,0x000000,0x000000,0x000000,0x000000,0x000000,0x000000,0x000000,0x000000,
0x000000,0x000000,0x000000,0x000000,0x000000,0x010101,0x010101,0x010101,0x010101,0x010101,0x000000,0x000000,
0x000000,0x000000,0x000000,0x000000,0x000000,0x000000,0x000000,0x000000,0x000000,0x000000,0x010101,0x010101,
0x000000,0x000000,0x000000,0x000000,0x010101,0x010101,0x000000,0x000000,0x000000,0x000000,0x000000,0x000000,
0x000000,0x000000,0x000000,0x000000,0x000000,0x000000,0x010101,0x000000,0x000000,0x000000,0x000000,0x000000,
0x010101,0x010101,0x000000,0x000000,0x000000,0x000000,0x000000,0x000000,0x000000,0x000000,0x010101,0x010101,
0x010101,0x010101,0x010101,0x010101,0x000000,0x000000,0x000000,0x000000,0x000000,0x000000,0x010101,0x000000,
0x000000,0x000000,0x010101,0x010101,0x000000,0x000000,0x010101,0x010101,0x010101,0x010101,0x000000,0x000000,
0x010101,0x010101,0x010101,0x000000,0x000000,0x000000,0x000000,0x000000,0x010101,0x010101,0x010101,0x010101,
0x000000,0x000000,0x010101,0x000000,0x010101,0x010101,0x010101,0x000000,0x000000,0x000000,0x000000,0x000000,
0x000000,0x000000,0x000000,0x000000,0x000000,0x000000,0x000000,0x000000,0x000000,0x000000,0x010101,0x000000,
0x000000,0x010101,0x010101,0x000000,0x000000,0x000000,0x010101,0x010101,0x000000,0x000000,0x000000,0x000000,
0x000000,0x000000,0x000000,0x000000,0x010101,0x010101,0x010101,0x010101,0x000000,0x010101,0x010101,0x010101,
0x000000,0x000000,0x000000,0x000000,0x000000,0x010101,0x010101,0x010101,0x000000,0x000000,0x000000,0x000000,
0x000000,0x010101,0x010101,0x000000,0x000000,0x000000,0x010101,0x010101,0x010101,0x010101,0x010101,0x010101,
0x000000,0x000000,0x000000,0x000000,0x010101,0x010101,0x010101,0x000000,0x000000,0x000000,0x000000,0x000000,
0x010101,0x010101,0x010101,0x010101,0x000000,0x010101,0x010101,0x010101,0x010101,0x010101,0x010101,0x010101,
0x010101,0x010101,0x010101,0x010101,0x000000,0x010101,0x000000,0x000000,0x000000,0x000000,0x000000,0x000000,
0x010101,0x010101,0x010101,0x010101,0x000000,0x010101,0x010101,0x000000,0x010101,0x010101,0x010101,0x010101,
0x000000,0x000000,0x010101,0x010101,0x000000,0x000000,0x000000,0x000000,0x000000,0x000000,0x010101,0x010101,
0x010101,0x010101,0x010101,0x010101,0x010101,0x000000,0x010101,0x010101,0x000000,0x000000,0x000000,0x000000,
0x000000,0x000000,0x000000,0x010101,0x010101,0x010101,0x010101,0x010101,0x010101,0x010101,0x010101,0x010101,
0x010101,0x010101,0x010101,0x010101,0x000000,0x000000,0x010101,0x010101,0x010101,0x010101,0x000000,0x000000,
0x010101,0x000000,0x000000,0x010101,0x010101,0x000000,0x000000,0x010101,0x000000,0x000000,0x010101,0x010101,
0x000000,0x000000,0x000000,0x010101,0x010101,0x010101,0x010101,0x010101,0x010101,0x010101,0x010101,0x010101,
0x000000,0x000000,0x000000,0x000000,0x010101,0x010101,0x010101,0x010101,0x010101,0x010101,0x010101,0x010101,
0x010101,0x000000,0x010101,0x010101,0x000000,0x000000,0x010101,0x010101,0x000000,0x000000,0x000000,0x000000,
0x010101,0x010101,0x010101,0x010101,0x010101,0x010101,0x010101,0x010101,0x000000,0x000000,0x000000,0x000000,
0x010101,0x010101,0x000000,0x000000,0x000000,0x000000,0x000000,0x000000,0x000000,0x000000,0x000000,0x000000,
0x010101,0x010101,0x010101,0x010101,0x010101,0x010101,0x000000,0x000000,0x010101,0x010101,0x010101,0x010101,
0x000000,0x000000,0x000000,0x000000,0x000000,0x000000,0x010101,0x010101,0x010101,0x010101,0x000000,0x000000,
0x000000,0x000000,0x000000,0x000000,0x000000,0x000000,0x000000,0x000000,0x000000,0x000000,0x010101,0x010101,
0x010101,0x010101,0x010101,0x010101,0x000000,0x000000,0x000000,0x000000,0x000000,0x000000,0x010101,0x010101,
0x010101,0x010101,0x000000,0x010101,0x010101,0x010101,0x010101,0x010101,0x010101,0x010101,0x000000,0x010101,
0x000000,0x000000,0x010101,0x010101,0x010101,0x010101,0x010101,0x010101,0x000000,0x000000,0x010101,0x010101,
0x010101,0x010101,0x010101,0x010101,0x010101,0x010101,0x000000,0x000000,0x010101,0x010101,0x000000,0x000000,
0x000000,0x000000,0x000000,0x000000,0x010101,0x010101,0x000000,0x000000,0x010101,0x010101,0x010101,0x010101,
0x000000,0x000000,0x000000,0x000000,0x000000,0x000000,0x000000,0x000000,0x010101,0x000000,0x000000,0x000000,
0x010101,0x010101,0x010101,0x010101,0x010101,0x010101,0x000000,0x000000,0x010101,0x010101,0x010101,0x010101,
0x010101,0x010101,0x010101,0x010101,0x010101,0x010101,0x000000,0x010101,0x010101,0x010101,0x010101,0x010101,
0x010101,0x010101,0x010101,0x010101,0x010101,0x010101,0x010101,0x010101,0x010101,0x010101,0x000000,0x010101,
0x010101,0x010101,0x000000,0x010101,0x010101,0x010101,0x000000,0x010101,0x010101,0x000000,0x010101,0x010101,
0x000000,0x000000,0x000000,0x000000,0x000000,0x000000,0x000000,0x010101,0x010101,0x010101,0x010101,0x010101,
0x010101,0x010101,0x010101,0x010101,0x010101,0x010101,0x010101,0x010101,0x000000,0x000000,0x010101,0x010101,
0x010101,0x010101,0x010101,0x010101,0x010101,0x000000,0x000000,0x010101,0x010101,0x000000,0x000000,0x010101,
0x000000,0x000000,0x010101,0x010101,0x000000,0x000000,0x000000,0x010101,0x010101,0x010101,0x010101,0x010101,
0x010101,0x010101,0x010101,0x010101,0x000000,0x000000,0x000000,0x000000,0x010101,0x010101,0x010101,0x010101,
0x010101,0x010101,0x010101,0x010101,0x010101,0x000000,0x010101,0x010101,0x000000,0x000000,0x010101,0x010101,
0x000000,0x000000,0x000000,0x000000,0x010101,0x010101,0x010101,0x010101,0x010101,0x010101,0x010101,0x010101,
0x000000,0x000000,0x000000,0x000000,0x010101,0x010101,0x000000,0x000000,0x000000,0x000000,0x000000,0x000000,
0x000000,0x000000,0x000000,0x000000,0x010101,0x010101,0x010101,0x010101,0x010101,0x010101,0x000000,0x000000,
0x010101,0x010101,0x010101,0x010101,0x000000,0x000000,0x010101,0x010101,0x000000,0x000000,0x010101,0x010101,
0x010101,0x010101,0x000000,0x000000,0x000000,0x000000,0x000000,0x000000,0x000000,0x000000,0x000000,0x000000,
0x000000,0x000000,0x010101,0x010101,0x010101,0x010101,0x010101,0x010101,0x000000,0x000000,0x000000,0x000000,
0x000000,0x000000,0x010101,0x010101,0x010101,0x010101,0x000000,0x010101,0x010101,0x010101,0x010101,0x010101,
0x010101,0x010101,0x000000,0x010101,0x000000,0x000000,0x010101,0x010101,0x010101,0x010101,0x010101,0x010101,
0x000000,0x000000,0x010101,0x010101,0x010101,0x010101,0x010101,0x010101,0x010101,0x010101,0x000000,0x000000,
0x010101,0x010101,0x000000,0x000000,0x000000,0x000000,0x010101,0x010101,0x010101,0x010101,0x010101,0x010101,
0x010101,0x010101,0x000000,0x000000,0x000000,0x000000,0x000000,0x000000,0x000000,0x000000,0x010101,0x010101,
0x010101,0x000000,0x010101,0x010101,0x010101,0x010101,0x010101,0x010101,0x010101,0x010101,0x010101,0x010101,
0x010101,0x010101,0x010101,0x010101,0x010101,0x010101,0x010101,0x010101,0x010101,0x010101,0x000000,0x010101,
0x000000,0x000000,0x010101,0x010101,0x010101,0x010101,0x010101,0x010101,0x010101,0x010101,0x010101,0x010101,
0x010101,0x010101,0x000000,0x010101,0x010101,0x010101,0x000000,0x010101,0x010101,0x010101,0x000000,0x010101,
0x010101,0x000000,0x010101,0x010101,0x000000,0x000000,0x010101,0x010101,0x000000,0x000000,0x000000,0x000000,
0x010101,0x010101,0x010101,0x010101,0x010101,0x010101,0x010101,0x010101,0x010101,0x010101,0x010101,0x010101,
0x010101,0x010101,0x010101,0x010101,0x000000,0x010101,0x010101,0x010101,0x010101,0x010101,0x010101,0x010101,
0x010101,0x010101,0x010101,0x010101,0x000000,0x000000,0x010101,0x010101,0x000000,0x000000,0x010101,0x010101,
0x010101,0x010101,0x010101,0x010101,0x000000,0x010101,0x010101,0x010101,0x010101,0x010101,0x010101,0x010101,
0x000000,0x000000,0x010101,0x010101,0x000000,0x000000,0x010101,0x010101,0x000000,0x000000,0x000000,0x000000,
0x000000,0x000000,0x010101,0x010101,0x000000,0x000000,0x000000,0x000000,0x000000,0x000000,0x010101,0x010101,
0x000000,0x010101,0x000000,0x000000,0x000000,0x000000,0x010101,0x010101,0x000000,0x000000,0x010101,0x010101,
0x000000,0x000000,0x000000,0x000000,0x000000,0x000000,0x010101,0x010101,0x000000,0x000000,0x010101,0x010101,
0x000000,0x010101,0x000000,0x000000,0x000000,0x000000,0x000000,0x000000,0x000000,0x000000,0x010101,0x010101,
0x010101,0x010101,0x000000,0x000000,0x010101,0x010101,0x010101,0x010101,0x000000,0x000000,0x000000,0x000000,
0x000000,0x000000,0x010101,0x010101,0x000000,0x000000,0x010101,0x010101,0x000000,0x000000,0x000000,0x000000,
0x000000,0x000000,0x000000,0x000000,0x000000,0x000000,0x010101,0x010101,0x000000,0x000000,0x000000,0x000000,
0x000000,0x000000,0x010101,0x010101,0x000000,0x000000,0x000000,0x000000,0x000000,0x000000,0x000000,0x000000,
0x000000,0x000000,0x010101,0x010101,0x000000,0x010101,0x000000,0x000000,0x010101,0x010101,0x010101,0x010101,
0x000000,0x000000,0x010101,0x010101,0x000000,0x010101,0x010101,0x010101,0x010101,0x010101,0x010101,0x010101,
0x010101,0x010101,0x010101,0x010101,0x000000,0x000000,0x010101,0x010101,0x000000,0x000000,0x010101,0x010101,
0x000000,0x000000,0x010101,0x010101,0x000000,0x000000,0x010101,0x010101,0x000000,0x000000,0x010101,0x010101,
0x010101,0x010101,0x010101,0x010101,0x010101,0x010101,0x010101,0x010101,0x000000,0x000000,0x010101,0x010101,
0x000000,0x000000,0x010101,0x010101,0x000000,0x000000,0x010101,0x000000,0x000000,0x000000,0x010101,0x010101,
0x000000,0x000000,0x010101,0x010101,0x000000,0x000000,0x010101,0x010101,0x000000,0x000000,0x010101,0x010101,
0x000000,0x010101,0x010101,0x010101,0x010101,0x000000,0x000000,0x000000,0x000000,0x000000,0x010101,0x010101,
0x000000,0x000000,0x000000,0x000000,0x010101,0x010101,0x000000,0x000000,0x010101,0x010101,0x010101,0x010101,
0x010101,0x010101,0x010101,0x010101,0x010101,0x010101,0x010101,0x010101,0x000000,0x010101,0x000000,0x000000,
0x010101,0x010101,0x010101,0x010101,0x010101,0x010101,0x010101,0x010101,0x000000,0x000000,0x010101,0x010101,
0x000000,0x000000,0x010101,0x010101,0x010101,0x010101,0x010101,0x010101,0x000000,0x010101,0x010101,0x010101,
0x010101,0x010101,0x010101,0x010101,0x000000,0x000000,0x010101,0x010101,0x010101,0x010101,0x000000,0x000000,
0x000000,0x000000,0x000000,0x000000,0x000000,0x000000,0x010101,0x010101,0x000000,0x000000,0x000000,0x000000,
0x000000,0x000000,0x010101,0x010101,0x000000,0x010101,0x000000,0x000000,0x000000,0x000000,0x010101,0x010101,
0x000000,0x000000,0x010101,0x010101,0x000000,0x000000,0x000000,0x000000,0x000000,0x000000,0x000000,0x000000,
0x000000,0x000000,0x010101,0x010101,0x000000,0x010101,0x000000,0x000000,0x000000,0x000000,0x000000,0x000000,
0x000000,0x000000,0x000000,0x000000,0x010101,0x010101,0x000000,0x000000,0x010101,0x010101,0x010101,0x010101,
0x000000,0x000000,0x000000,0x000000,0x000000,0x000000,0x010101,0x010101,0x000000,0x000000,0x010101,0x010101,
0x000000,0x000000,0x000000,0x000000,0x000000,0x000000,0x000000,0x000000,0x000000,0x000000,0x000000,0x000000,
0x000000,0x000000,0x000000,0x000000,0x000000,0x000000,0x010101,0x010101,0x000000,0x000000,0x000000,0x000000,
0x000000,0x000000,0x000000,0x000000,0x000000,0x000000,0x010101,0x010101,0x000000,0x010101,0x000000,0x000000,
0x010101,0x010101,0x010101,0x010101,0x000000,0x000000,0x010101,0x010101,0x000000,0x010101,0x010101,0x010101,
0x010101,0x010101,0x010101,0x010101,0x010101,0x010101,0x010101,0x010101,0x000000,0x000000,0x000000,0x000000,
0x000000,0x000000,0x000000,0x000000,0x000000,0x000000,0x010101,0x010101,0x000000,0x000000,0x010101,0x010101,
0x000000,0x000000,0x000000,0x000000,0x010101,0x010101,0x010101,0x010101,0x010101,0x010101,0x010101,0x010101,
0x000000,0x000000,0x010101,0x010101,0x010101,0x010101,0x000000,0x000000,0x000000,0x000000,0x010101,0x000000,
0x000000,0x000000,0x010101,0x010101,0x000000,0x000000,0x000000,0x000000,0x000000,0x000000,0x010101,0x010101,
0x000000,0x000000,0x010101,0x010101,0x000000,0x010101,0x010101,0x010101,0x010101,0x000000,0x010101,0x010101,
0x000000,0x000000,0x010101,0x010101,0x010101,0x010101,0x010101,0x010101,0x000000,0x000000,0x000000,0x000000,
0x010101,0x010101,0x000000,0x000000,0x010101,0x010101,0x000000,0x010101,0x010101,0x010101,0x000000,0x010101,
0x010101,0x010101,0x010101,0x010101,0x000000,0x000000,0x010101,0x010101,0x000000,0x000000,0x010101,0x010101,
0x010101,0x010101,0x010101,0x010101,0x010101,0x010101,0x010101,0x010101,0x010101,0x010101,0x010101,0x010101,
0x010101,0x010101,0x010101,0x010101,0x000000,0x000000,0x010101,0x010101,0x010101,0x010101,0x010101,0x010101,
0x010101,0x010101,0x010101,0x010101,0x010101,0x010101,0x010101,0x010101,0x010101,0x010101,0x000000,0x000000,
0x010101,0x010101,0x000000,0x000000,0x010101,0x010101,0x000000,0x000000,0x010101,0x010101,0x000000,0x000000,
0x000000,0x000000,0x000000,0x000000,0x010101,0x010101,0x010101,0x010101,0x000000,0x000000,0x000000,0x010101,
0x010101,0x000000,0x000000,0x010101,0x010101,0x010101,0x000000,0x010101,0x000000,0x000000,0x000000,0x000000,
0x010101,0x010101,0x000000,0x010101,0x010101,0x010101,0x000000,0x010101,0x010101,0x000000,0x000000,0x000000,
0x000000,0x000000,0x010101,0x010101,0x000000,0x000000,0x000000,0x000000,0x010101,0x010101,0x000000,0x010101,
0x010101,0x010101,0x010101,0x010101,0x010101,0x010101,0x000000,0x000000,0x000000,0x000000,0x000000,0x000000,
0x000000,0x000000,0x000000,0x010101,0x010101,0x010101,0x010101,0x010101,0x010101,0x010101,0x010101,0x010101,
0x000000,0x000000,0x000000,0x010101,0x010101,0x010101,0x010101,0x010101,0x000000,0x000000,0x000000,0x010101,
0x010101,0x010101,0x000000,0x010101,0x010101,0x010101,0x010101,0x010101,0x000000,0x000000,0x000000,0x000000,
0x010101,0x010101,0x000000,0x000000,0x010101,0x010101,0x000000,0x010101,0x010101,0x010101,0x000000,0x010101,
0x000000,0x000000,0x010101,0x010101,0x010101,0x010101,0x010101,0x010101,0x010101,0x010101,0x000000,0x010101,
0x010101,0x010101,0x010101,0x010101,0x010101,0x010101,0x010101,0x010101,0x010101,0x010101,0x010101,0x010101,
0x010101,0x010101,0x010101,0x010101,0x010101,0x010101,0x000000,0x010101,0x010101,0x010101,0x000000,0x010101,
0x010101,0x010101,0x010101,0x010101,0x010101,0x010101,0x000000,0x000000,0x010101,0x010101,0x000000,0x010101,
0x010101,0x010101,0x010101,0x010101,0x010101,0x010101,0x010101,0x010101,0x000000,0x000000,0x010101,0x010101,
0x010101,0x000000,0x010101,0x010101,0x000000,0x000000,0x010101,0x010101,0x010101,0x010101,0x010101,0x010101,
0x000000,0x000000,0x000000,0x000000,0x010101,0x010101,0x010101,0x010101,0x010101,0x010101,0x000000,0x010101,
0x010101,0x010101,0x000000,0x010101,0x010101,0x010101,0x010101,0x010101,0x010101,0x010101,0x010101,0x010101,
0x000000,0x000000,0x010101,0x010101,0x010101,0x010101,0x010101,0x010101,0x010101,0x010101,0x000000,0x000000,
0x010101,0x010101,0x010101,0x010101,0x010101,0x010101,0x010101,0x010101,0x000000,0x000000,0x010101,0x010101,
0x010101,0x010101,0x010101,0x010101,0x000000,0x000000,0x010101,0x010101,0x010101,0x010101,0x010101,0x010101,
0x010101,0x010101,0x000000,0x000000,0x010101,0x010101,0x010101,0x010101,0x010101,0x010101,0x010101,0x010101,
0x010101,0x010101,0x000000,0x000000,0x000000,0x000000,0x000000,0x000000,0x010101,0x010101,0x010101,0x010101,
0x000000,0x000000,0x000000,0x010101,0x010101,0x000000,0x000000,0x010101,0x010101,0x010101,0x000000,0x010101,
0x000000,0x000000,0x000000,0x000000,0x010101,0x010101,0x000000,0x010101,0x010101,0x010101,0x000000,0x010101,
0x010101,0x000000,0x000000,0x000000,0x000000,0x000000,0x010101,0x010101,0x000000,0x000000,0x010101,0x010101,
0x010101,0x010101,0x000000,0x010101,0x010101,0x010101,0x010101,0x010101,0x010101,0x010101,0x010101,0x010101,
0x000000,0x000000,0x000000,0x000000,0x000000,0x000000,0x000000,0x010101,0x010101,0x010101,0x010101,0x010101,
0x010101,0x010101,0x010101,0x010101,0x000000,0x000000,0x000000,0x010101,0x010101,0x010101,0x010101,0x010101,
0x000000,0x000000,0x000000,0x010101,0x010101,0x010101,0x000000,0x010101,0x010101,0x010101,0x010101,0x010101,
0x000000,0x000000,0x000000,0x000000,0x010101,0x010101,0x000000,0x000000,0x010101,0x010101,0x010101,0x010101,
0x010101,0x010101,0x000000,0x010101,0x000000,0x000000,0x010101,0x010101,0x010101,0x010101,0x010101,0x010101,
0x010101,0x010101,0x000000,0x010101,0x010101,0x010101,0x010101,0x010101,0x010101,0x010101,0x010101,0x010101,
0x010101,0x010101,0x010101,0x010101,0x010101,0x010101,0x010101,0x010101,0x010101,0x010101,0x000000,0x010101,
0x010101,0x010101,0x000000,0x010101,0x010101,0x010101,0x010101,0x010101,0x010101,0x010101,0x010101,0x010101,
0x010101,0x010101,0x000000,0x010101,0x010101,0x010101,0x010101,0x010101,0x010101,0x010101,0x010101,0x010101,
0x000000,0x000000,0x010101,0x010101,0x010101,0x010101,0x010101,0x010101,0x010101,0x010101,0x010101,0x010101,
0x000000,0x000000,0x010101,0x000000,0x000000,0x000000,0x010101,0x010101,0x000000,0x000000,0x010101,0x010101,
0x000000,0x000000,0x010101,0x010101,0x000000,0x000000,0x010101,0x000000,0x010101,0x010101,0x010101,0x010101,
0x000000,0x000000,0x010101,0x010101,0x000000,0x000000,0x010101,0x010101,0x010101,0x010101,0x010101,0x010101,
0x000000,0x000000,0x010101,0x010101,0x010101,0x010101,0x010101,0x000000,0x000000,0x000000,0x010101,0x000000,
0x000000,0x000000,0x010101,0x010101,0x010101,0x010101,0x010101,0x010101,0x000000,0x010101,0x010101,0x010101,
0x000000,0x000000,0x000000,0x000000,0x000000,0x000000,0x010101,0x010101,0x010101,0x010101,0x010101,0x010101,
0x000000,0x010101,0x000000,0x000000,0x010101,0x010101,0x010101,0x010101,0x000000,0x000000,0x000000,0x000000,
0x000000,0x000000,0x010101,0x010101,0x000000,0x000000,0x010101,0x010101,0x000000,0x000000,0x010101,0x010101,
0x000000,0x000000,0x000000,0x000000,0x000000,0x000000,0x010101,0x010101,0x000000,0x010101,0x010101,0x010101,
0x010101,0x010101,0x010101,0x010101,0x000000,0x000000,0x010101,0x010101,0x000000,0x000000,0x000000,0x000000,
0x000000,0x000000,0x010101,0x010101,0x000000,0x000000,0x010101,0x010101,0x000000,0x010101,0x010101,0x010101,
0x000000,0x000000,0x010101,0x010101,0x000000,0x000000,0x000000,0x000000,0x000000,0x010101,0x010101,0x010101,
0x010101,0x010101,0x010101,0x010101,0x000000,0x000000,0x010101,0x010101,0x000000,0x000000,0x000000,0x000000,
0x000000,0x000000,0x010101,0x010101,0x000000,0x010101,0x010101,0x010101,0x010101,0x010101,0x010101,0x010101,
0x000000,0x000000,0x010101,0x010101,0x000000,0x000000,0x010101,0x010101,0x000000,0x010101,0x010101,0x010101,
0x010101,0x010101,0x010101,0x010101,0x000000,0x000000,0x010101,0x010101,0x000000,0x000000,0x010101,0x010101,
0x000000,0x000000,0x010101,0x010101,0x010101,0x010101,0x010101,0x010101,0x010101,0x010101,0x010101,0x010101,
0x000000,0x010101,0x010101,0x010101,0x000000,0x000000,0x010101,0x000000,0x010101,0x010101,0x010101,0x010101,
0x010101,0x010101,0x010101,0x010101,0x010101,0x010101,0x010101,0x000000,0x000000,0x000000,0x010101,0x010101,
0x000000,0x010101,0x010101,0x010101,0x010101,0x010101,0x010101,0x010101,0x010101,0x010101,0x010101,0x010101,
0x000000,0x010101,0x010101,0x010101,0x000000,0x000000,0x010101,0x010101,0x010101,0x010101,0x000000,0x000000,
0x010101,0x010101,0x000000,0x000000,0x000000,0x000000,0x010101,0x000000,0x000000,0x000000,0x010101,0x010101,
0x000000,0x000000,0x010101,0x010101,0x010101,0x010101,0x010101,0x010101,0x000000,0x000000,0x010101,0x000000,
0x010101,0x010101,0x010101,0x010101,0x000000,0x000000,0x010101,0x010101,0x000000,0x000000,0x010101,0x010101,
0x010101,0x010101,0x010101,0x010101,0x010101,0x010101,0x010101,0x010101,0x010101,0x010101,0x010101,0x000000,
0x000000,0x000000,0x010101,0x000000,0x000000,0x000000,0x010101,0x010101,0x010101,0x010101,0x000000,0x000000,
0x000000,0x010101,0x010101,0x010101,0x000000,0x000000,0x000000,0x000000,0x000000,0x000000,0x010101,0x010101,
0x010101,0x010101,0x000000,0x000000,0x000000,0x010101,0x000000,0x000000,0x010101,0x010101,0x000000,0x000000,
0x000000,0x000000,0x000000,0x000000,0x000000,0x000000,0x000000,0x000000,0x000000,0x000000,0x000000,0x000000,
0x000000,0x000000,0x010101,0x010101,0x000000,0x000000,0x000000,0x000000,0x000000,0x000000,0x010101,0x010101,
0x000000,0x010101,0x010101,0x010101,0x010101,0x010101,0x000000,0x000000,0x010101,0x010101,0x000000,0x000000,
0x000000,0x000000,0x000000,0x000000,0x000000,0x000000,0x000000,0x000000,0x000000,0x000000,0x010101,0x010101,
0x000000,0x010101,0x000000,0x000000,0x000000,0x000000,0x000000,0x000000,0x000000,0x000000,0x000000,0x000000,
0x000000,0x010101,0x000000,0x000000,0x010101,0x010101,0x000000,0x000000,0x000000,0x000000,0x010101,0x010101,
0x000000,0x000000,0x000000,0x000000,0x000000,0x000000,0x000000,0x000000,0x000000,0x010101,0x010101,0x010101,
0x010101,0x010101,0x000000,0x000000,0x000000,0x000000,0x010101,0x010101,0x000000,0x000000,0x000000,0x000000,
0x000000,0x010101,0x000000,0x000000,0x010101,0x010101,0x000000,0x000000,0x010101,0x010101,0x010101,0x010101,
0x000000,0x000000,0x010101,0x010101,0x010101,0x010101,0x010101,0x010101,0x010101,0x010101,0x010101,0x010101,
0x010101,0x010101,0x000000,0x000000,0x000000,0x010101,0x010101,0x010101,0x000000,0x000000,0x010101,0x000000,
0x010101,0x010101,0x010101,0x010101,0x010101,0x010101,0x000000,0x000000,0x010101,0x010101,0x010101,0x000000,
0x000000,0x000000,0x000000,0x000000,0x000000,0x010101,0x000000,0x000000,0x010101,0x010101,0x000000,0x000000,
0x010101,0x010101,0x010101,0x010101,0x000000,0x010101,0x000000,0x000000,0x010101,0x010101,0x010101,0x010101,
0x010101,0x000000,0x010101,0x010101,0x010101,0x010101,0x010101,0x010101,0x000000,0x000000,0x010101,0x010101,
0x010101,0x000000,0x010101,0x010101,0x010101,0x010101,0x000000,0x010101,0x010101,0x010101,0x010101,0x010101,
0x010101,0x010101,0x010101,0x010101,0x010101,0x010101,0x000000,0x010101,0x010101,0x010101,0x000000,0x010101,
0x010101,0x010101,0x010101,0x010101,0x010101,0x010101,0x010101,0x010101,0x010101,0x010101,0x000000,0x010101,
0x000000,0x000000,0x000000,0x010101,0x010101,0x010101,0x010101,0x010101,0x010101,0x010101,0x010101,0x010101,
0x010101,0x010101,0x010101,0x010101,0x010101,0x010101,0x000000,0x000000,0x010101,0x010101,0x000000,0x010101,
0x010101,0x010101,0x010101,0x010101,0x010101,0x010101,0x010101,0x010101,0x010101,0x010101,0x010101,0x010101,
0x000000,0x000000,0x000000,0x000000,0x010101,0x010101,0x000000,0x010101,0x010101,0x010101,0x010101,0x010101,
0x010101,0x010101,0x000000,0x010101,0x000000,0x000000,0x010101,0x010101,0x010101,0x000000,0x000000,0x000000,
0x010101,0x000000,0x010101,0x010101,0x020202,0x010101,0x010101,0x010101,0x010101,0x000000,0x010101,0x010101,
0x010101,0x010101,0x000000,0x000000,0x000000,0x000000,0x010101,0x010101,0x010101,0x010101,0x010101,0x010101,
0x010101,0x010101,0x010101,0x010101,0x010101,0x000000,0x010101,0x010101,0x000000,0x000000,0x000000,0x000000,
0x010101,0x000000,0x000000,0x010101,0x010101,0x010101,0x010101,0x010101,0x010101,0x010101,0x010101,0x010101,
0x010101,0x000000,0x000000,0x010101,0x010101,0x010101,0x010101,0x010101,0x010101,0x010101,0x010101,0x010101,
0x010101,0x000000,0x000000,0x010101,0x010101,0x010101,0x000000,0x010101,0x010101,0x010101,0x010101,0x010101,
0x010101,0x000000,0x000000,0x010101,0x010101,0x010101,0x000000,0x010101,0x010101,0x010101,0x010101,0x010101,
0x010101,0x010101,0x000000,0x000000,0x010101,0x010101,0x010101,0x010101,0x010101,0x010101,0x010101,0x010101,
0x010101,0x010101,0x010101,0x010101,0x010101,0x010101,0x010101,0x010101,0x010101,0x010101,0x000000,0x000000,
0x010101,0x010101,0x000000,0x010101,0x010101,0x010101,0x010101,0x010101,0x000000,0x010101,0x010101,0x010101,
0x010101,0x000000,0x000000,0x000000,0x010101,0x010101,0x000000,0x000000,0x010101,0x010101,0x010101,0x010101,
0x010101,0x010101,0x010101,0x010101,0x010101,0x000000,0x010101,0x010101,0x010101,0x010101,0x010101,0x010101,
0x010101,0x010101,0x000000,0x000000,0x010101,0x000000,0x010101,0x010101,0x000000,0x000000,0x010101,0x010101,
0x000000,0x000000,0x010101,0x010101,0x010101,0x000000,0x010101,0x010101,0x010101,0x010101,0x000000,0x010101,
0x010101,0x010101,0x010101,0x010101,0x010101,0x010101,0x010101,0x010101,0x010101,0x010101,0x000000,0x010101,
0x010101,0x010101,0x000000,0x010101,0x010101,0x010101,0x010101,0x010101,0x010101,0x010101,0x010101,0x010101,
0x010101,0x010101,0x000000,0x010101,0x000000,0x000000,0x000000,0x010101,0x010101,0x010101,0x010101,0x010101,
0x010101,0x010101,0x010101,0x010101,0x010101,0x010101,0x010101,0x010101,0x010101,0x010101,0x000000,0x000000,
0x010101,0x010101,0x000000,0x010101,0x010101,0x010101,0x010101,0x010101,0x010101,0x010101,0x010101,0x010101,
0x010101,0x010101,0x010101,0x010101,0x000000,0x000000,0x000000,0x000000,0x010101,0x010101,0x000000,0x010101,
0x010101,0x010101,0x010101,0x010101,0x010101,0x010101,0x000000,0x010101,0x000000,0x000000,0x010101,0x010101,
0x010101,0x000000,0x010101,0x010101,0x010101,0x000000,0x010101,0x010101,0x010101,0x010101,0x010101,0x010101,
0x010101,0x000000,0x010101,0x010101,0x010101,0x010101,0x010101,0x010101,0x000000,0x000000,0x010101,0x010101,
0x010101,0x010101,0x010101,0x010101,0x010101,0x010101,0x010101,0x010101,0x010101,0x000000,0x010101,0x010101,
0x000000,0x000000,0x000000,0x000000,0x010101,0x000000,0x000000,0x010101,0x010101,0x010101,0x010101,0x010101,
0x010101,0x010101,0x010101,0x010101,0x010101,0x000000,0x000000,0x010101,0x010101,0x010101,0x010101,0x010101,
0x010101,0x010101,0x010101,0x010101,0x010101,0x000000,0x000000,0x010101,0x010101,0x010101,0x000000,0x010101,
0x010101,0x010101,0x010101,0x010101,0x010101,0x000000,0x000000,0x010101,0x010101,0x010101,0x000000,0x010101,
0x010101,0x010101,0x010101,0x010101,0x010101,0x010101,0x000000,0x000000,0x010101,0x010101,0x010101,0x010101,
0x010101,0x010101,0x010101,0x010101,0x010101,0x010101,0x010101,0x010101,0x010101,0x010101,0x010101,0x010101,
0x010101,0x010101,0x010101,0x010101,0x010101,0x010101,0x000000,0x010101,0x010101,0x010101,0x010101,0x010101,
0x000000,0x010101,0x010101,0x010101,0x010101,0x000000,0x000000,0x000000,0x010101,0x010101,0x010101,0x010101,
0x010101,0x010101,0x010101,0x010101,0x010101,0x010101,0x010101,0x010101,0x010101,0x000000,0x010101,0x010101,
0x010101,0x010101,0x010101,0x010101,0x010101,0x010101,0x000000,0x000000,0x010101,0x010101,0x010101,0x010101,
0x010101,0x010101,0x010101,0x010101,0x010101,0x010101,0x010101,0x010101,0x010101,0x010101,0x010101,0x010101,
0x010101,0x010101,0x010101,0x010101,0x010101,0x010101,0x010101,0x010101,0x010101,0x010101,0x010101,0x000000,
0x000000,0x010101,0x010101,0x010101,0x010101,0x010101,0x010101,0x010101,0x000000,0x010101,0x010101,0x000000,
0x000000,0x010101,0x010101,0x010101,0x010101,0x010101,0x010101,0x010101,0x000000,0x010101,0x010101,0x000000,
0x000000,0x010101,0x010101,0x010101,0x010101,0x010101,0x010101,0x010101,0x000000,0x010101,0x010101,0x010101,
0x000000,0x000000,0x010101,0x010101,0x010101,0x010101,0x010101,0x010101,0x000000,0x010101,0x010101,0x010101,
0x010101,0x010101,0x010101,0x010101,0x000000,0x000000,0x010101,0x010101,0x000000,0x000000,0x010101,0x010101,
0x000000,0x010101,0x010101,0x010101,0x000000,0x010101,0x010101,0x000000,0x010101,0x010101,0x010101,0x010101,
0x000000,0x000000,0x000000,0x000000,0x000000,0x000000,0x010101,0x010101,0x010101,0x010101,0x010101,0x010101,
0x000000,0x010101,0x010101,0x010101,0x010101,0x010101,0x010101,0x010101,0x000000,0x000000,0x010101,0x010101,
0x000000,0x010101,0x000000,0x010101,0x000000,0x010101,0x010101,0x010101,0x010101,0x010101,0x010101,0x010101,
0x000000,0x000000,0x010101,0x010101,0x000000,0x000000,0x010101,0x010101,0x000000,0x000000,0x010101,0x010101,
0x010101,0x010101,0x010101,0x010101,0x010101,0x010101,0x010101,0x010101,0x000000,0x000000,0x000000,0x000000,
0x000000,0x010101,0x010101,0x010101,0x000000,0x010101,0x010101,0x010101,0x010101,0x010101,0x010101,0x010101,
0x000000,0x000000,0x010101,0x000000,0x000000,0x000000,0x010101,0x010101,0x000000,0x010101,0x010101,0x010101,
0x000000,0x010101,0x010101,0x010101,0x000000,0x000000,0x010101,0x010101,0x000000,0x000000,0x010101,0x010101,
0x000000,0x010101,0x010101,0x010101,0x000000,0x010101,0x010101,0x010101,0x010101,0x010101,0x010101,0x010101,
0x010101,0x010101,0x010101,0x000000,0x010101,0x010101,0x010101,0x010101,0x000000,0x000000,0x010101,0x010101,
0x010101,0x010101,0x010101,0x010101,0x010101,0x010101,0x000000,0x010101,0x000000,0x000000,0x010101,0x010101,
0x010101,0x010101,0x010101,0x010101,0x000000,0x010101,0x010101,0x010101,0x010101,0x010101,0x010101,0x000000,
0x000000,0x000000,0x000000,0x000000,0x000000,0x010101,0x010101,0x010101,0x000000,0x010101,0x010101,0x010101,
0x010101,0x010101,0x010101,0x010101,0x010101,0x010101,0x010101,0x010101,0x010101,0x010101,0x010101,0x010101,
0x010101,0x010101,0x010101,0x010101,0x010101,0x010101,0x010101,0x010101,0x010101,0x010101,0x010101,0x010101,
0x010101,0x010101,0x010101,0x000000,0x000000,0x010101,0x000000,0x000000,0x010101,0x010101,0x010101,0x010101,
0x000000,0x010101,0x010101,0x000000,0x000000,0x010101,0x010101,0x010101,0x010101,0x010101,0x000000,0x000000,
0x010101,0x010101,0x010101,0x000000,0x000000,0x010101,0x010101,0x010101,0x010101,0x010101,0x010101,0x010101,
0x000000,0x010101,0x000000,0x000000,0x000000,0x000000,0x010101,0x010101,0x010101,0x010101,0x010101,0x010101,
0x000000,0x010101,0x010101,0x010101,0x010101,0x010101,0x000000,0x000000,0x000000,0x000000,0x010101,0x010101,
0x000000,0x000000,0x010101,0x010101,0x000000,0x010101,0x010101,0x010101,0x000000,0x010101,0x010101,0x000000,
0x010101,0x010101,0x000000,0x000000,0x000000,0x000000,0x000000,0x000000,0x000000,0x000000,0x000000,0x000000,
0x010101,0x010101,0x010101,0x010101,0x000000,0x010101,0x000000,0x000000,0x010101,0x010101,0x000000,0x000000,
0x000000,0x000000,0x000000,0x000000,0x000000,0x010101,0x000000,0x010101,0x000000,0x010101,0x010101,0x010101,
0x010101,0x010101,0x010101,0x010101,0x000000,0x000000,0x000000,0x000000,0x000000,0x000000,0x010101,0x010101,
0x010101,0x010101,0x000000,0x000000,0x010101,0x010101,0x010101,0x010101,0x010101,0x010101,0x010101,0x010101,
0x000000,0x000000,0x000000,0x000000,0x000000,0x010101,0x010101,0x010101,0x000000,0x010101,0x010101,0x010101,
0x010101,0x010101,0x000000,0x000000,0x000000,0x000000,0x010101,0x000000,0x000000,0x000000,0x010101,0x010101,
0x000000,0x010101,0x010101,0x010101,0x000000,0x010101,0x010101,0x000000,0x010101,0x010101,0x000000,0x000000,
0x000000,0x000000,0x000000,0x000000,0x000000,0x010101,0x010101,0x010101,0x000000,0x010101,0x010101,0x010101,
0x010101,0x010101,0x010101,0x010101,0x010101,0x010101,0x010101,0x000000,0x010101,0x010101,0x000000,0x000000,
0x010101,0x010101,0x010101,0x010101,0x010101,0x010101,0x000000,0x000000,0x010101,0x010101,0x000000,0x010101,
0x000000,0x000000,0x010101,0x010101,0x010101,0x010101,0x000000,0x000000,0x000000,0x010101,0x010101,0x010101,
0x010101,0x010101,0x010101,0x000000,0x000000,0x000000,0x000000,0x000000,0x000000,0x010101,0x010101,0x010101,
0x000000,0x010101,0x010101,0x010101,0x010101,0x000000,0x000000,0x010101,0x010101,0x010101,0x010101,0x010101,
0x010101,0x010101,0x010101,0x010101,0x010101,0x010101,0x010101,0x010101,0x010101,0x010101,0x010101,0x010101,
0x010101,0x010101,0x010101,0x010101,0x010101,0x010101,0x000000,0x000000,0x000000,0x000000,0x000000,0x000000,
0x010101,0x010101,0x010101,0x010101,0x000000,0x000000,0x000000,0x000000,0x000000,0x000000,0x010101,0x010101,
0x010101,0x010101,0x000000,0x010101,0x010101,0x010101,0x000000,0x000000,0x010101,0x010101,0x000000,0x000000,
0x000000,0x000000,0x010101,0x010101,0x010101,0x010101,0x000000,0x000000,0x010101,0x010101,0x010101,0x010101,
0x010101,0x000000,0x010101,0x010101,0x010101,0x000000,0x000000,0x010101,0x010101,0x010101,0x010101,0x010101,
0x000000,0x000000,0x000000,0x000000,0x000000,0x000000,0x000000,0x010101,0x010101,0x000000,0x000000,0x000000,
0x000000,0x000000,0x000000,0x000000,0x010101,0x000000,0x000000,0x000000,0x010101,0x000000,0x000000,0x010101,
0x010101,0x010101,0x000000,0x000000,0x000000,0x000000,0x010101,0x010101,0x010101,0x000000,0x010101,0x010101,
0x000000,0x000000,0x000000,0x000000,0x000000,0x000000,0x010101,0x010101,0x010101,0x000000,0x010101,0x010101,
0x000000,0x000000,0x010101,0x010101,0x000000,0x000000,0x010101,0x010101,0x000000,0x000000,0x000000,0x010101,
0x010101,0x010101,0x000000,0x010101,0x010101,0x010101,0x010101,0x010101,0x000000,0x000000,0x010101,0x010101,
0x010101,0x010101,0x010101,0x010101,0x010101,0x000000,0x000000,0x000000,0x010101,0x010101,0x000000,0x000000,
0x010101,0x010101,0x000000,0x000000,0x010101,0x000000,0x000000,0x000000,0x000000,0x000000,0x000000,0x010101,
0x010101,0x010101,0x000000,0x010101,0x010101,0x000000,0x000000,0x010101,0x000000,0x000000,0x000000,0x000000,
0x000000,0x000000,0x000000,0x000000,0x000000,0x000000,0x010101,0x010101,0x000000,0x000000,0x000000,0x000000,
0x010101,0x010101,0x010101,0x010101,0x010101,0x010101,0x010101,0x010101,0x010101,0x010101,0x010101,0x010101,
0x010101,0x010101,0x000000,0x000000,0x000000,0x000000,0x010101,0x010101,0x010101,0x010101,0x000000,0x000000,
0x010101,0x010101,0x010101,0x010101,0x010101,0x010101,0x010101,0x010101,0x010101,0x010101,0x000000,0x000000,
0x010101,0x010101,0x010101,0x010101,0x010101,0x010101,0x000000,0x010101,0x000000,0x000000,0x010101,0x010101,
0x000000,0x000000,0x010101,0x010101,0x010101,0x010101,0x000000,0x000000,0x010101,0x000000,0x000000,0x010101,
0x010101,0x010101,0x000000,0x010101,0x010101,0x010101,0x010101,0x010101,0x010101,0x010101,0x010101,0x010101,
0x010101,0x010101,0x010101,0x010101,0x010101,0x010101,0x010101,0x010101,0x010101,0x010101,0x000000,0x000000,
0x000000,0x000000,0x010101,0x010101,0x010101,0x010101,0x010101,0x010101,0x010101,0x010101,0x010101,0x010101,
0x010101,0x010101,0x010101,0x010101,0x010101,0x010101,0x000000,0x010101,0x010101,0x010101,0x010101,0x010101,
0x010101,0x010101,0x010101,0x010101,0x010101,0x010101,0x010101,0x010101,0x010101,0x010101,0x000000,0x000000,
0x010101,0x010101,0x010101,0x010101,0x010101,0x000000,0x010101,0x010101,0x010101,0x000000,0x000000,0x010101,
0x010101,0x010101,0x010101,0x010101,0x000000,0x000000,0x000000,0x000000,0x000000,0x000000,0x000000,0x010101,
0x010101,0x000000,0x010101,0x010101,0x010101,0x010101,0x010101,0x010101,0x010101,0x000000,0x000000,0x000000,
0x010101,0x000000,0x000000,0x010101,0x010101,0x010101,0x010101,0x010101,0x010101,0x010101,0x010101,0x010101,
0x010101,0x000000,0x010101,0x010101,0x000000,0x000000,0x000000,0x000000,0x000000,0x000000,0x010101,0x010101,
0x010101,0x000000,0x010101,0x010101,0x010101,0x010101,0x010101,0x010101,0x000000,0x000000,0x010101,0x010101,
0x000000,0x000000,0x000000,0x010101,0x010101,0x010101,0x000000,0x010101,0x010101,0x010101,0x010101,0x010101,
0x010101,0x010101,0x010101,0x010101,0x010101,0x010101,0x010101,0x010101,0x010101,0x000000,0x010101,0x010101,
0x010101,0x010101,0x010101,0x010101,0x010101,0x010101,0x010101,0x010101,0x010101,0x000000,0x000000,0x000000,
0x000000,0x000000,0x000000,0x010101,0x010101,0x010101,0x000000,0x010101,0x010101,0x000000,0x000000,0x010101,
0x010101,0x010101,0x010101,0x010101,0x000000,0x000000,0x000000,0x000000,0x000000,0x000000,0x010101,0x010101,
0x010101,0x010101,0x010101,0x010101,0x010101,0x010101,0x010101,0x010101,0x010101,0x010101,0x010101,0x010101,
0x010101,0x010101,0x010101,0x010101,0x010101,0x010101,0x010101,0x010101,0x010101,0x010101,0x010101,0x010101,
0x010101,0x010101,0x010101,0x010101,0x010101,0x010101,0x010101,0x010101,0x010101,0x010101,0x010101,0x010101,
0x010101,0x010101,0x010101,0x010101,0x010101,0x010101,0x010101,0x010101,0x010101,0x010101,0x000000,0x010101,
0x000000,0x000000,0x010101,0x010101,0x000000,0x000000,0x010101,0x010101,0x010101,0x010101,0x010101,0x010101,
0x010101,0x010101,0x000000,0x000000,0x000000,0x000000,0x000000,0x000000,0x000000,0x000000,0x010101,0x010101,
0x010101,0x010101,0x010101,0x010101,0x010101,0x010101,0x010101,0x010101,0x010101,0x010101,0x010101,0x000000,
0x000000,0x010101,0x010101,0x010101,0x010101,0x010101,0x010101,0x010101,0x000000,0x010101,0x010101,0x000000,
0x010101,0x010101,0x010101,0x000000,0x000000,0x000000,0x000000,0x000000,0x000000,0x000000,0x010101,0x010101,
0x010101,0x010101,0x010101,0x010101,0x000000,0x010101,0x010101,0x010101,0x010101,0x010101,0x000000,0x000000,
0x000000,0x000000,0x000000,0x000000,0x000000,0x000000,0x010101,0x010101,0x000000,0x010101,0x010101,0x010101,
0x000000,0x000000,0x010101,0x010101,0x000000,0x000000,0x000000,0x000000,0x000000,0x000000,0x010101,0x010101,
0x000000,0x000000,0x000000,0x000000,0x000000,0x010101,0x010101,0x010101,0x000000,0x000000,0x010101,0x010101,
0x000000,0x000000,0x010101,0x010101,0x000000,0x000000,0x010101,0x010101,0x000000,0x010101,0x010101,0x010101,
0x000000,0x000000,0x010101,0x010101,0x000000,0x000000,0x000000,0x000000,0x000000,0x000000,0x010101,0x010101,
0x000000,0x010101,0x010101,0x010101,0x000000,0x000000,0x010101,0x010101,0x000000,0x000000,0x000000,0x000000,
0x010101,0x010101,0x000000,0x000000,0x000000,0x010101,0x000000,0x000000,0x000000,0x010101,0x010101,0x010101,
0x000000,0x010101,0x010101,0x010101,0x000000,0x000000,0x010101,0x010101,0x010101,0x010101,0x010101,0x010101,
0x000000,0x000000,0x010101,0x010101,0x010101,0x010101,0x010101,0x010101,0x010101,0x010101,0x000000,0x000000,
0x000000,0x000000,0x000000,0x000000,0x000000,0x000000,0x010101,0x010101,0x000000,0x010101,0x010101,0x000000,
0x010101,0x010101,0x010101,0x010101,0x000000,0x000000,0x000000,0x000000,0x000000,0x000000,0x000000,0x000000,
0x010101,0x010101,0x000000,0x000000,0x000000,0x010101,0x010101,0x000000,0x000000,0x000000,0x010101,0x010101,
0x000000,0x000000,0x010101,0x010101,0x000000,0x000000,0x000000,0x000000,0x010101,0x010101,0x010101,0x010101,
0x010101,0x010101,0x010101,0x010101,0x000000,0x010101,0x010101,0x010101,0x000000,0x000000,0x010101,0x010101,
0x000000,0x010101,0x010101,0x010101,0x010101,0x010101,0x010101,0x010101,0x010101,0x010101,0x000000,0x000000,
0x000000,0x000000,0x000000,0x000000,0x000000,0x000000,0x010101,0x010101,0x000000,0x000000,0x010101,0x010101,
0x000000,0x010101,0x010101,0x010101,0x010101,0x010101,0x000000,0x000000,0x000000,0x000000,0x000000,0x000000,
0x000000,0x000000,0x000000,0x000000,0x010101,0x010101,0x010101,0x010101,0x010101,0x010101,0x010101,0x010101,
0x010101,0x010101,0x010101,0x000000,0x000000,0x010101,0x010101,0x010101,0x010101,0x010101,0x000000,0x000000,
0x000000,0x010101,0x010101,0x000000,0x010101,0x010101,0x010101,0x000000,0x000000,0x000000,0x000000,0x000000,
0x000000,0x000000,0x010101,0x010101,0x010101,0x010101,0x000000,0x000000,0x000000,0x010101,0x000000,0x000000,
0x010101,0x010101,0x000000,0x000000,0x000000,0x000000,0x000000,0x000000,0x000000,0x000000,0x010101,0x010101,
0x000000,0x010101,0x010101,0x010101,0x000000,0x000000,0x000000,0x000000,0x000000,0x000000,0x000000,0x000000,
0x000000,0x000000,0x000000,0x000000,0x000000,0x000000,0x000000,0x000000,0x000000,0x010101,0x000000,0x000000,
0x000000,0x000000,0x000000,0x000000,0x000000,0x000000,0x010101,0x010101,0x000000,0x000000,0x010101,0x010101,
0x000000,0x010101,0x010101,0x010101,0x000000,0x000000,0x010101,0x010101,0x000000,0x000000,0x000000,0x000000,
0x000000,0x000000,0x000000,0x000000,0x000000,0x010101,0x010101,0x010101,0x010101,0x010101,0x010101,0x010101,
0x000000,0x000000,0x000000,0x000000,0x010101,0x010101,0x000000,0x000000,0x000000,0x010101,0x000000,0x000000,
0x000000,0x010101,0x010101,0x010101,0x000000,0x010101,0x010101,0x010101,0x000000,0x000000,0x000000,0x000000,
0x010101,0x010101,0x010101,0x010101,0x000000,0x000000,0x010101,0x010101,0x010101,0x010101,0x010101,0x010101,
0x010101,0x010101,0x000000,0x000000,0x000000,0x000000,0x000000,0x000000,0x000000,0x000000,0x010101,0x010101,
0x000000,0x010101,0x010101,0x000000,0x010101,0x010101,0x000000,0x000000,0x000000,0x000000,0x000000,0x000000,
0x000000,0x000000,0x000000,0x000000,0x010101,0x010101,0x000000,0x000000,0x000000,0x010101,0x010101,0x000000,
0x000000,0x000000,0x010101,0x000000,0x000000,0x000000,0x010101,0x010101,0x000000,0x000000,0x000000,0x000000,
0x010101,0x010101,0x010101,0x010101,0x010101,0x010101,0x000000,0x000000,0x000000,0x010101,0x010101,0x010101,
0x000000,0x000000,0x000000,0x000000,0x000000,0x010101,0x000000,0x000000,0x010101,0x010101,0x010101,0x010101,
0x010101,0x010101,0x000000,0x000000,0x000000,0x000000,0x000000,0x000000,0x000000,0x000000,0x010101,0x010101,
0x000000,0x000000,0x010101,0x010101,0x000000,0x010101,0x010101,0x010101,0x010101,0x000000,0x000000,0x000000,
0x010101,0x000000,0x010101,0x010101,0x000000,0x000000,0x010101,0x010101,0x010101,0x000000,0x010101,0x010101,
0x010101,0x000000,0x000000,0x000000,0x000000,0x000000,0x000000,0x000000,0x000000,0x000000,0x000000,0x000000,
0x010101,0x010101,0x000000,0x010101,0x010101,0x010101,0x010101,0x010101,0x000000,0x000000,0x000000,0x000000,
0x000000,0x000000,0x000000,0x000000,0x000000,0x000000,0x010101,0x010101,0x010101,0x010101,0x000000,0x000000,
0x010101,0x010101,0x000000,0x000000,0x000000,0x000000,0x000000,0x000000,0x010101,0x010101,0x010101,0x010101,
0x010101,0x000000,0x010101,0x010101,0x010101,0x010101,0x010101,0x010101,0x000000,0x000000,0x000000,0x000000,
0x000000,0x000000,0x000000,0x000000,0x000000,0x000000,0x000000,0x010101,0x010101,0x010101,0x010101,0x010101,
0x010101,0x000000,0x000000,0x000000,0x010101,0x000000,0x000000,0x000000,0x000000,0x000000,0x010101,0x010101,
0x010101,0x010101,0x000000,0x000000,0x010101,0x010101,0x000000,0x010101,0x010101,0x010101,0x000000,0x000000,
0x010101,0x010101,0x000000,0x000000,0x000000,0x000000,0x010101,0x010101,0x010101,0x010101,0x010101,0x010101,
0x010101,0x010101,0x010101,0x010101,0x000000,0x000000,0x010101,0x010101,0x000000,0x000000,0x010101,0x010101,
0x010101,0x010101,0x010101,0x010101,0x010101,0x010101,0x010101,0x010101,0x010101,0x010101,0x000000,0x000000,
0x000000,0x000000,0x000000,0x000000,0x000000,0x000000,0x000000,0x010101,0x000000,0x000000,0x010101,0x010101,
0x010101,0x010101,0x000000,0x010101,0x010101,0x010101,0x000000,0x000000,0x000000,0x000000,0x000000,0x000000,
0x000000,0x000000,0x010101,0x010101,0x010101,0x010101,0x010101,0x010101,0x010101,0x010101,0x010101,0x010101,
0x000000,0x000000,0x000000,0x000000,0x010101,0x010101,0x000000,0x000000,0x000000,0x000000,0x010101,0x010101,
0x010101,0x010101,0x000000,0x010101,0x010101,0x000000,0x000000,0x000000,0x010101,0x000000,0x000000,0x000000,
0x000000,0x000000,0x000000,0x010101,0x010101,0x010101,0x010101,0x010101,0x000000,0x000000,0x010101,0x010101,
0x010101,0x010101,0x000000,0x000000,0x000000,0x000000,0x010101,0x010101,0x010101,0x010101,0x010101,0x010101,
0x010101,0x010101,0x000000,0x010101,0x010101,0x000000,0x000000,0x000000,0x000000,0x000000,0x000000,0x000000,
0x000000,0x000000,0x010101,0x010101,0x010101,0x000000,0x000000,0x000000,0x010101,0x010101,0x000000,0x010101,
0x010101,0x000000,0x000000,0x000000,0x010101,0x000000,0x010101,0x010101,0x000000,0x000000,0x010101,0x010101,
0x010101,0x000000,0x010101,0x010101,0x010101,0x000000,0x000000,0x000000,0x000000,0x000000,0x000000,0x000000,
0x000000,0x000000,0x000000,0x000000,0x010101,0x010101,0x000000,0x010101,0x010101,0x010101,0x010101,0x010101,
0x000000,0x000000,0x000000,0x000000,0x000000,0x000000,0x000000,0x000000,0x000000,0x000000,0x010101,0x010101,
0x010101,0x010101,0x010101,0x010101,0x010101,0x010101,0x000000,0x000000,0x000000,0x000000,0x000000,0x000000,
0x010101,0x010101,0x010101,0x010101,0x010101,0x000000,0x010101,0x010101,0x000000,0x000000,0x010101,0x010101,
0x000000,0x000000,0x000000,0x000000,0x000000,0x000000,0x000000,0x000000,0x000000,0x000000,0x000000,0x010101,
0x010101,0x010101,0x010101,0x010101,0x010101,0x000000,0x000000,0x000000,0x010101,0x000000,0x000000,0x000000,
0x000000,0x000000,0x010101,0x010101,0x010101,0x010101,0x010101,0x010101,0x010101,0x010101,0x000000,0x010101,
0x010101,0x010101,0x000000,0x000000,0x010101,0x010101,0x000000,0x000000,0x000000,0x000000,0x020101,0x020202,
0x020202,0x020202,0x020202,0x020202,0x020202,0x020202,0x020202,0x020202,0x010101,0x010101,0x020202,0x020202,
0x010101,0x010101,0x020202,0x020202,0x020202,0x010101,0x010101,0x010101,0x010101,0x010101,0x010101,0x010101,
0x000000,0x000000,0x000000,0x000000,0x000000,0x000000,0x000000,0x000000,0x000000,0x000000,0x000000,0x010101,
0x000000,0x000000,0x010101,0x010101,0x010101,0x010101,0x010101,0x010101,0x000000,0x000000,0x000000,0x000000,
0x000000,0x000000,0x000000,0x000000,0x000000,0x000000,0x010101,0x010101,0x010101,0x010101,0x010101,0x010101,
0x010101,0x010101,0x010101,0x010101,0x000000,0x000000,0x000000,0x000000,0x010101,0x010101,0x000000,0x000000,
0x000000,0x000000,0x010101,0x010101,0x010101,0x010101,0x000000,0x010101,0x010101,0x000000,0x000000,0x000000,
0x010101,0x000000,0x000000,0x000000,0x000000,0x000000,0x000000,0x010101,0x010101,0x010101,0x010101,0x010101,
0x000000,0x000000,0x010101,0x010101,0x010101,0x010101,0x000000,0x000000,0x000000,0x000000,0x010101,0x010101,
0x010101,0x010101,0x010101,0x010101,0x010101,0x010101,0x000000,0x010101,0x010101,0x000000,0x000000,0x000000,
0x000000,0x000000,0x000000,0x000000,0x000000,0x000000,0x010101,0x010101,0x010101,0x000000,0x000000,0x000000,
0x010101,0x010101,0x000000,0x010101,0x010101,0x000000,0x010101,0x010101,0x000000,0x000000,0x010101,0x010101,
0x000000,0x000000,0x000000,0x000000,0x000000,0x000000,0x010101,0x010101,0x000000,0x000000,0x000000,0x000000,
0x000000,0x000000,0x010101,0x010101,0x000000,0x000000,0x010101,0x010101,0x000000,0x000000,0x010101,0x010101,
0x000000,0x000000,0x010101,0x010101,0x000000,0x000000,0x000000,0x000000,0x000000,0x000000,0x010101,0x010101,
0x000000,0x000000,0x010101,0x010101,0x000000,0x000000,0x010101,0x010101,0x010101,0x010101,0x010101,0x010101,
0x000000,0x000000,0x000000,0x000000,0x000000,0x000000,0x000000,0x000000,0x000000,0x000000,0x010101,0x010101,
0x000000,0x000000,0x000000,0x000000,0x000000,0x000000,0x000000,0x000000,0x000000,0x000000,0x010101,0x010101,
0x000000,0x000000,0x000000,0x010101,0x000000,0x000000,0x010101,0x010101,0x000000,0x000000,0x000000,0x000000,
0x000000,0x000000,0x000000,0x000000,0x000000,0x000000,0x000000,0x000000,0x000000,0x000000,0x010101,0x010101,
0x000000,0x000000,0x010101,0x010101,0x000000,0x000000,0x000000,0x000101,0x010101,0x010101,0x020202,0x010101,
0x010000,0x000000,0x000000,0x000000,0x000000,0x000000,0x000000,0x000000,0x000000,0x000000,0x000000,0x000000,
0x000000,0x000000,0x000000,0x000000,0x000000,0x000000,0x000000,0x000000,0x000000,0x000000,0x000000,0x010001,
0x010101,0x020202,0x010101,0x010101,0x010101,0x010101,0x010101,0x010101,0x010000,0x010000,0x010000,0x010000,
0x000000,0x000000,0x000000,0x000000,0x000000,0x010101,0x010101,0x010101,0x000000,0x000000,0x010101,0x010101,
0x000000,0x000000,0x000000,0x000000,0x000000,0x000000,0x000000,0x000000,0x000000,0x000000,0x010101,0x010101,
0x010101,0x010101,0x010101,0x010101,0x000000,0x000000,0x000000,0x000000,0x000000,0x000000,0x000000,0x000000,
0x000000,0x000000,0x000000,0x000000,0x000000,0x000000,0x010101,0x010101,0x000000,0x000000,0x000000,0x000000,
0x000000,0x000000,0x000000,0x000000,0x000000,0x000000,0x010101,0x010101,0x000000,0x000000,0x010101,0x010101,
0x000000,0x000000,0x010101,0x010101,0x000000,0x000000,0x000000,0x000000,0x000000,0x000000,0x000000,0x000000,
0x000000,0x000000,0x010101,0x010101,0x000000,0x010101,0x010101,0x000000,0x010101,0x010101,0x000000,0x000000,
0x000000,0x000000,0x000000,0x000000,0x000000,0x000000,0x000000,0x000000,0x000000,0x000000,0x000000,0x000000,
0x010101,0x010101,0x010101,0x010101,0x010101,0x010101,0x010101,0x010101,0x010101,0x000000,0x010101,0x010101,
0x000000,0x000000,0x000000,0x000000,0x000000,0x000000,0x000000,0x000000,0x000000,0x000000,0x010101,0x010101,
0x000000,0x000000,0x000000,0x000000,0x000000,0x000000,0x010101,0x010101,0x000000,0x000000,0x010101,0x010101,
0x000000,0x000000,0x010101,0x010101,0x000000,0x000000,0x000000,0x000000,0x000000,0x000000,0x000000,0x000000,
0x000000,0x000000,0x010101,0x010101,0x000000,0x000000,0x000000,0x000000,0x000000,0x000000,0x010101,0x010101,
0x010101,0x010101,0x010101,0x010101,0x000000,0x000000,0x000000,0x000000,0x000000,0x000000,0x000000,0x000000,
0x000000,0x000000,0x010101,0x010101,0x000000,0x000000,0x000000,0x000000,0x000000,0x000000,0x000000,0x000000,
0x000000,0x000000,0x000000,0x000000,0x000000,0x000000,0x000000,0x010101,0x000000,0x000000,0x000000,0x000000,
0x000000,0x000000,0x000000,0x000000,0x000000,0x000000,0x000000,0x000000,0x000000,0x000000,0x000000,0x000000,
0x000000,0x000000,0x010101,0x010101,0x010101,0x010101,0x010101,0x010101,0x010101,0x010000,0x000000,0x000000,
0x000000,0x000000,0x000000,0x000001,0x010304,0x040608,0x08090B,0x0C0E10,0x101316,0x14161A,0x181A1E,0x1A1C21,
0x1B1E22,0x1E2125,0x202226,0x202327,0x212227,0x202226,0x1F2025,0x1D1F23,0x1B1C21,0x181A1E,0x16171C,0x111316,
0x0C0E10,0x080A0B,0x050608,0x010103,0x000000,0x000000,0x000000,0x000000,0x000000,0x000000,0x010001,0x020102,
0x010101,0x010101,0x010000,0x000000,0x000000,0x000000,0x000000,0x000000,0x000000,0x010101,0x010101,0x010101,
0x000000,0x000000,0x000000,0x000000,0x000000,0x000000,0x000000,0x000000,0x000000,0x000000,0x000000,0x000000,
0x000000,0x000000,0x000000,0x000000,0x010101,0x010101,0x000000,0x000000,0x000000,0x000000,0x000000,0x000000,
0x000000,0x000000,0x000000,0x000000,0x000000,0x000000,0x000000,0x000000,0x000000,0x000000,0x000000,0x000000,
0x000000,0x000000,0x000000,0x000000,0x000000,0x000000,0x000000,0x000000,0x000000,0x000000,0x010101,0x010101,
0x000000,0x000000,0x000000,0x000000,0x000000,0x000000,0x010101,0x010101,0x000000,0x000000,0x000000,0x000000,
0x000000,0x000000,0x000000,0x000000,0x000000,0x000000,0x010101,0x010101,0x000000,0x010101,0x010101,0x000000,
0x010101,0x010101,0x000000,0x000000,0x000000,0x000000,0x000000,0x000000,0x000000,0x000000,0x000000,0x000000,
0x000000,0x000000,0x000000,0x000000,0x010101,0x010101,0x010101,0x010101,0x010101,0x010101,0x010101,0x010101,
0x010101,0x000000,0x000000,0x010101,0x000000,0x000000,0x000000,0x000000,0x010101,0x000000,0x000000,0x000000,
0x000000,0x000000,0x010101,0x010101,0x000000,0x000000,0x000000,0x000000,0x000000,0x000000,0x000000,0x000000,
0x000000,0x000000,0x010101,0x010101,0x010101,0x010101,0x000000,0x000000,0x010101,0x010101,0x000000,0x010101,
0x000000,0x000000,0x000000,0x000000,0x000000,0x000000,0x000000,0x000000,0x000000,0x000000,0x010101,0x010101,
0x000000,0x000000,0x000000,0x000000,0x010101,0x010101,0x000000,0x000000,0x000000,0x000000,0x010101,0x010101,
0x000000,0x000000,0x010101,0x010101,0x000000,0x000000,0x010101,0x010101,0x010101,0x010101,0x000000,0x000000,
0x000000,0x000000,0x000000,0x000000,0x000000,0x000000,0x000000,0x000000,0x000000,0x000000,0x010101,0x010101,
0x000000,0x000000,0x010101,0x010101,0x010101,0x010101,0x000000,0x000000,0x010101,0x000000,0x000000,0x000000,
0x000000,0x000000,0x010101,0x010101,0x000000,0x000000,0x010101,0x020202,0x020202,0x000000,0x000000,0x000000,
0x000000,0x000001,0x050606,0x0C0C0E,0x131619,0x1D2024,0x24272B,0x2C3033,0x31373A,0x343B3D,0x373E40,0x3A4143,
0x3A4245,0x3A4346,0x3B4346,0x3B4346,0x3B4447,0x3A4346,0x3A4345,0x3A4245,0x3A4145,0x3A4144,0x3B4145,0x3B4245,
0x3B4145,0x3B4245,0x3B4245,0x3A4144,0x394042,0x373E40,0x363B3E,0x313639,0x2B2F32,0x242729,0x1C2022,0x141719,
0x0D0E0F,0x050506,0x000001,0x000000,0x000000,0x000000,0x000000,0x010101,0x020202,0x010202,0x000000,0x000000,
0x010101,0x010101,0x010101,0x010101,0x010101,0x010101,0x010101,0x010101,0x000000,0x000000,0x000000,0x010101,
0x000000,0x000000,0x000000,0x000000,0x010101,0x010101,0x010101,0x010101,0x010101,0x010101,0x010101,0x010101,
0x000000,0x000000,0x000000,0x000000,0x010101,0x010101,0x000000,0x000000,0x000000,0x000000,0x000000,0x010101,
0x010101,0x000000,0x010101,0x010101,0x010101,0x010101,0x000000,0x010101,0x000000,0x000000,0x000000,0x000000,
0x000000,0x000000,0x000000,0x000000,0x010101,0x010101,0x010101,0x010101,0x010101,0x010101,0x000000,0x010101,
0x000000,0x000000,0x010101,0x010101,0x000000,0x000000,0x000000,0x000000,0x010101,0x010101,0x010101,0x010101,
0x010101,0x010101,0x000000,0x010101,0x000000,0x000000,0x000000,0x000000,0x000000,0x000000,0x000000,0x000000,
0x000000,0x000000,0x000000,0x000000,0x000000,0x000000,0x000000,0x000000,0x010101,0x000000,0x010101,0x010101,
0x010101,0x010101,0x010101,0x010101,0x010101,0x000000,0x000000,0x010101,0x000000,0x000000,0x000000,0x000000,
0x010101,0x000000,0x000000,0x000000,0x000000,0x000000,0x010101,0x010101,0x000000,0x000000,0x000000,0x000000,
0x000000,0x000000,0x000000,0x000000,0x010101,0x010101,0x010101,0x010101,0x010101,0x010101,0x000000,0x000000,
0x010101,0x010101,0x000000,0x010101,0x000000,0x000000,0x000000,0x010101,0x000000,0x000000,0x000000,0x000000,
0x000000,0x000000,0x010101,0x010101,0x000000,0x000000,0x000000,0x000000,0x010101,0x010101,0x000000,0x000000,
0x000000,0x000000,0x010101,0x010101,0x000000,0x000000,0x010101,0x010101,0x000000,0x000000,0x010101,0x010101,
0x010101,0x010101,0x000000,0x000000,0x000000,0x000000,0x000000,0x000000,0x000000,0x000000,0x000000,0x000000,
0x000000,0x000000,0x010101,0x010101,0x000000,0x000000,0x010101,0x010101,0x010101,0x010101,0x000000,0x000000,
0x010101,0x000101,0x010101,0x010101,0x000000,0x000000,0x010101,0x020202,0x010101,0x000000,0x000000,0x000000,
0x000000,0x050505,0x0E0E0F,0x191A1A,0x23272A,0x2E3235,0x353A3D,0x3B4043,0x3B4446,0x3B4446,0x3B4447,0x3A4345,
0x394345,0x3A4446,0x374143,0x374143,0x364142,0x354141,0x364142,0x354041,0x354041,0x354041,0x343F40,0x333F40,
0x333E3F,0x333E3F,0x343E40,0x333E3F,0x353F40,0x353F40,0x353F40,0x364042,0x364142,0x374243,0x394244,0x3A4245,
0x394244,0x3A4345,0x3B4446,0x3B4346,0x3A4043,0x353A3E,0x2E3336,0x23282B,0x1B1D1D,0x0E0F0F,0x040606,0x000000,
0x000000,0x000000,0x000000,0x020202,0x020202,0x010101,0x000000,0x000000,0x010101,0x010101,0x010101,0x010101,
0x000000,0x000000,0x000000,0x010101,0x000000,0x000000,0x000000,0x000000,0x010101,0x010101,0x010101,0x010101,
0x010101,0x010101,0x010101,0x010101,0x000000,0x000000,0x010101,0x010101,0x010101,0x010101,0x000000,0x000000,
0x000000,0x000000,0x000000,0x010101,0x010101,0x000000,0x010101,0x010101,0x010101,0x010101,0x000000,0x010101,
0x000000,0x000000,0x000000,0x000000,0x000000,0x000000,0x000000,0x000000,0x010101,0x010101,0x010101,0x010101,
0x010101,0x010101,0x000000,0x010101,0x000000,0x000000,0x010101,0x010101,0x010101,0x010101,0x000000,0x000000,
0x010101,0x010101,0x010101,0x010101,0x010101,0x010101,0x000000,0x010101,0x000000,0x000000,0x000000,0x000000,
0x000000,0x000000,0x000000,0x010101,0x000000,0x000000,0x000000,0x000000,0x000000,0x000000,0x000000,0x000000,
0x010101,0x000000,0x010101,0x010101,0x010101,0x010101,0x010101,0x010101,0x010101,0x000000,0x010101,0x010101,
0x000000,0x000000,0x010101,0x010101,0x000000,0x000000,0x000000,0x000000,0x000000,0x000000,0x000000,0x000000,
0x000000,0x000000,0x000000,0x000000,0x000000,0x000000,0x010101,0x010101,0x010101,0x010101,0x010101,0x010101,
0x010101,0x010101,0x010101,0x000000,0x000000,0x000000,0x000000,0x000000,0x000000,0x000000,0x000000,0x000000,
0x000000,0x000000,0x010101,0x010101,0x010101,0x010101,0x010101,0x010101,0x000000,0x000000,0x000000,0x000000,
0x000000,0x000000,0x000000,0x000000,0x000000,0x000000,0x000000,0x000000,0x000000,0x000000,0x010101,0x010101,
0x000000,0x000000,0x010101,0x010101,0x000000,0x000000,0x000000,0x000000,0x000000,0x000000,0x000000,0x000000,
0x000000,0x010101,0x010101,0x010101,0x010101,0x010101,0x010101,0x010101,0x000000,0x010101,0x010101,0x010101,
0x000000,0x000000,0x000000,0x000000,0x010101,0x010101,0x020101,0x020101,0x020202,0x020201,0x000000,0x000000,
0x000000,0x040305,0x0D0E10,0x1B1E21,0x282C30,0x33383C,0x3A3F42,0x3C4144,0x394144,0x384042,0x373F41,0x363E41,
0x353F41,0x354041,0x364041,0x363E40,0x353F41,0x364042,0x364042,0x374143,0x374243,0x364143,0x374244,0x374244,
0x374243,0x374243,0x374243,0x374243,0x374043,0x374043,0x384144,0x374043,0x374143,0x374143,0x374143,0x374143,
0x374142,0x364042,0x364041,0x353F41,0x373F42,0x363F42,0x353F41,0x364042,0x383F43,0x384043,0x384144,0x394345,
0x394144,0x383E41,0x33373C,0x2A2C30,0x1C1E1F,0x0E0F10,0x030305,0x000000,0x000000,0x000000,0x020102,0x020101,
0x010102,0x010102,0x000102,0x000102,0x000000,0x000000,0x000000,0x000000,0x000000,0x000000,0x010101,0x010101,
0x010101,0x010101,0x010101,0x010101,0x000000,0x000000,0x000000,0x000000,0x000000,0x000000,0x000000,0x000000,
0x000000,0x000000,0x010101,0x010101,0x000000,0x000000,0x010101,0x010101,0x000000,0x010101,0x010101,0x010101,
0x000000,0x000000,0x000000,0x000000,0x000000,0x000000,0x000000,0x000000,0x000000,0x000000,0x010101,0x010101,
0x000000,0x010101,0x010101,0x010101,0x000000,0x000000,0x000000,0x000000,0x000000,0x000000,0x000000,0x000000,
0x000000,0x000000,0x000000,0x000000,0x010101,0x010101,0x010101,0x010101,0x010101,0x010101,0x010101,0x010101,
0x000000,0x000000,0x010101,0x010101,0x000000,0x000000,0x000000,0x000000,0x000000,0x000000,0x010101,0x010101,
0x000000,0x000000,0x010101,0x010101,0x000000,0x000000,0x010101,0x010101,0x010101,0x010101,0x010101,0x010101,
0x010101,0x000000,0x010101,0x010101,0x000000,0x000000,0x010101,0x010101,0x000000,0x000000,0x000000,0x000000,
0x000000,0x000000,0x000000,0x000000,0x000000,0x000000,0x000000,0x000000,0x000000,0x000000,0x010101,0x010101,
0x010101,0x010101,0x010101,0x010101,0x010101,0x010101,0x010101,0x000000,0x000000,0x000000,0x000000,0x000000,
0x000000,0x000000,0x000000,0x000000,0x000000,0x000000,0x010101,0x010101,0x010101,0x010101,0x010101,0x010101,
0x000000,0x000000,0x000000,0x000000,0x000000,0x000000,0x000000,0x000000,0x000000,0x000000,0x000000,0x000000,
0x000000,0x000000,0x000000,0x000000,0x000000,0x000000,0x000000,0x000000,0x000000,0x000000,0x000000,0x000000,
0x000000,0x010101,0x000000,0x000000,0x000000,0x010101,0x010101,0x010101,0x010101,0x010101,0x010101,0x010101,
0x000000,0x010101,0x010101,0x010101,0x010101,0x010101,0x000000,0x010101,0x020001,0x030102,0x030102,0x010000,
0x000000,0x000000,0x060808,0x141918,0x25292A,0x33383A,0x3A4043,0x3D4447,0x3A4346,0x374043,0x363F42,0x343D40,
0x343D40,0x343D41,0x343D41,0x343E41,0x364143,0x394345,0x394245,0x3B4346,0x3C4345,0x3C4346,0x3C4245,0x3A4043,
0x393E41,0x373C3F,0x33383B,0x323639,0x313537,0x2E3234,0x2E3133,0x2D3133,0x2C3134,0x2C3134,0x2E3236,0x2F3438,
0x2F3638,0x32393B,0x353B3E,0x373E40,0x3A4044,0x3B4246,0x3C4346,0x3C4347,0x3B4347,0x394246,0x384145,0x374144,
0x374042,0x353F41,0x343E40,0x333E40,0x323D3F,0x343E40,0x363F42,0x394245,0x3C4346,0x3A4043,0x32373A,0x25292C,
0x161819,0x070809,0x000001,0x000000,0x000000,0x020201,0x020201,0x020101,0x010101,0x010101,0x010101,0x010101,
0x010101,0x010101,0x010101,0x010101,0x000000,0x010101,0x010101,0x010101,0x010101,0x010101,0x000000,0x000000,
0x000000,0x000000,0x000000,0x000000,0x000000,0x000000,0x010101,0x010101,0x000000,0x000000,0x000000,0x000000,
0x000000,0x010101,0x010101,0x010101,0x000000,0x000000,0x000000,0x000000,0x000000,0x000000,0x000000,0x000000,
0x000000,0x000000,0x010101,0x010101,0x000000,0x010101,0x010101,0x010101,0x000000,0x000000,0x000000,0x000000,
0x000000,0x010101,0x000000,0x000000,0x000000,0x000000,0x000000,0x000000,0x010101,0x010101,0x010101,0x010101,
0x010101,0x010101,0x010101,0x010101,0x000000,0x000000,0x010101,0x010101,0x000000,0x000000,0x000000,0x000000,
0x000000,0x000000,0x000000,0x000000,0x000000,0x000000,0x000000,0x000000,0x010101,0x010101,0x010101,0x010101,
0x010101,0x010101,0x000000,0x000000,0x010101,0x000000,0x000000,0x000000,0x010101,0x010101,0x010101,0x010101,
0x010101,0x000000,0x000000,0x000000,0x010101,0x010101,0x000000,0x000000,0x000000,0x000000,0x000000,0x000000,
0x010101,0x010101,0x010101,0x010101,0x010101,0x010101,0x000000,0x000000,0x010101,0x000000,0x010101,0x010101,
0x000000,0x000000,0x000000,0x000000,0x010101,0x010101,0x000000,0x010101,0x000000,0x000000,0x000000,0x010101,
0x010101,0x010101,0x000000,0x010101,0x000000,0x000000,0x000000,0x010101,0x000000,0x000000,0x010101,0x010101,
0x010101,0x010101,0x000000,0x010101,0x010101,0x010101,0x010101,0x010101,0x010101,0x000000,0x000000,0x000000,
0x000000,0x000000,0x010101,0x000000,0x000000,0x010101,0x000000,0x010101,0x010101,0x010101,0x010101,0x010101,
0x010101,0x010101,0x010101,0x010101,0x010101,0x000000,0x010101,0x010101,0x010101,0x010101,0x000000,0x020202,
0x010002,0x000000,0x000000,0x060708,0x15181A,0x262C2D,0x343C3D,0x3A4444,0x3A4545,0x3A4345,0x384043,0x373F43,
0x363E42,0x353E41,0x363F42,0x384043,0x394043,0x3A4144,0x3B4245,0x394044,0x383E41,0x32383A,0x2C3033,0x25282C,
0x1F2123,0x181A1C,0x121415,0x0D0F10,0x0A0A0C,0x070709,0x040406,0x020305,0x020202,0x010102,0x000001,0x000001,
0x000001,0x000001,0x000102,0x010203,0x020305,0x030507,0x040607,0x090B0C,0x0D0E11,0x101315,0x17191B,0x1E2023,
0x24272B,0x2B2E32,0x30363A,0x363C40,0x393F42,0x3A4144,0x394143,0x363F41,0x363F41,0x343F40,0x343F40,0x343F41,
0x354042,0x374143,0x394345,0x3C4447,0x3B4244,0x373C3E,0x282C2F,0x15181B,0x070807,0x000000,0x000000,0x010000,
0x020202,0x010101,0x000000,0x000000,0x010101,0x010101,0x010101,0x000000,0x010101,0x010101,0x010101,0x010101,
0x010101,0x000000,0x000000,0x000000,0x000000,0x000000,0x000000,0x000000,0x010101,0x010101,0x010101,0x010101,
0x010101,0x010101,0x000000,0x000000,0x010101,0x010101,0x000000,0x000000,0x000000,0x000000,0x000000,0x000000,
0x010101,0x010101,0x010101,0x010101,0x000000,0x000000,0x000000,0x000000,0x010101,0x010101,0x010101,0x010101,
0x000000,0x000000,0x000000,0x000000,0x000000,0x000000,0x000000,0x000000,0x010101,0x010101,0x000000,0x010101,
0x010101,0x010101,0x000000,0x010101,0x010101,0x000000,0x010101,0x010101,0x000000,0x000000,0x010101,0x010101,
0x000000,0x000000,0x000000,0x010101,0x010101,0x000000,0x010101,0x010101,0x010101,0x010101,0x010101,0x010101,
0x010101,0x010101,0x010101,0x010101,0x010101,0x010101,0x000000,0x000000,0x010101,0x000000,0x000000,0x000000,
0x010101,0x010101,0x010101,0x010101,0x010101,0x000000,0x000000,0x000000,0x010101,0x010101,0x000000,0x000000,
0x000000,0x000000,0x000000,0x000000,0x010101,0x010101,0x010101,0x010101,0x010101,0x010101,0x010101,0x010101,
0x010101,0x000000,0x010101,0x010101,0x000000,0x000000,0x000000,0x000000,0x010101,0x010101,0x000000,0x010101,
0x010101,0x010101,0x000000,0x010101,0x010101,0x010101,0x000000,0x010101,0x000000,0x000000,0x000000,0x010101,
0x000000,0x000000,0x010101,0x010101,0x010101,0x010101,0x010101,0x010101,0x010101,0x010101,0x010101,0x010101,
0x010101,0x000000,0x000000,0x000000,0x000000,0x000000,0x010101,0x000000,0x000000,0x010101,0x010101,0x010101,
0x010101,0x010101,0x010101,0x010101,0x010101,0x010101,0x010101,0x010101,0x010101,0x010101,0x010101,0x010101,
0x010101,0x010101,0x000000,0x000000,0x020305,0x121416,0x252B2B,0x343C3C,0x3A4445,0x394345,0x364041,0x353E40,
0x353F41,0x374043,0x383E44,0x3A3F46,0x3C4145,0x3D4246,0x3C4145,0x383D41,0x313336,0x252729,0x1A1C1E,0x101214,
0x090A0A,0x030303,0x000000,0x000000,0x000000,0x000000,0x000000,0x000000,0x000000,0x000000,0x000000,0x010101,
0x000000,0x000000,0x010101,0x010101,0x010000,0x010000,0x010100,0x010100,0x010001,0x010000,0x010000,0x000000,
0x000000,0x000000,0x000000,0x000000,0x000000,0x000000,0x020203,0x08090A,0x0F1014,0x181A1D,0x232629,0x2E3235,
0x363B3F,0x394044,0x3A4446,0x394345,0x374143,0x364041,0x374042,0x374042,0x363F42,0x383F42,0x3B4245,0x3D4246,
0x343B3C,0x262A2C,0x141518,0x030306,0x000000,0x000000,0x020101,0x020101,0x010101,0x010101,0x010101,0x010101,
0x010101,0x010101,0x010101,0x010101,0x010101,0x000000,0x010101,0x010101,0x000000,0x000000,0x010101,0x010101,
0x010101,0x010101,0x010101,0x010101,0x010101,0x010101,0x010101,0x010101,0x010101,0x010101,0x000000,0x000000,
0x000000,0x000000,0x000000,0x000000,0x010101,0x010101,0x010101,0x010101,0x010101,0x010101,0x010101,0x010101,
0x010101,0x010101,0x010101,0x010101,0x000000,0x000000,0x000000,0x000000,0x000000,0x000000,0x000000,0x000000,
0x010101,0x010101,0x000000,0x010101,0x010101,0x010101,0x000000,0x010101,0x010101,0x000000,0x010101,0x010101,
0x000000,0x000000,0x010101,0x010101,0x000000,0x000000,0x000000,0x010101,0x010101,0x000000,0x010101,0x010101,
0x010101,0x010101,0x010101,0x010101,0x010101,0x010101,0x010101,0x010101,0x010101,0x010101,0x010101,0x010101,
0x010101,0x010101,0x010101,0x000000,0x000000,0x000000,0x010101,0x010101,0x000000,0x000000,0x000000,0x000000,
0x000000,0x000000,0x010101,0x010101,0x000000,0x010101,0x010101,0x010101,0x000000,0x010101,0x010101,0x010101,
0x010101,0x010101,0x010101,0x010101,0x010101,0x010101,0x010101,0x010101,0x000000,0x010101,0x010101,0x010101,
0x000000,0x010101,0x010101,0x010101,0x000000,0x000000,0x010101,0x010101,0x010101,0x010101,0x010101,0x010101,
0x000000,0x000000,0x010101,0x010101,0x000000,0x000000,0x010101,0x010101,0x010101,0x010101,0x010101,0x010101,
0x000000,0x010101,0x010101,0x010101,0x000000,0x000000,0x010101,0x010101,0x000000,0x010101,0x000000,0x010101,
0x000000,0x010101,0x010101,0x010101,0x000000,0x010101,0x010101,0x010101,0x000000,0x010101,0x010101,0x000000,
0x000100,0x010100,0x010101,0x010101,0x000000,0x000000,0x080A0C,0x1E2224,0x30373A,0x3A4245,0x394345,0x364042,
0x343E40,0x343E40,0x343E3F,0x363E40,0x374144,0x3A4448,0x3D4247,0x383C41,0x2F3435,0x222425,0x151517,0x0A090C,
0x010101,0x000000,0x000000,0x000000,0x000000,0x010000,0x020101,0x020202,0x010101,0x020202,0x020202,0x010101,
0x010101,0x010101,0x010101,0x010101,0x000000,0x010101,0x010101,0x010101,0x010101,0x010101,0x010101,0x010101,
0x010101,0x010101,0x020102,0x020102,0x010101,0x020202,0x020202,0x020202,0x010101,0x010101,0x010100,0x000000,
0x000000,0x000000,0x000000,0x010102,0x07090B,0x121417,0x1F2124,0x2E3133,0x373D40,0x3C4446,0x3C4446,0x3A4345,
0x374042,0x373F41,0x363E41,0x363C41,0x363F42,0x394245,0x394043,0x313539,0x1E2022,0x0B0B0C,0x000000,0x000000,
0x010101,0x010101,0x000200,0x000200,0x010101,0x010101,0x010101,0x010101,0x010101,0x010101,0x010101,0x010101,
0x000000,0x000000,0x010101,0x010101,0x000000,0x010101,0x010101,0x010101,0x000000,0x010101,0x010101,0x010101,
0x000000,0x000000,0x010101,0x010101,0x000000,0x000000,0x000000,0x000000,0x010101,0x010101,0x010101,0x010101,
0x000000,0x010101,0x010101,0x010101,0x000000,0x010101,0x000000,0x000000,0x000000,0x000000,0x000000,0x000000,
0x000000,0x000000,0x010101,0x010101,0x000000,0x010101,0x010101,0x010101,0x000000,0x010101,0x010101,0x010101,
0x010101,0x010101,0x010101,0x010101,0x000000,0x000000,0x010101,0x010101,0x000000,0x010101,0x010101,0x010101,
0x000000,0x010101,0x010101,0x010101,0x010101,0x010101,0x010101,0x010101,0x000000,0x000000,0x010101,0x010101,
0x000000,0x010101,0x010101,0x010101,0x010101,0x010101,0x010101,0x000000,0x000000,0x000000,0x010101,0x010101,
0x000000,0x000000,0x000000,0x000000,0x000000,0x000000,0x000000,0x000000,0x000000,0x010101,0x010101,0x010101,
0x000000,0x010101,0x010101,0x010101,0x010101,0x010101,0x000000,0x000000,0x010101,0x010101,0x000000,0x000000,
0x000000,0x010101,0x010101,0x010101,0x000000,0x010101,0x010101,0x010101,0x010101,0x010101,0x010101,0x010101,
0x010101,0x010101,0x010101,0x010101,0x000000,0x000000,0x000000,0x000000,0x000000,0x000000,0x010101,0x010101,
0x010101,0x010101,0x010101,0x010101,0x000000,0x010101,0x010101,0x010101,0x000000,0x000000,0x000000,0x000000,
0x000000,0x010101,0x000000,0x010101,0x010101,0x010101,0x010101,0x010101,0x010101,0x010101,0x010101,0x010101,
0x010101,0x010101,0x010101,0x000000,0x030101,0x010001,0x000000,0x000001,0x101213,0x272B2C,0x393E41,0x3C4446,
0x3A4346,0x374042,0x363E41,0x363E41,0x353F43,0x374144,0x394345,0x384042,0x323838,0x242728,0x151718,0x09090A,
0x000102,0x000000,0x000000,0x000000,0x000001,0x020202,0x020202,0x020202,0x020202,0x010101,0x010101,0x010101,
0x000000,0x010101,0x010101,0x000000,0x010101,0x010101,0x010101,0x010101,0x000000,0x010101,0x000000,0x000000,
0x010101,0x010101,0x010101,0x010101,0x010101,0x010101,0x010101,0x010101,0x010101,0x010101,0x000000,0x000000,
0x000101,0x010101,0x010101,0x010101,0x020202,0x020202,0x020202,0x010101,0x000000,0x000000,0x000000,0x010000,
0x07080A,0x141619,0x232628,0x323638,0x3B3F43,0x3B4246,0x384146,0x343E43,0x333E40,0x343E40,0x343E40,0x363F42,
0x3B4346,0x373E41,0x262C2E,0x0F1315,0x010103,0x000000,0x000101,0x020201,0x010101,0x010101,0x010101,0x010101,
0x010101,0x010101,0x000000,0x000000,0x010101,0x010101,0x010101,0x010101,0x010101,0x010101,0x010101,0x010101,
0x000000,0x010101,0x010101,0x010101,0x000000,0x000000,0x000000,0x000000,0x000000,0x000000,0x000000,0x000000,
0x010101,0x010101,0x010101,0x010101,0x000000,0x010101,0x000000,0x000000,0x000000,0x010101,0x000000,0x000000,
0x000000,0x000000,0x000000,0x000000,0x000000,0x000000,0x010101,0x010101,0x000000,0x010101,0x010101,0x010101,
0x000000,0x010101,0x010101,0x010101,0x010101,0x010101,0x010101,0x010101,0x000000,0x000000,0x000000,0x000000,
0x000000,0x010101,0x010101,0x010101,0x000000,0x010101,0x010101,0x010101,0x010101,0x010101,0x010101,0x010101,
0x000000,0x000000,0x010101,0x010101,0x000000,0x010101,0x000000,0x000000,0x010101,0x000000,0x010101,0x010101,
0x010101,0x010101,0x010101,0x010101,0x010101,0x010101,0x010101,0x010101,0x010101,0x010101,0x010101,0x010101,
0x010101,0x010101,0x000000,0x000000,0x010101,0x000000,0x010101,0x010101,0x010101,0x010101,0x010101,0x010101,
0x000000,0x000000,0x000000,0x000000,0x010101,0x010101,0x000000,0x000000,0x010101,0x010101,0x010101,0x010101,
0x010101,0x010101,0x010101,0x010101,0x010101,0x010101,0x000000,0x000000,0x000000,0x000000,0x000000,0x010101,
0x010101,0x010101,0x000000,0x010101,0x000000,0x000000,0x010101,0x010101,0x010101,0x010101,0x010101,0x010101,
0x010101,0x010101,0x000000,0x010101,0x010101,0x010101,0x010101,0x010101,0x010101,0x010101,0x010101,0x010101,
0x010101,0x010101,0x010101,0x010101,0x010101,0x010101,0x020202,0x000000,0x000000,0x030204,0x151719,0x2D3033,
0x3A4243,0x3C4546,0x394244,0x374043,0x384244,0x374143,0x384043,0x3C4346,0x3B4145,0x32373A,0x212426,0x0F1214,
0x040404,0x000000,0x000000,0x000000,0x010101,0x010202,0x010101,0x010101,0x000000,0x000000,0x000000,0x010101,
0x010101,0x000000,0x010101,0x010101,0x010101,0x010101,0x010101,0x010101,0x000000,0x000000,0x000000,0x000000,
0x010101,0x010101,0x000000,0x000000,0x010101,0x010101,0x010101,0x010101,0x010101,0x000000,0x010101,0x010101,
0x010101,0x000000,0x010101,0x010101,0x010101,0x010101,0x010101,0x010101,0x010101,0x010101,0x010101,0x010101,
0x020101,0x020201,0x020201,0x020101,0x000000,0x000000,0x000000,0x020302,0x0F0F12,0x1F2225,0x2E3438,0x373E42,
0x384244,0x364042,0x343F41,0x343F41,0x343F41,0x364142,0x394444,0x3A4344,0x2E3235,0x16181B,0x020304,0x000000,
0x010101,0x020202,0x010101,0x010101,0x000000,0x010101,0x010101,0x010101,0x020202,0x020202,0x010101,0x010101,
0x010101,0x010101,0x010101,0x010101,0x010101,0x010101,0x010101,0x010101,0x010101,0x000000,0x000000,0x010101,
0x010101,0x010101,0x000000,0x000000,0x010101,0x010101,0x000000,0x010101,0x010101,0x010101,0x010101,0x010101,
0x010101,0x010101,0x010101,0x010101,0x010101,0x010101,0x010101,0x010101,0x000000,0x000000,0x000000,0x010101,
0x010101,0x010101,0x000000,0x010101,0x010101,0x000000,0x010101,0x010101,0x010101,0x010101,0x000000,0x010101,
0x010101,0x000000,0x010101,0x010101,0x000000,0x000000,0x000000,0x010101,0x000000,0x000000,0x010101,0x010101,
0x010101,0x010101,0x010101,0x010101,0x000000,0x000000,0x010101,0x010101,0x010101,0x010101,0x000000,0x010101,
0x010101,0x000000,0x010101,0x010101,0x010101,0x010101,0x010101,0x010101,0x010101,0x010101,0x010101,0x010101,
0x010101,0x010101,0x010101,0x010101,0x010101,0x010101,0x010101,0x010101,0x010101,0x000000,0x010101,0x010101,
0x010101,0x010101,0x010101,0x010101,0x000000,0x000000,0x010101,0x010101,0x010101,0x010101,0x010101,0x010101,
0x010101,0x010101,0x010101,0x010101,0x010101,0x010101,0x010101,0x010101,0x010101,0x010101,0x000000,0x000000,
0x000000,0x000000,0x000000,0x010101,0x010101,0x010101,0x000000,0x010101,0x010101,0x010101,0x010101,0x010101,
0x000000,0x000000,0x010101,0x010101,0x010101,0x010101,0x000000,0x010101,0x010101,0x010101,0x000000,0x000000,
0x010101,0x010101,0x010101,0x010101,0x010101,0x010101,0x010101,0x010101,0x010101,0x000000,0x000000,0x020303,
0x18191B,0x313538,0x3B4244,0x384244,0x364041,0x374242,0x374143,0x384244,0x3B4647,0x3C4648,0x363D40,0x262A2D,
0x121314,0x030203,0x000000,0x000000,0x000001,0x010102,0x010203,0x010102,0x010001,0x000000,0x000000,0x010101,
0x010101,0x010101,0x000000,0x010101,0x000000,0x0F1010,0x070707,0x000000,0x010101,0x010101,0x010101,0x010101,
0x000000,0x000000,0x010101,0x010101,0x010101,0x010101,0x010101,0x010101,0x010101,0x010101,0x010101,0x010101,
0x010101,0x000000,0x010101,0x010101,0x010101,0x000000,0x010101,0x010101,0x010101,0x010101,0x010101,0x010101,
0x010101,0x010101,0x010101,0x010101,0x000102,0x010102,0x000102,0x010102,0x010101,0x020201,0x010201,0x000200,
0x000000,0x000000,0x020202,0x0F1011,0x212529,0x32393C,0x3B4245,0x394244,0x364242,0x364242,0x374241,0x374040,
0x3A4345,0x3C4346,0x313538,0x181A1C,0x020202,0x000000,0x000000,0x010101,0x000000,0x010101,0x010101,0x010101,
0x010101,0x010101,0x010101,0x010101,0x010101,0x010101,0x000000,0x010101,0x010101,0x010101,0x010101,0x010101,
0x010101,0x000000,0x000000,0x010101,0x010101,0x010101,0x010101,0x010101,0x010101,0x010101,0x010101,0x010101,
0x010101,0x010101,0x010101,0x010101,0x010101,0x010101,0x010101,0x010101,0x010101,0x010101,0x010101,0x010101,
0x010101,0x010101,0x000000,0x010101,0x010101,0x010101,0x000000,0x010101,0x010101,0x000000,0x010101,0x010101,
0x010101,0x010101,0x000000,0x010101,0x010101,0x000000,0x010101,0x010101,0x010101,0x010101,0x000000,0x010101,
0x010101,0x010101,0x010101,0x010101,0x010101,0x010101,0x010101,0x010101,0x000000,0x000000,0x010101,0x010101,
0x010101,0x010101,0x000000,0x010101,0x010101,0x000000,0x010101,0x010101,0x000000,0x000000,0x010101,0x010101,
0x000000,0x010101,0x000000,0x000000,0x000000,0x000000,0x010101,0x010101,0x000000,0x000000,0x010101,0x010101,
0x000000,0x000000,0x010101,0x000000,0x000000,0x000000,0x010101,0x010101,0x000000,0x000000,0x010101,0x010101,
0x000000,0x010101,0x010101,0x010101,0x000000,0x010101,0x000000,0x000000,0x010101,0x010101,0x010101,0x010101,
0x000000,0x000000,0x010101,0x010101,0x000000,0x000000,0x010101,0x010101,0x000000,0x000000,0x010101,0x010101,
0x000000,0x000000,0x010101,0x010101,0x010101,0x010101,0x010101,0x000000,0x000000,0x000000,0x010101,0x010101,
0x010101,0x010101,0x010101,0x010101,0x000000,0x010101,0x010101,0x000001,0x000102,0x010101,0x010201,0x020101,
0x000000,0x010102,0x17181C,0x313538,0x3D4245,0x394043,0x343E40,0x343F41,0x353F40,0x364042,0x3A4446,0x394244,
0x2E3433,0x1A1D1C,0x070808,0x000000,0x000000,0x010001,0x020202,0x020201,0x000000,0x010101,0x010101,0x010101,
0x000000,0x000000,0x000000,0x000000,0x010101,0x010101,0x000000,0x010101,0x000000,0x161918,0x1A1D1C,0x000000,
0x010101,0x000000,0x010101,0x010101,0x000000,0x000000,0x010101,0x010101,0x000000,0x010101,0x010101,0x010101,
0x000000,0x020202,0x010101,0x010101,0x010101,0x000000,0x010101,0x010101,0x000000,0x000000,0x000000,0x000000,
0x000000,0x010101,0x010101,0x010101,0x000000,0x000000,0x000000,0x010101,0x000001,0x010101,0x010101,0x010101,
0x010101,0x010101,0x010101,0x010101,0x020202,0x020202,0x010101,0x000000,0x000000,0x050608,0x18191B,0x2E3133,
0x394244,0x3B4547,0x384143,0x363F40,0x363F42,0x353F41,0x383F44,0x383F44,0x2F3336,0x161718,0x010102,0x000000,
0x010201,0x010201,0x000101,0x010102,0x010101,0x010101,0x000000,0x000000,0x010101,0x000000,0x010101,0x010101,
0x010101,0x010101,0x010101,0x010101,0x000000,0x000000,0x010101,0x010101,0x010101,0x010101,0x010101,0x010101,
0x010101,0x010101,0x010101,0x010101,0x010101,0x010101,0x010101,0x010101,0x000000,0x000000,0x000000,0x000000,
0x000000,0x000000,0x010101,0x010101,0x000000,0x010101,0x010101,0x010101,0x000000,0x000000,0x010101,0x010101,
0x000000,0x000000,0x000000,0x000000,0x010101,0x010101,0x010101,0x010101,0x010101,0x010101,0x010101,0x010101,
0x000000,0x010101,0x010101,0x000000,0x010101,0x010101,0x010101,0x000000,0x000000,0x000000,0x000000,0x000000,
0x000000,0x010101,0x010101,0x010101,0x010101,0x010101,0x010101,0x010101,0x010101,0x000000,0x010101,0x010101,
0x000000,0x000000,0x010101,0x010101,0x000000,0x010101,0x000000,0x000000,0x000000,0x000000,0x010101,0x010101,
0x010101,0x010101,0x010101,0x010101,0x010101,0x010101,0x010101,0x000000,0x000000,0x000000,0x000000,0x000000,
0x000000,0x000000,0x000000,0x000000,0x000000,0x010101,0x010101,0x010101,0x000000,0x010101,0x010101,0x010101,
0x010101,0x010101,0x010101,0x010101,0x000000,0x000000,0x010101,0x010101,0x000000,0x000000,0x010101,0x010101,
0x010101,0x010101,0x010101,0x010101,0x010101,0x010101,0x010101,0x010101,0x010101,0x010101,0x010101,0x000000,
0x000000,0x000000,0x010101,0x010101,0x010101,0x010101,0x010101,0x010101,0x010101,0x010101,0x010101,0x010101,
0x020101,0x020102,0x000000,0x000000,0x111414,0x2D3234,0x3B4245,0x394144,0x353E41,0x343E40,0x343E40,0x364041,
0x394343,0x363E3F,0x252A2C,0x0E1113,0x000200,0x000000,0x000000,0x020102,0x020202,0x010101,0x000000,0x000000,
0x000000,0x010101,0x010101,0x010101,0x010101,0x010101,0x010101,0x010101,0x010101,0x010101,0x010101,0x010101,
0x000000,0x090B0B,0x333536,0x030304,0x010101,0x000000,0x010101,0x010101,0x000000,0x000000,0x000000,0x000000,
0x000000,0x010101,0x010101,0x010101,0x000000,0x000000,0x020202,0x010101,0x010101,0x000000,0x010101,0x010101,
0x000000,0x000000,0x000000,0x000000,0x000000,0x010101,0x010101,0x010101,0x010101,0x010101,0x010101,0x010101,
0x010101,0x010101,0x010101,0x010101,0x010101,0x010101,0x010101,0x010101,0x010101,0x010101,0x010101,0x020202,
0x010103,0x000002,0x000000,0x000001,0x0E1011,0x25292A,0x363D40,0x3C4547,0x374143,0x343E40,0x343E40,0x323C3F,
0x363E41,0x3A4042,0x2C3032,0x111415,0x000000,0x000000,0x030203,0x020001,0x010101,0x010101,0x010101,0x010101,
0x010101,0x010101,0x010101,0x010101,0x010101,0x010101,0x000000,0x000000,0x010101,0x010101,0x000000,0x000000,
0x010101,0x010101,0x010101,0x010101,0x010101,0x010101,0x010101,0x010101,0x010101,0x010101,0x010101,0x010101,
0x000000,0x000000,0x000000,0x000000,0x000000,0x000000,0x010101,0x010101,0x000000,0x010101,0x010101,0x010101,
0x010101,0x010101,0x010101,0x010101,0x000000,0x000000,0x000000,0x000000,0x010101,0x010101,0x010101,0x010101,
0x010101,0x010101,0x010101,0x010101,0x000000,0x010101,0x010101,0x000000,0x010101,0x010101,0x010101,0x000000,
0x000000,0x000000,0x000000,0x000000,0x000000,0x010101,0x000000,0x000000,0x010101,0x010101,0x010101,0x000000,
0x010101,0x000000,0x000000,0x000000,0x000000,0x000000,0x010101,0x010101,0x000000,0x000000,0x000000,0x000000,
0x010101,0x010101,0x000000,0x010101,0x010101,0x000000,0x010101,0x010101,0x010101,0x010101,0x000000,0x010101,
0x010101,0x010101,0x000000,0x000000,0x000000,0x000000,0x010101,0x010101,0x010101,0x010101,0x010101,0x010101,
0x010101,0x010101,0x010101,0x010101,0x000000,0x000000,0x000000,0x000000,0x000000,0x000000,0x010101,0x010101,
0x000000,0x000000,0x000000,0x000000,0x000000,0x000000,0x000000,0x010101,0x010101,0x010101,0x000000,0x000000,
0x000000,0x000000,0x000000,0x000000,0x000000,0x000000,0x000000,0x010101,0x010101,0x010101,0x010101,0x010101,
0x010101,0x010101,0x010101,0x020202,0x010000,0x000000,0x0B0C0E,0x292C30,0x3A4244,0x394143,0x353E40,0x374043,
0x353E41,0x373F41,0x3C4344,0x343B3A,0x1F2523,0x090B0B,0x000000,0x000000,0x010201,0x010101,0x000000,0x000000,
0x010101,0x010101,0x000000,0x000000,0x000000,0x000000,0x010101,0x010101,0x010101,0x000000,0x010101,0x010101,
0x010101,0x010101,0x010101,0x010101,0x010101,0x000001,0x343538,0x222528,0x000000,0x020201,0x000000,0x000000,
0x010101,0x010101,0x000000,0x000000,0x010101,0x010101,0x010101,0x000000,0x080808,0x111010,0x000000,0x010101,
0x020202,0x010101,0x010101,0x010101,0x010101,0x010101,0x010101,0x010101,0x000000,0x000000,0x000000,0x000000,
0x010101,0x010101,0x000000,0x000000,0x010101,0x010101,0x000000,0x000000,0x000000,0x000000,0x000000,0x000000,
0x000000,0x000000,0x010101,0x010101,0x000000,0x000001,0x010101,0x010101,0x000000,0x000000,0x08090B,0x1E2124,
0x32383A,0x3A4043,0x353F41,0x323C3E,0x333D40,0x343D40,0x374043,0x394143,0x292E31,0x0C0D0F,0x000000,0x010000,
0x020202,0x010101,0x010101,0x010101,0x010101,0x010101,0x010101,0x000000,0x010101,0x010101,0x010101,0x010101,
0x010101,0x010101,0x010101,0x000000,0x010101,0x010101,0x000000,0x010101,0x010101,0x000000,0x010101,0x010101,
0x010101,0x000000,0x010101,0x010101,0x000000,0x000000,0x000000,0x000000,0x010101,0x010101,0x010101,0x010101,
0x010101,0x010101,0x010101,0x010101,0x010101,0x010101,0x010101,0x010101,0x000000,0x000000,0x000000,0x000000,
0x000000,0x000000,0x010101,0x010101,0x010101,0x010101,0x010101,0x010101,0x010101,0x010101,0x000000,0x010101,
0x000000,0x000000,0x000000,0x000000,0x000000,0x000000,0x000000,0x010101,0x000000,0x000000,0x000000,0x010101,
0x010101,0x010101,0x000000,0x000000,0x010101,0x000000,0x000000,0x000000,0x000000,0x000000,0x010101,0x010101,
0x000000,0x000000,0x000000,0x000000,0x010101,0x010101,0x000000,0x010101,0x010101,0x000000,0x010101,0x010101,
0x010101,0x010101,0x000000,0x010101,0x010101,0x010101,0x000000,0x000000,0x000000,0x000000,0x010101,0x010101,
0x010101,0x010101,0x010101,0x010101,0x010101,0x010101,0x010101,0x010101,0x000000,0x000000,0x000000,0x000000,
0x000000,0x000000,0x010101,0x010101,0x000000,0x000000,0x010101,0x010101,0x010101,0x010101,0x000000,0x010101,
0x000000,0x000000,0x000000,0x000000,0x000000,0x000000,0x000000,0x000000,0x000000,0x000000,0x000000,0x010101,
0x010101,0x010101,0x010101,0x010101,0x010101,0x010101,0x010101,0x000000,0x030504,0x1F2324,0x373D40,0x3A4345,
0x373F42,0x373F42,0x383F42,0x393E41,0x3E4347,0x373A3E,0x1E2121,0x060706,0x000000,0x000000,0x020202,0x020202,
0x020001,0x000000,0x000000,0x000000,0x010101,0x010101,0x000000,0x000000,0x000000,0x000000,0x010101,0x010101,
0x010101,0x000000,0x010101,0x010101,0x010101,0x010101,0x010101,0x010101,0x010101,0x000000,0x16161B,0x404549,
0x121313,0x000000,0x010202,0x000000,0x010101,0x010101,0x010101,0x010101,0x010101,0x010101,0x000000,0x010101,
0x020202,0x2C2C2C,0x222223,0x000000,0x000000,0x000000,0x020202,0x020202,0x010101,0x010101,0x010101,0x010101,
0x010101,0x010101,0x010101,0x010101,0x010101,0x010101,0x010101,0x010101,0x010101,0x010101,0x000000,0x000000,
0x000000,0x000000,0x000000,0x000000,0x010101,0x010101,0x010101,0x010101,0x010101,0x010101,0x000000,0x010101,
0x020102,0x020102,0x000000,0x000000,0x050506,0x1C1D20,0x33383A,0x3A4043,0x363D42,0x353C42,0x353E41,0x353F41,
0x394345,0x373F41,0x202424,0x050506,0x000000,0x020202,0x000000,0x000000,0x010101,0x010101,0x010101,0x000000,
0x010101,0x010101,0x010101,0x010101,0x010101,0x010101,0x010101,0x000000,0x010101,0x010101,0x000000,0x010101,
0x010101,0x000000,0x010101,0x010101,0x010101,0x000000,0x010101,0x010101,0x000000,0x000000,0x000000,0x000000,
0x010101,0x010101,0x010101,0x010101,0x010101,0x010101,0x010101,0x010101,0x010101,0x010101,0x010101,0x010101,
0x000000,0x000000,0x000000,0x000000,0x000000,0x000000,0x010101,0x010101,0x010101,0x010101,0x010101,0x010101,
0x010101,0x010101,0x000000,0x010101,0x000000,0x000000,0x000000,0x000000,0x000000,0x000000,0x000000,0x010101,
0x000000,0x000000,0x000000,0x010101,0x010101,0x010101,0x010101,0x010101,0x010101,0x000000,0x000000,0x000000,
0x000000,0x010101,0x010101,0x010101,0x000000,0x000000,0x000000,0x000000,0x000000,0x000000,0x010101,0x010101,
0x000000,0x000000,0x010101,0x010101,0x000000,0x000000,0x010101,0x010101,0x000000,0x000000,0x000000,0x000000,
0x000000,0x010101,0x010101,0x010101,0x000000,0x010101,0x010101,0x010101,0x000000,0x000000,0x000000,0x000000,
0x000000,0x000000,0x000000,0x000000,0x000000,0x000000,0x010101,0x010101,0x000000,0x000000,0x010101,0x010101,
0x000000,0x010101,0x000000,0x000000,0x000000,0x000000,0x000000,0x000000,0x000000,0x000000,0x000000,0x000000,
0x000000,0x000000,0x010101,0x010101,0x000201,0x000201,0x010101,0x010000,0x020202,0x000000,0x000000,0x131415,
0x313738,0x3A4244,0x343D40,0x333C41,0x373E41,0x373F42,0x3C4447,0x363D40,0x222324,0x070707,0x000000,0x000000,
0x020202,0x020101,0x010101,0x010101,0x000000,0x000000,0x000000,0x000000,0x000000,0x010101,0x000000,0x000000,
0x000000,0x000000,0x010101,0x010101,0x000000,0x010101,0x010101,0x010101,0x010101,0x010101,0x000000,0x000000,
0x000000,0x000002,0x010203,0x323438,0x3C3F41,0x0B0C0E,0x000000,0x020202,0x010000,0x010101,0x010101,0x010101,
0x010101,0x010101,0x000000,0x000000,0x010000,0x050505,0x333638,0x35393D,0x151719,0x030405,0x000000,0x000000,
0x000000,0x010101,0x010101,0x010101,0x010202,0x010201,0x010201,0x010101,0x010101,0x000000,0x010101,0x010101,
0x010101,0x010101,0x000000,0x000000,0x000000,0x000000,0x010101,0x010101,0x000000,0x010101,0x010101,0x010101,
0x000000,0x000000,0x010101,0x010101,0x010101,0x010101,0x020101,0x020202,0x000000,0x000000,0x060607,0x202021,
0x363A3E,0x3B4245,0x374242,0x354242,0x363F41,0x373F42,0x3B4346,0x31373B,0x141618,0x000000,0x000000,0x020302,
0x010101,0x000000,0x010101,0x010101,0x000000,0x010101,0x010101,0x010101,0x010101,0x010101,0x010101,0x010101,
0x000000,0x010101,0x010101,0x010101,0x000000,0x000000,0x000000,0x000000,0x000000,0x000000,0x000000,0x000000,
0x000000,0x000000,0x000000,0x000000,0x010101,0x010101,0x010101,0x010101,0x010101,0x010101,0x010101,0x010101,
0x000000,0x000000,0x000000,0x000000,0x000000,0x000000,0x010101,0x010101,0x000000,0x000000,0x010101,0x010101,
0x000000,0x000000,0x010101,0x000000,0x010101,0x010101,0x000000,0x000000,0x000000,0x000000,0x000000,0x000000,
0x000000,0x000000,0x010101,0x010101,0x000000,0x000000,0x010101,0x010101,0x010101,0x010101,0x010101,0x010101,
0x010101,0x000000,0x000000,0x000000,0x000000,0x010101,0x010101,0x010101,0x000000,0x000000,0x000000,0x000000,
0x000000,0x000000,0x010101,0x010101,0x000000,0x000000,0x000000,0x000000,0x000000,0x000000,0x010101,0x010101,
0x000000,0x000000,0x000000,0x000000,0x000000,0x010101,0x000000,0x000000,0x000000,0x010101,0x000000,0x000000,
0x000000,0x000000,0x000000,0x000000,0x000000,0x000000,0x000000,0x000000,0x000000,0x000000,0x010101,0x010101,
0x000000,0x000000,0x010101,0x010101,0x000000,0x010101,0x000000,0x000000,0x000000,0x000000,0x000000,0x000000,
0x000000,0x000000,0x000000,0x000000,0x000000,0x000000,0x010101,0x010101,0x000201,0x000201,0x010101,0x010101,
0x000000,0x060607,0x25282A,0x394041,0x384042,0x343C3F,0x343C3F,0x353C3F,0x384044,0x383E42,0x242729,0x090A0B,
0x000000,0x000000,0x020202,0x010101,0x010101,0x010101,0x000000,0x000000,0x000000,0x000000,0x000000,0x000000,
0x000000,0x010101,0x000000,0x000000,0x000000,0x000000,0x010101,0x010101,0x000000,0x010101,0x000000,0x000000,
0x010101,0x010101,0x000000,0x000000,0x000000,0x010101,0x000000,0x0E0E10,0x3E4144,0x3A3B3E,0x131315,0x000000,
0x000000,0x020202,0x010102,0x010101,0x010101,0x010101,0x000000,0x000000,0x010101,0x000000,0x000102,0x242629,
0x3F4246,0x373B3E,0x25272A,0x151618,0x090A0B,0x010102,0x000000,0x000000,0x000000,0x000000,0x000000,0x010101,
0x020202,0x010101,0x010102,0x010101,0x010101,0x010101,0x000000,0x000000,0x000000,0x000000,0x010101,0x010101,
0x000000,0x010101,0x010101,0x010101,0x010101,0x010101,0x010101,0x010101,0x010101,0x010101,0x010101,0x010101,
0x010101,0x020202,0x000000,0x000000,0x070809,0x232727,0x373F42,0x3A4245,0x363F42,0x353F41,0x353F41,0x384244,
0x3A4244,0x262A2C,0x07080A,0x000000,0x010101,0x000000,0x010101,0x010101,0x000000,0x010101,0x010101,0x010101,
0x010101,0x010101,0x010101,0x000000,0x010101,0x010101,0x000000,0x000000,0x000000,0x000000,0x000000,0x000000,
0x000000,0x000000,0x000000,0x000000,0x000000,0x000000,0x000000,0x000000,0x000000,0x000000,0x000000,0x000000,
0x010101,0x010101,0x000000,0x000000,0x000000,0x000000,0x000000,0x000000,0x000000,0x000000,0x000000,0x000000,
0x000000,0x000000,0x010101,0x010101,0x010101,0x010101,0x010101,0x000000,0x010101,0x010101,0x000000,0x000000,
0x000000,0x000000,0x000000,0x000000,0x000000,0x000000,0x010101,0x010101,0x000000,0x000000,0x010101,0x010101,
0x010101,0x010101,0x010101,0x010101,0x000000,0x000000,0x000000,0x000000,0x010101,0x010101,0x010101,0x010101,
0x010101,0x010101,0x010101,0x010101,0x010101,0x000000,0x010101,0x010101,0x000000,0x000000,0x000000,0x000000,
0x000000,0x000000,0x000000,0x010101,0x000000,0x000000,0x010101,0x010101,0x010101,0x010101,0x010101,0x010101,
0x010101,0x010101,0x000000,0x000000,0x000000,0x000000,0x000000,0x000000,0x000000,0x000000,0x000000,0x000000,
0x000000,0x000000,0x010101,0x010101,0x000000,0x000000,0x000000,0x010101,0x000000,0x000000,0x000000,0x000000,
0x000000,0x000000,0x000000,0x000000,0x000000,0x000000,0x000000,0x000000,0x000000,0x010101,0x010101,0x010101,
0x010101,0x020202,0x000100,0x000000,0x141517,0x34383B,0x3A4244,0x343E3F,0x343E40,0x343C40,0x383D41,0x3B4043,
0x2A2E31,0x0C0E10,0x000000,0x000000,0x020202,0x010202,0x010101,0x010101,0x000000,0x000000,0x010101,0x010101,
0x000000,0x000000,0x000000,0x000000,0x000000,0x000000,0x000000,0x000000,0x000000,0x000000,0x010101,0x010101,
0x010101,0x010101,0x010101,0x010101,0x000000,0x000000,0x000000,0x000000,0x000000,0x000000,0x010101,0x000000,
0x16171A,0x404446,0x3D4145,0x25282B,0x080A0B,0x000000,0x000000,0x010103,0x020202,0x020202,0x010101,0x010101,
0x000000,0x000000,0x000000,0x000000,0x0A0B0D,0x272A2C,0x3D4044,0x424649,0x3D3F42,0x333537,0x27292C,0x1B1D20,
0x121314,0x090A0B,0x030304,0x000000,0x000000,0x000000,0x000000,0x000002,0x010101,0x010101,0x020202,0x010101,
0x000000,0x000000,0x010101,0x010101,0x010101,0x010101,0x000000,0x010101,0x010101,0x010101,0x000000,0x000000,
0x010101,0x010101,0x010101,0x010101,0x000000,0x000000,0x000000,0x010101,0x000000,0x000000,0x0B0C0E,0x292B2F,
0x3B4145,0x394043,0x343D40,0x353F41,0x343E40,0x3A4144,0x35393C,0x161719,0x000000,0x000000,0x010101,0x000000,
0x010101,0x010101,0x010101,0x010101,0x010101,0x010101,0x010101,0x010101,0x010101,0x010101,0x010101,0x010101,
0x000000,0x000000,0x000000,0x000000,0x000000,0x000000,0x000000,0x000000,0x000000,0x000000,0x000000,0x000000,
0x000000,0x000000,0x010101,0x010101,0x000000,0x000000,0x000000,0x000000,0x000000,0x000000,0x000000,0x000000,
0x000000,0x000000,0x000000,0x000000,0x010101,0x010101,0x000000,0x010101,0x010101,0x000000,0x000000,0x000000,
0x000000,0x000000,0x000000,0x000000,0x000000,0x000000,0x000000,0x000000,0x000000,0x000000,0x000000,0x000000,
0x010101,0x000000,0x000000,0x010101,0x010101,0x010101,0x000000,0x010101,0x000000,0x000000,0x000000,0x000000,
0x010101,0x010101,0x010101,0x010101,0x010101,0x010101,0x010101,0x010101,0x010101,0x000000,0x010101,0x010101,
0x000000,0x000000,0x000000,0x000000,0x010101,0x010101,0x000000,0x010101,0x000000,0x000000,0x010101,0x010101,
0x010101,0x010101,0x010101,0x010101,0x010101,0x010101,0x000000,0x000000,0x000000,0x000000,0x000000,0x000000,
0x000000,0x000000,0x000000,0x000000,0x000000,0x000000,0x010101,0x010101,0x000000,0x000000,0x000000,0x010101,
0x000000,0x000000,0x000000,0x000000,0x000000,0x000000,0x000000,0x000000,0x000000,0x000000,0x000000,0x000000,
0x000000,0x010101,0x010101,0x010101,0x020101,0x000000,0x030404,0x242727,0x3A4143,0x384043,0x373F42,0x363F42,
0x353E43,0x3A4245,0x33383A,0x151719,0x000000,0x000000,0x020202,0x010102,0x010101,0x010101,0x010101,0x010101,
0x000000,0x000000,0x010101,0x010101,0x000000,0x000000,0x000000,0x000000,0x000000,0x000000,0x010101,0x010101,
0x000000,0x000000,0x020101,0x010101,0x010101,0x010101,0x010101,0x010101,0x000000,0x000000,0x000000,0x000000,
0x000000,0x000000,0x000100,0x010302,0x000000,0x1B1D20,0x404448,0x41464A,0x3A4041,0x242728,0x0D0D0F,0x010002,
0x000000,0x000000,0x000000,0x010101,0x000000,0x010101,0x010101,0x030202,0x000000,0x000000,0x08080A,0x191B1D,
0x2B2E31,0x393C40,0x424549,0x45484C,0x42474A,0x3B4043,0x32373A,0x292D31,0x202325,0x141517,0x090B0D,0x020305,
0x000000,0x000000,0x000000,0x010101,0x010101,0x010101,0x010101,0x010101,0x010101,0x010101,0x000000,0x010101,
0x010101,0x010101,0x010101,0x010101,0x010101,0x010101,0x010101,0x010101,0x000000,0x000000,0x010101,0x010101,
0x010000,0x020101,0x000000,0x000000,0x141418,0x33363A,0x3C4245,0x363E41,0x363E43,0x363D42,0x383F42,0x3C4144,
0x282829,0x050505,0x000000,0x010101,0x010101,0x010101,0x010101,0x010101,0x000000,0x000000,0x010101,0x010101,
0x000000,0x000000,0x010101,0x010101,0x000000,0x000000,0x000000,0x000000,0x000000,0x000000,0x000000,0x000000,
0x000000,0x000000,0x010101,0x010101,0x000000,0x000000,0x010101,0x010101,0x000000,0x000000,0x000000,0x000000,
0x000000,0x000000,0x000000,0x000000,0x000000,0x000000,0x000000,0x000000,0x010101,0x010101,0x000000,0x010101,
0x010101,0x000000,0x000000,0x000000,0x000000,0x000000,0x000000,0x000000,0x000000,0x000000,0x000000,0x000000,
0x000000,0x000000,0x000000,0x000000,0x010101,0x000000,0x000000,0x010101,0x010101,0x010101,0x000000,0x010101,
0x010101,0x000000,0x010101,0x010101,0x000000,0x000000,0x010101,0x010101,0x000000,0x000000,0x000000,0x000000,
0x000000,0x000000,0x000000,0x000000,0x000000,0x000000,0x010101,0x010101,0x000000,0x000000,0x010101,0x010101,
0x000000,0x000000,0x010101,0x010101,0x010101,0x010101,0x010101,0x010101,0x000000,0x000000,0x000000,0x000000,
0x000000,0x000000,0x000000,0x000000,0x000000,0x000000,0x000000,0x000000,0x000000,0x000000,0x000000,0x000000,
0x000000,0x000000,0x000000,0x000000,0x000000,0x000000,0x000000,0x000000,0x000000,0x010101,0x000000,0x010101,
0x000000,0x000000,0x010101,0x010101,0x000101,0x010101,0x010101,0x020201,0x000000,0x0C0F0F,0x2F3437,0x3A4345,
0x353E40,0x363E40,0x353D40,0x383F43,0x3B4044,0x232628,0x050606,0x000000,0x010101,0x020202,0x010101,0x010101,
0x010101,0x010101,0x010101,0x010101,0x000000,0x000000,0x000000,0x000000,0x000000,0x000000,0x000000,0x000000,
0x000000,0x000000,0x000000,0x000000,0x010101,0x040404,0x000000,0x020101,0x010203,0x010103,0x000002,0x010002,
0x010101,0x010101,0x010101,0x010101,0x000101,0x000101,0x010201,0x010201,0x010203,0x000000,0x17191C,0x3B3F42,
0x3F474A,0x3E4448,0x3B3F42,0x2F3135,0x1F2123,0x101113,0x07080A,0x020203,0x000000,0x000000,0x000000,0x000000,
0x000000,0x000000,0x000000,0x000000,0x000000,0x030204,0x101013,0x202025,0x303337,0x3C4144,0x41474A,0x424A4C,
0x3F474A,0x3B4245,0x383C40,0x313539,0x26292B,0x191B1D,0x0D0D0F,0x030304,0x000000,0x000000,0x000000,0x010102,
0x010101,0x010101,0x010101,0x010101,0x000000,0x000000,0x000000,0x000000,0x000000,0x010101,0x000000,0x000000,
0x000000,0x010101,0x010101,0x010101,0x000000,0x010000,0x020202,0x020101,0x000000,0x050506,0x222528,0x393F43,
0x394146,0x353D43,0x363D41,0x363C40,0x3B4046,0x323539,0x0E0E10,0x000000,0x010100,0x000000,0x010101,0x010101,
0x000000,0x000000,0x010101,0x010101,0x010101,0x010101,0x010101,0x010101,0x000000,0x000000,0x010101,0x000000,
0x000000,0x000000,0x000000,0x000000,0x000000,0x000000,0x010101,0x010101,0x000000,0x000000,0x000000,0x000000,
0x000000,0x000000,0x000000,0x000000,0x000000,0x000000,0x000000,0x000000,0x000000,0x000000,0x010101,0x010101,
0x000000,0x000000,0x000000,0x000000,0x000000,0x000000,0x000000,0x000000,0x000000,0x000000,0x000000,0x000000,
0x000000,0x000000,0x000000,0x000000,0x000000,0x000000,0x010101,0x010101,0x000000,0x000000,0x010101,0x010101,
0x010101,0x010101,0x010101,0x010101,0x010101,0x000000,0x010101,0x010101,0x000000,0x000000,0x010101,0x010101,
0x000000,0x000000,0x000000,0x000000,0x000000,0x000000,0x000000,0x000000,0x000000,0x000000,0x010101,0x010101,
0x000000,0x000000,0x010101,0x010101,0x000000,0x000000,0x010101,0x010101,0x010101,0x010101,0x010101,0x010101,
0x000000,0x000000,0x000000,0x000000,0x000000,0x000000,0x000000,0x000000,0x000000,0x000000,0x000000,0x000000,
0x000000,0x000000,0x000000,0x000000,0x000000,0x000000,0x000000,0x000000,0x000000,0x000000,0x000000,0x000000,
0x000000,0x010101,0x000000,0x010101,0x000000,0x000000,0x010101,0x010101,0x010101,0x010201,0x010101,0x000000,
0x181A1C,0x393D40,0x394043,0x353D40,0x363E41,0x353D40,0x3C4245,0x32373A,0x101315,0x000000,0x000000,0x020101,
0x010101,0x010101,0x010101,0x010101,0x010101,0x010101,0x010101,0x010101,0x000000,0x000000,0x000000,0x000000,
0x000000,0x000000,0x000000,0x000000,0x000000,0x000000,0x000000,0x010101,0x010101,0x1D1D1D,0x161717,0x000000,
0x000000,0x010101,0x020101,0x020101,0x020202,0x020202,0x020202,0x020202,0x020102,0x020102,0x020102,0x020101,
0x000000,0x010101,0x000000,0x070809,0x26292A,0x383D40,0x3A4044,0x394147,0x3C4447,0x3B4245,0x363C3F,0x303638,
0x2A2E31,0x25282B,0x202327,0x1D2024,0x1C1F21,0x1D1F21,0x1C1E21,0x1C1E21,0x191B1D,0x15181A,0x0E1013,0x08090D,
0x05070A,0x090D10,0x161A1D,0x25292C,0x363A3E,0x3C4146,0x3C4347,0x384043,0x394043,0x393F42,0x383D40,0x313538,
0x222629,0x101214,0x010101,0x000000,0x000000,0x010101,0x010101,0x010101,0x010101,0x010101,0x000000,0x000000,
0x000000,0x010101,0x000000,0x000000,0x000000,0x010101,0x010101,0x010101,0x000101,0x010101,0x010101,0x010101,
0x020202,0x000101,0x000000,0x0F1013,0x313338,0x3E4246,0x363D40,0x353F41,0x343E41,0x384043,0x383E40,0x191D1E,
0x000000,0x000100,0x010202,0x010101,0x010101,0x010101,0x000000,0x000000,0x010101,0x010101,0x010101,0x010101,
0x010101,0x010101,0x010101,0x000000,0x000000,0x000000,0x000000,0x000000,0x000000,0x000000,0x000000,0x000000,
0x000000,0x000000,0x000000,0x000000,0x000000,0x000000,0x000000,0x000000,0x000000,0x010101,0x000000,0x000000,
0x000000,0x000000,0x010101,0x010101,0x000000,0x000000,0x000000,0x000000,0x000000,0x000000,0x000000,0x000000,
0x000000,0x000000,0x000000,0x000000,0x000000,0x000000,0x000000,0x000000,0x000000,0x000000,0x000000,0x000000,
0x000000,0x000000,0x010101,0x010101,0x010101,0x010101,0x010101,0x010101,0x000000,0x000000,0x000000,0x000000,
0x010101,0x010101,0x000000,0x010101,0x010101,0x010101,0x000000,0x000000,0x000000,0x000000,0x000000,0x000000,
0x000000,0x000000,0x010101,0x010101,0x010101,0x010101,0x010101,0x010101,0x010101,0x010101,0x000000,0x010101,
0x010101,0x000000,0x000000,0x000000,0x000000,0x000000,0x000000,0x000000,0x000000,0x000000,0x010101,0x010101,
0x000000,0x000000,0x010101,0x010101,0x010101,0x010101,0x000000,0x010101,0x010101,0x010101,0x000000,0x000000,
0x000000,0x000000,0x000000,0x000000,0x000000,0x000000,0x010101,0x010101,0x010101,0x010101,0x010101,0x010101,
0x020202,0x000000,0x010203,0x23282A,0x3B4245,0x373E41,0x353D40,0x353D40,0x373F42,0x394043,0x242629,0x040406,
0x000000,0x020202,0x000000,0x000000,0x010101,0x010101,0x010101,0x010101,0x010101,0x010101,0x010101,0x010101,
0x010101,0x010101,0x010101,0x010101,0x000000,0x000000,0x010101,0x010101,0x010101,0x010101,0x000000,0x010101,
0x000000,0x080909,0x3A3B3D,0x2A2C2E,0x0D0F10,0x010202,0x000000,0x000000,0x000000,0x000000,0x000000,0x000000,
0x000000,0x000000,0x000000,0x000001,0x020202,0x040506,0x080A0B,0x090B0D,0x0A0B0D,0x1A1E20,0x313A3D,0x364145,
0x354142,0x364143,0x374244,0x394245,0x394145,0x3A4246,0x3C4447,0x3C4447,0x3D4448,0x3E4549,0x3C4346,0x3C4347,
0x3D4346,0x3E4447,0x3F4447,0x3E4446,0x373D40,0x303538,0x24282B,0x171A1D,0x111317,0x16181C,0x23292B,0x33393C,
0x363D41,0x333B3E,0x333B3E,0x353F41,0x374145,0x394144,0x2E3335,0x151818,0x000000,0x000000,0x010101,0x010101,
0x000000,0x000000,0x010101,0x010101,0x000000,0x000000,0x000000,0x000000,0x010101,0x010101,0x010101,0x010101,
0x010101,0x010101,0x010101,0x010101,0x000100,0x000100,0x010101,0x000000,0x030304,0x222325,0x393E41,0x363F41,
0x343E40,0x353F41,0x353F41,0x3A4345,0x272B2D,0x030405,0x000000,0x020202,0x010101,0x010101,0x010101,0x010101,
0x000000,0x000000,0x010101,0x010101,0x000000,0x000000,0x010101,0x010101,0x000000,0x000000,0x010101,0x010101,
0x010101,0x010101,0x010101,0x010101,0x010101,0x000000,0x000000,0x000000,0x000000,0x000000,0x000000,0x000000,
0x000000,0x000000,0x000000,0x000000,0x010101,0x010101,0x010101,0x010101,0x010101,0x010101,0x010101,0x010101,
0x000000,0x000000,0x000000,0x000000,0x000000,0x000000,0x000000,0x000000,0x000000,0x000000,0x000000,0x000000,
0x010101,0x010101,0x010101,0x010101,0x010101,0x010101,0x000000,0x010101,0x010101,0x010101,0x010101,0x010101,
0x000000,0x000000,0x000000,0x000000,0x010101,0x010101,0x000000,0x010101,0x010101,0x010101,0x010101,0x010101,
0x000000,0x000000,0x000000,0x000000,0x000000,0x000000,0x010101,0x010101,0x010101,0x010101,0x010101,0x010101,
0x010101,0x010101,0x000000,0x010101,0x010101,0x000000,0x000000,0x000000,0x000000,0x000000,0x000000,0x000000,
0x000000,0x000000,0x010101,0x010101,0x000000,0x000000,0x010101,0x010101,0x010101,0x010101,0x000000,0x010101,
0x010101,0x010101,0x000000,0x000000,0x000000,0x000000,0x010101,0x010101,0x000000,0x000000,0x010101,0x010101,
0x010101,0x010101,0x010101,0x020202,0x000000,0x070707,0x2D3133,0x3C4245,0x363F42,0x373F42,0x363E41,0x3A4244,
0x343B3E,0x14161A,0x000000,0x010000,0x030201,0x010101,0x010101,0x010101,0x010101,0x010101,0x010101,0x010101,
0x010101,0x010101,0x010101,0x010101,0x010101,0x010101,0x010101,0x010101,0x000000,0x000000,0x010101,0x010101,
0x010101,0x010101,0x000000,0x010101,0x020101,0x000000,0x0F1113,0x3E4346,0x404649,0x303538,0x24282B,0x1A1E21,
0x17191B,0x17191B,0x17191B,0x1A1C1E,0x1D2022,0x222527,0x272A2C,0x2D3032,0x323538,0x363A3D,0x393D41,0x3B4044,
0x3B4245,0x383F42,0x363F41,0x374142,0x364142,0x374142,0x374142,0x374042,0x383F42,0x383E41,0x393F42,0x383F42,
0x353F41,0x353F40,0x343F40,0x353F41,0x373F44,0x394144,0x384143,0x394142,0x394445,0x3A4345,0x3C4346,0x3D4446,
0x373D3F,0x2C3133,0x1E2123,0x16181B,0x1F2326,0x2F3538,0x363D40,0x343D3E,0x343D3F,0x353F41,0x384345,0x3C4548,
0x2D2E2F,0x050606,0x000000,0x020102,0x000000,0x000000,0x010101,0x010101,0x000000,0x000000,0x010101,0x010101,
0x010101,0x010101,0x010101,0x010101,0x010101,0x010101,0x010101,0x010101,0x000000,0x000000,0x010100,0x020201,
0x000000,0x000000,0x111315,0x33383B,0x3A4144,0x373E42,0x373E42,0x363D42,0x3C4246,0x2E3335,0x080809,0x000000,
0x020202,0x010101,0x010101,0x010101,0x000000,0x000000,0x010101,0x010101,0x000000,0x000000,0x010101,0x010101,
0x010101,0x010101,0x010101,0x010101,0x010101,0x010101,0x010101,0x010101,0x010101,0x000000,0x000000,0x000000,
0x000000,0x000000,0x000000,0x000000,0x000000,0x000000,0x010101,0x010101,0x010101,0x010101,0x010101,0x010101,
0x010101,0x010101,0x010101,0x010101,0x000000,0x000000,0x000000,0x000000,0x000000,0x000000,0x000000,0x000000,
0x000000,0x000000,0x010101,0x010101,0x010101,0x010101,0x010101,0x010101,0x010101,0x010101,0x000000,0x010101,
0x010101,0x010101,0x010101,0x010101,0x010101,0x010101,0x010101,0x010101,0x000000,0x000000,0x010101,0x010101,
0x010101,0x010101,0x000000,0x000000,0x000000,0x000000,0x000000,0x000000,0x000000,0x000000,0x000000,0x000000,
0x000000,0x010101,0x010101,0x010101,0x000000,0x000000,0x010101,0x010101,0x010101,0x010101,0x000000,0x000000,
0x000000,0x000000,0x000000,0x000000,0x000000,0x000000,0x010101,0x010101,0x000000,0x000000,0x010101,0x010101,
0x010101,0x010101,0x010101,0x010101,0x000000,0x000000,0x000000,0x000000,0x000000,0x000000,0x000000,0x000000,
0x000000,0x000000,0x010101,0x010101,0x000002,0x010101,0x020202,0x000000,0x0C0E0E,0x333839,0x394144,0x353E43,
0x383E42,0x383E42,0x3D4246,0x2B2F32,0x080909,0x000000,0x020202,0x010101,0x000000,0x000000,0x000000,0x000000,
0x000000,0x000000,0x010101,0x010101,0x010101,0x010101,0x000000,0x000000,0x000000,0x000000,0x000000,0x000000,
0x000000,0x010101,0x010101,0x010101,0x010101,0x010101,0x010101,0x010101,0x010101,0x020202,0x000000,0x0B0C0C,
0x2D2F31,0x404447,0x424A4C,0x40494B,0x3E4649,0x3D4548,0x3D4548,0x3C4547,0x3C4549,0x3B4448,0x3B4448,0x394247,
0x394244,0x384143,0x374042,0x374042,0x373F41,0x384042,0x384142,0x374142,0x364143,0x364143,0x384143,0x384043,
0x384043,0x384043,0x393E42,0x393E42,0x3B4344,0x3B4446,0x3D4648,0x3D464A,0x3C4649,0x3C4648,0x394345,0x374243,
0x374143,0x363F42,0x363F41,0x363E41,0x353F40,0x374041,0x384042,0x343B3D,0x292E31,0x1F2427,0x2A3033,0x363E40,
0x363F41,0x374143,0x384244,0x384244,0x3E484A,0x2F3537,0x040405,0x010101,0x000000,0x000000,0x010101,0x010101,
0x000000,0x000000,0x010101,0x010101,0x000000,0x010101,0x010101,0x010101,0x010101,0x010101,0x000000,0x010101,
0x000000,0x010101,0x010101,0x010101,0x000000,0x020202,0x000000,0x060707,0x292D30,0x3D4246,0x383E41,0x383E42,
0x363E42,0x394345,0x343A3C,0x0E0F12,0x000000,0x020202,0x010101,0x010102,0x000000,0x000000,0x010101,0x010101,
0x000000,0x010101,0x010101,0x010101,0x000000,0x010101,0x010101,0x010101,0x000000,0x010101,0x010101,0x010101,
0x000000,0x000000,0x000000,0x000000,0x000000,0x000000,0x000000,0x000000,0x000000,0x000000,0x000000,0x000000,
0x000000,0x010101,0x010101,0x010101,0x010101,0x010101,0x010101,0x010101,0x000000,0x000000,0x000000,0x000000,
0x000000,0x000000,0x010101,0x010101,0x000000,0x000000,0x010101,0x010101,0x000000,0x010101,0x010101,0x010101,
0x000000,0x000000,0x010101,0x010101,0x000000,0x010101,0x010101,0x010101,0x010101,0x010101,0x000000,0x000000,
0x000000,0x000000,0x010101,0x010101,0x010101,0x010101,0x000000,0x000000,0x000000,0x000000,0x000000,0x000000,
0x000000,0x000000,0x000000,0x000000,0x000000,0x010101,0x010101,0x010101,0x010101,0x010101,0x010101,0x010101,
0x010101,0x010101,0x000000,0x000000,0x000000,0x000000,0x000000,0x000000,0x000000,0x000000,0x010101,0x010101,
0x000000,0x000000,0x010101,0x010101,0x010101,0x010101,0x000000,0x000000,0x000000,0x000000,0x000000,0x000000,
0x000000,0x000000,0x000000,0x000000,0x010101,0x010101,0x010101,0x010101,0x010101,0x020202,0x000000,0x131516,
0x363D3D,0x384142,0x343E40,0x343F41,0x373F42,0x3C4144,0x212326,0x010103,0x000000,0x020202,0x010101,0x010101,
0x010101,0x010101,0x010101,0x010101,0x010101,0x010101,0x010101,0x010101,0x010101,0x010101,0x000000,0x000000,
0x000000,0x000000,0x000000,0x000000,0x000000,0x010101,0x010101,0x010101,0x010101,0x010101,0x010101,0x010101,
0x010101,0x010101,0x020202,0x000000,0x000000,0x0D0D0F,0x1D1F22,0x2B2F32,0x34393C,0x3A3E41,0x3B3F42,0x3C4144,
0x3C4245,0x3B4245,0x3D4447,0x3C4346,0x3B4447,0x3B4447,0x3C4547,0x3B4547,0x3C4447,0x3A4245,0x384244,0x364143,
0x364042,0x374143,0x374143,0x384043,0x374043,0x384144,0x333A3E,0x202428,0x121415,0x121415,0x1B1D1F,0x242629,
0x282B2D,0x333739,0x3A3D40,0x3D4143,0x3B4347,0x384044,0x353E42,0x343E41,0x353F40,0x353E3F,0x373F41,0x383E41,
0x384042,0x373F41,0x30393B,0x353F40,0x384244,0x384244,0x384244,0x384244,0x364043,0x3D4548,0x25282B,0x000001,
0x010101,0x000000,0x010101,0x010101,0x000000,0x000000,0x010101,0x010101,0x000000,0x010101,0x010101,0x010101,
0x010101,0x010101,0x000000,0x010101,0x000000,0x010101,0x000000,0x000000,0x000000,0x010101,0x020202,0x000000,
0x000000,0x1E2122,0x3A4144,0x374143,0x353D40,0x343E40,0x394143,0x393D40,0x151718,0x000000,0x010102,0x010101,
0x000000,0x000000,0x010101,0x010101,0x000000,0x010101,0x010101,0x010101,0x010101,0x010101,0x010101,0x010101,
0x000000,0x010101,0x000000,0x000000,0x000000,0x000000,0x000000,0x000000,0x000000,0x000000,0x000000,0x000000,
0x000000,0x000000,0x010101,0x010101,0x000000,0x010101,0x010101,0x010101,0x010101,0x010101,0x000000,0x000000,
0x000000,0x000000,0x000000,0x000000,0x000000,0x000000,0x010101,0x010101,0x000000,0x000000,0x010101,0x010101,
0x000000,0x010101,0x010101,0x010101,0x000000,0x000000,0x010101,0x010101,0x000000,0x010101,0x010101,0x010101,
0x010101,0x000000,0x010101,0x010101,0x010101,0x000000,0x010101,0x010101,0x010101,0x000000,0x000000,0x000000,
0x000000,0x000000,0x000000,0x000000,0x010101,0x010101,0x000000,0x000000,0x010101,0x010101,0x010101,0x010101,
0x010101,0x010101,0x010101,0x010101,0x010101,0x000000,0x000000,0x000000,0x010101,0x000000,0x000000,0x000000,
0x000000,0x000000,0x010101,0x010101,0x010101,0x010101,0x010101,0x010101,0x010101,0x010101,0x010101,0x010101,
0x010101,0x000000,0x000000,0x000000,0x000000,0x000000,0x000000,0x010101,0x010101,0x010101,0x010101,0x020202,
0x020202,0x000000,0x191D1F,0x3A4144,0x374042,0x343F40,0x354042,0x364143,0x373E3F,0x15181A,0x000000,0x020002,
0x010101,0x000000,0x000000,0x010101,0x010101,0x010101,0x010101,0x010101,0x010101,0x010101,0x010101,0x010101,
0x000000,0x000000,0x000000,0x000000,0x000000,0x000000,0x000000,0x000000,0x010101,0x010101,0x000000,0x010101,
0x000000,0x000000,0x010101,0x010101,0x010101,0x010101,0x000000,0x010101,0x010201,0x000000,0x000000,0x000000,
0x030305,0x0A0A0C,0x0C0D0F,0x101113,0x121516,0x151718,0x17191A,0x17191B,0x181B1E,0x1A1D20,0x1D2024,0x222529,
0x272B2E,0x2F3336,0x363C3F,0x3B4244,0x3C4346,0x394144,0x384043,0x374143,0x374143,0x374043,0x384043,0x383F42,
0x2E3335,0x16191B,0x000002,0x000000,0x000001,0x030304,0x070708,0x111011,0x1D2024,0x2D3135,0x373D40,0x394144,
0x363F41,0x363D3F,0x2A2F32,0x363B3E,0x3C4446,0x3B4345,0x394344,0x374142,0x384043,0x384043,0x384043,0x384043,
0x393F45,0x353F41,0x3A4143,0x0F1012,0x000000,0x010101,0x000000,0x000000,0x010101,0x010101,0x010101,0x010101,
0x010101,0x010101,0x000000,0x000000,0x010101,0x010101,0x010101,0x010101,0x010101,0x010101,0x010101,0x010101,
0x010101,0x010101,0x000000,0x010101,0x020101,0x000000,0x121517,0x363D3F,0x384042,0x333E3F,0x343E40,0x373E41,
0x3A4144,0x1A1D1F,0x000000,0x020201,0x000000,0x000000,0x010101,0x010101,0x010101,0x010101,0x010101,0x010101,
0x010101,0x010101,0x010101,0x010101,0x010101,0x010101,0x010101,0x010101,0x010101,0x000000,0x000000,0x010101,
0x010101,0x000000,0x000000,0x000000,0x000000,0x000000,0x010101,0x010101,0x010101,0x000000,0x010101,0x010101,
0x010101,0x000000,0x010101,0x010101,0x000000,0x000000,0x010101,0x010101,0x010101,0x010101,0x000000,0x000000,
0x000000,0x000000,0x000000,0x000000,0x010101,0x000000,0x000000,0x000000,0x000000,0x000000,0x010101,0x010101,
0x010101,0x010101,0x010101,0x010101,0x010101,0x000000,0x010101,0x010101,0x010101,0x000000,0x010101,0x010101,
0x010101,0x000000,0x000000,0x000000,0x000000,0x000000,0x000000,0x000000,0x010101,0x010101,0x010101,0x010101,
0x010101,0x010101,0x010101,0x010101,0x010101,0x010101,0x010101,0x010101,0x010101,0x000000,0x000000,0x000000,
0x010101,0x000000,0x010101,0x010101,0x010101,0x010101,0x010101,0x010101,0x010101,0x010101,0x010101,0x010101,
0x010101,0x010101,0x010101,0x010101,0x010101,0x000000,0x000000,0x000000,0x000000,0x000000,0x010101,0x010101,
0x010101,0x010101,0x010101,0x010102,0x000000,0x1F2223,0x3C4446,0x363F42,0x373E44,0x363C40,0x393F42,0x33383B,
0x0E0E10,0x000000,0x020202,0x010101,0x010101,0x010101,0x000000,0x010101,0x010101,0x010101,0x010101,0x010101,
0x010101,0x010101,0x010101,0x010101,0x000000,0x000000,0x000000,0x000000,0x000000,0x000000,0x010101,0x010101,
0x010101,0x010101,0x000000,0x010101,0x010101,0x010101,0x010101,0x010101,0x010101,0x010101,0x000000,0x000000,
0x000200,0x010301,0x020302,0x020202,0x010101,0x000000,0x000000,0x000000,0x000000,0x000000,0x000000,0x000000,
0x000000,0x000000,0x000000,0x000000,0x000000,0x000002,0x070709,0x121416,0x202428,0x31383B,0x384144,0x374143,
0x374143,0x374143,0x384144,0x394144,0x394547,0x3D4649,0x343B3D,0x15191B,0x010102,0x010100,0x000000,0x000000,
0x000000,0x010101,0x0D0E0F,0x202424,0x333A3C,0x3E4446,0x2B3033,0x0C0F12,0x16191C,0x2D3134,0x3A4142,0x3D4446,
0x394144,0x373F42,0x384043,0x384043,0x393F45,0x343F42,0x394345,0x25272A,0x0F1010,0x09090A,0x000000,0x010101,
0x010101,0x010101,0x010101,0x010101,0x010101,0x010101,0x010101,0x010101,0x010101,0x010101,0x010101,0x010101,
0x010101,0x010101,0x010101,0x010101,0x010101,0x010101,0x000000,0x010101,0x010101,0x020202,0x000000,0x0B0D0C,
0x303637,0x394344,0x333E40,0x353D42,0x343E40,0x3C4245,0x212424,0x000000,0x000000,0x000000,0x010101,0x010101,
0x010101,0x010101,0x010101,0x010101,0x010101,0x010101,0x010101,0x010101,0x010101,0x010101,0x010101,0x010101,
0x010101,0x000000,0x000000,0x010101,0x010101,0x000000,0x010101,0x010101,0x010101,0x010101,0x010101,0x010101,
0x010101,0x000000,0x010101,0x010101,0x010101,0x000000,0x010101,0x010101,0x000000,0x000000,0x010101,0x010101,
0x010101,0x010101,0x010101,0x010101,0x010101,0x010101,0x010101,0x010101,0x010101,0x000000,0x010101,0x010101,
0x000000,0x000000,0x010101,0x010101,0x010101,0x010101,0x010101,0x010101,0x010101,0x000000,0x000000,0x000000,
0x010101,0x010101,0x010101,0x010101,0x000000,0x000000,0x000000,0x000000,0x000000,0x000000,0x010101,0x010101,
0x000000,0x010101,0x010101,0x010101,0x010101,0x010101,0x010101,0x010101,0x010101,0x010101,0x010101,0x010101,
0x000000,0x000000,0x000000,0x000000,0x000000,0x000000,0x010101,0x010101,0x000000,0x000000,0x010101,0x010101,
0x010101,0x010101,0x010101,0x010101,0x000000,0x000000,0x000000,0x000000,0x000000,0x000000,0x010101,0x010101,
0x010101,0x010101,0x010101,0x010101,0x010102,0x010101,0x010101,0x000000,0x212426,0x3C4245,0x373F42,0x363F44,
0x353E43,0x3B4246,0x2F3134,0x070809,0x000000,0x010101,0x010101,0x010101,0x010101,0x010101,0x010101,0x010101,
0x010101,0x010101,0x010101,0x010101,0x010101,0x010101,0x010101,0x010101,0x000000,0x000000,0x010101,0x010101,
0x000000,0x010101,0x010101,0x010101,0x000000,0x010101,0x010101,0x010101,0x000000,0x010101,0x010101,0x010101,
0x010101,0x010101,0x010102,0x020203,0x020202,0x020202,0x000000,0x000000,0x000000,0x000000,0x010201,0x060706,
0x0B0D0E,0x121416,0x191B1E,0x1F2124,0x23272A,0x282B2E,0x2A2E31,0x2D3134,0x2F3337,0x2E3237,0x2D3135,0x2B3034,
0x293033,0x30383B,0x384244,0x374143,0x384042,0x384042,0x384043,0x384043,0x374043,0x363F42,0x3A4346,0x3C4448,
0x272B2D,0x050606,0x000000,0x030202,0x010101,0x010101,0x000000,0x000000,0x070808,0x212425,0x3C4343,0x363E40,
0x07080A,0x000000,0x0F110F,0x272A2A,0x363E41,0x3D4547,0x394144,0x383F43,0x374143,0x374143,0x384043,0x2E3538,
0x282D30,0x2A2E31,0x010202,0x000000,0x020201,0x010101,0x010101,0x010101,0x010101,0x010101,0x010101,0x010101,
0x010101,0x010101,0x010101,0x010101,0x000000,0x000000,0x010101,0x010101,0x010101,0x010101,0x010101,0x010101,
0x010101,0x010101,0x020202,0x000000,0x060706,0x2C3030,0x3A4144,0x353E41,0x363F42,0x353D40,0x3C4245,0x222627,
0x000100,0x010101,0x010101,0x010102,0x010101,0x010101,0x010101,0x010101,0x010101,0x010101,0x010101,0x010101,
0x000000,0x010101,0x010101,0x010101,0x010101,0x010101,0x010101,0x010101,0x010101,0x010101,0x010101,0x010101,
0x010101,0x010101,0x010101,0x010101,0x000000,0x000000,0x010101,0x010101,0x010101,0x010101,0x010101,0x010101,
0x000000,0x000000,0x010101,0x010101,0x010101,0x010101,0x010101,0x010101,0x000000,0x010101,0x010101,0x010101,
0x010101,0x010101,0x000000,0x000000,0x000000,0x010101,0x010101,0x010101,0x010101,0x010101,0x010101,0x010101,
0x010101,0x000000,0x000000,0x000000,0x010101,0x010101,0x010101,0x010101,0x000000,0x000000,0x000000,0x000000,
0x000000,0x010101,0x000000,0x000000,0x000000,0x010101,0x010101,0x010101,0x010101,0x010101,0x010101,0x010101,
0x010101,0x010101,0x010101,0x010101,0x000000,0x000000,0x000000,0x000000,0x000000,0x000000,0x010101,0x010101,
0x010101,0x010101,0x010101,0x010101,0x010101,0x010101,0x010101,0x010101,0x000000,0x000000,0x000000,0x000000,
0x000000,0x000000,0x010101,0x010101,0x010101,0x010101,0x010101,0x010101,0x010101,0x010101,0x000001,0x242727,
0x3D4245,0x373E41,0x363E41,0x363E41,0x3C4245,0x282C30,0x030405,0x000000,0x010101,0x000000,0x000000,0x000000,
0x010101,0x010101,0x010101,0x010101,0x010101,0x010101,0x010101,0x010101,0x010101,0x010101,0x010101,0x010101,
0x000000,0x010101,0x010101,0x010101,0x000000,0x010101,0x010101,0x010101,0x010101,0x010101,0x010101,0x010101,
0x000000,0x010101,0x010101,0x010102,0x020201,0x020201,0x010000,0x000000,0x000000,0x000001,0x040607,0x0F1213,
0x191E20,0x252A2C,0x2F3537,0x353B3C,0x394040,0x3C4345,0x3D4447,0x3C4346,0x3B4446,0x3A4345,0x3A4345,0x3A4345,
0x3A4144,0x3A4144,0x3B4145,0x3B4245,0x3B4346,0x394144,0x374143,0x374143,0x384042,0x384042,0x384043,0x384043,
0x384043,0x384043,0x373F42,0x373F42,0x3B4546,0x323839,0x0F1012,0x000000,0x010101,0x010101,0x010101,0x020202,
0x000000,0x000000,0x0B0C0D,0x333638,0x3E4344,0x0A0D0C,0x010200,0x010001,0x090B0E,0x222628,0x373E41,0x3C4447,
0x384043,0x373F42,0x373F42,0x363E41,0x363D40,0x3D4346,0x333639,0x101313,0x000000,0x000101,0x010201,0x010101,
0x010101,0x010101,0x010101,0x010101,0x010101,0x010101,0x000000,0x000000,0x010101,0x010101,0x010101,0x010101,
0x010101,0x010101,0x010101,0x010101,0x010101,0x010101,0x010101,0x020202,0x000000,0x020303,0x252A2B,0x3C4345,
0x373F41,0x363E40,0x353C3E,0x3B4144,0x242828,0x000101,0x010102,0x010101,0x010101,0x010101,0x010101,0x010101,
0x010101,0x010101,0x010101,0x010101,0x000000,0x010101,0x010101,0x010101,0x010101,0x010101,0x010101,0x010101,
0x010101,0x010101,0x010101,0x010101,0x010101,0x010101,0x010101,0x010101,0x010101,0x010101,0x010101,0x010101,
0x010101,0x010101,0x010101,0x010101,0x000000,0x000000,0x010101,0x010101,0x010101,0x010101,0x010101,0x010101,
0x010101,0x010101,0x010101,0x010101,0x010101,0x010101,0x000000,0x000000,0x000000,0x010101,0x010101,0x010101,
0x010101,0x010101,0x010101,0x010101,0x010101,0x000000,0x000000,0x000000,0x000000,0x000000,0x000000,0x000000,
0x000000,0x000000,0x010101,0x010101,0x010101,0x010101,0x000000,0x010101,0x010101,0x000000,0x000000,0x000000,
0x010101,0x010101,0x010101,0x010101,0x010101,0x010101,0x010101,0x010101,0x010101,0x010101,0x010101,0x010101,
0x010101,0x000000,0x010101,0x010101,0x000000,0x000000,0x010101,0x010101,0x010101,0x000000,0x010101,0x010101,
0x000000,0x000000,0x010101,0x010101,0x010101,0x000000,0x000000,0x010101,0x010101,0x010101,0x010101,0x010101,
0x010101,0x000101,0x232729,0x3C4245,0x363E41,0x363F42,0x373E41,0x3D4346,0x252828,0x000001,0x000000,0x020202,
0x000000,0x010101,0x010101,0x010101,0x010101,0x000000,0x010101,0x010101,0x010101,0x010101,0x010101,0x010101,
0x010101,0x010101,0x010101,0x010101,0x000000,0x000000,0x010101,0x010101,0x010101,0x010101,0x000000,0x010101,
0x010101,0x010101,0x010101,0x010101,0x010101,0x020202,0x010101,0x000000,0x000000,0x000000,0x040406,0x111114,
0x1D2023,0x2B2F32,0x353A3E,0x3B4244,0x3B4447,0x3B4447,0x3A4345,0x384244,0x374142,0x353F41,0x353F41,0x353F41,
0x353F41,0x353F41,0x353F41,0x353F41,0x363E41,0x363E41,0x363E41,0x363F41,0x373F41,0x373F42,0x364042,0x364041,
0x373F41,0x373F41,0x373F42,0x373F42,0x373F42,0x373F42,0x373F42,0x384043,0x364042,0x3A4245,0x3B4043,0x171A1C,
0x000000,0x010101,0x000000,0x010001,0x020101,0x030202,0x000000,0x000000,0x222728,0x303332,0x050605,0x050406,
0x020102,0x000000,0x07090A,0x222628,0x3B3F43,0x3C4246,0x373F42,0x374043,0x384143,0x394144,0x3E4749,0x3F4749,
0x272B2D,0x020305,0x000101,0x020201,0x010101,0x000000,0x000000,0x000000,0x010101,0x010101,0x000000,0x000000,
0x010101,0x010101,0x000000,0x010101,0x010101,0x010101,0x000000,0x010101,0x010101,0x010101,0x000000,0x000000,
0x010101,0x010101,0x000001,0x212424,0x3C4244,0x363D3F,0x363E40,0x353D3F,0x3B4245,0x212728,0x000000,0x010101,
0x010101,0x010101,0x010101,0x010101,0x010101,0x010101,0x010101,0x010101,0x010101,0x010101,0x010101,0x010101,
0x000000,0x000000,0x010101,0x010101,0x010101,0x010101,0x010101,0x010101,0x010101,0x010101,0x000000,0x010101,
0x010101,0x010101,0x010101,0x010101,0x010101,0x010101,0x010101,0x010101,0x010101,0x010101,0x000000,0x010101,
0x010101,0x010101,0x000000,0x000000,0x010101,0x010101,0x000000,0x000000,0x010101,0x010101,0x000000,0x000000,
0x000000,0x000000,0x010101,0x010101,0x010101,0x010101,0x010101,0x010101,0x010101,0x000000,0x010101,0x010101,
0x000000,0x000000,0x010101,0x010101,0x000000,0x000000,0x010101,0x010101,0x010101,0x010101,0x000000,0x010101,
0x010101,0x000000,0x010101,0x010101,0x010101,0x010101,0x010101,0x010101,0x010101,0x010101,0x010101,0x010101,
0x010101,0x010101,0x010101,0x010101,0x010101,0x000000,0x010101,0x010101,0x010101,0x010101,0x010101,0x010101,
0x010101,0x000000,0x010101,0x010101,0x000000,0x000000,0x010101,0x010101,0x010101,0x000000,0x000000,0x010101,
0x010101,0x010101,0x010101,0x020102,0x000000,0x242727,0x3C4245,0x343E41,0x353E43,0x353E40,0x3C4245,0x1F2325,
0x000000,0x010100,0x000000,0x010101,0x000000,0x010101,0x010101,0x010101,0x010101,0x000000,0x010101,0x010101,
0x010101,0x010101,0x010101,0x010101,0x010101,0x010101,0x010101,0x010101,0x000000,0x000000,0x010101,0x010101,
0x010101,0x010101,0x010101,0x010101,0x010101,0x010101,0x020101,0x020202,0x000000,0x000000,0x000000,0x080809,
0x171B1E,0x272C2F,0x353A3E,0x3D4147,0x3D4347,0x3B4245,0x394144,0x374042,0x363F41,0x363F41,0x373F41,0x384042,
0x374042,0x374042,0x374042,0x373F43,0x373F42,0x373E42,0x373E41,0x373E41,0x363E41,0x373F42,0x384043,0x394244,
0x3B4345,0x3C4346,0x3B4446,0x3B4546,0x3C4546,0x3C4446,0x3D4447,0x3C4447,0x3C4447,0x3B4347,0x3B4346,0x3A4245,
0x394046,0x373F43,0x363F42,0x3B4446,0x1E2021,0x000000,0x020202,0x020202,0x010200,0x000100,0x020202,0x020203,
0x000000,0x161817,0x121412,0x000101,0x010202,0x020201,0x000000,0x000000,0x0E0F12,0x2E3235,0x3D4447,0x374143,
0x384243,0x3A4446,0x394345,0x394345,0x41474A,0x2B2F32,0x020304,0x020201,0x010101,0x000000,0x010101,0x010101,
0x010101,0x010101,0x010101,0x010101,0x010101,0x010101,0x010101,0x010101,0x010101,0x010101,0x010101,0x010101,
0x010101,0x010101,0x010101,0x010101,0x010102,0x010101,0x010101,0x000000,0x1D2122,0x3B4143,0x343D3F,0x343D40,
0x343E40,0x3B4345,0x222626,0x000000,0x010101,0x010101,0x010101,0x010101,0x010101,0x010101,0x010101,0x010101,
0x010101,0x010101,0x010101,0x010101,0x010101,0x010101,0x010101,0x010101,0x010101,0x010101,0x010101,0x010101,
0x010101,0x010101,0x000000,0x010101,0x000000,0x000000,0x010101,0x010101,0x010101,0x010101,0x010101,0x010101,
0x010101,0x010101,0x010101,0x010101,0x010101,0x010101,0x010101,0x010101,0x010101,0x010101,0x010101,0x010101,
0x010101,0x010101,0x000000,0x000000,0x000000,0x000000,0x010101,0x010101,0x010101,0x010101,0x010101,0x010101,
0x010101,0x000000,0x010101,0x000000,0x010101,0x010101,0x000000,0x000000,0x000000,0x000000,0x010101,0x010101,
0x000000,0x000000,0x010101,0x010101,0x000000,0x010101,0x010101,0x010101,0x000000,0x000000,0x010101,0x010101,
0x000000,0x000000,0x000000,0x000000,0x000000,0x000000,0x010101,0x010101,0x000000,0x010101,0x010101,0x010101,
0x010101,0x010101,0x010101,0x010101,0x000000,0x000000,0x000000,0x000000,0x000000,0x000000,0x010101,0x010101,
0x000000,0x010101,0x010101,0x010101,0x010102,0x010101,0x010101,0x000000,0x1F2325,0x3B4144,0x363E41,0x353E42,
0x343E42,0x3B4144,0x1F2222,0x000000,0x010101,0x000000,0x010101,0x010101,0x010101,0x010101,0x010101,0x010101,
0x010101,0x010101,0x010101,0x010101,0x010101,0x010101,0x000000,0x000000,0x000000,0x000000,0x010101,0x010101,
0x010101,0x010101,0x010101,0x010101,0x010101,0x010101,0x010101,0x000000,0x020203,0x020202,0x000000,0x000000,
0x030405,0x131617,0x282D2F,0x383C40,0x3C4447,0x3E4649,0x3D4548,0x3C4447,0x3B4447,0x3B4447,0x3D4548,0x3D4448,
0x3C4546,0x3B4445,0x3A4143,0x393F42,0x374041,0x384042,0x383F42,0x383E41,0x373F42,0x384043,0x3A4245,0x3C4447,
0x3C4245,0x394043,0x353C3F,0x31373A,0x2F3335,0x2A2E30,0x262B2C,0x24282A,0x222727,0x222627,0x222728,0x24282A,
0x262A2E,0x292E31,0x2B3034,0x32363A,0x363B41,0x393F44,0x3C4247,0x3D4448,0x43474B,0x1D2023,0x000000,0x020201,
0x010101,0x010101,0x010101,0x010101,0x020202,0x000000,0x020202,0x010101,0x010101,0x010101,0x000000,0x010101,
0x000000,0x010102,0x212427,0x3C4245,0x3D4447,0x394144,0x373F42,0x3E4649,0x363F42,0x3A4446,0x202527,0x000000,
0x020101,0x000000,0x010101,0x010101,0x000000,0x010101,0x010101,0x010101,0x000000,0x010101,0x010101,0x010101,
0x010101,0x010101,0x010101,0x010101,0x010101,0x010101,0x010101,0x010101,0x000000,0x010101,0x000000,0x010101,
0x000000,0x1D2020,0x3A4143,0x343D3F,0x343E40,0x353E40,0x3B4345,0x202425,0x000000,0x010101,0x010101,0x010102,
0x010101,0x010101,0x010101,0x010101,0x000000,0x000000,0x010101,0x010101,0x010101,0x010101,0x010101,0x010101,
0x010101,0x010101,0x010101,0x010101,0x010101,0x010101,0x000000,0x000000,0x000000,0x000000,0x010101,0x010101,
0x000000,0x000000,0x010101,0x010101,0x010101,0x010101,0x010101,0x010101,0x000000,0x010101,0x010101,0x010101,
0x000000,0x000000,0x000000,0x000000,0x000000,0x000000,0x000000,0x000000,0x010101,0x010101,0x010101,0x000000,
0x000000,0x000000,0x010101,0x010101,0x010101,0x000000,0x010101,0x000000,0x010101,0x010101,0x000000,0x000000,
0x000000,0x000000,0x010101,0x010101,0x000000,0x000000,0x010101,0x010101,0x000000,0x010101,0x000000,0x000000,
0x000000,0x000000,0x000000,0x000000,0x000000,0x000000,0x000000,0x000000,0x000000,0x000000,0x010101,0x010101,
0x000000,0x010101,0x010101,0x010101,0x010101,0x010101,0x010101,0x010101,0x000000,0x000000,0x000000,0x000000,
0x000000,0x000000,0x010101,0x010101,0x000000,0x010101,0x010101,0x010101,0x010101,0x020203,0x000000,0x1C1F1F,
0x3B4144,0x363E40,0x373F42,0x363D41,0x3C4246,0x1E2225,0x000000,0x020201,0x000000,0x000000,0x010101,0x010101,
0x010101,0x010101,0x000000,0x000000,0x010101,0x010101,0x000000,0x000000,0x010101,0x010101,0x000000,0x000000,
0x000000,0x000000,0x010101,0x010101,0x010101,0x010101,0x010101,0x010101,0x010101,0x010101,0x020202,0x010100,
0x000000,0x000000,0x090B0C,0x202325,0x373A3E,0x414749,0x42474B,0x3D4246,0x3B3F42,0x353A3C,0x2F3336,0x2B2F32,
0x252729,0x1C1E21,0x17191B,0x121417,0x0F1115,0x101316,0x15191C,0x23282B,0x363F41,0x394245,0x3B4346,0x3D4346,
0x3C3F42,0x35373A,0x2A2D31,0x1F2125,0x161919,0x0D0F0F,0x060808,0x020304,0x000000,0x000000,0x000000,0x000000,
0x000000,0x000000,0x000000,0x000000,0x000000,0x000000,0x000000,0x010102,0x040607,0x0B0D0E,0x131516,0x1C1F20,
0x272B2D,0x393B3D,0x161717,0x000000,0x020202,0x010101,0x010101,0x000000,0x010101,0x010101,0x000000,0x000000,
0x010101,0x010101,0x000000,0x000000,0x020101,0x030304,0x000002,0x121518,0x373C3F,0x444A4D,0x1C2124,0x292E31,
0x3D4447,0x333C3E,0x383E40,0x0D0E11,0x000000,0x010101,0x010101,0x010101,0x000000,0x010101,0x000000,0x000000,
0x000000,0x010101,0x000000,0x000000,0x010101,0x010101,0x000000,0x000000,0x010101,0x010101,0x010101,0x010101,
0x000000,0x010101,0x000000,0x000000,0x020201,0x000000,0x1C1F21,0x3A4043,0x363D40,0x353F41,0x363F41,0x3C4144,
0x1D2020,0x000000,0x010101,0x000000,0x010101,0x010101,0x010101,0x010101,0x000000,0x000000,0x010101,0x010101,
0x010101,0x010101,0x010101,0x010101,0x010101,0x010101,0x000000,0x000000,0x010101,0x010101,0x000000,0x000000,
0x000000,0x000000,0x000000,0x000000,0x000000,0x000000,0x000000,0x000000,0x000000,0x000000,0x000000,0x000000,
0x000000,0x010101,0x000000,0x000000,0x000000,0x000000,0x000000,0x000000,0x000000,0x000000,0x000000,0x000000,
0x010101,0x010101,0x010101,0x000000,0x010101,0x010101,0x010101,0x010101,0x010101,0x000000,0x000000,0x000000,
0x000000,0x000000,0x010101,0x010101,0x000000,0x000000,0x000000,0x000000,0x010101,0x000000,0x000000,0x010101,
0x010101,0x000000,0x000000,0x010101,0x010101,0x010101,0x000000,0x000000,0x000000,0x000000,0x000000,0x000000,
0x000000,0x000000,0x000000,0x010101,0x010101,0x000000,0x010101,0x010101,0x010101,0x000000,0x000000,0x000000,
0x000000,0x000000,0x000000,0x000000,0x000000,0x000000,0x010101,0x010101,0x010101,0x010101,0x010101,0x010101,
0x020201,0x000000,0x16191B,0x3B4244,0x373F42,0x374042,0x373E41,0x3D4245,0x212326,0x000000,0x010101,0x000000,
0x010101,0x010101,0x000000,0x010101,0x010101,0x010101,0x000000,0x010101,0x010101,0x010101,0x010101,0x010101,
0x010101,0x010101,0x000000,0x000000,0x000000,0x000000,0x010101,0x010101,0x010101,0x010101,0x010101,0x010101,
0x010101,0x010101,0x000000,0x000000,0x101111,0x2E2F30,0x3B3F41,0x383C3F,0x303437,0x25282B,0x191C1E,0x0F1113,
0x0B0C0E,0x040406,0x000001,0x000000,0x000000,0x000000,0x040506,0x0F1112,0x1C1C21,0x282A2E,0x35393C,0x3E4246,
0x3C4245,0x353A3D,0x262A2D,0x17181D,0x0B0B0D,0x030304,0x000000,0x000000,0x000000,0x000000,0x000000,0x010201,
0x030201,0x030302,0x020201,0x020201,0x020102,0x020102,0x010101,0x010101,0x020102,0x020101,0x010000,0x000000,
0x000000,0x000000,0x000000,0x000000,0x000000,0x030403,0x080909,0x020202,0x010101,0x010101,0x000000,0x010101,
0x010101,0x010101,0x000000,0x000000,0x000000,0x000000,0x010101,0x020202,0x020303,0x040404,0x040404,0x000001,
0x050607,0x333537,0x1E2122,0x010102,0x2E3234,0x373F40,0x363E40,0x303438,0x030507,0x000001,0x010101,0x000000,
0x000000,0x000000,0x010101,0x010101,0x010101,0x010101,0x010101,0x010101,0x010101,0x010101,0x010101,0x010101,
0x010101,0x010101,0x000000,0x000000,0x000000,0x000000,0x000000,0x000000,0x010101,0x020202,0x000000,0x1E2121,
0x3C4144,0x363F40,0x364041,0x373E41,0x3A4143,0x16191B,0x000000,0x010201,0x000000,0x010101,0x000000,0x000000,
0x000000,0x000000,0x000000,0x010101,0x010101,0x010101,0x010101,0x010101,0x010101,0x010101,0x010101,0x010101,
0x010101,0x010101,0x000000,0x000000,0x000000,0x000000,0x000000,0x000000,0x000000,0x000000,0x010101,0x010101,
0x010101,0x010101,0x010101,0x010101,0x010101,0x000000,0x010101,0x010101,0x010101,0x010101,0x010101,0x010101,
0x000000,0x000000,0x000000,0x000000,0x010101,0x010101,0x010101,0x010101,0x010101,0x010101,0x010101,0x010101,
0x010101,0x000000,0x000000,0x000000,0x000000,0x000000,0x010101,0x010101,0x000000,0x000000,0x000000,0x000000,
0x010101,0x000000,0x000000,0x010101,0x010101,0x000000,0x000000,0x010101,0x010101,0x010101,0x000000,0x000000,
0x000000,0x000000,0x000000,0x000000,0x000000,0x000000,0x000000,0x010101,0x010101,0x000000,0x010101,0x010101,
0x010101,0x000000,0x000000,0x000000,0x000000,0x000000,0x010101,0x010101,0x000000,0x000000,0x010101,0x010101,
0x010101,0x010101,0x010101,0x020202,0x000000,0x101213,0x393F42,0x363F42,0x363F44,0x363E41,0x3D4345,0x222628,
0x000000,0x020101,0x000000,0x000000,0x010101,0x010101,0x000000,0x010101,0x000000,0x000000,0x000000,0x010101,
0x010101,0x010101,0x010101,0x010101,0x010101,0x010101,0x010101,0x010101,0x000000,0x000000,0x010101,0x010101,
0x010101,0x010101,0x010101,0x010101,0x000000,0x000000,0x0F0F0F,0x303131,0x3B3E41,0x2D2E31,0x161617,0x080809,
0x010204,0x000000,0x000000,0x000000,0x000000,0x000000,0x060606,0x151616,0x242629,0x323639,0x384040,0x3E4747,
0x41474A,0x43484B,0x3A3E41,0x26292B,0x131415,0x050505,0x000000,0x000000,0x000000,0x000000,0x010101,0x010101,
0x020202,0x020102,0x010102,0x010101,0x010102,0x010102,0x010102,0x010102,0x010101,0x010101,0x000000,0x000000,
0x010101,0x010101,0x010101,0x010101,0x010102,0x020103,0x010102,0x020202,0x010101,0x000000,0x000000,0x010201,
0x010101,0x010101,0x000000,0x010101,0x010101,0x010101,0x010101,0x010101,0x000000,0x000000,0x010101,0x010101,
0x000000,0x000000,0x010101,0x040302,0x000000,0x030303,0x0C0C0C,0x010000,0x070809,0x32383B,0x384042,0x3D4548,
0x31373A,0x050709,0x000000,0x010100,0x000000,0x000000,0x010101,0x010101,0x010101,0x010101,0x010101,0x010101,
0x000000,0x000000,0x010101,0x010101,0x010101,0x010101,0x010101,0x010101,0x000000,0x000000,0x000000,0x000000,
0x010102,0x010101,0x010101,0x000000,0x202425,0x3A4244,0x343E40,0x353F41,0x343E40,0x383F41,0x111414,0x000000,
0x010101,0x010101,0x010101,0x010101,0x010101,0x010101,0x000000,0x010101,0x010101,0x010101,0x010101,0x010101,
0x010101,0x010101,0x010101,0x010101,0x010101,0x010101,0x010101,0x010101,0x000000,0x000000,0x010101,0x010101,
0x000000,0x000000,0x010101,0x010101,0x010101,0x010101,0x010101,0x010101,0x010101,0x000000,0x010101,0x010101,
0x010101,0x010101,0x010101,0x010101,0x000000,0x000000,0x000000,0x000000,0x010101,0x010101,0x010101,0x010101,
0x010101,0x010101,0x010101,0x010101,0x010101,0x000000,0x000000,0x000000,0x000000,0x000000,0x000000,0x000000,
0x000000,0x000000,0x000000,0x000000,0x000000,0x000000,0x000000,0x000000,0x000000,0x000000,0x000000,0x000000,
0x000000,0x000000,0x000000,0x000000,0x000000,0x000000,0x000000,0x000000,0x000000,0x000000,0x010101,0x010101,
0x000000,0x010101,0x000000,0x000000,0x000000,0x000000,0x000000,0x000000,0x000000,0x000000,0x000000,0x000000,
0x000000,0x010101,0x010101,0x010101,0x010101,0x010101,0x020201,0x000000,0x0A0A0C,0x363A3D,0x363E42,0x353B42,
0x333C41,0x3B4245,0x272A2B,0x000000,0x010101,0x000000,0x010101,0x010101,0x000000,0x010101,0x010101,0x010101,
0x000000,0x000000,0x010101,0x010101,0x000000,0x000000,0x000000,0x000000,0x000000,0x000000,0x000000,0x000000,
0x000000,0x000000,0x000000,0x010101,0x000000,0x010101,0x010101,0x010101,0x010101,0x131313,0x252525,0x181818,
0x030405,0x000000,0x000000,0x000000,0x000101,0x000000,0x000000,0x060607,0x131516,0x26282A,0x373B3E,0x3F4548,
0x40474A,0x3C4447,0x3D4648,0x3C4446,0x333436,0x1A1B1D,0x060707,0x000000,0x000000,0x000000,0x010101,0x010101,
0x010101,0x000000,0x000000,0x010101,0x010101,0x010101,0x020202,0x020202,0x010301,0x010301,0x010301,0x010301,
0x010100,0x000000,0x000000,0x000000,0x010100,0x010100,0x010100,0x010100,0x020102,0x020102,0x010101,0x020101,
0x020202,0x010101,0x010101,0x010101,0x000000,0x000000,0x000000,0x000000,0x010101,0x010101,0x000000,0x000000,
0x000000,0x000000,0x030303,0x1C1C1C,0x1F2022,0x101011,0x070607,0x000000,0x000000,0x010101,0x000000,0x010102,
0x000000,0x111114,0x3D4044,0x384244,0x41474A,0x32363A,0x040506,0x000100,0x000000,0x000000,0x010101,0x010101,
0x000000,0x010101,0x010101,0x010101,0x000000,0x010101,0x010101,0x010101,0x000000,0x000000,0x000000,0x000000,
0x000000,0x000000,0x000000,0x000000,0x010101,0x010101,0x010101,0x010101,0x000001,0x252829,0x3A4143,0x343D3F,
0x343D3F,0x373D40,0x363A3D,0x090A0D,0x000000,0x020101,0x000000,0x010101,0x000000,0x000000,0x000000,0x010101,
0x010101,0x010101,0x010101,0x000000,0x000000,0x000000,0x000000,0x000000,0x000000,0x000000,0x000000,0x000000,
0x000000,0x000000,0x000000,0x000000,0x000000,0x000000,0x010101,0x010101,0x000000,0x000000,0x000000,0x000000,
0x000000,0x000000,0x000000,0x000000,0x000000,0x000000,0x000000,0x000000,0x000000,0x000000,0x000000,0x000000,
0x000000,0x000000,0x010101,0x010101,0x000000,0x010101,0x010101,0x010101,0x010101,0x000000,0x000000,0x000000,
0x000000,0x000000,0x000000,0x000000,0x000000,0x000000,0x000000,0x000000,0x000000,0x000000,0x000000,0x000000,
0x000000,0x000000,0x000000,0x000000,0x000000,0x000000,0x000000,0x000000,0x000000,0x000000,0x000000,0x000000,
0x000000,0x000000,0x000000,0x000000,0x000000,0x010101,0x000000,0x000000,0x000000,0x000000,0x000000,0x000000,
0x000000,0x000000,0x000000,0x000000,0x000000,0x010101,0x010101,0x010101,0x010101,0x010101,0x010100,0x050506,
0x323537,0x394043,0x343C3F,0x363B40,0x3B4145,0x2B2F33,0x020202,0x010101,0x010101,0x000000,0x010101,0x010101,
0x000000,0x010101,0x000000,0x000000,0x010101,0x010101,0x010101,0x010101,0x010101,0x010101,0x000000,0x000000,
0x000000,0x000000,0x000000,0x000000,0x000000,0x000000,0x000000,0x010101,0x000000,0x010101,0x010101,0x000000,
0x010101,0x050505,0x000000,0x000000,0x010100,0x020201,0x000000,0x000000,0x030203,0x121315,0x242829,0x32383A,
0x3A4144,0x3C4346,0x384043,0x374043,0x3A4345,0x3B4144,0x2D3033,0x121416,0x020204,0x000000,0x000000,0x020202,
0x010101,0x000000,0x000000,0x000000,0x010101,0x010101,0x010101,0x020202,0x010100,0x000000,0x000000,0x000000,
0x000000,0x000000,0x000000,0x000000,0x000000,0x000001,0x010102,0x020203,0x010303,0x010303,0x010303,0x000102,
0x000000,0x000000,0x000000,0x000000,0x000000,0x010101,0x000000,0x000000,0x000000,0x000000,0x010101,0x010101,
0x010101,0x010101,0x000000,0x000000,0x010101,0x010101,0x020202,0x0D0D0D,0x333538,0x46494D,0x373A3D,0x1E2125,
0x040506,0x000000,0x010102,0x000000,0x020202,0x000000,0x1A1C20,0x3E4548,0x3A3F44,0x41464A,0x2A2E31,0x010102,
0x010101,0x000000,0x010101,0x010101,0x000000,0x010101,0x000000,0x000000,0x000000,0x010101,0x010101,0x010101,
0x000000,0x000000,0x000000,0x000000,0x000000,0x000000,0x000000,0x000000,0x010101,0x010101,0x010101,0x010101,
0x010101,0x010202,0x282C2D,0x393F42,0x343C3E,0x353C3E,0x3A3E42,0x313538,0x050607,0x010100,0x010101,0x010101,
0x000000,0x000000,0x000000,0x010101,0x010101,0x010101,0x010101,0x000000,0x010101,0x010101,0x000000,0x000000,
0x000000,0x000000,0x000000,0x000000,0x000000,0x000000,0x000000,0x000000,0x000000,0x000000,0x010101,0x010101,
0x000000,0x000000,0x000000,0x000000,0x000000,0x000000,0x000000,0x000000,0x000000,0x000000,0x000000,0x000000,
0x000000,0x000000,0x000000,0x000000,0x000000,0x000000,0x010101,0x010101,0x000000,0x010101,0x010101,0x010101,
0x000000,0x000000,0x000000,0x000000,0x000000,0x000000,0x000000,0x000000,0x010101,0x010101,0x010101,0x010101,
0x000000,0x000000,0x000000,0x010101,0x000000,0x000000,0x000000,0x000000,0x000000,0x000000,0x000000,0x000000,
0x000000,0x000000,0x010101,0x010101,0x010101,0x010101,0x000000,0x000000,0x000000,0x000000,0x000000,0x000000,
0x010101,0x010101,0x000000,0x000000,0x000000,0x000000,0x000000,0x010101,0x010101,0x010101,0x010101,0x010101,
0x020101,0x020202,0x000001,0x292B2E,0x3C4245,0x353F41,0x343D40,0x3A3F43,0x343639,0x050507,0x000000,0x010101,
0x010101,0x010101,0x000000,0x000000,0x010101,0x010101,0x010101,0x010101,0x010101,0x010101,0x000000,0x000000,
0x000000,0x000000,0x000000,0x000000,0x000000,0x000000,0x000000,0x000000,0x010101,0x010101,0x000000,0x010101,
0x010101,0x010101,0x000000,0x000000,0x000000,0x000000,0x010101,0x010101,0x000000,0x000000,0x0C0E0F,0x232528,
0x35393B,0x3C4144,0x3A4245,0x374143,0x373F42,0x363E41,0x3B4245,0x3B4245,0x292E30,0x0F1113,0x000001,0x000000,
0x010101,0x020202,0x000002,0x000002,0x000000,0x000000,0x010101,0x020202,0x010201,0x000000,0x000000,0x000000,
0x000000,0x040405,0x0A0B0C,0x121313,0x181A1E,0x1E2225,0x25282C,0x292C2F,0x2C2E33,0x2E3034,0x303337,0x323539,
0x313539,0x313539,0x303438,0x2E3235,0x2C3032,0x292D2F,0x232729,0x1E2123,0x1B1B1B,0x040404,0x000000,0x000000,
0x010101,0x010101,0x000000,0x000000,0x000000,0x000000,0x010101,0x010101,0x000000,0x010101,0x020202,0x000000,
0x000001,0x262A2C,0x404447,0x393F43,0x303538,0x0B0C0E,0x000000,0x010201,0x010201,0x040404,0x000003,0x1F2327,
0x3E4349,0x363F41,0x3C4345,0x131416,0x000000,0x010101,0x000000,0x000000,0x010101,0x010101,0x000000,0x010101,
0x000000,0x000000,0x010101,0x010101,0x000000,0x000000,0x000000,0x000000,0x010101,0x010101,0x000000,0x010101,
0x010101,0x010101,0x010101,0x010101,0x010101,0x010101,0x030304,0x2F3234,0x383F41,0x343C3E,0x353C3E,0x3A4043,
0x2B2E31,0x000102,0x010101,0x010000,0x010101,0x010101,0x000000,0x010101,0x010101,0x010101,0x010101,0x010101,
0x010101,0x010101,0x010101,0x010101,0x000000,0x000000,0x000000,0x000000,0x000000,0x000000,0x010101,0x010101,
0x010101,0x010101,0x010101,0x010101,0x000000,0x000000,0x000000,0x000000,0x000000,0x000000,0x000000,0x000000,
0x000000,0x000000,0x000000,0x000000,0x000000,0x000000,0x000000,0x010101,0x010101,0x010101,0x010101,0x010101,
0x010101,0x010101,0x000000,0x000000,0x000000,0x000000,0x000000,0x000000,0x000000,0x000000,0x000000,0x000000,
0x010101,0x010101,0x010101,0x010101,0x000000,0x000000,0x000000,0x010101,0x000000,0x000000,0x000000,0x000000,
0x000000,0x000000,0x000000,0x000000,0x000000,0x000000,0x010101,0x010101,0x010101,0x010101,0x000000,0x000000,
0x000000,0x000000,0x000000,0x000000,0x010101,0x010101,0x010101,0x010101,0x000000,0x000000,0x000000,0x010101,
0x010101,0x010101,0x010101,0x010101,0x030201,0x000000,0x1C1F22,0x3D4246,0x363E41,0x354042,0x374142,0x363B3D,
0x0B0B0C,0x000000,0x010101,0x000000,0x010101,0x010101,0x010101,0x010101,0x010101,0x010101,0x010101,0x010101,
0x010101,0x010101,0x010101,0x010101,0x000000,0x000000,0x000000,0x000000,0x000000,0x000000,0x010101,0x010101,
0x010101,0x010101,0x000000,0x010101,0x010101,0x010101,0x000000,0x000000,0x010101,0x010000,0x000000,0x000000,
0x121415,0x2D3033,0x3C4348,0x40484E,0x3C4548,0x363F42,0x363F42,0x363E43,0x3B4044,0x3E4345,0x2C2F31,0x0E1011,
0x000000,0x000000,0x030303,0x020202,0x010100,0x000000,0x000002,0x000102,0x010101,0x000000,0x000000,0x000000,
0x000000,0x070909,0x131515,0x202222,0x2A2F32,0x34383C,0x3A3F43,0x3D4246,0x3B4446,0x3A4446,0x3A4346,0x3B4446,
0x3B4347,0x3A4247,0x394146,0x394145,0x394146,0x3A4146,0x3A4146,0x3B4246,0x3D4346,0x3C4245,0x3F4648,0x3E4346,
0x1A1B1B,0x020202,0x000000,0x000000,0x010101,0x010101,0x000000,0x000000,0x000000,0x010101,0x010202,0x000000,
0x000000,0x010101,0x020202,0x040304,0x020101,0x000000,0x25292A,0x393E41,0x383D41,0x353A3D,0x101212,0x000000,
0x040503,0x060505,0x050407,0x202226,0x3E4348,0x353F43,0x383F41,0x151418,0x010101,0x010101,0x000000,0x000000,
0x010101,0x010101,0x000000,0x010101,0x000000,0x000000,0x010101,0x010101,0x000000,0x000000,0x000000,0x000000,
0x010101,0x010101,0x000000,0x010101,0x010101,0x010101,0x010101,0x010101,0x010100,0x020202,0x000000,0x08090B,
0x33393C,0x363E40,0x363E40,0x343D3F,0x3C4245,0x1F2124,0x000000,0x020101,0x010101,0x010101,0x000000,0x010101,
0x010101,0x010101,0x010101,0x010101,0x010101,0x010101,0x010101,0x010101,0x000000,0x000000,0x000000,0x000000,
0x000000,0x000000,0x010101,0x010101,0x010101,0x010101,0x010101,0x010101,0x000000,0x000000,0x000000,0x000000,
0x000000,0x000000,0x000000,0x000000,0x000000,0x000000,0x000000,0x000000,0x000000,0x000000,0x000000,0x010101,
0x010101,0x010101,0x010101,0x010101,0x010101,0x010101,0x000000,0x000000,0x010101,0x010101,0x010101,0x010101,
0x010101,0x010101,0x000000,0x000000,0x000000,0x000000,0x000000,0x000000,0x000000,0x000000,0x000000,0x000000,
0x000000,0x000000,0x000000,0x000000,0x000000,0x000000,0x010101,0x010101,0x000000,0x000000,0x010101,0x010101,
0x000000,0x000000,0x000000,0x000000,0x000000,0x000000,0x000000,0x000000,0x000000,0x000000,0x000000,0x010101,
0x000000,0x000000,0x000000,0x000000,0x010101,0x010101,0x010101,0x010101,0x000000,0x0F1213,0x393F42,0x363F42,
0x374042,0x354041,0x3C4345,0x121316,0x000000,0x010101,0x010101,0x010101,0x000000,0x010101,0x010101,0x010101,
0x000000,0x000000,0x010101,0x010101,0x000000,0x000000,0x010101,0x010101,0x010101,0x010101,0x010101,0x010101,
0x000000,0x000000,0x010101,0x010101,0x000000,0x010101,0x010101,0x010101,0x010102,0x010101,0x020201,0x010101,
0x000000,0x010101,0x121316,0x2D2E32,0x3C4145,0x41464A,0x3A4246,0x363E42,0x383F43,0x384043,0x384044,0x3C4546,
0x333938,0x161818,0x000000,0x000000,0x010101,0x010101,0x010101,0x010101,0x010100,0x020202,0x010102,0x000000,
0x000000,0x010102,0x0C0D0F,0x1D1F22,0x2D3133,0x383D3F,0x3C4345,0x3A4243,0x374144,0x364043,0x384045,0x3B4347,
0x3C4548,0x3D4648,0x3E4447,0x3C4145,0x393F42,0x353C3F,0x374042,0x363F41,0x363F42,0x373F42,0x383F44,0x383E44,
0x393D41,0x394143,0x323A3A,0x0B0D0F,0x000000,0x010101,0x010101,0x010101,0x000201,0x000201,0x000100,0x020201,
0x020100,0x000000,0x000001,0x040604,0x010101,0x010101,0x020202,0x020202,0x030102,0x000001,0x040506,0x34393B,
0x363D40,0x383D41,0x3F4246,0x18191D,0x000000,0x050506,0x303133,0x43484B,0x383E41,0x3A4144,0x303537,0x020204,
0x000000,0x030302,0x010101,0x010101,0x010101,0x010101,0x000000,0x000000,0x000000,0x000000,0x010101,0x010101,
0x010101,0x010101,0x000000,0x000000,0x010101,0x010101,0x010101,0x010101,0x000000,0x000000,0x010101,0x010101,
0x000000,0x010101,0x020202,0x000000,0x101113,0x3A3E40,0x373E41,0x353F41,0x353E41,0x3A4043,0x111313,0x000000,
0x020101,0x000101,0x000201,0x000201,0x010101,0x010101,0x010101,0x010101,0x000000,0x010101,0x010101,0x000000,
0x010101,0x010101,0x010101,0x010101,0x000000,0x000000,0x010101,0x010101,0x010101,0x010101,0x010101,0x010101,
0x000000,0x000000,0x000000,0x000000,0x000000,0x000000,0x000000,0x000000,0x000000,0x000000,0x000000,0x000000,
0x000000,0x000000,0x010101,0x010101,0x000000,0x000000,0x010101,0x010101,0x010101,0x010101,0x010101,0x010101,
0x010101,0x010101,0x010101,0x010101,0x010101,0x010101,0x000000,0x000000,0x000000,0x000000,0x000000,0x000000,
0x000000,0x000000,0x000000,0x000000,0x000000,0x000000,0x000000,0x000000,0x000000,0x000000,0x000000,0x000000,
0x000000,0x000000,0x010101,0x010101,0x000000,0x000000,0x000000,0x000000,0x000000,0x000000,0x000000,0x000000,
0x000000,0x000000,0x000000,0x010101,0x010101,0x010101,0x000000,0x000000,0x010101,0x010101,0x010101,0x000000,
0x050707,0x34383B,0x373F41,0x364042,0x353E40,0x3B4344,0x1D1F22,0x000000,0x010101,0x000000,0x010101,0x010101,
0x000000,0x010101,0x000000,0x000000,0x010101,0x010101,0x010101,0x010101,0x010101,0x010101,0x000000,0x000000,
0x010101,0x010101,0x010101,0x010101,0x000000,0x000000,0x010101,0x010101,0x000000,0x010101,0x010101,0x010101,
0x010101,0x020202,0x000000,0x000000,0x111316,0x2C3033,0x383F43,0x373D43,0x3D4246,0x34393C,0x2C3336,0x363E40,
0x393F42,0x3C4144,0x3E4346,0x24282A,0x040605,0x000000,0x000101,0x010101,0x000000,0x000000,0x000000,0x010101,
0x020101,0x000000,0x000000,0x0D0D0F,0x222327,0x313438,0x3B4245,0x3B4346,0x3A4144,0x394043,0x373F42,0x384043,
0x394143,0x373E41,0x34393D,0x2E3235,0x282A2D,0x1E2022,0x17181B,0x0E0E11,0x0A0B0F,0x323639,0x3E4648,0x3C4647,
0x404749,0x3F4548,0x384043,0x373E43,0x3A4143,0x313737,0x070809,0x000000,0x030303,0x020202,0x010101,0x010101,
0x020101,0x020102,0x000000,0x000000,0x020202,0x141416,0x303133,0x202221,0x000000,0x020202,0x010101,0x010101,
0x000000,0x010102,0x000000,0x191C1D,0x3F4549,0x3E4448,0x404549,0x42474B,0x1D1E1F,0x040406,0x0A0A0C,0x292C2D,
0x3D4446,0x374042,0x363E3F,0x2C3133,0x0C0D0E,0x000000,0x010101,0x020202,0x010101,0x010101,0x000000,0x000000,
0x000000,0x000000,0x010101,0x010101,0x010101,0x010101,0x000000,0x000000,0x010101,0x010101,0x010101,0x010101,
0x010101,0x010101,0x010101,0x010101,0x000000,0x010101,0x010101,0x020202,0x000000,0x1B1D1F,0x3B4144,0x353E40,
0x353E41,0x383F41,0x35393A,0x060707,0x000000,0x020201,0x000201,0x000201,0x010101,0x010101,0x000000,0x010101,
0x000000,0x010101,0x000000,0x000000,0x010101,0x010101,0x000000,0x000000,0x000000,0x000000,0x010101,0x010101,
0x010101,0x010101,0x010101,0x010101,0x000000,0x000000,0x000000,0x000000,0x000000,0x000000,0x000000,0x000000,
0x000000,0x000000,0x000000,0x000000,0x000000,0x000000,0x010101,0x010101,0x000000,0x000000,0x010101,0x010101,
0x010101,0x010101,0x000000,0x000000,0x000000,0x000000,0x000000,0x000000,0x010101,0x010101,0x000000,0x000000,
0x010101,0x010101,0x010101,0x010101,0x000000,0x000000,0x010101,0x010101,0x000000,0x000000,0x010101,0x010101,
0x010101,0x000000,0x010101,0x010101,0x010101,0x010101,0x010101,0x010101,0x000000,0x000000,0x000000,0x000000,
0x000000,0x000000,0x000000,0x000000,0x010101,0x010101,0x000000,0x000000,0x000000,0x010101,0x010101,0x010101,
0x010101,0x010101,0x020202,0x000000,0x272B2F,0x3A4044,0x353D40,0x353D40,0x394243,0x292C2E,0x000001,0x010102,
0x000000,0x000000,0x000000,0x010101,0x010101,0x010101,0x000000,0x010101,0x010101,0x010101,0x000000,0x010101,
0x010101,0x010101,0x000000,0x000000,0x010101,0x010101,0x010101,0x010101,0x010101,0x010101,0x000000,0x000000,
0x000000,0x010101,0x010101,0x020202,0x000000,0x000000,0x0D0E10,0x2C3033,0x3D4447,0x394043,0x374043,0x394145,
0x25292C,0x1E2225,0x34393C,0x393F42,0x404547,0x3A3D3F,0x141517,0x000000,0x000101,0x010101,0x000000,0x000000,
0x000000,0x010101,0x000000,0x000000,0x020204,0x161719,0x2E3134,0x3E4246,0x42464C,0x3C4347,0x394245,0x3A4346,
0x3C4346,0x3A3F43,0x33383B,0x25292D,0x191B1C,0x0C0E0F,0x050607,0x000000,0x000000,0x000000,0x000000,0x050505,
0x353639,0x474A4D,0x383D3E,0x2D3234,0x232629,0x25292C,0x3D4447,0x394144,0x363D3E,0x090C0C,0x000000,0x020101,
0x010101,0x020202,0x010101,0x020202,0x020101,0x000000,0x000103,0x191B1D,0x32373A,0x3D4045,0x414548,0x151917,
0x000000,0x020202,0x010101,0x000000,0x000000,0x000000,0x000001,0x000001,0x18191D,0x323539,0x3A3E41,0x3C4043,
0x35383A,0x0B0A0D,0x000000,0x000000,0x1B1D1F,0x3A4143,0x384243,0x394345,0x3A4043,0x1A1D20,0x000001,0x000000,
0x020202,0x000101,0x010101,0x010101,0x000000,0x000000,0x010101,0x010101,0x010101,0x010101,0x000000,0x000000,
0x010101,0x010101,0x000000,0x000000,0x010101,0x010101,0x010101,0x010101,0x000000,0x010101,0x000000,0x000000,
0x020101,0x000000,0x25292C,0x3B4144,0x343E3F,0x343D3F,0x3A4144,0x282D30,0x000100,0x010201,0x000000,0x000000,
0x010101,0x010101,0x010101,0x010101,0x010101,0x010101,0x000000,0x010101,0x010101,0x010101,0x000000,0x010101,
0x000000,0x000000,0x000000,0x000000,0x010101,0x000000,0x010101,0x010101,0x000000,0x000000,0x000000,0x000000,
0x000000,0x000000,0x010101,0x010101,0x010101,0x000000,0x000000,0x010101,0x010101,0x010101,0x010101,0x010101,
0x000000,0x000000,0x000000,0x010101,0x010101,0x010101,0x000000,0x000000,0x000000,0x000000,0x000000,0x000000,
0x010101,0x010101,0x010101,0x010101,0x010101,0x010101,0x010101,0x010101,0x000000,0x000000,0x010101,0x010101,
0x000000,0x000000,0x010101,0x010101,0x010101,0x000000,0x010101,0x010101,0x010101,0x010101,0x010101,0x010101,
0x000000,0x000000,0x010101,0x010101,0x000000,0x000000,0x000000,0x000000,0x000000,0x000000,0x010101,0x010101,
0x000000,0x010101,0x010101,0x010101,0x010101,0x020202,0x000000,0x19191A,0x3A4144,0x343D40,0x353D40,0x363E41,
0x323839,0x050608,0x010001,0x000001,0x000000,0x000000,0x000000,0x010101,0x010101,0x010101,0x000000,0x010101,
0x010101,0x010101,0x000000,0x010101,0x010101,0x010101,0x010101,0x010101,0x010101,0x010101,0x010101,0x010101,
0x010101,0x010101,0x010101,0x010101,0x000000,0x010101,0x020202,0x000000,0x040404,0x242527,0x3D4245,0x3F4549,
0x364042,0x3B4245,0x3B4043,0x15171A,0x1B1E21,0x3B3F42,0x393E41,0x3E4345,0x2E3133,0x080809,0x000000,0x040303,
0x020001,0x000000,0x000000,0x010101,0x000000,0x000000,0x040404,0x1B1C1C,0x323538,0x3F4548,0x3C4547,0x394345,
0x3A4346,0x3E4649,0x404548,0x36393A,0x212424,0x0E1010,0x040305,0x000000,0x000000,0x000000,0x000000,0x010000,
0x020101,0x020201,0x020302,0x1E201F,0x252929,0x0F1213,0x030406,0x000000,0x000000,0x24282B,0x3F4548,0x3F474A,
0x1B1E1F,0x000000,0x020101,0x000100,0x010101,0x010101,0x000000,0x000000,0x000000,0x101213,0x2C3133,0x40474A,
0x3F474B,0x3A4046,0x3F4347,0x0F1212,0x000000,0x020102,0x010101,0x000000,0x010100,0x010101,0x010101,0x030102,
0x010000,0x020102,0x070707,0x070908,0x010306,0x030205,0x020002,0x010101,0x000000,0x0E1012,0x333A3C,0x3C4447,
0x374044,0x3C4347,0x2D2F32,0x0A0B0B,0x000000,0x000000,0x010101,0x020101,0x010101,0x000000,0x010101,0x010101,
0x010101,0x010101,0x010101,0x010101,0x010101,0x010101,0x010101,0x010101,0x010101,0x010101,0x010101,0x010101,
0x000000,0x010101,0x010101,0x010101,0x020000,0x010001,0x030407,0x303538,0x374042,0x343E3F,0x343E40,0x3B4446,
0x191D1C,0x000000,0x020202,0x020001,0x010101,0x010101,0x010101,0x010101,0x010101,0x010101,0x000000,0x010101,
0x010101,0x010101,0x000000,0x010101,0x010101,0x010101,0x010101,0x010101,0x010101,0x000000,0x010101,0x010101,
0x000000,0x000000,0x000000,0x000000,0x000000,0x000000,0x010101,0x010101,0x010101,0x000000,0x000000,0x010101,
0x010101,0x010101,0x010101,0x010101,0x000000,0x000000,0x000000,0x010101,0x010101,0x010101,0x010101,0x010101,
0x010101,0x000000,0x010101,0x010101,0x000000,0x010101,0x010101,0x010101,0x010101,0x010101,0x010101,0x010101,
0x000000,0x000000,0x000000,0x000000,0x000000,0x000000,0x010101,0x010101,0x000000,0x000000,0x010101,0x010101,
0x000000,0x010101,0x010101,0x010101,0x000000,0x000000,0x000000,0x000000,0x010101,0x010101,0x000000,0x000000,
0x000000,0x000000,0x010101,0x000000,0x010101,0x010101,0x010101,0x010101,0x010101,0x000000,0x080B0B,0x343D3F,
0x353F40,0x353D40,0x353D40,0x394043,0x111212,0x000000,0x020202,0x010101,0x000000,0x000000,0x010101,0x010101,
0x000000,0x000000,0x010101,0x000000,0x010101,0x010101,0x010101,0x010101,0x010101,0x010101,0x010101,0x010101,
0x000000,0x010101,0x010101,0x010101,0x010101,0x010101,0x010101,0x010101,0x020202,0x010101,0x000000,0x121313,
0x32393A,0x3E4548,0x3A4145,0x353D42,0x3D4346,0x3B3C40,0x0B0B0F,0x1A1E20,0x3E4447,0x393F42,0x3D4244,0x202525,
0x000000,0x010101,0x020202,0x020202,0x010100,0x020201,0x020202,0x000000,0x020303,0x191B1C,0x333939,0x3D4546,
0x394144,0x363E41,0x3A4245,0x3F4649,0x3A4043,0x282C2E,0x121414,0x020202,0x000000,0x000000,0x000000,0x000000,
0x000000,0x010101,0x070707,0x040404,0x000000,0x000000,0x010101,0x000000,0x000000,0x000000,0x000000,0x010101,
0x0E1111,0x3D4346,0x3C4447,0x313538,0x050403,0x030303,0x020202,0x000000,0x000000,0x000000,0x080909,0x1B1D20,
0x303337,0x393E42,0x394043,0x3C4547,0x3C4144,0x3C4347,0x3E4548,0x0E1012,0x000000,0x020202,0x010101,0x010101,
0x010102,0x000002,0x000000,0x000000,0x000000,0x000000,0x000000,0x000000,0x030204,0x020203,0x010101,0x010101,
0x020101,0x000000,0x050606,0x282C2B,0x3B4548,0x384144,0x3D4347,0x3D4144,0x212425,0x090A0B,0x020102,0x000000,
0x000000,0x000000,0x010101,0x020202,0x020201,0x020201,0x010101,0x000201,0x010101,0x010101,0x010101,0x010101,
0x010101,0x010101,0x010101,0x010101,0x010101,0x010101,0x010101,0x010101,0x000000,0x010101,0x000000,0x0E0F0F,
0x373E41,0x353F41,0x353F41,0x374042,0x363E40,0x080A0D,0x000001,0x010201,0x010101,0x010101,0x010101,0x010101,
0x000000,0x010101,0x000000,0x010101,0x010101,0x010101,0x010101,0x010101,0x010101,0x010101,0x010101,0x010101,
0x010101,0x010101,0x010101,0x000000,0x000000,0x000000,0x000000,0x000000,0x000000,0x010101,0x000000,0x000000,
0x000000,0x010101,0x010101,0x010101,0x000000,0x010101,0x010101,0x010101,0x000000,0x000000,0x010101,0x010101,
0x000000,0x010101,0x010101,0x010101,0x010101,0x000000,0x010101,0x010101,0x000000,0x010101,0x010101,0x010101,
0x010101,0x010101,0x010101,0x010101,0x000000,0x000000,0x000000,0x000000,0x000000,0x010101,0x010101,0x010101,
0x010101,0x010101,0x010101,0x010101,0x000000,0x010101,0x010101,0x010101,0x000000,0x000000,0x000000,0x000000,
0x010101,0x010101,0x010101,0x010101,0x010101,0x010101,0x010101,0x010101,0x010101,0x010101,0x010101,0x010101,
0x010101,0x000001,0x292D30,0x3A4245,0x353E40,0x353D40,0x3C4245,0x1E2226,0x000000,0x020202,0x010101,0x010101,
0x010101,0x010101,0x010101,0x010101,0x010101,0x010101,0x010101,0x000000,0x010101,0x010101,0x000000,0x000000,
0x010101,0x010101,0x010101,0x010101,0x000000,0x010101,0x010101,0x010101,0x010101,0x010101,0x010101,0x020202,
0x010000,0x020303,0x222527,0x394043,0x384042,0x373F42,0x383F42,0x3D4447,0x323639,0x06070B,0x1C1E21,0x404548,
0x374042,0x3B4244,0x1A1C1E,0x000000,0x020102,0x020202,0x010101,0x020202,0x030302,0x000000,0x000000,0x161718,
0x323639,0x3D4346,0x384143,0x333D3F,0x363F43,0x3C4446,0x373A3C,0x1F2021,0x080809,0x000000,0x000000,0x010201,
0x000000,0x000000,0x010102,0x101112,0x1F1F20,0x1F1F1F,0x131313,0x050506,0x010101,0x010101,0x000000,0x000000,
0x020202,0x020202,0x030302,0x000000,0x252A2A,0x41484B,0x3D4447,0x16191B,0x000000,0x040404,0x040405,0x0E0F11,
0x1C1F21,0x2B3033,0x393F42,0x3C4346,0x3C4246,0x404548,0x3C3F42,0x1B1D1F,0x1B1F20,0x41474A,0x3D4448,0x1B1F21,
0x000000,0x000000,0x000000,0x000000,0x000305,0x050709,0x0F1114,0x1A1C1F,0x181B1C,0x151719,0x0F1214,0x050809,
0x000000,0x000000,0x000000,0x020201,0x010101,0x020303,0x000101,0x000000,0x171B1A,0x3A3F41,0x3C4347,0x394146,
0x3F4649,0x3A3F43,0x32363A,0x2A2E31,0x1B2020,0x060808,0x000000,0x000000,0x000000,0x000000,0x000000,0x020101,
0x010101,0x010101,0x010101,0x010101,0x010101,0x010101,0x010101,0x010101,0x010101,0x010101,0x010101,0x010101,
0x000101,0x010101,0x020202,0x000000,0x1C1F21,0x3B4245,0x353E41,0x363E41,0x3A4245,0x2B2F32,0x000001,0x010202,
0x010101,0x010101,0x010101,0x010101,0x000000,0x010101,0x010101,0x010101,0x010101,0x010101,0x010101,0x010101,
0x010101,0x010101,0x010101,0x010101,0x010101,0x010101,0x010101,0x000000,0x000000,0x000000,0x000000,0x000000,
0x010101,0x010101,0x010101,0x010101,0x000000,0x010101,0x010101,0x010101,0x000000,0x010101,0x010101,0x010101,
0x000000,0x000000,0x010101,0x010101,0x000000,0x010101,0x010101,0x010101,0x010101,0x000000,0x000000,0x010101,
0x000000,0x000000,0x000000,0x000000,0x000000,0x000000,0x000000,0x000000,0x010101,0x010101,0x010101,0x010101,
0x000000,0x000000,0x000000,0x010101,0x010101,0x010101,0x010101,0x010101,0x010101,0x010101,0x000000,0x000000,
0x010101,0x010101,0x000000,0x000000,0x000000,0x000000,0x010101,0x010101,0x010101,0x010101,0x010101,0x010101,
0x010101,0x000000,0x010101,0x020202,0x000000,0x16191B,0x3A4144,0x353D40,0x363E41,0x3A4043,0x303336,0x020203,
0x010101,0x010101,0x000000,0x000000,0x010101,0x010101,0x010101,0x010101,0x010101,0x010101,0x010101,0x010101,
0x010101,0x010101,0x010101,0x010101,0x010101,0x010101,0x000000,0x000000,0x010101,0x010101,0x010101,0x010101,
0x010101,0x010101,0x020202,0x000000,0x08090A,0x2E3234,0x3B4346,0x353F43,0x373F42,0x373E40,0x3F4346,0x2E3133,
0x010203,0x161A1C,0x3E4548,0x3A3F43,0x3B4243,0x161919,0x000000,0x020101,0x010101,0x010101,0x000001,0x010102,
0x000000,0x0B0C0D,0x2D3133,0x404447,0x3C4248,0x373D41,0x373D41,0x3A4144,0x32393B,0x1C1F21,0x060606,0x000000,
0x010000,0x020202,0x000000,0x000000,0x0C0D0F,0x28292B,0x393A3C,0x2D2E30,0x151516,0x040404,0x000000,0x000000,
0x010101,0x010101,0x000000,0x010101,0x010101,0x010101,0x010101,0x010201,0x34393B,0x3D4648,0x373D40,0x060808,
0x010000,0x040404,0x030303,0x313335,0x40474D,0x394146,0x383F43,0x3B4144,0x3A4142,0x2B2F30,0x0D0E0F,0x000000,
0x0F1011,0x3F4649,0x394145,0x3A3F43,0x2C2F31,0x232528,0x222427,0x27292C,0x2F3438,0x383D41,0x3D4346,0x3F4448,
0x3D4346,0x3C4245,0x3B4043,0x363B3E,0x2B2E30,0x181B1C,0x060708,0x000000,0x000000,0x020202,0x020202,0x010101,
0x000000,0x0D0E0D,0x2C2F33,0x3D4348,0x3B4246,0x3C4346,0x3C4448,0x3D4548,0x3C4445,0x34393B,0x1A1C1F,0x141518,
0x16191D,0x14161A,0x09090B,0x000000,0x010101,0x010101,0x000000,0x010101,0x010101,0x010101,0x010101,0x010101,
0x010101,0x010101,0x000000,0x010101,0x010101,0x010101,0x010101,0x010101,0x020202,0x2C3132,0x3A4244,0x363D42,
0x373F42,0x3B4245,0x15181A,0x000000,0x010101,0x000000,0x010101,0x000000,0x010101,0x010101,0x010101,0x010101,
0x010101,0x010101,0x010101,0x010101,0x010101,0x010101,0x010101,0x010101,0x010101,0x010101,0x010101,0x010101,
0x010101,0x010101,0x000000,0x010101,0x010101,0x010101,0x010101,0x010101,0x010101,0x010101,0x000000,0x000000,
0x000000,0x000000,0x000000,0x000000,0x000000,0x000000,0x000000,0x010101,0x010101,0x010101,0x000000,0x010101,
0x010101,0x000000,0x000000,0x010101,0x000000,0x000000,0x000000,0x000000,0x000000,0x000000,0x000000,0x000000,
0x010101,0x010101,0x010101,0x010101,0x000000,0x000000,0x000000,0x010101,0x010101,0x010101,0x010101,0x010101,
0x010101,0x010101,0x010101,0x010101,0x010101,0x010101,0x010101,0x010101,0x010101,0x010101,0x010101,0x010101,
0x010101,0x010101,0x010101,0x010101,0x010101,0x000000,0x010101,0x010101,0x050606,0x33383B,0x373F44,0x363E40,
0x363E41,0x3A3E42,0x0E0E10,0x000000,0x020202,0x010101,0x010101,0x010101,0x010101,0x010101,0x010101,0x010101,
0x010101,0x010101,0x010101,0x010101,0x010101,0x010101,0x010101,0x010101,0x010101,0x010101,0x010101,0x010101,
0x010101,0x010101,0x010101,0x010101,0x010101,0x020202,0x000000,0x0F0F10,0x353A3F,0x3B4346,0x363E41,0x384143,
0x364042,0x3C4244,0x2B2E30,0x020203,0x0E100F,0x3C4243,0x394244,0x3C4347,0x17191B,0x000000,0x020203,0x010101,
0x010101,0x020202,0x000000,0x000000,0x1C1D1F,0x3F4245,0x42484B,0x3A4145,0x3A3F43,0x3F4347,0x3C3F42,0x202324,
0x050706,0x000000,0x000000,0x030204,0x000000,0x000000,0x0F1114,0x2D3033,0x444648,0x37383A,0x141416,0x000000,
0x000000,0x000000,0x010101,0x010101,0x010101,0x010101,0x010101,0x010101,0x010101,0x010101,0x000000,0x090A0A,
0x3A4143,0x3D4649,0x303639,0x000001,0x010000,0x030303,0x000000,0x1B1D1E,0x3F454B,0x394144,0x383D40,0x1F2225,
0x0A0C0E,0x000000,0x000000,0x020202,0x010101,0x22272B,0x3D444A,0x3B4347,0x3D4648,0x3C4547,0x3D4649,0x3D4648,
0x3C4447,0x3E4549,0x40474B,0x3D4447,0x3B4246,0x3C4447,0x3C4347,0x3B4346,0x3C4549,0x3C4547,0x373D40,0x24282A,
0x080B0B,0x000000,0x030303,0x0D0B0B,0x0E0E0C,0x010100,0x000000,0x0E1012,0x292C2F,0x373B3E,0x363D3F,0x394042,
0x3B4044,0x383E41,0x394043,0x394043,0x394145,0x3A4245,0x3C4042,0x0B0E0D,0x000000,0x010101,0x010101,0x010101,
0x010101,0x010101,0x010101,0x010101,0x010101,0x010101,0x000000,0x010101,0x010101,0x010101,0x010101,0x020202,
0x000000,0x0B0D0D,0x373E41,0x363E43,0x363E42,0x374143,0x343A3B,0x060607,0x000000,0x010101,0x010101,0x010101,
0x010101,0x010101,0x010101,0x020202,0x010101,0x010101,0x010101,0x010101,0x010101,0x010101,0x010101,0x010101,
0x010101,0x010101,0x010101,0x010101,0x010101,0x010101,0x000000,0x010101,0x010101,0x010101,0x010101,0x010101,
0x010101,0x010101,0x010101,0x010101,0x000000,0x000000,0x010101,0x010101,0x000000,0x000000,0x000000,0x010101,
0x010101,0x010101,0x000000,0x010101,0x010101,0x000000,0x000000,0x000000,0x000000,0x000000,0x010101,0x010101,
0x000000,0x000000,0x000000,0x000000,0x000000,0x000000,0x010101,0x010101,0x010101,0x010101,0x010101,0x000000,
0x010101,0x010101,0x010101,0x010101,0x000000,0x000000,0x010101,0x010101,0x000000,0x000000,0x000000,0x000000,
0x000000,0x010101,0x010101,0x010101,0x010101,0x010101,0x010101,0x010101,0x000201,0x010001,0x030101,0x000000,
0x202327,0x3A4245,0x343E40,0x353D40,0x3B4246,0x1F2326,0x000000,0x020101,0x000000,0x010101,0x010101,0x010101,
0x010101,0x010101,0x010101,0x010101,0x010101,0x010101,0x010101,0x010101,0x000000,0x000000,0x010101,0x010101,
0x000000,0x010101,0x010101,0x010101,0x010101,0x010101,0x010101,0x010101,0x030201,0x000000,0x111215,0x3C3F43,
0x394145,0x363F41,0x384043,0x374042,0x3A4345,0x2E3132,0x030404,0x050506,0x373B3D,0x3D4045,0x3E4447,0x1A1F1F,
0x000000,0x020404,0x010101,0x020001,0x020202,0x000000,0x060607,0x2A2C2E,0x404447,0x3D4347,0x3A4245,0x3B4346,
0x40464A,0x303336,0x0D0E0F,0x000000,0x000100,0x020303,0x020001,0x000000,0x0C0E0E,0x2B2E30,0x42474A,0x393D41,
0x191919,0x000000,0x000000,0x010101,0x020202,0x010101,0x010101,0x010101,0x000000,0x000000,0x010101,0x010101,
0x010101,0x020202,0x000000,0x0E0F0F,0x3A4143,0x3C4548,0x2C2F32,0x010101,0x030204,0x020303,0x030403,0x080A08,
0x373C3F,0x3B4547,0x3B4245,0x080809,0x000000,0x020202,0x030202,0x030102,0x020102,0x000102,0x191C1E,0x31373A,
0x3B4347,0x3F474C,0x40484C,0x3C4448,0x394141,0x2F3436,0x222628,0x17191B,0x111315,0x16181A,0x232528,0x333638,
0x393F41,0x3C4446,0x3F4649,0x3E474A,0x373F41,0x161819,0x000000,0x0F1012,0x393B3F,0x323337,0x242427,0x111113,
0x010201,0x060807,0x080A0A,0x0E1010,0x252A2C,0x3C4345,0x3B4245,0x3A4345,0x364042,0x3A4446,0x3F4648,0x0B0E0D,
0x000000,0x010101,0x010101,0x010101,0x000000,0x010101,0x010101,0x010101,0x000000,0x010101,0x010101,0x010101,
0x010101,0x010101,0x010101,0x010101,0x020201,0x000000,0x1D1F22,0x3B4346,0x343E40,0x353D3F,0x394042,0x222527,
0x000000,0x020102,0x010101,0x000100,0x010101,0x010101,0x010101,0x020202,0x010101,0x010101,0x010101,0x010101,
0x000000,0x010101,0x010101,0x010101,0x000000,0x000000,0x010101,0x010101,0x000000,0x010101,0x010101,0x010101,
0x010101,0x010101,0x010101,0x010101,0x000000,0x000000,0x010101,0x010101,0x000000,0x000000,0x010101,0x010101,
0x000000,0x000000,0x010101,0x010101,0x000000,0x010101,0x010101,0x010101,0x010101,0x000000,0x000000,0x000000,
0x000000,0x000000,0x010101,0x010101,0x000000,0x000000,0x000000,0x000000,0x000000,0x000000,0x010101,0x010101,
0x010101,0x010101,0x010101,0x000000,0x010101,0x010101,0x000000,0x000000,0x000000,0x000000,0x000000,0x000000,
0x000000,0x000000,0x000000,0x000000,0x000000,0x010101,0x000000,0x000000,0x010101,0x010101,0x010101,0x010101,
0x000201,0x020101,0x000000,0x0D0E0F,0x393E42,0x353E41,0x343E40,0x394043,0x32373A,0x030506,0x010101,0x010000,
0x000000,0x010101,0x010101,0x010101,0x010101,0x010101,0x010101,0x010101,0x010101,0x010101,0x000000,0x000000,
0x010101,0x010101,0x010101,0x010101,0x000000,0x010101,0x010101,0x010101,0x010101,0x010101,0x000000,0x010101,
0x000000,0x0F1011,0x3A4042,0x3C4547,0x3A4144,0x3A4044,0x393F43,0x383F42,0x33383C,0x070808,0x000000,0x25282A,
0x3C4042,0x3F4347,0x222628,0x000000,0x020403,0x010201,0x010101,0x020202,0x000000,0x0E0E10,0x36383B,0x3F4346,
0x383D41,0x3A3F43,0x404548,0x3D4246,0x1C1F22,0x000102,0x000000,0x030202,0x020202,0x000000,0x020304,0x1E2223,
0x393E42,0x404548,0x252728,0x050506,0x000000,0x010101,0x010101,0x000000,0x010101,0x010101,0x010101,0x010101,
0x010101,0x010101,0x010101,0x010101,0x010101,0x020202,0x000000,0x131313,0x3A4144,0x3C4447,0x25292C,0x000000,
0x010000,0x000000,0x030302,0x030301,0x262A2C,0x3B4547,0x3F474A,0x1D1F20,0x010101,0x020202,0x000000,0x000000,
0x010000,0x020101,0x000000,0x000001,0x0E1011,0x16191A,0x181A1B,0x101314,0x070908,0x000000,0x000000,0x000000,
0x000000,0x000000,0x000000,0x020202,0x0A0D0E,0x171A1D,0x292D30,0x3A4143,0x3B4446,0x3F4345,0x151618,0x000000,
0x121317,0x3B3E41,0x383E40,0x414848,0x1B1C1B,0x000000,0x020302,0x000000,0x000000,0x0F1112,0x1A1C1E,0x25282B,
0x394143,0x3E484B,0x202628,0x000000,0x010101,0x000000,0x000000,0x000000,0x000000,0x010101,0x010101,0x010101,
0x000000,0x010101,0x000000,0x000000,0x010101,0x010101,0x010101,0x010101,0x010101,0x010101,0x020305,0x2E3536,
0x384042,0x343C3E,0x353C3F,0x3A3F42,0x0F1111,0x000000,0x020101,0x000000,0x000000,0x010101,0x010101,0x010101,
0x010101,0x010101,0x010101,0x010101,0x000000,0x010101,0x000000,0x000000,0x000000,0x000000,0x010101,0x010101,
0x000000,0x010101,0x010101,0x010101,0x010101,0x010101,0x000000,0x000000,0x000000,0x000000,0x000000,0x000000,
0x000000,0x000000,0x010101,0x010101,0x000000,0x000000,0x010101,0x010101,0x000000,0x010101,0x010101,0x010101,
0x010101,0x000000,0x000000,0x000000,0x010101,0x010101,0x000000,0x000000,0x010101,0x010101,0x000000,0x010101,
0x010101,0x010101,0x010101,0x010101,0x010101,0x010101,0x010101,0x010101,0x010101,0x000000,0x010101,0x010101,
0x000000,0x000000,0x000000,0x000000,0x010101,0x010101,0x010101,0x010101,0x010101,0x010101,0x010101,0x010101,
0x010101,0x010101,0x010101,0x010101,0x000101,0x010101,0x000002,0x2A2E31,0x3A4144,0x323C3F,0x353D40,0x3C4044,
0x121515,0x000000,0x010101,0x010000,0x010101,0x010101,0x010101,0x010101,0x010101,0x010101,0x010101,0x010101,
0x010101,0x010101,0x000000,0x010101,0x000000,0x000000,0x010101,0x010101,0x010101,0x010101,0x010101,0x010101,
0x010101,0x000000,0x020202,0x000000,0x090A0C,0x373B3E,0x41484A,0x384042,0x383D41,0x3D4145,0x393E42,0x3B4044,
0x0F1013,0x000000,0x121515,0x393F42,0x393E42,0x2B3030,0x000202,0x020203,0x020202,0x020202,0x020302,0x000000,
0x141618,0x3A3F42,0x3D4245,0x383D41,0x383D41,0x3E4346,0x353639,0x0D0E0F,0x000000,0x010101,0x010101,0x020202,
0x000000,0x0B0C0D,0x2E3233,0x3B4344,0x373B3F,0x151619,0x000000,0x000000,0x010101,0x000000,0x000000,0x000000,
0x010101,0x010101,0x000000,0x000000,0x010101,0x010101,0x010101,0x010101,0x010101,0x020202,0x000000,0x121212,
0x3A4042,0x394145,0x2D3438,0x1D2022,0x25282A,0x1D2021,0x0F1011,0x010100,0x111315,0x3B4446,0x3E474A,0x2C2F32,
0x000000,0x0E0E0F,0x252628,0x111415,0x030303,0x000000,0x0A0B0B,0x0B0B0B,0x000000,0x000000,0x000000,0x000000,
0x000000,0x020101,0x030101,0x030101,0x020201,0x020201,0x020201,0x010100,0x000000,0x000000,0x000000,0x0C0E10,
0x343C3E,0x3E4548,0x2B2E32,0x000001,0x000000,0x202224,0x404647,0x3A4142,0x0D0D0D,0x010101,0x030303,0x020202,
0x030202,0x000000,0x000000,0x09090B,0x394043,0x3F474A,0x1D2123,0x000000,0x010101,0x000000,0x000000,0x000000,
0x000000,0x000000,0x010101,0x010101,0x010101,0x010101,0x010101,0x010101,0x010101,0x010101,0x010101,0x010101,
0x010101,0x020101,0x000000,0x0F1312,0x383E41,0x353C3F,0x353D3F,0x394143,0x2C3133,0x000102,0x010001,0x000000,
0x010101,0x010101,0x010101,0x010101,0x010101,0x010101,0x010101,0x010101,0x010101,0x010101,0x010101,0x010101,
0x010101,0x010101,0x010101,0x010101,0x010101,0x010101,0x010101,0x010101,0x010101,0x000000,0x010101,0x010101,
0x010101,0x000000,0x000000,0x000000,0x000000,0x000000,0x000000,0x000000,0x000000,0x000000,0x010101,0x010101,
0x010101,0x010101,0x010101,0x010101,0x010101,0x000000,0x000000,0x000000,0x010101,0x010101,0x000000,0x000000,
0x010101,0x010101,0x000000,0x010101,0x010101,0x010101,0x010101,0x010101,0x000000,0x000000,0x010101,0x010101,
0x010101,0x000000,0x000000,0x000000,0x000000,0x000000,0x000000,0x000000,0x010101,0x010101,0x010101,0x010101,
0x000000,0x000000,0x000000,0x000000,0x010101,0x010101,0x010101,0x010101,0x020201,0x000000,0x141518,0x3B4145,
0x363E41,0x343E40,0x394144,0x292C30,0x000000,0x020201,0x000000,0x010101,0x010101,0x010101,0x010101,0x010101,
0x000000,0x000000,0x010101,0x010101,0x010101,0x010101,0x000000,0x010101,0x000000,0x000000,0x010101,0x010101,
0x010101,0x010101,0x010101,0x010101,0x010101,0x000000,0x010101,0x030303,0x32363A,0x393E40,0x1F2224,0x15171B,
0x3A3F43,0x3C4146,0x3F4448,0x202427,0x000000,0x060605,0x343838,0x3A4245,0x353A3C,0x060808,0x000000,0x010102,
0x020001,0x030303,0x000000,0x1A1D1D,0x3E4346,0x3B4044,0x383E42,0x363D43,0x3E4246,0x292A2F,0x030405,0x000000,
0x020101,0x000000,0x010101,0x000000,0x141617,0x393E3F,0x3F4446,0x323739,0x0C0C0F,0x000000,0x010101,0x000000,
0x000000,0x000000,0x000000,0x010101,0x010101,0x010101,0x010101,0x010101,0x010101,0x010101,0x010101,0x010101,
0x000000,0x010101,0x000000,0x0D0E0E,0x3A3F41,0x373F43,0x394146,0x3F4548,0x3C4448,0x3D4548,0x3D4145,0x27292D,
0x050608,0x30383A,0x3F484B,0x35393C,0x050405,0x010102,0x252829,0x3D4245,0x313438,0x121416,0x030405,0x373839,
0x141415,0x000000,0x010202,0x010102,0x020102,0x010102,0x010102,0x010102,0x000102,0x000102,0x010102,0x010102,
0x020101,0x020201,0x010101,0x030405,0x32393C,0x3D454A,0x23282D,0x000001,0x020202,0x080909,0x323335,0x0E0E11,
0x000000,0x000000,0x000000,0x000000,0x000000,0x000000,0x020302,0x060707,0x31373A,0x3D4548,0x323739,0x030303,
0x000000,0x000000,0x000000,0x000000,0x000000,0x000000,0x010101,0x010101,0x010101,0x010101,0x010101,0x010101,
0x000000,0x000000,0x010101,0x010101,0x000101,0x010000,0x020101,0x000100,0x25292C,0x394043,0x353D3F,0x353E40,
0x3B4245,0x141519,0x000000,0x010101,0x010101,0x010101,0x010101,0x010101,0x000000,0x000000,0x010101,0x010101,
0x010101,0x010101,0x010101,0x010101,0x010101,0x010101,0x010101,0x010101,0x010101,0x010101,0x010101,0x010101,
0x010101,0x000000,0x000000,0x000000,0x010101,0x000000,0x000000,0x000000,0x000000,0x000000,0x000000,0x000000,
0x000000,0x000000,0x010101,0x010101,0x010101,0x010101,0x010101,0x010101,0x010101,0x010101,0x010101,0x010101,
0x000000,0x000000,0x000000,0x000000,0x000000,0x000000,0x000000,0x000000,0x010101,0x010101,0x010101,0x010101,
0x000000,0x000000,0x000000,0x000000,0x000000,0x000000,0x000000,0x000000,0x000000,0x000000,0x000000,0x000000,
0x000000,0x000000,0x010101,0x010101,0x000000,0x000000,0x010101,0x010101,0x000000,0x000000,0x000000,0x000000,
0x010101,0x020203,0x313437,0x394144,0x353D42,0x363E41,0x383E41,0x0B0C0E,0x000000,0x020201,0x010101,0x010101,
0x000000,0x000000,0x010101,0x010101,0x010101,0x010101,0x010101,0x010101,0x000000,0x000000,0x010101,0x010101,
0x000000,0x000000,0x010101,0x000000,0x000000,0x010101,0x010101,0x010101,0x000000,0x010101,0x010101,0x242425,
0x2B2C2E,0x090A09,0x000000,0x313236,0x404548,0x3C4348,0x353A3D,0x040605,0x000000,0x222626,0x3E4547,0x3D4447,
0x191A1A,0x000000,0x010101,0x000000,0x030202,0x000000,0x191E1E,0x3D4446,0x3C4043,0x3B3E43,0x393E43,0x3D4146,
0x232425,0x000001,0x000000,0x010101,0x010000,0x020202,0x000000,0x171A1D,0x3E4346,0x404446,0x343638,0x070809,
0x000000,0x020202,0x000000,0x000000,0x000000,0x000000,0x000000,0x000000,0x000000,0x010101,0x010101,0x010101,
0x010101,0x010101,0x010101,0x010101,0x000000,0x000000,0x000000,0x080809,0x363D3F,0x384043,0x363E41,0x383F42,
0x394044,0x373F42,0x373F42,0x3D4649,0x2F3337,0x282D31,0x384044,0x373E42,0x0D0E0F,0x000000,0x000101,0x2B2E32,
0x414549,0x41484B,0x151A1C,0x16191C,0x414347,0x050506,0x000101,0x010001,0x000000,0x000000,0x010101,0x010101,
0x000000,0x000000,0x010101,0x010101,0x010101,0x020202,0x000000,0x101010,0x3F4447,0x3C4146,0x2B2E32,0x020406,
0x000003,0x010104,0x010202,0x060807,0x101213,0x141618,0x151719,0x151718,0x141716,0x0E1110,0x040605,0x000000,
0x22272B,0x3C4648,0x3A4244,0x0F0F13,0x000000,0x010101,0x000000,0x000000,0x000000,0x000000,0x010101,0x010101,
0x010101,0x010101,0x010101,0x010101,0x010101,0x010101,0x010101,0x010101,0x000000,0x010101,0x020202,0x000000,
0x090A0C,0x363C3D,0x374042,0x363E41,0x374142,0x303537,0x020203,0x020101,0x010101,0x010101,0x010101,0x010101,
0x010101,0x000000,0x010101,0x000000,0x000000,0x000000,0x000000,0x000000,0x010101,0x010101,0x010101,0x010101,
0x010101,0x010101,0x010101,0x010101,0x010101,0x010101,0x000000,0x000000,0x000000,0x000000,0x000000,0x000000,
0x000000,0x000000,0x000000,0x000000,0x000000,0x000000,0x010101,0x010101,0x010101,0x010101,0x010101,0x010101,
0x010101,0x010101,0x010101,0x010101,0x000000,0x000000,0x000000,0x000000,0x000000,0x000000,0x000000,0x000000,
0x010101,0x010101,0x000000,0x000000,0x000000,0x000000,0x000000,0x000000,0x000000,0x000000,0x000000,0x000000,
0x000000,0x000000,0x000000,0x000000,0x000000,0x000000,0x000000,0x000000,0x000000,0x000000,0x000000,0x000000,
0x010101,0x010101,0x000000,0x010101,0x000000,0x18181A,0x3E4245,0x363E41,0x363E41,0x3C4346,0x222528,0x000000,
0x020202,0x010101,0x010101,0x010101,0x010101,0x010101,0x010101,0x010101,0x010101,0x010101,0x010101,0x010101,
0x010101,0x010101,0x010101,0x010101,0x000000,0x000000,0x010101,0x000000,0x000000,0x010101,0x010101,0x010101,
0x000000,0x000000,0x040404,0x101010,0x000000,0x000000,0x1F2123,0x414649,0x393D42,0x3D4346,0x14171A,0x000000,
0x0C0D0F,0x3B4041,0x3F4447,0x303436,0x010101,0x010101,0x000000,0x010101,0x000000,0x161818,0x3F4346,0x394144,
0x3D4045,0x3D4044,0x404448,0x202326,0x000000,0x010101,0x010101,0x000000,0x010101,0x000000,0x16181A,0x3E4346,
0x3E4346,0x343839,0x060608,0x000000,0x020202,0x010101,0x000000,0x000000,0x000000,0x000000,0x000000,0x000000,
0x000000,0x010101,0x010101,0x010101,0x010101,0x010101,0x000000,0x000000,0x010101,0x010101,0x000000,0x010202,
0x303438,0x414649,0x414549,0x3F4347,0x3F4346,0x3F4548,0x3F4649,0x3A4144,0x384043,0x333C3F,0x333D3F,0x384245,
0x181B1D,0x000000,0x000000,0x07090C,0x3D4043,0x404648,0x41484B,0x111619,0x34373B,0x26272A,0x000000,0x020101,
0x000000,0x000000,0x010101,0x010101,0x010101,0x010101,0x000000,0x000000,0x010101,0x010101,0x010101,0x020203,
0x2B2F30,0x404347,0x3D4145,0x35393C,0x2A2E31,0x2E3235,0x32373A,0x383E41,0x3B4245,0x3C4346,0x3D4447,0x3D4447,
0x3D4346,0x3C4346,0x252A2D,0x181B1E,0x373A3F,0x3B4345,0x3B4043,0x0B0B0E,0x000000,0x010101,0x000000,0x000000,
0x000000,0x000000,0x000000,0x000000,0x010101,0x010101,0x010101,0x010101,0x010101,0x010101,0x010101,0x010101,
0x000000,0x010101,0x010101,0x020202,0x000000,0x1F2325,0x3C4346,0x363E41,0x363E41,0x3B4245,0x17191B,0x000000,
0x020202,0x010101,0x010101,0x010101,0x010101,0x000000,0x010101,0x000000,0x010101,0x010101,0x000000,0x000000,
0x010101,0x010101,0x010101,0x010101,0x000000,0x000000,0x010101,0x010101,0x010101,0x010101,0x000000,0x000000,
0x000000,0x000000,0x000000,0x000000,0x000000,0x000000,0x000000,0x000000,0x000000,0x000000,0x010101,0x010101,
0x010101,0x010101,0x010101,0x010101,0x010101,0x000000,0x000000,0x000000,0x000000,0x000000,0x000000,0x010101,
0x000000,0x000000,0x010101,0x010101,0x010101,0x000000,0x010101,0x010101,0x010101,0x010101,0x000000,0x000000,
0x000000,0x000000,0x000000,0x000000,0x000000,0x000000,0x000000,0x000000,0x010101,0x010101,0x000000,0x000000,
0x000000,0x000000,0x010101,0x010101,0x000000,0x000000,0x000000,0x000000,0x020204,0x313437,0x3A4043,0x363E42,
0x374043,0x373B3E,0x070709,0x010101,0x010101,0x010101,0x010101,0x010101,0x010101,0x010101,0x000000,0x000000,
0x000000,0x000000,0x010101,0x010101,0x000000,0x000000,0x000000,0x000000,0x010101,0x010101,0x010101,0x010101,
0x010101,0x010101,0x000000,0x000000,0x000000,0x000000,0x000000,0x000000,0x000001,0x0B0C0F,0x393D42,0x394043,
0x3D4347,0x2B2E31,0x000101,0x000101,0x272B2E,0x3F4447,0x3E4344,0x121315,0x000000,0x010101,0x010101,0x000000,
0x0B0D0E,0x3B3F42,0x3B4044,0x3B4146,0x3C4045,0x43464A,0x26282B,0x000000,0x010101,0x000000,0x000000,0x010101,
0x000000,0x0C0D0E,0x3D4144,0x3F4347,0x393D3F,0x090B0B,0x000000,0x010101,0x000000,0x000000,0x000000,0x000000,
0x000000,0x000000,0x000000,0x000000,0x010101,0x010101,0x000000,0x010101,0x010101,0x010101,0x010101,0x010101,
0x000000,0x000000,0x010101,0x000000,0x262629,0x3A3B3E,0x1B1C1E,0x0E0F12,0x0C0C0F,0x0F1012,0x1D1F21,0x34383A,
0x384042,0x343D40,0x363F42,0x384244,0x262B2D,0x000000,0x020202,0x000000,0x1C1E20,0x43474A,0x3C4447,0x31363B,
0x1C1F23,0x3A3C40,0x060608,0x000000,0x020202,0x010101,0x010101,0x010101,0x010101,0x010101,0x010101,0x010101,
0x000000,0x000000,0x000000,0x000000,0x030304,0x2D2E33,0x3F4248,0x3D4246,0x3D4547,0x40464A,0x404549,0x3E4247,
0x383D40,0x33393B,0x313739,0x33383B,0x343C3F,0x394245,0x3C4246,0x3F4448,0x414548,0x3E4245,0x191B1D,0x000000,
0x000000,0x000000,0x000000,0x000000,0x010101,0x010101,0x010101,0x010101,0x010101,0x010101,0x010101,0x010101,
0x000000,0x000000,0x010101,0x010101,0x000000,0x000000,0x000000,0x000000,0x010101,0x060607,0x363A3D,0x373F42,
0x383E42,0x384143,0x2F3637,0x020304,0x000101,0x000000,0x010101,0x010101,0x000000,0x000000,0x000000,0x000000,
0x000000,0x000000,0x000000,0x000000,0x010101,0x010101,0x010101,0x010101,0x010101,0x010101,0x010101,0x010101,
0x010101,0x000000,0x000000,0x000000,0x000000,0x000000,0x000000,0x000000,0x000000,0x000000,0x000000,0x000000,
0x010101,0x010101,0x000000,0x000000,0x010101,0x010101,0x010101,0x010101,0x010101,0x000000,0x000000,0x000000,
0x000000,0x000000,0x000000,0x010101,0x000000,0x000000,0x010101,0x010101,0x010101,0x000000,0x010101,0x010101,
0x010101,0x010101,0x000000,0x000000,0x000000,0x000000,0x000000,0x000000,0x000000,0x000000,0x000000,0x000000,
0x010101,0x010101,0x010101,0x010101,0x010101,0x010101,0x000000,0x000000,0x000000,0x000000,0x010101,0x000000,
0x16171A,0x3C4245,0x353F42,0x363D43,0x3A4245,0x1F2225,0x000000,0x010202,0x010101,0x010101,0x010101,0x010101,
0x010101,0x010101,0x000000,0x000000,0x000000,0x000000,0x010101,0x010101,0x000000,0x000000,0x000000,0x000000,
0x010101,0x010101,0x010101,0x010101,0x010101,0x010101,0x000000,0x000000,0x000000,0x000000,0x000000,0x010101,
0x010100,0x2D2F32,0x3C4247,0x373F44,0x3B4145,0x0E0F11,0x000000,0x090A0B,0x383E41,0x3E4648,0x313535,0x010002,
0x010101,0x000000,0x010101,0x030404,0x313538,0x3D4246,0x3A3F45,0x3B4046,0x404549,0x303336,0x010102,0x020101,
0x000000,0x000000,0x000000,0x010101,0x020203,0x303335,0x3E4347,0x3E4347,0x141618,0x000000,0x010101,0x010000,
0x000000,0x000000,0x000000,0x000000,0x000000,0x000000,0x010101,0x010101,0x010101,0x010101,0x000000,0x010101,
0x010101,0x010101,0x010101,0x010101,0x000000,0x000000,0x000000,0x000000,0x08080A,0x040406,0x000000,0x000000,
0x000000,0x000000,0x000000,0x030405,0x26292D,0x3A3F43,0x373F42,0x384043,0x34393C,0x030405,0x010000,0x010101,
0x010102,0x323739,0x3D4448,0x383E44,0x24292E,0x363A3E,0x18191C,0x000000,0x020202,0x010101,0x010101,0x010101,
0x010101,0x010101,0x010101,0x010101,0x000000,0x000000,0x000000,0x020202,0x000000,0x1B1B20,0x3F4349,0x3A3E43,
0x3B3F44,0x2C2F33,0x1F2223,0x141616,0x0B0B0E,0x050507,0x040305,0x010102,0x25292D,0x3C4144,0x3C4043,0x3F4347,
0x34373B,0x131416,0x000000,0x020103,0x000000,0x000000,0x010101,0x010101,0x010101,0x010101,0x010101,0x010101,
0x010101,0x010101,0x010101,0x010101,0x000000,0x000000,0x010101,0x010101,0x000000,0x000000,0x000000,0x000000,
0x010202,0x000000,0x1C1F21,0x3A4244,0x363B41,0x333D40,0x394243,0x17191B,0x000000,0x010101,0x010101,0x010101,
0x000000,0x000000,0x010101,0x010101,0x000000,0x000000,0x010101,0x010101,0x010101,0x010101,0x010101,0x010101,
0x010101,0x010101,0x010101,0x010101,0x010101,0x000000,0x000000,0x000000,0x000000,0x000000,0x000000,0x000000,
0x000000,0x000000,0x000000,0x000000,0x010101,0x010101,0x010101,0x010101,0x010101,0x010101,0x010101,0x010101,
0x010101,0x000000,0x000000,0x000000,0x000000,0x000000,0x010101,0x010101,0x000000,0x000000,0x000000,0x000000,
0x000000,0x000000,0x010101,0x010101,0x000000,0x000000,0x000000,0x000000,0x000000,0x000000,0x000000,0x000000,
0x000000,0x000000,0x000000,0x000000,0x000000,0x000000,0x010101,0x010101,0x000000,0x000000,0x000000,0x000000,
0x000002,0x010000,0x010100,0x010102,0x2E3135,0x384043,0x353F41,0x384043,0x373A3E,0x07070A,0x000000,0x000000,
0x000000,0x000000,0x000000,0x000000,0x010101,0x010101,0x000000,0x000000,0x010101,0x010101,0x010101,0x010101,
0x010101,0x010101,0x000000,0x000000,0x000000,0x000000,0x010101,0x010101,0x010101,0x010101,0x000000,0x000000,
0x000002,0x000001,0x020201,0x000000,0x18191B,0x3D4245,0x363E41,0x3C4147,0x2B2D31,0x000001,0x000000,0x1E2222,
0x3E4648,0x3E4446,0x171919,0x000000,0x010301,0x020101,0x000000,0x242629,0x3E4346,0x393E41,0x393C42,0x3C3F44,
0x393F3E,0x070909,0x000000,0x020101,0x000000,0x010101,0x020204,0x000000,0x191B1F,0x384143,0x3A4345,0x26272C,
0x000000,0x010101,0x000000,0x000000,0x000000,0x000000,0x010101,0x010101,0x000000,0x000000,0x010101,0x010101,
0x000000,0x010101,0x010101,0x010101,0x000000,0x000000,0x000000,0x000000,0x000000,0x000000,0x000000,0x000000,
0x000000,0x000001,0x020202,0x020202,0x010101,0x010101,0x020202,0x000000,0x020204,0x313639,0x3A4245,0x373F44,
0x3C4547,0x0F1113,0x000000,0x010101,0x000000,0x121416,0x3D4245,0x383D41,0x323A3E,0x363E41,0x272B2D,0x000000,
0x010101,0x000000,0x010101,0x010101,0x000000,0x000000,0x000000,0x000000,0x010000,0x010001,0x010201,0x000000,
0x0F0E10,0x383C3F,0x383E43,0x3A3E45,0x1B1B1C,0x000000,0x000000,0x000000,0x000000,0x010101,0x000000,0x151417,
0x383C3F,0x3C3F42,0x2B2D2F,0x0E0F10,0x010202,0x000000,0x010101,0x000000,0x000000,0x000000,0x010101,0x010101,
0x000000,0x000000,0x010101,0x010101,0x000000,0x000000,0x010101,0x010101,0x000000,0x000000,0x010101,0x010101,
0x010101,0x010101,0x010101,0x010101,0x010000,0x000101,0x050607,0x343A3B,0x363E40,0x343E3F,0x363F40,0x2F3436,
0x020302,0x010000,0x020101,0x000201,0x010101,0x010101,0x010101,0x010101,0x000000,0x000000,0x010101,0x010101,
0x010101,0x010101,0x010101,0x010101,0x000000,0x000000,0x010101,0x010101,0x000000,0x000000,0x000000,0x000000,
0x000000,0x000000,0x000000,0x000000,0x000000,0x000000,0x010101,0x010101,0x000000,0x000000,0x010101,0x010101,
0x000000,0x000000,0x010101,0x010101,0x010101,0x000000,0x000000,0x000000,0x000000,0x000000,0x010101,0x010101,
0x000000,0x000000,0x000000,0x000000,0x000000,0x000000,0x000000,0x000000,0x000000,0x000000,0x000000,0x000000,
0x000000,0x000000,0x000000,0x000000,0x000000,0x000000,0x000000,0x000000,0x000000,0x000000,0x000000,0x000000,
0x000000,0x000000,0x000000,0x000000,0x000002,0x010101,0x000000,0x131517,0x3B4044,0x353E40,0x343E40,0x3C4245,
0x212225,0x000000,0x010101,0x000000,0x010101,0x010101,0x000000,0x000000,0x010101,0x010101,0x000000,0x000000,
0x010101,0x010101,0x000000,0x000000,0x010101,0x010101,0x000000,0x000000,0x000000,0x000000,0x010101,0x010101,
0x010101,0x010101,0x000000,0x000000,0x000000,0x000000,0x000000,0x050607,0x373A3D,0x3A4143,0x373F42,0x3D4246,
0x141518,0x000000,0x030303,0x333739,0x3F4648,0x35393B,0x050605,0x030302,0x030302,0x000000,0x121316,0x3C4144,
0x393E42,0x393E42,0x383B40,0x3D4044,0x141716,0x000000,0x010101,0x000000,0x000000,0x010101,0x010102,0x060508,
0x34373B,0x394143,0x343A3C,0x050508,0x010000,0x000000,0x000000,0x000000,0x000000,0x000000,0x000000,0x000000,
0x010101,0x010101,0x010101,0x010101,0x000000,0x010101,0x000000,0x000000,0x000000,0x000000,0x000000,0x000000,
0x000000,0x000000,0x000000,0x000000,0x010101,0x010101,0x010101,0x010101,0x010101,0x010101,0x010101,0x020202,
0x000000,0x191C1E,0x3E4548,0x384043,0x40494B,0x1F2224,0x000000,0x010101,0x010101,0x000001,0x292C2F,0x3C4145,
0x373E43,0x384143,0x353B3C,0x040507,0x000000,0x000000,0x010101,0x010101,0x000000,0x000000,0x000000,0x000000,
0x000000,0x020202,0x000000,0x0A0B0C,0x35373B,0x3B3F43,0x36393C,0x131417,0x000000,0x020201,0x010101,0x010101,
0x020202,0x000000,0x101213,0x383B40,0x3C3F42,0x292B2D,0x010203,0x000000,0x010101,0x010101,0x000000,0x000000,
0x000000,0x000000,0x010101,0x010101,0x010101,0x010101,0x000000,0x000000,0x000000,0x000000,0x010101,0x010101,
0x000000,0x000000,0x010101,0x010101,0x010101,0x010101,0x010101,0x010101,0x010101,0x010202,0x000000,0x1D2021,
0x3A4143,0x343E3F,0x343C3E,0x3B4042,0x141616,0x000000,0x020202,0x000201,0x010101,0x010101,0x000000,0x000000,
0x000000,0x000000,0x010101,0x010101,0x010101,0x010101,0x000000,0x000000,0x000000,0x000000,0x010101,0x010101,
0x000000,0x000000,0x000000,0x000000,0x000000,0x000000,0x000000,0x000000,0x000000,0x000000,0x010101,0x010101,
0x000000,0x000000,0x000000,0x000000,0x000000,0x000000,0x000000,0x000000,0x000000,0x000000,0x000000,0x000000,
0x000000,0x000000,0x010101,0x010101,0x000000,0x000000,0x000000,0x010101,0x000000,0x000000,0x010101,0x010101,
0x000000,0x000000,0x010101,0x010101,0x010101,0x010101,0x000000,0x000000,0x010101,0x000000,0x000000,0x010101,
0x000000,0x000000,0x010101,0x010101,0x000000,0x000000,0x010101,0x010101,0x010102,0x010101,0x000001,0x2B2E33,
0x3A4044,0x343E40,0x374042,0x373B3F,0x070809,0x000100,0x010101,0x010101,0x000000,0x000000,0x010101,0x010101,
0x000000,0x000000,0x000000,0x000000,0x000000,0x000000,0x010101,0x010101,0x010101,0x010101,0x000000,0x000000,
0x010101,0x010101,0x000000,0x000000,0x000000,0x000000,0x010101,0x010101,0x000000,0x010101,0x000000,0x1F2124,
0x404549,0x363F41,0x3A4244,0x34393C,0x040405,0x000000,0x101212,0x3C4346,0x3F4548,0x1E2224,0x000000,0x040302,
0x020101,0x030405,0x34393B,0x3C4145,0x3A3F44,0x383D41,0x3C4044,0x262A2C,0x000000,0x010101,0x000000,0x000000,
0x010101,0x010101,0x000000,0x1D1D20,0x3C4145,0x3B4144,0x191B1D,0x000000,0x010101,0x000000,0x000000,0x000000,
0x000000,0x000000,0x000000,0x000000,0x010101,0x010101,0x000000,0x000000,0x010101,0x010101,0x000000,0x010101,
0x000000,0x000000,0x000000,0x000000,0x010101,0x010101,0x010101,0x010101,0x000000,0x000000,0x000000,0x010101,
0x010101,0x010101,0x000000,0x010101,0x000101,0x090A0C,0x3C4044,0x3A4244,0x3D4749,0x2F3135,0x000001,0x010102,
0x010101,0x000000,0x0C0E10,0x3A3E42,0x393F44,0x364142,0x3D4546,0x0F1213,0x000000,0x010101,0x000000,0x000000,
0x010101,0x010101,0x010101,0x010101,0x020201,0x000000,0x0A0A0C,0x383A3D,0x3C4044,0x292B2E,0x0A0A0A,0x000000,
0x010101,0x000000,0x000000,0x010101,0x000000,0x131315,0x424449,0x3D4246,0x242527,0x020203,0x000000,0x010101,
0x000000,0x000000,0x000000,0x000000,0x000000,0x000000,0x000000,0x010101,0x010101,0x010101,0x000000,0x000000,
0x000000,0x000000,0x010101,0x010101,0x000000,0x000000,0x000000,0x010101,0x010101,0x010101,0x000000,0x010101,
0x010101,0x010101,0x000002,0x060609,0x33383B,0x353F40,0x333D3E,0x384042,0x2B3031,0x000102,0x010101,0x000100,
0x010101,0x010101,0x010101,0x010101,0x010101,0x010101,0x000000,0x000000,0x000000,0x000000,0x000000,0x010101,
0x010101,0x010101,0x000000,0x000000,0x000000,0x000000,0x000000,0x000000,0x000000,0x000000,0x010101,0x010101,
0x010101,0x010101,0x000000,0x000000,0x010101,0x000000,0x010101,0x010101,0x010101,0x010101,0x010101,0x010101,
0x000000,0x000000,0x000000,0x000000,0x000000,0x000000,0x010101,0x010101,0x000000,0x000000,0x000000,0x010101,
0x000000,0x000000,0x010101,0x010101,0x000000,0x000000,0x010101,0x010101,0x010101,0x010101,0x000000,0x000000,
0x010101,0x000000,0x000000,0x010101,0x000000,0x000000,0x010101,0x010101,0x000000,0x000000,0x010101,0x010101,
0x020202,0x000000,0x0D0F11,0x393F44,0x363E41,0x343E40,0x3A4245,0x23262A,0x000000,0x020302,0x010101,0x010101,
0x000000,0x000000,0x010101,0x010101,0x000000,0x000000,0x000000,0x000000,0x000000,0x000000,0x010101,0x010101,
0x010101,0x010101,0x010101,0x010101,0x010101,0x010101,0x000000,0x000000,0x000000,0x000000,0x010101,0x010101,
0x010000,0x000000,0x050608,0x363C3E,0x394046,0x353F41,0x3B4446,0x232628,0x000000,0x000000,0x242728,0x3E474A,
0x3A4042,0x0A0C0E,0x000000,0x030202,0x000000,0x1F2123,0x43494C,0x3A4044,0x393E44,0x383D41,0x383C3E,0x090C0D,
0x000000,0x010101,0x000000,0x000000,0x010101,0x000000,0x020203,0x343537,0x3B4245,0x34383B,0x030405,0x010101,
0x000000,0x000000,0x000000,0x000000,0x000000,0x000000,0x010101,0x010101,0x010101,0x010101,0x010101,0x010101,
0x010101,0x010101,0x000000,0x010101,0x000000,0x000000,0x000000,0x000000,0x000000,0x000000,0x010101,0x010101,
0x000000,0x000000,0x000000,0x010101,0x010101,0x010101,0x000000,0x010101,0x010201,0x000001,0x2F3134,0x3D4648,
0x3A4245,0x3B3D42,0x07070A,0x010101,0x010000,0x010101,0x000000,0x272A2D,0x3C4347,0x374143,0x404A4B,0x1E2424,
0x000000,0x010101,0x000000,0x000000,0x010101,0x010101,0x010101,0x010101,0x000000,0x111212,0x404144,0x33363A,
0x141617,0x010000,0x000000,0x010302,0x000000,0x000000,0x010101,0x000000,0x161819,0x494B50,0x3D3E42,0x161718,
0x000000,0x010101,0x000000,0x000000,0x000000,0x000000,0x000000,0x000000,0x000000,0x000000,0x000000,0x010101,
0x010101,0x010101,0x010101,0x010101,0x000000,0x000000,0x010101,0x010101,0x000000,0x000000,0x000000,0x010101,
0x010101,0x010101,0x000000,0x010101,0x010101,0x010101,0x020204,0x000000,0x202427,0x394143,0x333D3E,0x343D3F,
0x383F43,0x0D0F12,0x000000,0x010101,0x010101,0x010101,0x000000,0x000000,0x010101,0x010101,0x010101,0x010101,
0x010101,0x010101,0x000000,0x010101,0x010101,0x010101,0x000000,0x000000,0x000000,0x000000,0x000000,0x000000,
0x000000,0x000000,0x010101,0x010101,0x010101,0x010101,0x000000,0x000000,0x010101,0x000000,0x010101,0x010101,
0x010101,0x010101,0x010101,0x010101,0x010101,0x000000,0x010101,0x010101,0x000000,0x000000,0x010101,0x010101,
0x000000,0x000000,0x010101,0x010101,0x000000,0x000000,0x000000,0x000000,0x000000,0x000000,0x010101,0x010101,
0x000000,0x000000,0x010101,0x010101,0x000000,0x010101,0x010101,0x010101,0x000000,0x000000,0x000000,0x000000,
0x000000,0x000000,0x000000,0x000000,0x010202,0x000000,0x24272A,0x3A4346,0x363F42,0x363C42,0x393D41,0x0B0E0E,
0x000000,0x010201,0x010101,0x010101,0x000000,0x000000,0x010101,0x010101,0x000000,0x000000,0x010101,0x010101,
0x010101,0x010101,0x010101,0x010101,0x000000,0x010101,0x010101,0x010101,0x000000,0x010101,0x010101,0x010101,
0x000000,0x000000,0x000000,0x000000,0x010101,0x000000,0x191D1F,0x3D4647,0x383F43,0x374044,0x3C4346,0x141717,
0x000000,0x030304,0x34383B,0x3E4749,0x2F3234,0x000001,0x010001,0x000100,0x040404,0x3A3C40,0x43474C,0x363C3F,
0x394144,0x3D4145,0x292A2C,0x000000,0x010101,0x010101,0x010101,0x010101,0x010101,0x000000,0x0E1012,0x3C4245,
0x3F4349,0x232427,0x000000,0x010103,0x000000,0x000000,0x010101,0x010101,0x000000,0x010101,0x010101,0x010101,
0x000000,0x000000,0x010101,0x000000,0x010101,0x010101,0x000000,0x000000,0x010101,0x010101,0x000000,0x000000,
0x010101,0x010101,0x010101,0x010101,0x010101,0x010101,0x010101,0x010101,0x010101,0x010101,0x010101,0x010101,
0x010101,0x000000,0x1B1D20,0x3F484A,0x393F43,0x3E4348,0x121418,0x000000,0x010101,0x020202,0x000000,0x0B0B0B,
0x3D4245,0x3C4547,0x3E494B,0x2D3336,0x000001,0x020103,0x000000,0x000000,0x000000,0x000000,0x000000,0x000000,
0x010102,0x1E1E1E,0x181819,0x000001,0x000000,0x000000,0x020202,0x010101,0x000200,0x010201,0x010101,0x050606,
0x2B2E2E,0x1D1F20,0x020203,0x000000,0x010103,0x000102,0x000000,0x000000,0x010101,0x010101,0x010101,0x010101,
0x000000,0x000000,0x010101,0x010101,0x000000,0x010101,0x000000,0x000000,0x010101,0x010101,0x010101,0x010101,
0x000000,0x000000,0x010101,0x010101,0x000000,0x010101,0x010101,0x010101,0x000000,0x010101,0x020102,0x000000,
0x0B0D0C,0x383E3E,0x363E40,0x343E40,0x3A4245,0x24272A,0x000000,0x020202,0x000000,0x010101,0x010101,0x010101,
0x000000,0x010101,0x010101,0x010101,0x000000,0x000000,0x010101,0x010101,0x000000,0x000000,0x010101,0x010101,
0x000000,0x000000,0x010101,0x010101,0x000000,0x000000,0x010101,0x010101,0x010101,0x010101,0x010101,0x010101,
0x000000,0x000000,0x010101,0x000000,0x010101,0x010101,0x010101,0x010101,0x010101,0x000000,0x000000,0x000000,
0x000000,0x000000,0x000000,0x000000,0x000000,0x000000,0x010101,0x010101,0x000000,0x000000,0x000000,0x000000,
0x000000,0x000000,0x010101,0x010101,0x000000,0x000000,0x010101,0x010101,0x000000,0x010101,0x010101,0x010101,
0x000000,0x000000,0x000000,0x000000,0x000000,0x000000,0x000000,0x000000,0x000000,0x060608,0x363A3D,0x384143,
0x353F41,0x3B4247,0x2A2E32,0x000101,0x010101,0x010101,0x010101,0x010101,0x010101,0x010101,0x010101,0x010101,
0x000000,0x000000,0x010101,0x010101,0x010101,0x010101,0x000000,0x000000,0x000000,0x010101,0x010101,0x010101,
0x000000,0x010101,0x010101,0x010101,0x000000,0x000000,0x000000,0x000000,0x000100,0x020203,0x303638,0x394345,
0x384143,0x394346,0x373E40,0x080A0A,0x000000,0x0E0F11,0x3B4043,0x3B4346,0x1D2022,0x000000,0x020202,0x000000,
0x17181A,0x46484D,0x373B40,0x252B2E,0x3F474A,0x3E4346,0x0F1012,0x000000,0x010101,0x010101,0x010101,0x010101,
0x020202,0x000000,0x202225,0x41484B,0x3E4247,0x101012,0x000000,0x010102,0x000000,0x000000,0x010101,0x010101,
0x000000,0x010101,0x010101,0x010101,0x010101,0x010101,0x010101,0x000000,0x010101,0x010101,0x000000,0x000000,
0x010101,0x010101,0x000000,0x000000,0x010101,0x010101,0x010101,0x010101,0x010101,0x010101,0x010101,0x010101,
0x010101,0x010101,0x010101,0x010101,0x010100,0x000000,0x080A0D,0x393F43,0x373F41,0x3B4347,0x212429,0x000000,
0x010101,0x010101,0x010101,0x000000,0x212426,0x42494B,0x384243,0x3A4144,0x08080B,0x010001,0x000001,0x000000,
0x000000,0x000000,0x000000,0x000000,0x010101,0x000000,0x000000,0x000000,0x010101,0x000000,0x010101,0x010101,
0x020101,0x020102,0x020102,0x000002,0x000000,0x000000,0x000000,0x000000,0x000000,0x000000,0x010101,0x010101,
0x010101,0x010101,0x010101,0x010101,0x010101,0x010101,0x010101,0x010101,0x000000,0x010101,0x000000,0x000000,
0x010101,0x010101,0x010101,0x010101,0x000000,0x000000,0x010101,0x010101,0x000000,0x010101,0x010101,0x010101,
0x000000,0x010101,0x010101,0x010101,0x000100,0x282B2C,0x394042,0x343E40,0x374042,0x363A3D,0x060608,0x000000,
0x000000,0x010101,0x010101,0x010101,0x000000,0x010101,0x010101,0x010101,0x010101,0x010101,0x000000,0x000000,
0x000000,0x000000,0x010101,0x010101,0x000000,0x000000,0x000000,0x000000,0x000000,0x000000,0x010101,0x010101,
0x010101,0x010101,0x010101,0x010101,0x000000,0x000000,0x010101,0x000000,0x010101,0x010101,0x010101,0x010101,
0x000000,0x000000,0x000000,0x000000,0x010101,0x010101,0x010101,0x010101,0x010101,0x010101,0x000000,0x000000,
0x000000,0x000000,0x000000,0x010101,0x010101,0x010101,0x000000,0x000000,0x010101,0x000000,0x000000,0x000000,
0x010101,0x000000,0x000000,0x000000,0x000000,0x000000,0x000000,0x000000,0x010101,0x010101,0x010101,0x020202,
0x000000,0x181B1B,0x3C4346,0x363E41,0x344041,0x3A4346,0x141619,0x000000,0x020202,0x010101,0x010101,0x010101,
0x010101,0x010101,0x010101,0x010101,0x010101,0x010101,0x000000,0x010101,0x010101,0x010101,0x000000,0x010101,
0x010101,0x010101,0x010101,0x010101,0x010101,0x010101,0x010101,0x010101,0x000000,0x000000,0x010101,0x020202,
0x000000,0x111315,0x394143,0x364042,0x374142,0x3B4648,0x303638,0x030302,0x000000,0x1C1F21,0x3F4648,0x394143,
0x111315,0x000000,0x030202,0x000000,0x292C2F,0x474A4F,0x282B2F,0x212527,0x454D50,0x33383B,0x010103,0x010101,
0x010101,0x010101,0x000000,0x010101,0x010101,0x000000,0x2C2F32,0x41494B,0x383D41,0x040405,0x000000,0x000000,
0x000000,0x000000,0x000000,0x000000,0x010101,0x010101,0x010101,0x010101,0x010101,0x010101,0x000000,0x000000,
0x010101,0x010101,0x010101,0x010101,0x010101,0x010101,0x000000,0x010101,0x000000,0x000000,0x000000,0x010101,
0x010101,0x010101,0x010101,0x010101,0x010101,0x010101,0x000000,0x000000,0x000100,0x020101,0x000001,0x2C2F33,
0x3B4345,0x373F44,0x313539,0x020203,0x000000,0x000000,0x010101,0x010101,0x020303,0x313738,0x3A4445,0x3C4345,
0x202224,0x000000,0x020202,0x000000,0x000000,0x000000,0x000000,0x000000,0x000000,0x010101,0x010101,0x000000,
0x010101,0x010101,0x010101,0x020202,0x000000,0x000000,0x000001,0x070709,0x0E0E11,0x151618,0x16181A,0x121415,
0x0D0D0E,0x030304,0x000000,0x000000,0x010101,0x010101,0x010101,0x010101,0x010101,0x010101,0x010101,0x010101,
0x010101,0x010101,0x000000,0x000000,0x010101,0x010101,0x010101,0x010101,0x000000,0x000000,0x000000,0x000000,
0x010101,0x010101,0x010101,0x010101,0x010101,0x000000,0x000000,0x010101,0x000000,0x121416,0x3A4043,0x363E41,
0x353D40,0x3B4244,0x181B1B,0x000000,0x010101,0x010101,0x010101,0x010101,0x010101,0x010101,0x000000,0x000000,
0x010101,0x010101,0x000000,0x010101,0x010101,0x010101,0x000000,0x000000,0x000000,0x000000,0x000000,0x000000,
0x010101,0x000000,0x000000,0x000000,0x010101,0x000000,0x010101,0x010101,0x010101,0x010101,0x010101,0x010101,
0x000000,0x000000,0x000000,0x010101,0x000000,0x000000,0x000000,0x000000,0x010101,0x010101,0x010101,0x010101,
0x010101,0x010101,0x000000,0x000000,0x000000,0x000000,0x000000,0x010101,0x010101,0x010101,0x010101,0x010101,
0x010101,0x010101,0x010101,0x010101,0x010101,0x000000,0x010101,0x010101,0x000000,0x000000,0x000000,0x000000,
0x010101,0x010101,0x010101,0x010101,0x000001,0x2A3131,0x3B4445,0x374043,0x374343,0x31393B,0x030406,0x010000,
0x010101,0x010101,0x010101,0x010101,0x010101,0x010101,0x010101,0x010101,0x010101,0x010101,0x000000,0x010101,
0x010101,0x010101,0x010101,0x010101,0x010101,0x010101,0x010101,0x010101,0x010101,0x010101,0x010101,0x010101,
0x000000,0x000000,0x010101,0x020102,0x000001,0x272B2D,0x384244,0x363F42,0x364141,0x3C4748,0x252A2C,0x010000,
0x000000,0x282C2D,0x3E4648,0x383E42,0x08090B,0x000001,0x010000,0x050605,0x34373B,0x414449,0x14171B,0x232627,
0x484F52,0x1E2225,0x000000,0x020202,0x010101,0x010101,0x000000,0x010101,0x000100,0x010202,0x34383B,0x41494C,
0x2F3337,0x000000,0x010100,0x000000,0x000000,0x000000,0x010101,0x010101,0x010101,0x010101,0x010101,0x010101,
0x010101,0x010101,0x010101,0x010101,0x010101,0x010101,0x010101,0x010101,0x010101,0x010101,0x000000,0x010101,
0x010101,0x010101,0x010101,0x010101,0x010101,0x010101,0x010101,0x010101,0x010101,0x010101,0x000000,0x000000,
0x000100,0x030101,0x000000,0x191B1D,0x3C4346,0x343E41,0x383E42,0x0E0E0F,0x000000,0x010202,0x010101,0x020202,
0x010001,0x090D0D,0x374040,0x373F41,0x373D3E,0x0E1011,0x000000,0x020101,0x010100,0x000000,0x010101,0x010101,
0x000000,0x010101,0x010101,0x010101,0x020202,0x010101,0x000000,0x000000,0x070908,0x1B1E1F,0x2B2E30,0x35373B,
0x3B3E44,0x3E4248,0x3D4449,0x3B4246,0x3C4144,0x363B3E,0x292E30,0x141718,0x000101,0x000000,0x020202,0x010101,
0x010101,0x010101,0x010101,0x010101,0x010101,0x010101,0x010101,0x010101,0x010101,0x010101,0x010101,0x010101,
0x010101,0x010101,0x010101,0x010101,0x010101,0x010101,0x010101,0x010101,0x010101,0x000000,0x000000,0x010101,
0x000000,0x020305,0x313639,0x384043,0x353D40,0x394243,0x2B3131,0x000101,0x010101,0x020202,0x010101,0x010101,
0x010101,0x010101,0x010101,0x010101,0x010101,0x010101,0x000000,0x010101,0x010101,0x010101,0x000000,0x000000,
0x000000,0x000000,0x010101,0x010101,0x010101,0x000000,0x010101,0x010101,0x010101,0x000000,0x010101,0x010101,
0x010101,0x010101,0x010101,0x010101,0x000000,0x000000,0x000000,0x010101,0x010101,0x010101,0x010101,0x010101,
0x000000,0x010101,0x010101,0x010101,0x000000,0x000000,0x010101,0x010101,0x000000,0x000000,0x010101,0x010101,
0x000000,0x010101,0x010101,0x010101,0x010101,0x010101,0x010101,0x010101,0x000000,0x010101,0x010101,0x010101,
0x000000,0x000000,0x010101,0x010101,0x010101,0x010101,0x010101,0x000000,0x090C0E,0x374041,0x374243,0x364143,
0x3A4544,0x202425,0x000000,0x020101,0x000000,0x000000,0x010101,0x010101,0x000000,0x000000,0x010101,0x010101,
0x010101,0x010101,0x010101,0x010101,0x010101,0x010101,0x010101,0x010101,0x010101,0x010101,0x010101,0x010101,
0x000000,0x000000,0x010101,0x010101,0x000000,0x010101,0x010101,0x000000,0x07070B,0x363C3E,0x384243,0x364042,
0x354042,0x3B4446,0x1A1E20,0x000000,0x030304,0x31373A,0x40474A,0x36393D,0x030204,0x020001,0x000000,0x121316,
0x3B3F43,0x393E3E,0x050506,0x222628,0x434C4C,0x0B0E0F,0x000000,0x010202,0x000000,0x010101,0x010101,0x000100,
0x000000,0x050608,0x373C3F,0x41494C,0x2A2C2F,0x000000,0x010101,0x000001,0x000000,0x010101,0x010101,0x010101,
0x010101,0x010101,0x010101,0x010101,0x010101,0x010101,0x010101,0x010101,0x010101,0x010101,0x010101,0x010101,
0x000000,0x010101,0x010101,0x010101,0x010101,0x010101,0x010101,0x010101,0x010101,0x010101,0x010101,0x010101,
0x010101,0x010101,0x010101,0x010101,0x000000,0x010101,0x000000,0x080808,0x373D3F,0x374043,0x3A4345,0x202423,
0x000000,0x010201,0x010101,0x000000,0x030102,0x000000,0x0D0F10,0x33393B,0x383F43,0x33383B,0x101212,0x000000,
0x000000,0x010101,0x010201,0x010201,0x010101,0x020202,0x010101,0x000000,0x000000,0x000000,0x0E1012,0x282C2E,
0x3B4042,0x404648,0x3E4347,0x3A3F43,0x373B3F,0x313539,0x303438,0x353A3E,0x3E4447,0x404649,0x3F474A,0x42494C,
0x353A3C,0x101214,0x000000,0x030202,0x010101,0x010101,0x010101,0x010101,0x010101,0x010101,0x010101,0x010101,
0x010101,0x010101,0x010101,0x010101,0x000000,0x010101,0x010101,0x010101,0x010101,0x010101,0x010101,0x010101,
0x010101,0x010101,0x010101,0x010101,0x010101,0x000000,0x1E2121,0x3A4345,0x343E3F,0x353F40,0x373E40,0x090A0E,
0x000000,0x020201,0x010101,0x010101,0x010101,0x010101,0x010101,0x010101,0x010101,0x010101,0x010101,0x010101,
0x000000,0x000000,0x010101,0x010101,0x000000,0x010101,0x010101,0x010101,0x000000,0x010101,0x010101,0x010101,
0x010101,0x010101,0x010101,0x010101,0x000000,0x000000,0x010101,0x010101,0x000000,0x010101,0x010101,0x010101,
0x000000,0x000000,0x010101,0x010101,0x000000,0x010101,0x000000,0x000000,0x000000,0x000000,0x010101,0x010101,
0x000000,0x000000,0x010101,0x010101,0x000000,0x010101,0x010101,0x010101,0x010101,0x010101,0x010101,0x000000,
0x000000,0x010101,0x010101,0x010101,0x000000,0x000000,0x010101,0x010101,0x010101,0x010101,0x010101,0x000000,
0x1B1F22,0x3A4345,0x354041,0x374143,0x394241,0x0C0E0F,0x000000,0x010101,0x010101,0x010101,0x010101,0x010101,
0x010101,0x010101,0x010101,0x010101,0x010101,0x010101,0x010101,0x010101,0x010101,0x010101,0x010101,0x010101,
0x010101,0x010101,0x010101,0x010101,0x000000,0x000000,0x010101,0x010101,0x000000,0x010101,0x020202,0x000000,
0x181B1E,0x3B4245,0x364042,0x374143,0x364042,0x3A4245,0x111316,0x000000,0x060707,0x383E41,0x3F4649,0x303336,
0x000000,0x030102,0x000000,0x1F2023,0x3D4447,0x2F3535,0x000000,0x1F2426,0x363E3E,0x000102,0x010001,0x010101,
0x000000,0x010101,0x010101,0x000000,0x000000,0x08080A,0x3A3F41,0x3F464A,0x25282A,0x000000,0x010101,0x000001,
0x000000,0x010101,0x000000,0x000000,0x010101,0x010101,0x010101,0x010101,0x010101,0x010101,0x010101,0x010101,
0x010101,0x010101,0x010101,0x010101,0x000000,0x010101,0x010101,0x010101,0x010101,0x010101,0x010101,0x010101,
0x010101,0x010101,0x010101,0x010101,0x010101,0x010101,0x010101,0x010101,0x000000,0x010101,0x010101,0x000000,
0x2B3032,0x3A4346,0x384143,0x303637,0x020303,0x000100,0x010101,0x000000,0x000000,0x010102,0x000000,0x090B0C,
0x2C3033,0x3C4144,0x393F43,0x23292C,0x0C0E10,0x000102,0x000000,0x000000,0x000000,0x000000,0x000000,0x060707,
0x15181A,0x2D3134,0x3E4447,0x454A4E,0x43474B,0x373B3E,0x222527,0x111314,0x070708,0x030204,0x020203,0x060606,
0x131416,0x2F3235,0x404749,0x353E3F,0x31373A,0x414648,0x191C1C,0x000000,0x020202,0x010101,0x000000,0x000000,
0x010101,0x010101,0x010101,0x010101,0x010101,0x010101,0x010101,0x010101,0x010101,0x010101,0x010101,0x010101,
0x010101,0x010101,0x000000,0x000000,0x010101,0x010101,0x010101,0x010101,0x010101,0x000000,0x0A0D0D,0x373E41,
0x363E40,0x343E3F,0x3A4143,0x1B1E21,0x000000,0x020202,0x010101,0x010101,0x010101,0x010101,0x000000,0x000000,
0x010101,0x010101,0x000000,0x000000,0x000000,0x000000,0x000000,0x000000,0x000000,0x010101,0x010101,0x010101,
0x000000,0x010101,0x000000,0x000000,0x010101,0x010101,0x000000,0x000000,0x000000,0x000000,0x010101,0x010101,
0x010101,0x010101,0x010101,0x010101,0x010101,0x000000,0x000000,0x000000,0x000000,0x000000,0x000000,0x000000,
0x000000,0x000000,0x010101,0x010101,0x010101,0x010101,0x000000,0x010101,0x010101,0x010101,0x010101,0x010101,
0x010101,0x000000,0x010101,0x010101,0x000000,0x000000,0x010101,0x010101,0x000000,0x000000,0x010101,0x010101,
0x010101,0x000000,0x000000,0x010101,0x2B3234,0x384243,0x353F41,0x394144,0x2E3435,0x010203,0x010001,0x010101,
0x010101,0x010101,0x000000,0x010101,0x010101,0x010101,0x000000,0x010101,0x000000,0x010101,0x010101,0x010101,
0x010101,0x010101,0x010101,0x010101,0x010101,0x000000,0x000000,0x010101,0x010101,0x010101,0x010101,0x010101,
0x010101,0x010101,0x010101,0x000000,0x292E31,0x3B4546,0x354041,0x363F42,0x364042,0x383F42,0x0C0D10,0x000000,
0x090A0B,0x3A4144,0x40464A,0x292B2F,0x000000,0x020201,0x000000,0x2A2D2F,0x3F4649,0x272D2D,0x000000,0x1D2022,
0x292C2E,0x000000,0x030202,0x000101,0x010101,0x010101,0x000000,0x010101,0x000000,0x090A0B,0x3A3E41,0x3D4548,
0x242729,0x000000,0x020101,0x000102,0x010101,0x010101,0x010101,0x010101,0x010101,0x010101,0x010101,0x010101,
0x010101,0x010101,0x000000,0x010101,0x010101,0x010101,0x000000,0x000000,0x010101,0x010101,0x000000,0x010101,
0x010101,0x010101,0x010101,0x010101,0x010101,0x010101,0x000000,0x010101,0x010101,0x010101,0x000000,0x000000,
0x010101,0x010101,0x010101,0x000000,0x1D2021,0x3D4447,0x343E40,0x3B4345,0x121514,0x000000,0x010101,0x010101,
0x010100,0x000000,0x020203,0x000000,0x020304,0x202325,0x3D4246,0x464D52,0x3E4548,0x313638,0x24282A,0x1C2021,
0x1C1E21,0x202325,0x292C2E,0x34373A,0x3C4145,0x404649,0x3D4245,0x2E3234,0x191A1D,0x050506,0x000000,0x000000,
0x000000,0x010000,0x010000,0x000000,0x000000,0x000101,0x232827,0x444B4C,0x1C2023,0x141719,0x3E4244,0x16191A,
0x000000,0x010101,0x010101,0x010101,0x000000,0x000000,0x010101,0x010101,0x010101,0x010101,0x010101,0x010101,
0x010101,0x010101,0x010101,0x010101,0x010101,0x000000,0x000000,0x010101,0x010101,0x010101,0x000000,0x000000,
0x000201,0x010101,0x000101,0x2C3033,0x394043,0x343E40,0x374143,0x2B3134,0x010101,0x010101,0x010101,0x010101,
0x010101,0x010101,0x010101,0x010101,0x000000,0x000000,0x010101,0x010101,0x010101,0x010101,0x000000,0x000000,
0x010101,0x010101,0x010101,0x010101,0x010101,0x000000,0x010101,0x010101,0x010101,0x000000,0x010101,0x010101,
0x010101,0x000000,0x000000,0x010101,0x010101,0x010101,0x010101,0x010101,0x010101,0x000000,0x000000,0x000000,
0x000000,0x000000,0x000000,0x000000,0x000000,0x000000,0x010101,0x010101,0x010101,0x010101,0x000000,0x010101,
0x010101,0x010101,0x010101,0x010101,0x010101,0x000000,0x000000,0x000000,0x000000,0x000000,0x010101,0x010101,
0x000000,0x000000,0x010101,0x010101,0x010101,0x010101,0x000000,0x0B0B0C,0x363E40,0x354041,0x343E3F,0x3B4245,
0x1C1F21,0x000000,0x010101,0x000000,0x010101,0x010101,0x000000,0x010101,0x010101,0x010101,0x000000,0x010101,
0x000000,0x010101,0x010101,0x010101,0x010101,0x010101,0x010101,0x010101,0x010101,0x000000,0x000000,0x010101,
0x010101,0x010101,0x010101,0x010101,0x010101,0x010101,0x000000,0x050505,0x353C3E,0x394444,0x384344,0x363F42,
0x374043,0x373D40,0x09090D,0x000000,0x0D0E0F,0x3B4144,0x3F4649,0x222528,0x000000,0x010101,0x020302,0x34383A,
0x3E4749,0x202626,0x000000,0x17181A,0x1C1D1F,0x000000,0x030102,0x000201,0x010101,0x010101,0x000000,0x010101,
0x000000,0x070809,0x393D40,0x3E4649,0x282A2D,0x000000,0x010101,0x000102,0x010101,0x010101,0x010101,0x010101,
0x010101,0x010101,0x010101,0x010101,0x010101,0x010101,0x000000,0x010101,0x010101,0x010101,0x010101,0x010101,
0x010101,0x010101,0x000000,0x010101,0x000000,0x000000,0x000000,0x000000,0x010101,0x010101,0x000000,0x010101,
0x010101,0x010101,0x010101,0x010101,0x010101,0x010101,0x010101,0x000000,0x101212,0x3B4245,0x353F41,0x3D4648,
0x2A2D2D,0x000000,0x010101,0x010101,0x000000,0x010001,0x010000,0x020102,0x010000,0x000000,0x0E0F10,0x28292B,
0x393E42,0x41484B,0x3F4749,0x3D4648,0x3F484A,0x3D4547,0x3B4346,0x384043,0x323639,0x212425,0x0E1010,0x000000,
0x000000,0x000000,0x020202,0x020203,0x010101,0x010101,0x010101,0x010101,0x020301,0x010100,0x000000,0x282A2A,
0x424345,0x030307,0x101115,0x38393D,0x060607,0x000000,0x010102,0x010101,0x000000,0x000000,0x010101,0x010101,
0x010101,0x010101,0x010101,0x010101,0x000000,0x000000,0x000000,0x010101,0x010101,0x000000,0x000000,0x010101,
0x010101,0x010101,0x010101,0x010101,0x000201,0x030201,0x000000,0x1B1C21,0x3B4245,0x333D3F,0x333E40,0x353E40,
0x0B0C0C,0x000000,0x010101,0x000000,0x010101,0x010101,0x010101,0x010101,0x000000,0x000000,0x010101,0x010101,
0x010101,0x010101,0x010101,0x010101,0x000000,0x000000,0x000000,0x000000,0x010101,0x000000,0x010101,0x010101,
0x010101,0x000000,0x010101,0x010101,0x010101,0x000000,0x000000,0x010101,0x010101,0x010101,0x010101,0x010101,
0x010101,0x010101,0x010101,0x010101,0x000000,0x000000,0x000000,0x000000,0x000000,0x000000,0x010101,0x010101,
0x000000,0x000000,0x010101,0x010101,0x000000,0x010101,0x010101,0x010101,0x010101,0x010101,0x010101,0x010101,
0x000000,0x000000,0x000000,0x000000,0x000000,0x000000,0x000000,0x010101,0x000101,0x030201,0x000000,0x1A1C20,
0x3B4346,0x353F41,0x353F40,0x383F41,0x0D0E0E,0x000000,0x010101,0x000000,0x010101,0x010101,0x010101,0x010101,
0x000000,0x010101,0x010101,0x010101,0x010101,0x010101,0x010101,0x010101,0x010101,0x010101,0x010101,0x010101,
0x000000,0x000000,0x000000,0x000000,0x000000,0x000000,0x010101,0x010101,0x000101,0x020102,0x000000,0x0D0F11,
0x3C4446,0x3E4746,0x333B3C,0x393E43,0x3A4146,0x3A3E42,0x07080A,0x000000,0x0F1011,0x3B4245,0x3F4648,0x1D2021,
0x000000,0x010100,0x060808,0x394043,0x414A4C,0x1C2020,0x000000,0x0E0E0F,0x101010,0x000000,0x010101,0x010101,
0x000000,0x000000,0x000000,0x000000,0x000000,0x030505,0x363A3C,0x3C4547,0x2C3235,0x000002,0x020001,0x020101,
0x010101,0x010101,0x010101,0x010101,0x000000,0x010101,0x010101,0x010101,0x000000,0x000000,0x010101,0x010101,
0x010101,0x010101,0x010101,0x010101,0x000000,0x010101,0x010101,0x010101,0x010101,0x010101,0x010101,0x010101,
0x000000,0x000000,0x000000,0x000000,0x000000,0x000000,0x010101,0x010101,0x000000,0x010101,0x010101,0x000000,
0x070909,0x363D3F,0x384244,0x3A4245,0x3E4247,0x09090E,0x000000,0x020101,0x010000,0x000000,0x030303,0x010102,
0x010001,0x010101,0x000000,0x000000,0x050706,0x111413,0x1A1D1C,0x222525,0x252728,0x212325,0x191B1D,0x0F1012,
0x040405,0x000000,0x000000,0x010101,0x010101,0x000000,0x000000,0x000000,0x000000,0x010101,0x010101,0x010101,
0x000000,0x010202,0x010101,0x030202,0x38393C,0x23262B,0x000000,0x2C2C2F,0x1C1E20,0x000000,0x010101,0x000000,
0x010101,0x010101,0x010101,0x010101,0x010101,0x010101,0x010101,0x010101,0x010101,0x010101,0x010101,0x010101,
0x010101,0x010101,0x010101,0x010101,0x000000,0x000000,0x010101,0x010101,0x000000,0x020202,0x000000,0x0B0C0C,
0x363E3F,0x343F3F,0x333F3F,0x3B4244,0x1B1C1E,0x000000,0x020201,0x000102,0x010101,0x010101,0x000000,0x000000,
0x000000,0x010101,0x000000,0x010101,0x010101,0x010101,0x010101,0x010101,0x010101,0x010101,0x010101,0x010101,
0x010101,0x010101,0x010101,0x010101,0x000000,0x000000,0x000000,0x000000,0x000000,0x000000,0x010101,0x010101,
0x010101,0x010101,0x010101,0x010101,0x010101,0x010101,0x000000,0x000000,0x000000,0x000000,0x000000,0x000000,
0x000000,0x000000,0x010101,0x010101,0x000000,0x000000,0x010101,0x010101,0x000000,0x010101,0x000000,0x000000,
0x010101,0x010101,0x000000,0x000000,0x000000,0x000000,0x000000,0x000000,0x000000,0x000000,0x000000,0x010101,
0x010101,0x020101,0x000000,0x292C30,0x3A4245,0x353F41,0x374041,0x2E3335,0x010202,0x010001,0x010101,0x000000,
0x010101,0x010101,0x010101,0x010101,0x010101,0x010101,0x010101,0x010101,0x010101,0x010101,0x000000,0x000000,
0x010101,0x010101,0x010101,0x000000,0x000000,0x000000,0x000000,0x000000,0x000000,0x000000,0x010101,0x010101,
0x010201,0x020102,0x000000,0x16191A,0x40484A,0x323939,0x1E2325,0x3D4348,0x393F46,0x3A3E42,0x07080A,0x000000,
0x101012,0x3C4245,0x3E4548,0x1A1C1E,0x000000,0x000000,0x0A0C0C,0x3B4245,0x414A4C,0x191B1B,0x000000,0x030303,
0x030302,0x000000,0x000000,0x000000,0x010101,0x010101,0x000000,0x000000,0x000100,0x010101,0x303335,0x3B4446,
0x343B3E,0x040407,0x000000,0x010101,0x010101,0x010101,0x000000,0x000000,0x000000,0x010101,0x010101,0x010101,
0x000000,0x000000,0x010101,0x010101,0x010101,0x010101,0x010101,0x010101,0x000000,0x010101,0x000000,0x000000,
0x000000,0x000000,0x000000,0x000000,0x000000,0x000000,0x000000,0x000000,0x000000,0x000000,0x010101,0x010101,
0x000000,0x010101,0x000000,0x010101,0x020403,0x333A3B,0x394345,0x363F41,0x41464B,0x202126,0x000000,0x000000,
0x010001,0x232324,0x111111,0x000000,0x010101,0x010101,0x010101,0x010101,0x000000,0x000000,0x000000,0x000000,
0x000000,0x000000,0x000000,0x000000,0x000000,0x020202,0x020202,0x010101,0x000000,0x000000,0x000000,0x000000,
0x000000,0x010101,0x000000,0x000000,0x000000,0x010001,0x020202,0x000000,0x1C1E21,0x32363B,0x010000,0x18191B,
0x2A2C2E,0x000000,0x010101,0x000000,0x010101,0x010101,0x010101,0x010101,0x010101,0x010101,0x010101,0x010101,
0x000000,0x000000,0x000000,0x000000,0x000000,0x000000,0x010101,0x010101,0x000000,0x000000,0x010101,0x010101,
0x000000,0x010101,0x010101,0x000101,0x2B3133,0x374142,0x333E3F,0x394143,0x292D30,0x000000,0x010000,0x000101,
0x010101,0x010101,0x000000,0x000000,0x000000,0x010101,0x000000,0x010101,0x010101,0x010101,0x000000,0x000000,
0x000000,0x000000,0x000000,0x000000,0x010101,0x010101,0x000000,0x000000,0x000000,0x000000,0x000000,0x000000,
0x000000,0x000000,0x000000,0x000000,0x010101,0x010101,0x010101,0x010101,0x010101,0x000000,0x010101,0x010101,
0x000000,0x000000,0x000000,0x010101,0x010101,0x010101,0x010101,0x010101,0x010101,0x010101,0x010101,0x010101,
0x010101,0x000000,0x010101,0x010101,0x000000,0x000000,0x000000,0x000000,0x000000,0x000000,0x010101,0x010101,
0x000000,0x000000,0x010101,0x010101,0x010101,0x000000,0x050707,0x333A3D,0x374043,0x333D3F,0x3A4143,0x222327,
0x000000,0x010101,0x000000,0x000000,0x000000,0x000000,0x000000,0x010101,0x010101,0x010101,0x010101,0x010101,
0x010101,0x010101,0x010101,0x010101,0x010101,0x010101,0x000000,0x000000,0x000000,0x000000,0x000000,0x000000,
0x010101,0x010101,0x000000,0x010101,0x000100,0x010101,0x000000,0x1E2122,0x404649,0x0F1113,0x282B2D,0x3E4549,
0x383F45,0x3A3E42,0x090A0C,0x000000,0x0E0F11,0x3B4245,0x3F4648,0x181A1C,0x000000,0x000000,0x0B0D0D,0x3B4245,
0x40494B,0x171A1A,0x000000,0x010101,0x000000,0x000000,0x000000,0x000000,0x010101,0x010101,0x010101,0x010101,
0x020202,0x000000,0x25282A,0x3C4346,0x3A4244,0x101214,0x000000,0x020201,0x010101,0x010101,0x010101,0x010101,
0x000000,0x000000,0x010101,0x010101,0x010101,0x010101,0x000000,0x000000,0x010101,0x010101,0x000000,0x010101,
0x010101,0x010101,0x010101,0x010101,0x000000,0x000000,0x000000,0x000000,0x000000,0x000000,0x000000,0x000000,
0x010101,0x010101,0x000000,0x000000,0x010101,0x010101,0x020202,0x000000,0x000201,0x32393A,0x394346,0x373F41,
0x394244,0x33363A,0x010204,0x07080A,0x303236,0x36383A,0x010102,0x010000,0x020202,0x000000,0x000000,0x020202,
0x010001,0x020102,0x020102,0x020102,0x020202,0x010101,0x010101,0x020202,0x000000,0x000000,0x000000,0x000000,
0x000000,0x000000,0x000000,0x000000,0x010101,0x010101,0x010101,0x010101,0x010101,0x010101,0x010101,0x000000,
0x111316,0x33383D,0x000000,0x101214,0x2C2E30,0x000000,0x010101,0x000000,0x010101,0x010101,0x000000,0x010101,
0x010101,0x010101,0x000000,0x010101,0x010101,0x000000,0x000000,0x000000,0x000000,0x000000,0x000000,0x000000,
0x000000,0x000000,0x000000,0x000000,0x010101,0x010101,0x010101,0x000000,0x1E2124,0x3A4244,0x343E3F,0x373F41,
0x333A3E,0x050608,0x000000,0x000000,0x000000,0x000000,0x010101,0x010101,0x000000,0x000000,0x000000,0x000000,
0x010101,0x010101,0x010101,0x010101,0x010101,0x000000,0x010101,0x010101,0x000000,0x000000,0x000000,0x000000,
0x000000,0x000000,0x000000,0x000000,0x010101,0x000000,0x010101,0x010101,0x010101,0x010101,0x010101,0x010101,
0x000000,0x000000,0x010101,0x010101,0x000000,0x000000,0x000000,0x010101,0x010101,0x010101,0x010101,0x010101,
0x010101,0x010101,0x010101,0x010101,0x010101,0x000000,0x010101,0x010101,0x000000,0x000000,0x000000,0x000000,
0x000000,0x000000,0x010101,0x010101,0x000000,0x000000,0x010101,0x010101,0x020202,0x000000,0x101313,0x394144,
0x353F41,0x343E40,0x393F42,0x121115,0x000000,0x010101,0x010101,0x010101,0x000000,0x000000,0x000000,0x010101,
0x000000,0x000000,0x010101,0x010101,0x000000,0x000000,0x010101,0x010101,0x010101,0x010101,0x000000,0x000000,
0x000000,0x000000,0x000000,0x000000,0x010101,0x010101,0x000000,0x010101,0x010201,0x020102,0x000000,0x292B2D,
0x282C2F,0x000000,0x36383B,0x3B4347,0x384045,0x3B3F43,0x0A0B0D,0x000000,0x0B0B0D,0x3A4043,0x3F4649,0x181A1B,
0x000000,0x000000,0x0C0E0E,0x3B4245,0x40494B,0x171A1A,0x000000,0x010101,0x000000,0x000000,0x000000,0x000000,
0x010101,0x010101,0x010101,0x010101,0x020202,0x000000,0x17181B,0x3B4245,0x3B4446,0x232629,0x000000,0x020202,
0x010101,0x010101,0x010101,0x010101,0x000000,0x000000,0x010101,0x010101,0x010101,0x010101,0x010101,0x010101,
0x010101,0x010101,0x000000,0x010101,0x010101,0x010101,0x010101,0x010101,0x000000,0x000000,0x000000,0x000000,
0x000000,0x000000,0x000000,0x000000,0x010101,0x010101,0x000000,0x000000,0x010101,0x000000,0x050505,0x161717,
0x000101,0x2E3537,0x3A4446,0x373F42,0x364042,0x373D41,0x282B2F,0x33383B,0x3C4145,0x0F1115,0x000001,0x020101,
0x000000,0x070707,0x222323,0x050505,0x000100,0x000101,0x000101,0x000101,0x010101,0x000000,0x000000,0x010101,
0x000000,0x000000,0x000000,0x000000,0x000000,0x000000,0x010101,0x010101,0x010101,0x010101,0x010101,0x010101,
0x010101,0x010101,0x010101,0x000000,0x131417,0x2B2F33,0x000000,0x131416,0x222325,0x000000,0x010101,0x000000,
0x010101,0x010101,0x000000,0x010101,0x010101,0x010101,0x000000,0x010101,0x010101,0x000000,0x000000,0x000000,
0x000000,0x000000,0x000000,0x000000,0x000000,0x000000,0x000000,0x000000,0x010101,0x010101,0x010101,0x000000,
0x101115,0x383E41,0x343E3F,0x353E40,0x394146,0x0F1215,0x000000,0x010101,0x000000,0x000000,0x010101,0x010101,
0x000000,0x000000,0x010101,0x010101,0x010101,0x010101,0x010101,0x010101,0x010101,0x000000,0x010101,0x010101,
0x000000,0x000000,0x000000,0x000000,0x000000,0x000000,0x010101,0x010101,0x010101,0x000000,0x010101,0x010101,
0x010101,0x010101,0x010101,0x010101,0x010101,0x010101,0x010101,0x010101,0x000000,0x000000,0x000000,0x000000,
0x000000,0x000000,0x000000,0x000000,0x000000,0x000000,0x010101,0x010101,0x000000,0x000000,0x000000,0x000000,
0x000000,0x000000,0x000000,0x000000,0x000000,0x000000,0x000000,0x000000,0x000000,0x000000,0x010101,0x010101,
0x010101,0x000000,0x1E2225,0x3B4346,0x353F41,0x373E42,0x35383C,0x060607,0x000000,0x000000,0x010101,0x010101,
0x000000,0x010101,0x010101,0x010101,0x010101,0x010101,0x010101,0x010101,0x010101,0x010101,0x000000,0x000000,
0x010101,0x010101,0x000000,0x000000,0x000000,0x000000,0x000000,0x000000,0x000000,0x000000,0x010101,0x010101,
0x010101,0x020202,0x000000,0x262626,0x09090A,0x050507,0x393C40,0x3B4044,0x394044,0x3C4144,0x0D1013,0x000000,
0x070708,0x373E40,0x3F4649,0x191B1E,0x000000,0x000000,0x0B0C0D,0x3B4144,0x3E4749,0x191C1E,0x000000,0x010101,
0x000000,0x000000,0x000000,0x000000,0x000000,0x000000,0x000000,0x000000,0x000000,0x000001,0x06070A,0x363C40,
0x3A4244,0x373D40,0x060808,0x010100,0x010001,0x000000,0x000000,0x000000,0x000000,0x000000,0x000000,0x000000,
0x000000,0x000000,0x010101,0x010101,0x000000,0x000000,0x010101,0x010101,0x010101,0x010101,0x010101,0x010101,
0x000000,0x000000,0x000000,0x000000,0x000000,0x000000,0x000000,0x000000,0x000000,0x000000,0x010101,0x010101,
0x000000,0x010101,0x010101,0x252526,0x31383C,0x313A3D,0x3A4245,0x373F42,0x384043,0x384043,0x384043,0x3C4346,
0x282C2F,0x010103,0x000002,0x020103,0x171A1A,0x3F4344,0x1E2121,0x000000,0x010101,0x000000,0x000000,0x000000,
0x000000,0x000000,0x000000,0x000000,0x000000,0x000000,0x000000,0x000000,0x000000,0x000000,0x000000,0x010101,
0x000000,0x010101,0x010101,0x010101,0x010101,0x010101,0x010101,0x000000,0x121213,0x131314,0x000000,0x101010,
0x0A0A0A,0x000000,0x000000,0x000000,0x000000,0x010101,0x000000,0x010101,0x000000,0x000000,0x010101,0x010101,
0x000000,0x010101,0x000000,0x000000,0x000000,0x000000,0x000000,0x000000,0x000000,0x000000,0x010101,0x010101,
0x000000,0x000000,0x010101,0x000000,0x060506,0x34383B,0x373F42,0x363D40,0x3C4246,0x1E2024,0x000000,0x020202,
0x000000,0x000000,0x000000,0x000000,0x000000,0x010101,0x010101,0x010101,0x010101,0x010101,0x010101,0x010101,
0x010101,0x010101,0x000000,0x000000,0x000000,0x000000,0x000000,0x000000,0x000000,0x000000,0x000000,0x000000,
0x000000,0x000000,0x010101,0x010101,0x010101,0x010101,0x010101,0x010101,0x010101,0x010101,0x000000,0x000000,
0x000000,0x000000,0x000000,0x000000,0x000000,0x000000,0x000000,0x000000,0x000000,0x000000,0x000000,0x000000,
0x000000,0x000000,0x000000,0x000000,0x000000,0x000000,0x000000,0x000000,0x000000,0x000000,0x000000,0x000000,
0x010101,0x010101,0x010101,0x010101,0x010101,0x000001,0x2B2F32,0x394144,0x353E41,0x3A4045,0x2B2D32,0x000000,
0x000000,0x000000,0x010101,0x010101,0x000000,0x010101,0x010101,0x010101,0x010101,0x010101,0x010101,0x010101,
0x010101,0x010101,0x000000,0x000000,0x010101,0x010101,0x000000,0x000000,0x000000,0x000000,0x000000,0x000000,
0x000000,0x000000,0x010101,0x010101,0x010101,0x010101,0x010101,0x070707,0x000000,0x0D0E10,0x3B4044,0x394043,
0x373F42,0x3E4347,0x121517,0x000000,0x030304,0x32383B,0x41484B,0x1B1D1F,0x000000,0x000000,0x080A0A,0x393F42,
0x3D4648,0x1C1F21,0x000000,0x010101,0x000000,0x000000,0x000000,0x000000,0x000000,0x000000,0x000000,0x000000,
0x000000,0x020202,0x000000,0x24282A,0x3D4347,0x3C4446,0x222628,0x000000,0x010101,0x000000,0x000000,0x000000,
0x000000,0x000000,0x000000,0x000000,0x000000,0x000000,0x010101,0x010101,0x010101,0x010101,0x000000,0x000000,
0x010101,0x010101,0x010101,0x010101,0x000000,0x000000,0x000000,0x000000,0x000000,0x000000,0x000000,0x000000,
0x000000,0x000000,0x010101,0x010101,0x010101,0x010101,0x010101,0x000001,0x303639,0x3D4447,0x363D41,0x384042,
0x384043,0x384043,0x373F42,0x394144,0x394143,0x32373A,0x292D2F,0x303337,0x454D4D,0x2F3435,0x000001,0x020101,
0x010101,0x010101,0x000000,0x000000,0x000000,0x000000,0x000000,0x000000,0x000000,0x000000,0x000000,0x000000,
0x000000,0x000000,0x000000,0x010101,0x000000,0x010101,0x010101,0x010101,0x010101,0x010101,0x000000,0x000000,
0x020202,0x000000,0x010101,0x000000,0x000000,0x010101,0x000000,0x000000,0x000000,0x010101,0x000000,0x010101,
0x010101,0x010101,0x000000,0x000000,0x000000,0x010101,0x000000,0x000000,0x000000,0x000000,0x000000,0x000000,
0x000000,0x000000,0x010101,0x010101,0x010101,0x010101,0x000000,0x010101,0x000000,0x292C2F,0x394144,0x353C3F,
0x394043,0x2C2E31,0x000001,0x010101,0x000000,0x000000,0x000000,0x000000,0x000000,0x010101,0x010101,0x010101,
0x010101,0x010101,0x010101,0x010101,0x010101,0x010101,0x000000,0x000000,0x000000,0x000000,0x000000,0x000000,
0x000000,0x000000,0x000000,0x000000,0x000000,0x000000,0x010101,0x010101,0x010101,0x010101,0x000000,0x000000,
0x000000,0x000000,0x000000,0x000000,0x000000,0x000000,0x000000,0x010101,0x010101,0x010101,0x000000,0x000000,
0x000000,0x000000,0x000000,0x010101,0x000000,0x000000,0x000000,0x000000,0x000000,0x000000,0x000000,0x000000,
0x000000,0x000000,0x000000,0x000000,0x000000,0x000000,0x010101,0x010101,0x000000,0x050507,0x353A3D,0x373F42,
0x363E41,0x3E4247,0x202126,0x000000,0x010101,0x000000,0x010101,0x010101,0x010101,0x010101,0x000000,0x010101,
0x010101,0x010101,0x000000,0x000000,0x000000,0x000000,0x000000,0x000000,0x000000,0x000000,0x000000,0x000000,
0x000000,0x000000,0x000000,0x000000,0x010101,0x010101,0x010101,0x010101,0x000000,0x000000,0x010101,0x010101,
0x000000,0x131518,0x3D4246,0x384043,0x373F42,0x3E4447,0x1A1C1F,0x000000,0x000000,0x292F31,0x42494C,0x1E2022,
0x000000,0x000000,0x050606,0x363B3E,0x3D4648,0x222527,0x000000,0x010101,0x000000,0x000000,0x010101,0x010101,
0x010101,0x010101,0x010101,0x010101,0x000000,0x010101,0x000000,0x0A0C0C,0x3A3F42,0x384042,0x394043,0x0F1013,
0x000000,0x020202,0x000000,0x000000,0x000000,0x000000,0x000000,0x000000,0x010101,0x010101,0x010101,0x010101,
0x010101,0x010101,0x010101,0x010101,0x000000,0x000000,0x010101,0x010101,0x000000,0x000000,0x000000,0x000000,
0x000000,0x000000,0x000000,0x010101,0x000000,0x000000,0x010101,0x010101,0x010101,0x010101,0x010101,0x000101,
0x07080B,0x34373A,0x393D41,0x373E42,0x384043,0x384043,0x373F42,0x373F42,0x374143,0x3A4345,0x3A4345,0x3B4445,
0x2C3334,0x020404,0x000001,0x020000,0x000000,0x000000,0x010101,0x010101,0x000000,0x000000,0x000000,0x000000,
0x000000,0x000000,0x000000,0x010101,0x010101,0x010101,0x000000,0x010101,0x010101,0x010101,0x000000,0x000000,
0x000000,0x000000,0x000000,0x000000,0x000000,0x010101,0x000000,0x000000,0x000000,0x000000,0x000000,0x010101,
0x010101,0x010101,0x010101,0x010101,0x010101,0x010101,0x000000,0x000000,0x000000,0x000000,0x000000,0x000000,
0x000000,0x000000,0x000000,0x000000,0x000000,0x000000,0x000000,0x000000,0x010101,0x010101,0x000000,0x020202,
0x000000,0x1B1E21,0x3A4246,0x353C3F,0x374042,0x35383C,0x050507,0x000100,0x000000,0x000000,0x010101,0x010101,
0x010101,0x010101,0x010101,0x010101,0x010101,0x010101,0x000000,0x000000,0x000000,0x000000,0x000000,0x000000,
0x000000,0x000000,0x000000,0x000000,0x010101,0x010101,0x000000,0x000000,0x010101,0x010101,0x000000,0x000000,
0x010101,0x010101,0x010101,0x010101,0x000000,0x000000,0x000000,0x000000,0x000000,0x000000,0x000000,0x010101,
0x010101,0x010101,0x000000,0x000000,0x000000,0x000000,0x000000,0x010101,0x000000,0x000000,0x000000,0x000000,
0x000000,0x000000,0x000000,0x000000,0x000000,0x000000,0x000000,0x000000,0x000000,0x000000,0x010101,0x020202,
0x000000,0x0F1012,0x3B4043,0x363E41,0x373E41,0x3D4045,0x131317,0x000000,0x010101,0x000000,0x010101,0x010101,
0x010101,0x010101,0x000000,0x010101,0x010101,0x010101,0x010101,0x010101,0x000000,0x000000,0x000000,0x000000,
0x000000,0x000000,0x000000,0x000000,0x000000,0x000000,0x000000,0x000000,0x010101,0x010101,0x010101,0x010101,
0x000000,0x000000,0x010101,0x020202,0x000000,0x191B1E,0x3D4447,0x374043,0x373E42,0x3E4347,0x232629,0x000000,
0x000000,0x1D2225,0x434A4D,0x242629,0x000000,0x010100,0x020203,0x2F3538,0x3D4548,0x2A2C2F,0x000000,0x010100,
0x000000,0x000000,0x010101,0x010101,0x010101,0x010101,0x010101,0x010101,0x000100,0x010000,0x030102,0x000000,
0x212628,0x3B4345,0x384042,0x34383C,0x050505,0x000000,0x010101,0x000000,0x000000,0x000000,0x000000,0x000000,
0x010101,0x010101,0x010101,0x010101,0x010101,0x010101,0x010101,0x010101,0x000000,0x000000,0x010101,0x010101,
0x000000,0x000000,0x000000,0x000000,0x000000,0x000000,0x000000,0x010101,0x000000,0x000000,0x010101,0x010101,
0x010101,0x010101,0x010101,0x020202,0x000000,0x0E0E11,0x393D41,0x3D4348,0x394144,0x3A4245,0x3B4346,0x3B4346,
0x3B4346,0x384043,0x353E40,0x3C4447,0x1E2022,0x000000,0x010102,0x000000,0x000000,0x000000,0x010101,0x010101,
0x000000,0x000000,0x000000,0x000000,0x000000,0x000000,0x000000,0x010101,0x010101,0x010101,0x000000,0x010101,
0x010101,0x010101,0x000000,0x000000,0x000000,0x000000,0x000000,0x000000,0x000000,0x000000,0x000000,0x000000,
0x000000,0x000000,0x000000,0x010101,0x010101,0x010101,0x010101,0x010101,0x010101,0x010101,0x000000,0x000000,
0x000000,0x000000,0x000000,0x000000,0x000000,0x000000,0x000000,0x000000,0x000000,0x000000,0x010101,0x010101,
0x010101,0x010101,0x000000,0x020202,0x000000,0x0F1214,0x384043,0x353D40,0x353D40,0x3A3F42,0x0E0F11,0x000000,
0x010101,0x000000,0x010101,0x010101,0x010101,0x010101,0x010101,0x010101,0x010101,0x010101,0x000000,0x000000,
0x000000,0x000000,0x000000,0x000000,0x000000,0x000000,0x000000,0x000000,0x010101,0x010101,0x010101,0x010101,
0x010101,0x010101,0x000000,0x000000,0x010101,0x010101,0x010101,0x010101,0x010101,0x000000,0x000000,0x000000,
0x000000,0x000000,0x000000,0x000000,0x010101,0x010101,0x010101,0x010101,0x000000,0x000000,0x000000,0x000000,
0x000000,0x000000,0x010101,0x010101,0x000000,0x000000,0x000000,0x000000,0x000000,0x000000,0x000000,0x000000,
0x010101,0x010101,0x010101,0x010101,0x000000,0x181B1E,0x3B4346,0x363E41,0x384042,0x383C3F,0x080909,0x000000,
0x000101,0x000000,0x010101,0x010101,0x000000,0x010101,0x010101,0x010101,0x000000,0x000000,0x010101,0x010101,
0x000000,0x000000,0x010101,0x000000,0x000000,0x000000,0x010101,0x010101,0x010101,0x010101,0x010101,0x010101,
0x000000,0x010101,0x010101,0x010101,0x000000,0x000000,0x000000,0x010101,0x000000,0x1D1F22,0x3E4348,0x373F42,
0x393E42,0x3C4347,0x2E3236,0x000001,0x000000,0x111417,0x3F464B,0x2B3033,0x000001,0x020101,0x000000,0x282E2E,
0x3C4547,0x323539,0x020204,0x000201,0x000000,0x000000,0x010101,0x000000,0x010101,0x010101,0x010101,0x010101,
0x010101,0x010101,0x010101,0x010101,0x050606,0x343A3D,0x364043,0x3B4345,0x2D3131,0x020203,0x010103,0x010103,
0x010101,0x010101,0x000000,0x000000,0x000000,0x000000,0x010101,0x010101,0x010101,0x010101,0x010101,0x010101,
0x000000,0x000000,0x010101,0x010101,0x000000,0x000000,0x000000,0x000000,0x000000,0x000000,0x010101,0x010101,
0x000000,0x010101,0x010101,0x010101,0x010101,0x010101,0x010101,0x010101,0x010201,0x000000,0x0E1010,0x2E3130,
0x363A3C,0x323739,0x272C2E,0x1F2325,0x282D30,0x3C4145,0x404549,0x404548,0x141415,0x000000,0x020202,0x010101,
0x000000,0x000000,0x000000,0x000000,0x000000,0x000000,0x000000,0x000000,0x010101,0x010101,0x010101,0x010101,
0x000000,0x010101,0x010101,0x010101,0x000000,0x000000,0x000000,0x000000,0x000000,0x010101,0x000000,0x000000,
0x000000,0x000000,0x000000,0x000000,0x000000,0x010101,0x010101,0x010101,0x010101,0x010101,0x010101,0x010101,
0x000000,0x010101,0x000000,0x000000,0x000000,0x000000,0x000000,0x000000,0x000000,0x000000,0x000000,0x000000,
0x000000,0x000000,0x010101,0x010101,0x010101,0x010101,0x010101,0x010101,0x000000,0x07070A,0x35393E,0x383E43,
0x363C40,0x3B4145,0x181A1E,0x000000,0x010101,0x010101,0x010101,0x010101,0x000000,0x000000,0x010101,0x010101,
0x010101,0x010101,0x010101,0x010101,0x000000,0x010101,0x000000,0x000000,0x000000,0x000000,0x010101,0x010101,
0x000000,0x000000,0x000000,0x000000,0x000000,0x000000,0x010101,0x010101,0x000000,0x000000,0x010101,0x010101,
0x010101,0x000000,0x000000,0x000000,0x000000,0x000000,0x000000,0x000000,0x010101,0x010101,0x000000,0x000000,
0x000000,0x000000,0x000000,0x000000,0x000000,0x000000,0x000000,0x000000,0x000000,0x000000,0x000000,0x000000,
0x000000,0x000000,0x000000,0x000000,0x010101,0x010101,0x010101,0x010101,0x000000,0x232729,0x3B4346,0x353E40,
0x394244,0x323437,0x010101,0x000101,0x000000,0x000000,0x010101,0x010101,0x000000,0x010101,0x010101,0x010101,
0x010101,0x010101,0x000000,0x000000,0x000000,0x000000,0x010101,0x000000,0x000000,0x000000,0x010101,0x010101,
0x010101,0x010101,0x010101,0x010101,0x000000,0x010101,0x010101,0x010101,0x000000,0x000000,0x000000,0x010101,
0x000000,0x212326,0x3E4348,0x363E41,0x383E42,0x384044,0x363B3F,0x060708,0x000000,0x050709,0x3C4145,0x373C40,
0x030305,0x020101,0x000000,0x1C2121,0x3D4648,0x393D40,0x09090B,0x000000,0x000000,0x000000,0x010101,0x000000,
0x010101,0x010101,0x010101,0x010101,0x010101,0x010101,0x010101,0x020202,0x000000,0x101314,0x3B4245,0x373F41,
0x3D4548,0x292C30,0x010102,0x010101,0x010101,0x000000,0x000000,0x000000,0x010101,0x010101,0x010101,0x010101,
0x010101,0x010101,0x010101,0x010101,0x000000,0x000000,0x010101,0x010101,0x000000,0x000000,0x000000,0x000000,
0x000000,0x000000,0x000000,0x000000,0x000000,0x010101,0x010101,0x010101,0x010101,0x010101,0x010101,0x010101,
0x000000,0x010201,0x000000,0x000000,0x040404,0x010202,0x000000,0x000000,0x000000,0x0E0E0F,0x252627,0x151617,
0x000000,0x010101,0x010101,0x010101,0x000000,0x000000,0x000000,0x000000,0x000000,0x000000,0x000000,0x000000,
0x010101,0x010101,0x010101,0x010101,0x000000,0x010101,0x010101,0x010101,0x000000,0x000000,0x000000,0x000000,
0x000000,0x000000,0x000000,0x000000,0x000000,0x000000,0x000000,0x000000,0x000000,0x010101,0x010101,0x010101,
0x010101,0x010101,0x010101,0x010101,0x000000,0x010101,0x000000,0x000000,0x000000,0x000000,0x000000,0x000000,
0x000000,0x000000,0x000000,0x000000,0x000000,0x000000,0x010101,0x010101,0x010101,0x010101,0x010101,0x010101,
0x010101,0x010102,0x2E3236,0x393F44,0x353C3F,0x3A4245,0x222629,0x000000,0x010101,0x010101,0x010101,0x010101,
0x010101,0x010101,0x010101,0x010101,0x010101,0x010101,0x000000,0x000000,0x000000,0x010101,0x000000,0x000000,
0x000000,0x000000,0x010101,0x010101,0x000000,0x000000,0x000000,0x000000,0x000000,0x000000,0x010101,0x010101,
0x000000,0x000000,0x010101,0x010101,0x010101,0x000000,0x010101,0x010101,0x000000,0x000000,0x010101,0x010101,
0x010101,0x000000,0x000000,0x000000,0x010101,0x010101,0x000000,0x000000,0x000000,0x000000,0x010101,0x010101,
0x000000,0x000000,0x000000,0x000000,0x010101,0x010101,0x000000,0x000000,0x010101,0x010101,0x010101,0x010101,
0x000100,0x2C3033,0x3A4245,0x353D40,0x3C4346,0x272A2C,0x000000,0x010101,0x010101,0x010101,0x000000,0x000000,
0x010101,0x010101,0x000000,0x000000,0x010101,0x010101,0x010101,0x010101,0x010101,0x010101,0x000000,0x000000,
0x010101,0x000000,0x000000,0x000000,0x010101,0x010101,0x000000,0x010101,0x010101,0x010101,0x010101,0x010101,
0x000000,0x000000,0x000000,0x010101,0x000000,0x232528,0x3E4347,0x373F42,0x384043,0x363F42,0x393F43,0x0F1111,
0x000000,0x000001,0x303335,0x40464A,0x090A0C,0x010000,0x000000,0x101214,0x3B4145,0x3C4144,0x151718,0x000000,
0x010101,0x000000,0x010101,0x010101,0x010101,0x010101,0x010101,0x010101,0x010101,0x010101,0x010101,0x010101,
0x020202,0x000000,0x1B1E20,0x3E4548,0x363E41,0x3B4245,0x292C2E,0x030304,0x000000,0x020202,0x010101,0x010101,
0x000000,0x000000,0x010101,0x010101,0x010101,0x010101,0x010101,0x010101,0x000000,0x000000,0x010101,0x010101,
0x010101,0x010101,0x000000,0x010101,0x010101,0x010101,0x010101,0x010101,0x010101,0x010101,0x000000,0x000000,
0x010101,0x010101,0x000000,0x000000,0x000000,0x000000,0x020202,0x010101,0x010000,0x020000,0x030101,0x030101,
0x020101,0x000000,0x000000,0x000000,0x010101,0x010101,0x000000,0x000000,0x000000,0x000000,0x010101,0x010101,
0x010101,0x010101,0x000000,0x010101,0x010101,0x010101,0x000000,0x000000,0x010101,0x010101,0x000000,0x010101,
0x000000,0x000000,0x000000,0x000000,0x000000,0x000000,0x000000,0x010101,0x010101,0x010101,0x000000,0x000000,
0x010101,0x010101,0x000000,0x000000,0x010101,0x010101,0x010101,0x010101,0x010101,0x000000,0x000000,0x010101,
0x000000,0x000000,0x010101,0x010101,0x000000,0x000000,0x000000,0x000000,0x010101,0x000000,0x010101,0x010101,
0x010101,0x010101,0x000000,0x010101,0x010101,0x000000,0x24282C,0x3C4245,0x353E40,0x384144,0x2B3132,0x000100,
0x010101,0x010101,0x010101,0x000000,0x010101,0x010101,0x010101,0x010101,0x010101,0x010101,0x000000,0x000000,
0x010101,0x010101,0x000000,0x000000,0x010101,0x000000,0x000000,0x000000,0x010101,0x010101,0x010101,0x010101,
0x000000,0x000000,0x000000,0x000000,0x010101,0x010101,0x010101,0x010101,0x010101,0x000000,0x010101,0x010101,
0x000000,0x000000,0x010101,0x010101,0x010101,0x000000,0x000000,0x000000,0x010101,0x010101,0x000000,0x000000,
0x000000,0x000000,0x010101,0x010101,0x000000,0x000000,0x010101,0x010101,0x010101,0x010101,0x010101,0x010101,
0x010101,0x010101,0x010101,0x000000,0x030304,0x34383B,0x394044,0x353E40,0x3D4346,0x1E1F22,0x000000,0x010101,
0x010101,0x010101,0x010101,0x010101,0x010101,0x010101,0x010101,0x010101,0x010101,0x010101,0x010101,0x010101,
0x010101,0x010101,0x000000,0x000000,0x010101,0x000000,0x010101,0x010101,0x010101,0x010101,0x000000,0x010101,
0x010101,0x010101,0x010101,0x010101,0x000000,0x000000,0x000000,0x010101,0x000000,0x232528,0x3E4348,0x384042,
0x373F42,0x353F42,0x3A4144,0x1F2122,0x000000,0x000000,0x1D1E1F,0x454B4F,0x111416,0x000000,0x020101,0x060608,
0x33383C,0x3A4144,0x26292B,0x000000,0x010101,0x000000,0x010101,0x010101,0x010101,0x010101,0x010101,0x010101,
0x010101,0x010101,0x010101,0x010101,0x020101,0x020101,0x000000,0x202528,0x3E4446,0x333C3E,0x3A4245,0x323438,
0x0D0D0E,0x000000,0x000100,0x010101,0x010101,0x010101,0x010101,0x010101,0x010101,0x010101,0x010101,0x010101,
0x000000,0x000000,0x010101,0x010101,0x010101,0x010101,0x000000,0x010101,0x010101,0x010101,0x010101,0x010101,
0x010101,0x010101,0x010101,0x010101,0x010101,0x010101,0x000000,0x000000,0x000000,0x000000,0x010101,0x010101,
0x010102,0x010102,0x010102,0x010102,0x010101,0x010202,0x020202,0x010202,0x010101,0x010101,0x000000,0x000000,
0x000000,0x000000,0x010101,0x010101,0x010101,0x010101,0x000000,0x010101,0x010101,0x010101,0x010101,0x010101,
0x010101,0x010101,0x000000,0x010101,0x000000,0x000000,0x000000,0x000000,0x000000,0x000000,0x000000,0x010101,
0x010101,0x010101,0x010101,0x010101,0x010101,0x010101,0x010101,0x010101,0x010101,0x010101,0x010101,0x010101,
0x010101,0x000000,0x000000,0x010101,0x000000,0x000000,0x010101,0x010101,0x000000,0x000000,0x010101,0x010101,
0x010101,0x000000,0x010101,0x010101,0x000000,0x000000,0x000000,0x010101,0x020101,0x000000,0x1A1E20,0x3B4245,
0x343D3F,0x364042,0x33393B,0x040505,0x000000,0x010101,0x010101,0x010101,0x010101,0x010101,0x010101,0x010101,
0x010101,0x010101,0x000000,0x000000,0x010101,0x010101,0x000000,0x000000,0x010101,0x000000,0x010101,0x010101,
0x010101,0x010101,0x010101,0x010101,0x000000,0x000000,0x000000,0x000000,0x010101,0x010101,0x010101,0x010101,
0x010101,0x000000,0x010101,0x010101,0x000000,0x000000,0x010101,0x010101,0x000000,0x000000,0x000000,0x000000,
0x000000,0x000000,0x000000,0x000000,0x000000,0x000000,0x010101,0x010101,0x010101,0x010101,0x010101,0x010101,
0x000000,0x000000,0x010101,0x010101,0x000000,0x000000,0x010101,0x000000,0x080A0C,0x363D41,0x364043,0x363E41,
0x3D4343,0x151618,0x000000,0x010202,0x010101,0x010101,0x010101,0x010101,0x010101,0x010101,0x000000,0x010101,
0x000000,0x000000,0x010101,0x000000,0x010101,0x010101,0x010101,0x010101,0x000000,0x010101,0x010101,0x010101,
0x010101,0x010101,0x010101,0x010101,0x000000,0x010101,0x000000,0x000000,0x000000,0x000000,0x010101,0x010101,
0x000000,0x222226,0x3E4348,0x364041,0x364241,0x364144,0x374144,0x303738,0x030506,0x000000,0x060607,0x3F4447,
0x202526,0x000000,0x030203,0x000000,0x232729,0x3A3F43,0x353A3C,0x050706,0x000000,0x010101,0x010101,0x010101,
0x000000,0x010101,0x010101,0x010101,0x010101,0x010101,0x010101,0x010101,0x000000,0x010101,0x010101,0x000000,
0x1E2424,0x3C4445,0x373F41,0x3B4245,0x3C4042,0x1A1C1D,0x000101,0x000000,0x010101,0x020202,0x010201,0x000100,
0x010101,0x010101,0x000000,0x000000,0x000000,0x000000,0x010101,0x010101,0x010101,0x010101,0x010101,0x010101,
0x010101,0x010101,0x010101,0x010101,0x000000,0x000000,0x010101,0x010101,0x000000,0x000000,0x000000,0x000000,
0x000000,0x000000,0x010101,0x010101,0x010101,0x010101,0x010101,0x010101,0x000000,0x000000,0x010101,0x010101,
0x000000,0x000000,0x000000,0x000000,0x000000,0x000000,0x000000,0x000000,0x010101,0x010101,0x000000,0x010101,
0x010101,0x010101,0x010101,0x010101,0x010101,0x010101,0x010101,0x010101,0x000000,0x000000,0x010101,0x010101,
0x000000,0x000000,0x010101,0x010101,0x000000,0x010101,0x010101,0x010101,0x000000,0x010101,0x010101,0x010101,
0x000000,0x010101,0x000000,0x000000,0x000000,0x000000,0x000000,0x000000,0x000000,0x000000,0x010101,0x010101,
0x000000,0x000000,0x010101,0x010101,0x000000,0x010101,0x010101,0x010101,0x000000,0x000000,0x010101,0x010101,
0x010101,0x000000,0x121515,0x3B4245,0x353D40,0x363E40,0x383E41,0x0A0C0E,0x000000,0x010101,0x010101,0x010101,
0x000000,0x000000,0x010101,0x010101,0x010101,0x010101,0x000000,0x000000,0x000000,0x010101,0x000000,0x010101,
0x010101,0x010101,0x010101,0x010101,0x000000,0x010101,0x010101,0x010101,0x000000,0x000000,0x010101,0x010101,
0x000000,0x010101,0x010101,0x010101,0x010101,0x000000,0x010101,0x010101,0x000000,0x000000,0x000000,0x000000,
0x000000,0x000000,0x000000,0x000000,0x000000,0x000000,0x000000,0x000000,0x000000,0x000000,0x010101,0x010101,
0x010101,0x010101,0x010101,0x010101,0x000000,0x000000,0x010101,0x010101,0x010101,0x010101,0x020202,0x000000,
0x101214,0x3A4145,0x353F42,0x373F41,0x3B4141,0x0C0E0F,0x000000,0x010201,0x010101,0x010101,0x010101,0x010101,
0x010101,0x010101,0x000000,0x010101,0x000000,0x000000,0x010101,0x000000,0x010101,0x010101,0x010101,0x010101,
0x000000,0x010101,0x000000,0x000000,0x010101,0x010101,0x010101,0x010101,0x000000,0x010101,0x000000,0x000000,
0x000000,0x000000,0x010101,0x010101,0x000000,0x1D1F22,0x3D4448,0x364041,0x354141,0x343E40,0x384043,0x3D4648,
0x121617,0x000000,0x000000,0x292C2F,0x333839,0x000001,0x020102,0x000000,0x111315,0x3B4043,0x3E4346,0x191C1C,
0x000000,0x020202,0x010101,0x010101,0x000000,0x010101,0x010101,0x010101,0x010101,0x010101,0x010101,0x010101,
0x000000,0x010101,0x000000,0x010101,0x000000,0x1B1E1E,0x3C4244,0x3A4244,0x364043,0x3B4346,0x2C3033,0x121416,
0x010101,0x000000,0x000000,0x010101,0x020202,0x010102,0x000000,0x000000,0x010101,0x010101,0x010101,0x010101,
0x010101,0x010101,0x010101,0x010101,0x010101,0x010101,0x010101,0x010101,0x010101,0x010101,0x010101,0x010101,
0x000000,0x000000,0x000000,0x000000,0x000000,0x000000,0x010101,0x010101,0x010101,0x010101,0x010101,0x010101,
0x010101,0x010101,0x000000,0x000000,0x000000,0x000000,0x000000,0x000000,0x000000,0x000000,0x000000,0x000000,
0x010101,0x010101,0x000000,0x010101,0x010101,0x010101,0x010101,0x010101,0x010101,0x010101,0x010101,0x010101,
0x000000,0x000000,0x010101,0x010101,0x000000,0x000000,0x010101,0x010101,0x000000,0x010101,0x000000,0x000000,
0x000000,0x010101,0x010101,0x010101,0x000000,0x010101,0x000000,0x000000,0x000000,0x000000,0x000000,0x000000,
0x000000,0x000000,0x010101,0x010101,0x010101,0x010101,0x000000,0x000000,0x000000,0x010101,0x010101,0x010101,
0x000000,0x000000,0x010101,0x010101,0x010101,0x000000,0x0A0D0D,0x383F42,0x363E41,0x353E40,0x3A4143,0x111316,
0x000000,0x020202,0x000000,0x000000,0x010101,0x010101,0x010101,0x010101,0x010101,0x010101,0x000000,0x000000,
0x000000,0x010101,0x000000,0x010101,0x010101,0x010101,0x000000,0x000000,0x000000,0x010101,0x010101,0x010101,
0x000000,0x000000,0x010101,0x010101,0x000000,0x010101,0x010101,0x010101,0x010101,0x000000,0x010101,0x010101,
0x010101,0x000000,0x010101,0x010101,0x010101,0x010101,0x000000,0x000000,0x000000,0x000000,0x000000,0x000000,
0x000000,0x000000,0x010101,0x010101,0x010101,0x000000,0x010101,0x010101,0x010101,0x010101,0x010101,0x010101,
0x010101,0x010101,0x010101,0x000000,0x17191C,0x3C4246,0x353E42,0x384042,0x363C3C,0x060809,0x000000,0x010201,
0x010101,0x010101,0x010101,0x010101,0x010101,0x010101,0x000000,0x000000,0x010101,0x010101,0x000000,0x000000,
0x010101,0x010101,0x000000,0x010101,0x010101,0x010101,0x010101,0x010101,0x010101,0x000000,0x000000,0x010101,
0x000000,0x000000,0x000000,0x000000,0x010101,0x010101,0x010101,0x020202,0x000000,0x171A1D,0x3D4448,0x364142,
0x374244,0x23282B,0x373B3F,0x40494C,0x282E30,0x000100,0x000000,0x0D0E10,0x3A3E3F,0x070709,0x000000,0x000000,
0x030304,0x323639,0x3E4447,0x313637,0x020202,0x020102,0x010101,0x010101,0x000000,0x010101,0x000000,0x010101,
0x010101,0x010101,0x000000,0x000000,0x010101,0x010101,0x000000,0x010101,0x020102,0x000000,0x0F1113,0x323839,
0x394445,0x354042,0x394144,0x3C4346,0x303638,0x191C1D,0x07080A,0x000000,0x000000,0x000000,0x000100,0x010201,
0x020202,0x010101,0x000000,0x010101,0x010101,0x010101,0x010101,0x010101,0x010101,0x000000,0x010101,0x000000,
0x010101,0x010101,0x000000,0x000000,0x000000,0x000000,0x000000,0x000000,0x010101,0x010101,0x010101,0x010101,
0x010101,0x010101,0x010101,0x010101,0x010101,0x010101,0x010101,0x010101,0x010101,0x010101,0x000000,0x000000,
0x010101,0x010101,0x010101,0x010101,0x010101,0x010101,0x010101,0x010101,0x010101,0x010101,0x010101,0x010101,
0x010101,0x010101,0x000000,0x000000,0x010101,0x010101,0x000000,0x010101,0x010101,0x010101,0x010101,0x010101,
0x010101,0x010101,0x010101,0x010101,0x010101,0x010101,0x010101,0x010101,0x010101,0x010101,0x010101,0x010101,
0x010101,0x010101,0x010101,0x010101,0x010101,0x010101,0x010101,0x010101,0x010101,0x010101,0x010101,0x010101,
0x010101,0x000000,0x010101,0x010101,0x000000,0x000000,0x000000,0x010101,0x010101,0x000000,0x050707,0x343B3E,
0x363F42,0x343E3F,0x3A4344,0x181B1D,0x000000,0x020202,0x000000,0x000000,0x010101,0x010101,0x000000,0x000000,
0x010101,0x010101,0x010101,0x010101,0x010101,0x010101,0x010101,0x010101,0x010101,0x010101,0x010101,0x010101,
0x010101,0x010101,0x010101,0x010101,0x010101,0x010101,0x000000,0x000000,0x010101,0x010101,0x010101,0x010101,
0x010101,0x000000,0x010101,0x010101,0x010101,0x000000,0x010101,0x010101,0x010101,0x010101,0x010101,0x010101,
0x000000,0x000000,0x000000,0x000000,0x000000,0x000000,0x000000,0x000000,0x010101,0x000000,0x010101,0x010101,
0x010101,0x010101,0x010101,0x010101,0x010101,0x010101,0x010101,0x000000,0x1E2123,0x3B4246,0x353E42,0x394143,
0x313737,0x020304,0x010102,0x010201,0x010101,0x010101,0x010101,0x010101,0x010101,0x010101,0x010101,0x010101,
0x010101,0x010101,0x000000,0x000000,0x010101,0x010101,0x000000,0x010101,0x010101,0x010101,0x000000,0x000000,
0x010101,0x000000,0x000000,0x010101,0x000000,0x000000,0x000000,0x000000,0x010101,0x010101,0x010101,0x020202,
0x000000,0x0F1214,0x3A4346,0x354142,0x3A4547,0x171B1D,0x2E3133,0x40494C,0x383F42,0x090B0B,0x000000,0x000000,
0x2B2E2F,0x1A1B1C,0x000000,0x020202,0x000000,0x1C2022,0x3C4447,0x3D4245,0x171818,0x000000,0x020202,0x010101,
0x000000,0x010101,0x000000,0x010101,0x010101,0x010101,0x010101,0x010101,0x010101,0x010101,0x010101,0x010101,
0x000000,0x020202,0x000000,0x040405,0x1F2323,0x373E3E,0x3B4445,0x384344,0x3A4445,0x3A4445,0x343A3D,0x272B2E,
0x161717,0x060707,0x000000,0x000000,0x000000,0x000000,0x000000,0x020202,0x020202,0x020202,0x010101,0x010101,
0x010101,0x000000,0x010101,0x000000,0x010101,0x010101,0x000000,0x000000,0x000000,0x000000,0x010101,0x010101,
0x010101,0x010101,0x010101,0x010101,0x010101,0x010101,0x010101,0x010101,0x010101,0x010101,0x010101,0x010101,
0x010101,0x010101,0x000000,0x000000,0x010101,0x010101,0x010101,0x010101,0x010101,0x010101,0x010101,0x010101,
0x010101,0x010101,0x010101,0x010101,0x010101,0x010101,0x010101,0x010101,0x010101,0x010101,0x000000,0x010101,
0x010101,0x010101,0x010101,0x010101,0x010101,0x010101,0x010101,0x010101,0x010101,0x010101,0x010101,0x010101,
0x010101,0x010101,0x010101,0x010101,0x010101,0x010101,0x010101,0x010101,0x010101,0x010101,0x010101,0x010101,
0x010101,0x010101,0x010101,0x010101,0x010101,0x000000,0x010101,0x010101,0x000000,0x000000,0x000000,0x010101,
0x010101,0x010100,0x010303,0x2F3538,0x374143,0x333E3F,0x394344,0x1E2225,0x000000,0x020202,0x010101,0x010101,
0x010101,0x010101,0x010101,0x010101,0x010101,0x010101,0x010101,0x010101,0x010101,0x010101,0x010101,0x010101,
0x010101,0x010101,0x000000,0x000000,0x010101,0x010101,0x010101,0x010101,0x010101,0x010101,0x000000,0x000000,
0x010101,0x010101,0x010101,0x010101,0x010101,0x010101,0x010101,0x010101,0x000000,0x000000,0x010101,0x010101,
0x000000,0x000000,0x000000,0x000000,0x000000,0x000000,0x010101,0x010101,0x000000,0x010101,0x010101,0x010101,
0x010101,0x010101,0x010101,0x010101,0x000000,0x000000,0x010101,0x010101,0x000000,0x000000,0x010101,0x000000,
0x25272B,0x3B4145,0x343F41,0x3A4245,0x2D3233,0x000000,0x020101,0x010102,0x010101,0x010101,0x010101,0x010101,
0x010101,0x010101,0x010101,0x010101,0x000000,0x010101,0x010101,0x010101,0x000000,0x010101,0x010101,0x010101,
0x010101,0x010101,0x010101,0x010101,0x010101,0x010101,0x010101,0x010101,0x000000,0x000000,0x000000,0x000000,
0x000000,0x010101,0x010101,0x010101,0x000000,0x080B0B,0x383F41,0x374243,0x3F4A49,0x181C1B,0x1D1F1F,0x424A4D,
0x3D4648,0x232527,0x000000,0x000100,0x0C0D0D,0x2A2A2A,0x000000,0x020201,0x010000,0x060607,0x363A3E,0x3B4547,
0x30383A,0x020304,0x010101,0x010100,0x000000,0x010101,0x010101,0x010101,0x010101,0x010101,0x010101,0x010101,
0x010101,0x010101,0x010101,0x010101,0x000000,0x010101,0x020202,0x010001,0x000000,0x0B0C0E,0x262B2B,0x394141,
0x3C4345,0x373E41,0x353D40,0x384143,0x3B4244,0x373C3F,0x2B2D31,0x1B1D20,0x0E1111,0x040606,0x000000,0x000000,
0x000000,0x000000,0x000000,0x010101,0x010101,0x020202,0x020202,0x010101,0x020202,0x020202,0x010202,0x010101,
0x000000,0x010101,0x010101,0x010101,0x020102,0x020202,0x010302,0x010302,0x020203,0x020203,0x020203,0x020203,
0x010203,0x010203,0x020203,0x020102,0x010101,0x010101,0x010101,0x010101,0x000000,0x010101,0x010101,0x010101,
0x010101,0x010101,0x010101,0x010101,0x010101,0x010101,0x010101,0x010101,0x010101,0x010101,0x010101,0x010101,
0x010101,0x010101,0x010101,0x010101,0x010101,0x010101,0x010101,0x010101,0x010101,0x010101,0x010101,0x010101,
0x010101,0x010101,0x010101,0x010101,0x000000,0x000000,0x010101,0x010101,0x010101,0x010101,0x010101,0x010101,
0x010101,0x010101,0x010101,0x010101,0x010101,0x010101,0x010101,0x010101,0x000000,0x000000,0x010101,0x010101,
0x000000,0x000000,0x010101,0x010101,0x010102,0x020201,0x000000,0x2A2F31,0x384243,0x333F3F,0x394444,0x23292B,
0x000000,0x010101,0x010101,0x010101,0x000000,0x010101,0x010101,0x010101,0x000000,0x000000,0x010101,0x010101,
0x000000,0x010101,0x010101,0x010101,0x010101,0x010101,0x010101,0x010101,0x000000,0x000000,0x000000,0x000000,
0x000000,0x000000,0x010101,0x010101,0x000000,0x010101,0x010101,0x010101,0x010101,0x010101,0x010101,0x010101,
0x000000,0x000000,0x010101,0x010101,0x000000,0x000000,0x000000,0x000000,0x000000,0x000000,0x010101,0x010101,
0x000000,0x010101,0x000000,0x000000,0x010101,0x010101,0x000000,0x000000,0x000000,0x000000,0x010101,0x010101,
0x000000,0x000000,0x010100,0x000000,0x2B2D31,0x3B4245,0x353F41,0x3B4447,0x272B2D,0x000000,0x010101,0x000001,
0x010101,0x010101,0x010101,0x010101,0x010101,0x010101,0x010101,0x010101,0x000000,0x010101,0x010101,0x010101,
0x000000,0x010101,0x010101,0x010101,0x000000,0x010101,0x000000,0x000000,0x010101,0x010101,0x010101,0x010101,
0x000000,0x000000,0x000000,0x000000,0x000000,0x010101,0x000000,0x000000,0x000100,0x010303,0x323839,0x3B4547,
0x414C4B,0x1B1F1E,0x060808,0x3C4345,0x3B4446,0x3B4042,0x09090B,0x010101,0x000000,0x1D1D1D,0x0D0D0D,0x000000,
0x020202,0x000000,0x1C1F21,0x3E4749,0x3F474A,0x1B1F21,0x000000,0x020202,0x000000,0x010101,0x010101,0x010101,
0x010101,0x010101,0x010101,0x010101,0x010101,0x010101,0x010101,0x010101,0x000000,0x010101,0x010101,0x010101,
0x030104,0x000001,0x000000,0x0A0B0C,0x1F2122,0x313537,0x3B4043,0x3C4345,0x394345,0x384244,0x394245,0x394245,
0x373E41,0x32383B,0x2A2F32,0x202428,0x181A1C,0x0D1011,0x07080A,0x020305,0x000000,0x000000,0x000000,0x000000,
0x000000,0x000000,0x000000,0x000000,0x000000,0x000000,0x000000,0x000000,0x000000,0x000000,0x000000,0x000000,
0x000000,0x000000,0x000000,0x000000,0x000000,0x000000,0x000000,0x000000,0x000000,0x010101,0x010101,0x010101,
0x000000,0x010101,0x000000,0x000000,0x010101,0x010101,0x010101,0x010101,0x010101,0x010101,0x000000,0x000000,
0x010101,0x010101,0x000000,0x000000,0x010101,0x010101,0x010101,0x010101,0x010101,0x010101,0x000000,0x000000,
0x000000,0x010101,0x010101,0x000000,0x000000,0x000000,0x000000,0x000000,0x000000,0x000000,0x010101,0x010101,
0x010101,0x010101,0x000000,0x000000,0x010101,0x010101,0x000000,0x000000,0x010101,0x010101,0x000000,0x000000,
0x000000,0x000000,0x000000,0x000000,0x000000,0x000000,0x000000,0x000000,0x010102,0x020201,0x000000,0x24292B,
0x394244,0x333F3F,0x374243,0x272D2F,0x000000,0x000000,0x000000,0x000000,0x000000,0x010101,0x010101,0x010101,
0x010101,0x010101,0x010101,0x010101,0x000000,0x010101,0x010101,0x010101,0x010101,0x010101,0x000000,0x000000,
0x000000,0x000000,0x000000,0x000000,0x000000,0x000000,0x010101,0x010101,0x000000,0x010101,0x000000,0x000000,
0x000000,0x000000,0x010101,0x010101,0x000000,0x000000,0x000000,0x000000,0x000000,0x000000,0x000000,0x010101,
0x010101,0x010101,0x010101,0x010101,0x010101,0x010101,0x010101,0x010101,0x010101,0x010101,0x010101,0x000000,
0x000000,0x000000,0x000000,0x000000,0x000000,0x000000,0x000000,0x010001,0x303236,0x3B4245,0x343F41,0x3B4446,
0x212627,0x000000,0x020201,0x010102,0x010101,0x010101,0x010101,0x010101,0x010101,0x010101,0x010101,0x010101,
0x010101,0x010101,0x010101,0x010101,0x010101,0x010101,0x010101,0x010101,0x010101,0x010101,0x010101,0x010101,
0x010101,0x010101,0x000000,0x000000,0x010101,0x000000,0x000000,0x010101,0x010101,0x010101,0x010101,0x010101,
0x030102,0x000000,0x292E30,0x3F484A,0x3F4A4B,0x1B1F1F,0x000000,0x292D2F,0x3D4548,0x3D4447,0x282B2D,0x000000,
0x010101,0x050505,0x161616,0x010101,0x010101,0x020102,0x030405,0x333939,0x3E4649,0x393F42,0x07090A,0x010100,
0x010101,0x000000,0x010101,0x010101,0x010101,0x010101,0x000000,0x000000,0x000000,0x010101,0x000000,0x010101,
0x010101,0x010101,0x010101,0x010101,0x020101,0x020102,0x020102,0x000000,0x000000,0x020303,0x111314,0x242628,
0x2F3639,0x384042,0x394144,0x394143,0x383F42,0x394144,0x394245,0x394345,0x3A4144,0x394042,0x353C3E,0x31383A,
0x2D3033,0x26282B,0x1F2224,0x191A1D,0x131516,0x0E1111,0x0B0D0D,0x090B0B,0x060808,0x040606,0x050708,0x070909,
0x0B0D0D,0x111314,0x171A1A,0x191E1D,0x1B1F1F,0x1C1F20,0x1C1F20,0x1B1E1F,0x191B1C,0x141617,0x0F1012,0x0A0A0C,
0x060606,0x010101,0x000000,0x000000,0x010101,0x010101,0x010101,0x010101,0x010101,0x000000,0x010101,0x010101,
0x010101,0x010101,0x010101,0x010101,0x000000,0x000000,0x010101,0x010101,0x010101,0x010101,0x000000,0x010101,
0x010101,0x010101,0x010101,0x010101,0x010101,0x010101,0x010101,0x010101,0x010101,0x010101,0x000000,0x000000,
0x010101,0x010101,0x010101,0x010101,0x010101,0x010101,0x010101,0x010101,0x010101,0x010101,0x010101,0x010101,
0x010101,0x010101,0x010101,0x010101,0x000000,0x000000,0x000000,0x000000,0x000000,0x000000,0x010101,0x010101,
0x010102,0x020201,0x000000,0x1F2325,0x394244,0x343E3F,0x394244,0x2D3134,0x010101,0x000000,0x000000,0x000000,
0x000000,0x000000,0x000000,0x010101,0x010101,0x010101,0x010101,0x010101,0x010101,0x010101,0x010101,0x010101,
0x010101,0x010101,0x010101,0x010101,0x000000,0x000000,0x000000,0x000000,0x000000,0x000000,0x010101,0x010101,
0x010101,0x010101,0x010101,0x010101,0x000000,0x000000,0x010101,0x010101,0x000000,0x000000,0x000000,0x000000,
0x000000,0x000000,0x000000,0x010101,0x010101,0x010101,0x010101,0x010101,0x010101,0x010101,0x010101,0x010101,
0x000000,0x000000,0x010101,0x000000,0x000000,0x000000,0x000000,0x000000,0x000000,0x000000,0x000000,0x020203,
0x333539,0x394044,0x353F41,0x3B4447,0x1D2123,0x000000,0x020201,0x010102,0x000000,0x000000,0x010101,0x010101,
0x010101,0x010101,0x010101,0x010101,0x010101,0x010101,0x010101,0x010101,0x010101,0x010101,0x000000,0x000000,
0x010101,0x000000,0x010101,0x010101,0x010101,0x010101,0x000000,0x000000,0x010101,0x000000,0x000000,0x010101,
0x010101,0x010101,0x000000,0x000000,0x030102,0x000000,0x1B1F21,0x414A4C,0x3F494B,0x171B1B,0x000000,0x141618,
0x3E4649,0x374043,0x3B4042,0x111214,0x000000,0x010101,0x050505,0x020202,0x010102,0x030203,0x000000,0x111514,
0x3D4446,0x3B4447,0x2B3032,0x000001,0x010101,0x000000,0x010101,0x010101,0x010101,0x010101,0x010101,0x010101,
0x000000,0x010101,0x000000,0x010101,0x000000,0x000000,0x010101,0x010101,0x000101,0x000201,0x010201,0x010201,
0x020101,0x010000,0x000000,0x000000,0x020102,0x0B0B0C,0x171A1A,0x252929,0x313638,0x383D40,0x3A4143,0x3A4344,
0x374243,0x384144,0x374143,0x384144,0x394144,0x3A4345,0x394245,0x394244,0x3A4043,0x3A4144,0x394043,0x383E41,
0x373E41,0x363C3F,0x353B3F,0x373D40,0x394043,0x3C4346,0x3D4547,0x3C4547,0x3B4348,0x3B4347,0x3B4347,0x3A4247,
0x3B4247,0x43494E,0x474B50,0x393C41,0x222223,0x040404,0x000000,0x000000,0x010101,0x010101,0x010101,0x010101,
0x010101,0x000000,0x010101,0x010101,0x000000,0x000000,0x010101,0x010101,0x000000,0x000000,0x010101,0x010101,
0x010101,0x010101,0x000000,0x010101,0x010101,0x010101,0x010101,0x010101,0x010101,0x010101,0x010101,0x010101,
0x010101,0x010101,0x000000,0x000000,0x010101,0x010101,0x010101,0x010101,0x010101,0x010101,0x010101,0x010101,
0x010101,0x010101,0x010101,0x010101,0x010101,0x010101,0x010101,0x010101,0x000000,0x000000,0x000000,0x000000,
0x000000,0x000000,0x010101,0x010101,0x010102,0x020201,0x000000,0x1B1E20,0x394144,0x343E3F,0x374042,0x303538,
0x020303,0x000000,0x000000,0x000000,0x000000,0x000000,0x000000,0x010101,0x010101,0x010101,0x010101,0x010101,
0x000000,0x000000,0x010101,0x010101,0x010101,0x010101,0x010101,0x010101,0x000000,0x000000,0x000000,0x000000,
0x000000,0x000000,0x010101,0x010101,0x010101,0x010101,0x010101,0x010101,0x010101,0x000000,0x010101,0x010101,
0x000000,0x000000,0x000000,0x000000,0x000000,0x000000,0x010101,0x010101,0x010101,0x010101,0x010101,0x010101,
0x000000,0x000000,0x000000,0x000000,0x000000,0x000000,0x000000,0x000000,0x000000,0x000000,0x000000,0x000000,
0x000000,0x010101,0x000000,0x040405,0x34383C,0x384143,0x353F41,0x3B4245,0x1B1C1F,0x000000,0x020202,0x010101,
0x000000,0x000000,0x000000,0x000000,0x010101,0x010101,0x010101,0x010101,0x010101,0x010101,0x010101,0x010101,
0x010101,0x010101,0x010101,0x010101,0x000000,0x000000,0x010101,0x010101,0x000000,0x000000,0x000000,0x000000,
0x000000,0x000000,0x000000,0x010101,0x000000,0x010101,0x010101,0x010101,0x010101,0x000000,0x0B0C0E,0x3C4346,
0x3E4548,0x16181B,0x000000,0x040404,0x32373A,0x384045,0x373F43,0x323638,0x050605,0x010101,0x000000,0x010102,
0x020202,0x020202,0x020202,0x000000,0x222627,0x3A4444,0x3A4345,0x1E1F23,0x000000,0x020102,0x000000,0x000001,
0x000000,0x000000,0x010101,0x010101,0x000000,0x010101,0x010101,0x010101,0x010101,0x010101,0x010101,0x010101,
0x010101,0x010101,0x010101,0x010101,0x000000,0x010101,0x020202,0x020202,0x000000,0x000000,0x000000,0x000000,
0x010104,0x09090B,0x121215,0x1E1F21,0x25292B,0x2E3335,0x34393B,0x3A3F41,0x3C4044,0x3B4245,0x384143,0x374143,
0x364042,0x364043,0x364042,0x364042,0x393F42,0x393F43,0x373F42,0x363F42,0x374043,0x373F42,0x364042,0x364042,
0x373F42,0x373F42,0x363E41,0x363F42,0x3A4145,0x313539,0x18191B,0x050606,0x000000,0x000100,0x010302,0x010302,
0x000000,0x010101,0x000201,0x010201,0x010101,0x010101,0x000000,0x000000,0x010101,0x010101,0x000000,0x000000,
0x000000,0x000000,0x010101,0x010101,0x000000,0x010101,0x010101,0x010101,0x010101,0x010101,0x010101,0x000000,
0x000000,0x000000,0x010101,0x010101,0x000000,0x000000,0x000000,0x000000,0x000000,0x000000,0x010101,0x010101,
0x010101,0x010101,0x010101,0x010101,0x010101,0x010101,0x000000,0x000000,0x000000,0x000000,0x000000,0x000000,
0x000000,0x000000,0x000000,0x000000,0x000000,0x000000,0x010101,0x010101,0x000001,0x020201,0x000000,0x181A1D,
0x3B4145,0x353D40,0x374042,0x32373B,0x030404,0x000000,0x000000,0x000000,0x010101,0x010101,0x010101,0x010101,
0x010101,0x010101,0x010101,0x010101,0x010101,0x010101,0x010101,0x010101,0x000000,0x000000,0x000000,0x000000,
0x000000,0x000000,0x000000,0x000000,0x000000,0x000000,0x010101,0x010101,0x010101,0x010101,0x010101,0x010101,
0x010101,0x000000,0x010101,0x010101,0x000000,0x000000,0x000000,0x000000,0x000000,0x000000,0x010101,0x010101,
0x010101,0x010101,0x010101,0x010101,0x000000,0x000000,0x000000,0x000000,0x000000,0x000000,0x000000,0x000000,
0x000000,0x000000,0x000000,0x000000,0x000000,0x010101,0x000000,0x070707,0x36393D,0x374043,0x353F41,0x3B4245,
0x18191B,0x000000,0x020202,0x010101,0x000000,0x000000,0x000000,0x000000,0x010101,0x010101,0x010101,0x000000,
0x010101,0x010101,0x010101,0x010101,0x010101,0x010101,0x010101,0x010101,0x000000,0x000000,0x000000,0x000000,
0x000000,0x000000,0x000000,0x000000,0x000000,0x000000,0x000000,0x010101,0x000000,0x010101,0x010101,0x010101,
0x000000,0x010001,0x010102,0x2D3234,0x3F4548,0x17191D,0x000000,0x000000,0x191C1F,0x3A4145,0x343C40,0x3A4043,
0x292C2C,0x000101,0x020203,0x020202,0x020202,0x020202,0x020202,0x010101,0x020203,0x2C3133,0x384143,0x3A3F43,
0x141516,0x000000,0x010102,0x000000,0x000000,0x000000,0x010101,0x010101,0x000000,0x010101,0x010101,0x010101,
0x010101,0x010101,0x010101,0x010101,0x010101,0x010101,0x010101,0x010101,0x000000,0x010101,0x010101,0x010101,
0x010101,0x020202,0x010101,0x010101,0x010102,0x000001,0x000000,0x000000,0x000000,0x000100,0x050605,0x0C0C0C,
0x131316,0x1C1D20,0x232628,0x2D3133,0x33393C,0x3A4043,0x3C4346,0x3D4446,0x3A4145,0x373F43,0x363F42,0x353F42,
0x363E41,0x373F42,0x364042,0x374143,0x384043,0x384043,0x373F42,0x384043,0x3A4144,0x292D31,0x16191C,0x0D0F0F,
0x070708,0x000001,0x000000,0x000000,0x000000,0x020102,0x020102,0x020101,0x010101,0x010101,0x000000,0x000000,
0x010101,0x010101,0x000000,0x000000,0x000000,0x000000,0x010101,0x010101,0x000000,0x010101,0x010101,0x010101,
0x010101,0x010101,0x010101,0x000000,0x000000,0x000000,0x000000,0x000000,0x000000,0x000000,0x000000,0x000000,
0x000000,0x000000,0x010101,0x010101,0x010101,0x010101,0x010101,0x010101,0x010101,0x010101,0x000000,0x000000,
0x000000,0x000000,0x000000,0x000000,0x000000,0x000000,0x000000,0x000000,0x000000,0x000000,0x010101,0x010101,
0x000102,0x020201,0x000000,0x15181A,0x3B4145,0x343D3F,0x363F41,0x35393D,0x060607,0x000000,0x000000,0x000000,
0x010101,0x010101,0x010101,0x010101,0x010101,0x010101,0x010101,0x010101,0x010101,0x010101,0x000000,0x000000,
0x000000,0x000000,0x000000,0x000000,0x000000,0x000000,0x000000,0x000000,0x000000,0x000000,0x010101,0x010101,
0x010101,0x010101,0x010101,0x010101,0x000000,0x000000,0x000000,0x000000,0x010101,0x010101,0x000000,0x000000,
0x010101,0x010101,0x000000,0x000000,0x010101,0x010101,0x000000,0x000000,0x000000,0x000000,0x000000,0x000000,
0x000000,0x000000,0x000000,0x000000,0x000000,0x000000,0x000000,0x000000,0x000000,0x000000,0x000000,0x080809,
0x373B3F,0x374043,0x353F41,0x3A4245,0x151719,0x000000,0x010101,0x000000,0x010101,0x010101,0x000000,0x000000,
0x010101,0x010101,0x000000,0x010101,0x010101,0x010101,0x000000,0x000000,0x010101,0x010101,0x000000,0x000000,
0x000000,0x000000,0x000000,0x000000,0x000000,0x000000,0x000000,0x000000,0x000000,0x000000,0x000000,0x010101,
0x010101,0x010101,0x010101,0x010101,0x000200,0x020102,0x000000,0x18191B,0x43494C,0x1A1D1F,0x000000,0x000000,
0x050506,0x323739,0x363E41,0x363E40,0x3F4548,0x1F2224,0x000000,0x040404,0x010101,0x010101,0x010101,0x020102,
0x010000,0x070909,0x32393B,0x384043,0x373C3F,0x0E1012,0x000000,0x020303,0x010101,0x010101,0x010101,0x010101,
0x010101,0x010101,0x010101,0x010101,0x000000,0x000000,0x010101,0x010101,0x000000,0x000000,0x000000,0x010101,
0x000000,0x000000,0x000000,0x010101,0x010101,0x010101,0x010101,0x010101,0x010101,0x010102,0x010101,0x020202,
0x020201,0x010100,0x000000,0x000000,0x000000,0x000000,0x000000,0x000001,0x030506,0x0B0E0F,0x17191A,0x232527,
0x2C3134,0x363B3F,0x3B4245,0x3C4346,0x394144,0x363F41,0x354041,0x374043,0x384043,0x384043,0x373F42,0x384043,
0x3A4245,0x3D4447,0x3D4347,0x3B4245,0x3A3E40,0x313437,0x222628,0x111316,0x050608,0x000001,0x000000,0x010001,
0x020202,0x020202,0x010101,0x010101,0x000000,0x000000,0x010101,0x010101,0x000000,0x000000,0x010101,0x010101,
0x010101,0x010101,0x000000,0x000000,0x010101,0x010101,0x010101,0x010101,0x010101,0x010101,0x000000,0x000000,
0x000000,0x000000,0x000000,0x000000,0x010101,0x010101,0x010101,0x010101,0x010101,0x010101,0x010101,0x010101,
0x000000,0x000000,0x000000,0x000000,0x000000,0x000000,0x000000,0x000000,0x000000,0x000000,0x010101,0x010101,
0x010101,0x010101,0x000000,0x010101,0x000102,0x010101,0x000000,0x121517,0x3B4044,0x343D3F,0x353E41,0x363B3F,
0x080809,0x000000,0x010101,0x000000,0x010101,0x010101,0x000000,0x010101,0x010101,0x010101,0x000000,0x010101,
0x010101,0x010101,0x010101,0x010101,0x000000,0x000000,0x000000,0x000000,0x000000,0x000000,0x000000,0x000000,
0x000000,0x000000,0x000000,0x000000,0x010101,0x010101,0x010101,0x010101,0x000000,0x000000,0x000000,0x000000,
0x010101,0x010101,0x000000,0x000000,0x010101,0x010101,0x000000,0x000000,0x010101,0x010101,0x010101,0x010101,
0x000000,0x000000,0x000000,0x000000,0x000000,0x000000,0x000000,0x000000,0x000000,0x000000,0x000000,0x000000,
0x000000,0x000000,0x000000,0x0A0A0A,0x393C40,0x374043,0x353F41,0x3A4145,0x131417,0x000000,0x010101,0x000000,
0x000000,0x000000,0x000000,0x000000,0x010101,0x010101,0x010101,0x010101,0x010101,0x010101,0x010101,0x010101,
0x010101,0x010101,0x000000,0x000000,0x000000,0x000000,0x000000,0x000000,0x000000,0x000000,0x000000,0x000000,
0x000000,0x000000,0x000000,0x010101,0x010101,0x010101,0x010101,0x010101,0x000200,0x020101,0x010000,0x030404,
0x3C4144,0x1E2023,0x000000,0x020202,0x000000,0x1E2123,0x3B4246,0x374042,0x3A4346,0x41474A,0x191C1C,0x000000,
0x020202,0x000000,0x010101,0x010101,0x010201,0x000000,0x0B0D0F,0x363C3E,0x394043,0x363C3F,0x0E1010,0x000000,
0x010101,0x000000,0x010101,0x010101,0x010101,0x010101,0x010101,0x010101,0x000000,0x000000,0x010101,0x010101,
0x000000,0x000000,0x000000,0x010101,0x000000,0x000000,0x000000,0x010101,0x010101,0x010101,0x010101,0x010101,
0x010101,0x010101,0x000000,0x010101,0x010102,0x010102,0x010102,0x010202,0x010101,0x010101,0x010101,0x020101,
0x000000,0x000000,0x000000,0x000000,0x010102,0x080809,0x121414,0x222525,0x2F3538,0x384042,0x3B4446,0x3A4345,
0x384043,0x373F42,0x373F42,0x363E41,0x31393B,0x323A3D,0x394144,0x3C4547,0x3D4548,0x3E4649,0x3C4548,0x394244,
0x333B3B,0x272B2C,0x17191B,0x08080A,0x000000,0x000000,0x010100,0x020202,0x000100,0x000000,0x010101,0x010101,
0x000000,0x000000,0x010101,0x010101,0x010101,0x010101,0x010101,0x010101,0x010101,0x010101,0x010101,0x010101,
0x010101,0x010101,0x000000,0x000000,0x000000,0x000000,0x000000,0x000000,0x010101,0x010101,0x010101,0x010101,
0x010101,0x010101,0x010101,0x010101,0x000000,0x000000,0x000000,0x000000,0x000000,0x000000,0x000000,0x000000,
0x000000,0x000000,0x010101,0x010101,0x010101,0x010101,0x000000,0x010101,0x000102,0x010101,0x000000,0x101214,
0x393E42,0x333C3E,0x353E41,0x373C40,0x090A0A,0x000000,0x000101,0x000000,0x010101,0x010101,0x000000,0x010101,
0x010101,0x010101,0x000000,0x010101,0x000000,0x000000,0x010101,0x010101,0x000000,0x000000,0x000000,0x000000,
0x000000,0x000000,0x000000,0x000000,0x000000,0x000000,0x000000,0x000000,0x010101,0x010101,0x010101,0x010101,
0x010101,0x000000,0x000000,0x000000,0x000000,0x000000,0x000000,0x000000,0x000000,0x000000,0x000000,0x000000,
0x000000,0x000000,0x000000,0x000000,0x000000,0x000000,0x000000,0x000000,0x000000,0x000000,0x000000,0x000000,
0x000000,0x000000,0x010101,0x010101,0x000000,0x010101,0x000000,0x0A0C0B,0x373E41,0x364042,0x353F41,0x3A4144,
0x131416,0x000000,0x010101,0x000000,0x000000,0x000000,0x010101,0x010101,0x010101,0x010101,0x010101,0x010101,
0x000000,0x010101,0x010101,0x010101,0x000000,0x000000,0x010101,0x010101,0x000000,0x000000,0x000000,0x000000,
0x000000,0x000000,0x000000,0x000000,0x000000,0x000000,0x010101,0x010101,0x000000,0x000000,0x000000,0x000000,
0x000000,0x000000,0x020202,0x000000,0x232324,0x232323,0x000000,0x010101,0x010100,0x070708,0x393D41,0x3B4347,
0x394345,0x3B4345,0x3E4546,0x15191A,0x000000,0x020202,0x010101,0x010102,0x000000,0x010101,0x000000,0x111112,
0x383C41,0x3A4044,0x393D3F,0x141415,0x000000,0x010101,0x010201,0x000200,0x010101,0x010101,0x000000,0x000000,
0x000000,0x000000,0x000000,0x000000,0x000000,0x000000,0x000000,0x000000,0x000000,0x000000,0x010101,0x010101,
0x010101,0x010101,0x010101,0x010101,0x000000,0x010101,0x010101,0x010101,0x000000,0x000000,0x010101,0x010101,
0x010101,0x010101,0x010101,0x010101,0x010000,0x010101,0x010101,0x020202,0x010101,0x000000,0x000000,0x000000,
0x010302,0x0D0E0F,0x1D1F22,0x313338,0x3A4044,0x3D4447,0x3B4144,0x383E41,0x2D3437,0x212629,0x1A1D1F,0x1F2324,
0x2E3335,0x383D40,0x3C4246,0x3C4348,0x374143,0x384043,0x3A3F43,0x373B40,0x292C2F,0x141618,0x020303,0x000000,
0x000000,0x010202,0x010100,0x010100,0x000000,0x000000,0x010101,0x010101,0x000000,0x000000,0x010101,0x010101,
0x000000,0x000000,0x010101,0x010101,0x010101,0x010101,0x010101,0x010101,0x000000,0x000000,0x010101,0x000000,
0x010101,0x010101,0x010101,0x010101,0x010101,0x010101,0x000000,0x000000,0x000000,0x000000,0x000000,0x000000,
0x000000,0x000000,0x000000,0x000000,0x000000,0x000000,0x010101,0x010101,0x000000,0x000000,0x010101,0x010101,
0x000000,0x010101,0x000000,0x101012,0x3A3E42,0x353C3F,0x363D40,0x373C40,0x0A0A0D,0x000000,0x010101,0x000000,
0x010101,0x010101,0x010101,0x010101,0x000000,0x000000,0x000000,0x000000,0x000000,0x000000,0x000000,0x000000,
0x000000,0x000000,0x000000,0x000000,0x000000,0x000000,0x010101,0x010101,0x000000,0x000000,0x010101,0x010101,
0x000000,0x000000,0x010101,0x010101,0x010101,0x000000,0x000000,0x000000,0x000000,0x000000,0x000000,0x000000,
0x000000,0x000000,0x000000,0x000000,0x000000,0x000000,0x000000,0x000000,0x000000,0x000000,0x000000,0x000000,
0x000000,0x000000,0x000000,0x000000,0x000000,0x000000,0x000000,0x000000,0x000000,0x010101,0x000000,0x0A0C0B,
0x373E41,0x364042,0x353F41,0x3A4044,0x111214,0x000000,0x010101,0x000000,0x000000,0x000000,0x000000,0x000000,
0x010101,0x010101,0x010101,0x010101,0x000000,0x010101,0x000000,0x000000,0x000000,0x000000,0x010101,0x010101,
0x000000,0x000000,0x000000,0x000000,0x000000,0x000000,0x000000,0x000000,0x000000,0x000000,0x010101,0x010101,
0x000000,0x000000,0x000000,0x000000,0x000000,0x000000,0x000000,0x000000,0x060606,0x101010,0x000000,0x000000,
0x020201,0x000000,0x1F2124,0x3F4649,0x384043,0x384043,0x394143,0x3C4244,0x17191A,0x000000,0x010102,0x000000,
0x010101,0x010101,0x020202,0x000000,0x101213,0x383D3F,0x3B4245,0x3B4144,0x1D1F21,0x000000,0x000100,0x010301,
0x010101,0x010101,0x000000,0x000000,0x000000,0x000000,0x000000,0x000000,0x000000,0x000000,0x000000,0x000000,
0x000000,0x000000,0x010101,0x010101,0x010101,0x010101,0x010101,0x010101,0x000000,0x010101,0x000000,0x000000,
0x000000,0x000000,0x010101,0x010101,0x010101,0x010101,0x000000,0x000000,0x000000,0x010101,0x010101,0x010101,
0x010101,0x010101,0x010101,0x010101,0x000100,0x000000,0x000000,0x010104,0x0D0F11,0x222426,0x343639,0x3D4043,
0x3C4345,0x3C4346,0x343B3D,0x1F2526,0x090C0C,0x040506,0x131416,0x27292C,0x363B3D,0x3B4245,0x394144,0x364042,
0x3D4246,0x3E4347,0x33363A,0x1D1E22,0x070709,0x000000,0x000000,0x030201,0x000000,0x000000,0x010101,0x010101,
0x010101,0x010101,0x010101,0x010101,0x000000,0x000000,0x010101,0x010101,0x010101,0x010101,0x010101,0x010101,
0x000000,0x000000,0x010101,0x000000,0x010101,0x010101,0x010101,0x010101,0x010101,0x010101,0x000000,0x000000,
0x000000,0x000000,0x000000,0x000000,0x000000,0x000000,0x000000,0x000000,0x000000,0x000000,0x010101,0x010101,
0x000000,0x000000,0x010101,0x010101,0x000000,0x020202,0x000000,0x101012,0x3A3E42,0x353C3F,0x363D40,0x373C40,
0x0A0A0D,0x000000,0x010101,0x000000,0x010101,0x010101,0x010101,0x010101,0x000000,0x000000,0x000000,0x000000,
0x000000,0x000000,0x000000,0x000000,0x000000,0x000000,0x000000,0x000000,0x000000,0x000000,0x010101,0x010101,
0x000000,0x000000,0x010101,0x010101,0x010101,0x010101,0x000000,0x000000,0x000000,0x000000,0x000000,0x000000,
0x000000,0x000000,0x000000,0x010101,0x010101,0x000000,0x010101,0x010101,0x010101,0x000000,0x000000,0x000000,
0x010101,0x010101,0x000000,0x000000,0x000000,0x000000,0x000000,0x000000,0x000000,0x000000,0x010101,0x010101,
0x010101,0x000000,0x000000,0x090C0B,0x373E41,0x374143,0x353F41,0x3B4144,0x131316,0x000000,0x010101,0x000000,
0x010101,0x010101,0x000000,0x010101,0x000000,0x000000,0x000000,0x000000,0x010101,0x010101,0x010101,0x010101,
0x000000,0x000000,0x010101,0x010101,0x000000,0x000000,0x000000,0x000000,0x000000,0x000000,0x000000,0x000000,
0x010101,0x010101,0x000000,0x000000,0x000000,0x000000,0x010101,0x010101,0x000000,0x000000,0x000000,0x000000,
0x000000,0x000000,0x000000,0x000000,0x000201,0x010101,0x030405,0x363A3C,0x3E4447,0x384043,0x384043,0x384044,
0x3B4245,0x1A1D1F,0x000000,0x000000,0x010101,0x000000,0x000000,0x010101,0x000000,0x0F1111,0x393E41,0x3D4649,
0x3D4446,0x272B2D,0x050607,0x000000,0x010102,0x010202,0x010101,0x010101,0x010101,0x010101,0x010101,0x010101,
0x000000,0x010101,0x000000,0x010101,0x010101,0x010101,0x010101,0x010101,0x010101,0x000000,0x010101,0x010101,
0x010101,0x010101,0x010101,0x000000,0x010101,0x010101,0x000000,0x010101,0x010101,0x000000,0x010101,0x010101,
0x010101,0x010101,0x010101,0x010101,0x010101,0x010101,0x010101,0x000000,0x010101,0x020202,0x020202,0x010102,
0x000000,0x000000,0x040404,0x161718,0x2C3032,0x3C4043,0x3D4447,0x3C4245,0x34393C,0x212426,0x060709,0x000000,
0x050506,0x1A1C1E,0x2F3537,0x3B4345,0x3C4144,0x393E42,0x3B4045,0x3F4349,0x393C3F,0x212326,0x070809,0x000000,
0x000000,0x020201,0x010101,0x010101,0x000000,0x000000,0x010101,0x010101,0x000000,0x000000,0x000000,0x000000,
0x000000,0x000000,0x010101,0x010101,0x010101,0x010101,0x000000,0x000000,0x010101,0x010101,0x010101,0x010101,
0x000000,0x000000,0x000000,0x000000,0x000000,0x000000,0x000000,0x000000,0x000000,0x000000,0x000000,0x000000,
0x000000,0x000000,0x000000,0x000000,0x010101,0x000000,0x000000,0x010101,0x010101,0x020202,0x000000,0x111113,
0x3B4043,0x363D40,0x363D41,0x383C40,0x0B0A0D,0x000000,0x010101,0x000000,0x010101,0x010101,0x000000,0x010101,
0x010101,0x010101,0x000000,0x000000,0x000000,0x000000,0x000000,0x000000,0x000000,0x000000,0x010101,0x010101,
0x010101,0x010101,0x000000,0x010101,0x010101,0x000000,0x000000,0x010101,0x000000,0x000000,0x010101,0x010101,
0x000000,0x000000,0x000000,0x000000,0x000000,0x000000,0x000000,0x010101,0x010101,0x000000,0x010101,0x010101,
0x010101,0x000000,0x000000,0x000000,0x010101,0x010101,0x000000,0x000000,0x000000,0x000000,0x000000,0x000000,
0x000000,0x000000,0x010101,0x010101,0x010101,0x000101,0x000000,0x090B0B,0x363C40,0x364042,0x353F41,0x3B4144,
0x131416,0x000000,0x010101,0x000000,0x010101,0x010101,0x000000,0x010101,0x010101,0x010101,0x010101,0x010101,
0x010101,0x010101,0x010101,0x010101,0x000000,0x000000,0x010101,0x010101,0x000000,0x000000,0x000000,0x000000,
0x010101,0x010101,0x010101,0x010101,0x010101,0x010101,0x000000,0x000000,0x000000,0x000000,0x010101,0x010101,
0x000000,0x000000,0x000000,0x000000,0x000000,0x000000,0x000000,0x000000,0x000201,0x020102,0x000000,0x131616,
0x414649,0x3A4044,0x384044,0x374045,0x374043,0x3C4346,0x232627,0x010202,0x000000,0x010101,0x010101,0x010101,
0x020302,0x000000,0x0C0B0E,0x34383A,0x3D4548,0x3B4144,0x33373A,0x151618,0x000000,0x000000,0x010101,0x010101,
0x010101,0x010101,0x010101,0x010101,0x000000,0x010101,0x000000,0x010101,0x010101,0x010101,0x010101,0x010101,
0x010101,0x000000,0x010101,0x010101,0x010101,0x010101,0x010101,0x000000,0x010101,0x010101,0x000000,0x010101,
0x010101,0x000000,0x010101,0x010101,0x010101,0x010101,0x010101,0x010101,0x000000,0x000000,0x010101,0x000000,
0x010101,0x010101,0x010101,0x010100,0x020201,0x020202,0x000000,0x000000,0x000000,0x0E0F11,0x26292C,0x373B3F,
0x373F43,0x384043,0x3A3F42,0x242629,0x070607,0x000000,0x020103,0x161719,0x313738,0x3B4345,0x383F43,0x353D41,
0x383F42,0x3A4144,0x34393C,0x1C2021,0x040505,0x000000,0x020202,0x010101,0x000000,0x000000,0x010101,0x010101,
0x000000,0x000000,0x000000,0x000000,0x000000,0x000000,0x010101,0x010101,0x010101,0x010101,0x010101,0x010101,
0x010101,0x010101,0x010101,0x010101,0x000000,0x000000,0x000000,0x000000,0x000000,0x000000,0x000000,0x000000,
0x000000,0x000000,0x010101,0x010101,0x000000,0x000000,0x010101,0x010101,0x010101,0x000000,0x000000,0x010101,
0x010101,0x020202,0x000000,0x131315,0x3A4044,0x353D40,0x363E41,0x383C40,0x0B0A0D,0x000000,0x020202,0x010101,
0x010101,0x010101,0x000000,0x010101,0x010101,0x010101,0x000000,0x000000,0x000000,0x000000,0x000000,0x000000,
0x000000,0x000000,0x010101,0x010101,0x010101,0x010101,0x010101,0x010101,0x010101,0x000000,0x000000,0x010101,
0x000000,0x000000,0x010101,0x010101,0x010101,0x000000,0x010101,0x010101,0x000000,0x000000,0x000000,0x000000,
0x000000,0x000000,0x010101,0x010101,0x000000,0x000000,0x000000,0x000000,0x000000,0x000000,0x000000,0x000000,
0x000000,0x000000,0x010101,0x010101,0x000000,0x000000,0x010101,0x010101,0x010101,0x010102,0x000001,0x08080B,
0x373B3F,0x374043,0x353F41,0x3B4145,0x151618,0x000000,0x010101,0x000000,0x000000,0x000000,0x010101,0x010101,
0x000000,0x000000,0x010101,0x010101,0x010101,0x010101,0x000000,0x000000,0x000000,0x000000,0x010101,0x010101,
0x000000,0x000000,0x000000,0x000000,0x010101,0x010101,0x010101,0x000000,0x000000,0x000000,0x000000,0x000000,
0x000000,0x000000,0x000000,0x000000,0x000000,0x000000,0x010101,0x010101,0x010101,0x010101,0x010101,0x010101,
0x000000,0x010101,0x020202,0x000000,0x27292B,0x3E4648,0x364042,0x383F45,0x384043,0x373F42,0x3C4345,0x2A3031,
0x0A0B0C,0x000000,0x000100,0x020302,0x030102,0x030203,0x000000,0x040405,0x24282B,0x3B3F43,0x3B4044,0x3A4044,
0x2A2C30,0x0B0C0E,0x000000,0x000000,0x010202,0x020202,0x020101,0x020001,0x010101,0x010101,0x010101,0x010101,
0x010101,0x000000,0x010101,0x010101,0x000000,0x010101,0x000000,0x010101,0x010101,0x010101,0x000000,0x000000,
0x000000,0x000000,0x010101,0x010101,0x000000,0x000000,0x010101,0x010101,0x010101,0x010101,0x010101,0x010101,
0x010101,0x000000,0x010101,0x010101,0x010101,0x000000,0x010101,0x010101,0x000000,0x010101,0x010101,0x020202,
0x020102,0x000000,0x000000,0x0D0D0E,0x242A2B,0x383F41,0x3B4345,0x3B4346,0x393C3E,0x1B1D1E,0x010101,0x000000,
0x040506,0x1A1C1F,0x363C3F,0x3A4346,0x343E41,0x343E40,0x363E41,0x394144,0x303639,0x141618,0x000000,0x010000,
0x020201,0x010101,0x010101,0x010101,0x000000,0x010101,0x010101,0x010101,0x000000,0x000000,0x010101,0x010101,
0x000000,0x010101,0x010101,0x010101,0x010101,0x010101,0x010101,0x010101,0x000000,0x000000,0x000000,0x000000,
0x000000,0x000000,0x000000,0x000000,0x010101,0x010101,0x010101,0x010101,0x000000,0x000000,0x010101,0x010101,
0x000000,0x000000,0x010101,0x010101,0x000100,0x010101,0x000000,0x131517,0x394043,0x353D40,0x363F42,0x363C40,
0x09090A,0x000000,0x010101,0x010101,0x010101,0x010101,0x010101,0x010101,0x000000,0x010101,0x000000,0x000000,
0x000000,0x010101,0x010101,0x010101,0x000000,0x000000,0x010101,0x010101,0x000000,0x000000,0x010101,0x010101,
0x000000,0x000000,0x010101,0x010101,0x010101,0x010101,0x010101,0x010101,0x010101,0x000000,0x010101,0x010101,
0x000000,0x000000,0x000000,0x000000,0x000000,0x000000,0x000000,0x000000,0x000000,0x000000,0x000000,0x000000,
0x000000,0x000000,0x000000,0x000000,0x000000,0x000000,0x010101,0x010101,0x000000,0x010101,0x010101,0x010101,
0x010101,0x010101,0x000001,0x060608,0x36393D,0x363F42,0x353F41,0x3B4145,0x18191B,0x000000,0x010101,0x000000,
0x010101,0x010101,0x010101,0x010101,0x010101,0x010101,0x010101,0x000000,0x000000,0x000000,0x000000,0x000000,
0x010101,0x010101,0x010101,0x010101,0x000000,0x000000,0x000000,0x000000,0x010101,0x010101,0x010101,0x000000,
0x000000,0x000000,0x000000,0x000000,0x000000,0x000000,0x000000,0x000000,0x000000,0x010101,0x010101,0x010101,
0x010101,0x010101,0x010101,0x010101,0x010000,0x010101,0x010101,0x010101,0x040506,0x323739,0x3A4144,0x373E43,
0x384043,0x384043,0x363F41,0x3A4345,0x373D3F,0x1C1F21,0x030405,0x000000,0x020202,0x030303,0x030303,0x010101,
0x000000,0x151619,0x34393C,0x3B4345,0x3B4347,0x383E41,0x232629,0x0B0D0E,0x000000,0x000000,0x010000,0x030102,
0x020202,0x010101,0x000001,0x000000,0x010101,0x000000,0x010101,0x010101,0x000000,0x010101,0x000000,0x010101,
0x010101,0x010101,0x000000,0x000000,0x000000,0x000000,0x010101,0x010101,0x000000,0x000000,0x010101,0x010101,
0x010101,0x010101,0x010101,0x010101,0x010101,0x000000,0x000000,0x000000,0x010101,0x000000,0x010101,0x010101,
0x000000,0x010101,0x010101,0x010101,0x000000,0x020202,0x020202,0x000000,0x000000,0x0F1011,0x2E2F32,0x3F4346,
0x3A4345,0x3D4446,0x2E3234,0x0A0B0E,0x000000,0x000000,0x070809,0x282B2C,0x3C4245,0x384042,0x363E41,0x363D41,
0x373F42,0x3B4144,0x26282A,0x050507,0x000000,0x010101,0x010101,0x010101,0x010001,0x010101,0x010101,0x010101,
0x000000,0x000000,0x010101,0x010101,0x000000,0x010101,0x010101,0x010101,0x010101,0x010101,0x010101,0x000000,
0x000000,0x000000,0x000000,0x000000,0x000000,0x000000,0x000000,0x000000,0x010101,0x010101,0x010101,0x000000,
0x000000,0x000000,0x000000,0x000000,0x000000,0x000000,0x010101,0x010101,0x010201,0x020102,0x000000,0x15181A,
0x394144,0x353D40,0x363E41,0x333A3D,0x060707,0x000000,0x010101,0x010101,0x010101,0x010101,0x010101,0x010101,
0x000000,0x010101,0x000000,0x000000,0x000000,0x010101,0x010101,0x010101,0x000000,0x000000,0x010101,0x010101,
0x000000,0x000000,0x000000,0x000000,0x000000,0x000000,0x010101,0x010101,0x010101,0x010101,0x010101,0x010101,
0x010101,0x000000,0x000000,0x000000,0x000000,0x000000,0x010101,0x010101,0x010101,0x000000,0x000000,0x010101,
0x010101,0x010101,0x010101,0x010101,0x000000,0x000000,0x000000,0x000000,0x010101,0x010101,0x010101,0x010101,
0x010101,0x010101,0x010101,0x010101,0x000000,0x000000,0x000001,0x040407,0x34383C,0x374043,0x353F41,0x3B4245,
0x1A1B1E,0x000000,0x010101,0x000000,0x010101,0x010101,0x010101,0x010101,0x010101,0x010101,0x010101,0x010101,
0x010101,0x010101,0x010101,0x010101,0x000000,0x000000,0x010101,0x010101,0x010101,0x010101,0x000000,0x010101,
0x010101,0x010101,0x010101,0x010101,0x010101,0x010101,0x000000,0x000000,0x000000,0x000000,0x000000,0x000000,
0x010101,0x010101,0x000000,0x000000,0x010101,0x010101,0x000000,0x010101,0x010101,0x010101,0x010101,0x020202,
0x000000,0x0D0D0F,0x383C3F,0x373E41,0x373F42,0x384043,0x384042,0x384041,0x374143,0x3D4447,0x34383B,0x171A1C,
0x010303,0x000000,0x010101,0x010101,0x020202,0x000000,0x060708,0x24282A,0x383F43,0x3B4246,0x3B4045,0x383D41,
0x292D2D,0x131616,0x030404,0x000000,0x000000,0x000000,0x010101,0x010101,0x010101,0x010102,0x010101,0x010101,
0x010101,0x010101,0x010101,0x010101,0x000000,0x010101,0x010101,0x010101,0x010101,0x010101,0x010101,0x010101,
0x010101,0x010101,0x010101,0x000000,0x010101,0x010101,0x010101,0x010101,0x010101,0x010101,0x010101,0x010101,
0x010101,0x010101,0x000000,0x000000,0x010101,0x010101,0x010101,0x010101,0x010101,0x010101,0x010101,0x020202,
0x030101,0x000000,0x000000,0x19191B,0x363B3E,0x3C4345,0x3B4145,0x373E41,0x181A1B,0x000000,0x000000,0x000000,
0x181B1B,0x3B4042,0x3A4043,0x363F41,0x363F41,0x374042,0x3F4648,0x373C3F,0x101214,0x000000,0x010101,0x000000,
0x010101,0x010101,0x000000,0x010101,0x010101,0x010101,0x000000,0x010101,0x000000,0x010101,0x000000,0x010101,
0x010101,0x010101,0x000000,0x000000,0x000000,0x000000,0x000000,0x010101,0x010101,0x010101,0x000000,0x010101,
0x010101,0x010101,0x000000,0x010101,0x010101,0x000000,0x000000,0x000000,0x000000,0x000000,0x010101,0x010101,
0x000000,0x010101,0x000000,0x181B1C,0x394144,0x343C3F,0x363F42,0x32393C,0x040505,0x000000,0x010101,0x010101,
0x010101,0x010101,0x000000,0x010101,0x000000,0x000000,0x010101,0x010101,0x000000,0x000000,0x010101,0x010101,
0x010101,0x010101,0x010101,0x010101,0x010101,0x000000,0x010101,0x010101,0x010101,0x000000,0x000000,0x000000,
0x000000,0x000000,0x010101,0x010101,0x010101,0x000000,0x000000,0x000000,0x000000,0x000000,0x010101,0x010101,
0x010101,0x000000,0x000000,0x010101,0x010101,0x010101,0x010101,0x010101,0x000000,0x000000,0x000000,0x000000,
0x010101,0x010101,0x010101,0x010101,0x010101,0x010101,0x010101,0x010101,0x000000,0x000000,0x000002,0x030305,
0x323539,0x384143,0x353F41,0x3B4245,0x1E1F21,0x000000,0x010101,0x000000,0x010101,0x010101,0x010101,0x010101,
0x010101,0x010101,0x010101,0x010101,0x010101,0x010101,0x010101,0x010101,0x000000,0x000000,0x010101,0x010101,
0x010101,0x010101,0x000000,0x010101,0x000000,0x000000,0x010101,0x010101,0x010101,0x010101,0x010101,0x010101,
0x000000,0x000000,0x000000,0x000000,0x010101,0x010101,0x010101,0x010101,0x000000,0x000000,0x000000,0x010101,
0x010101,0x010101,0x010101,0x010101,0x020202,0x000000,0x121316,0x383D40,0x363E41,0x373F42,0x384042,0x384042,
0x384043,0x373F42,0x3A4245,0x3E4748,0x313736,0x151817,0x030303,0x000000,0x000000,0x020302,0x020102,0x000000,
0x0D0E0F,0x2A2C2E,0x3B4042,0x3B4344,0x3A4446,0x3B4346,0x333A3D,0x23282B,0x131414,0x060606,0x000000,0x000000,
0x000000,0x000000,0x000000,0x010101,0x020202,0x020202,0x020202,0x020202,0x010101,0x020202,0x010101,0x020101,
0x010101,0x010101,0x010202,0x010202,0x010101,0x010201,0x010101,0x000000,0x010101,0x010101,0x010101,0x010101,
0x010101,0x010101,0x010101,0x010101,0x010101,0x010101,0x010101,0x010101,0x010101,0x010101,0x010101,0x010101,
0x010101,0x010101,0x010101,0x010101,0x020100,0x020201,0x010101,0x000000,0x070708,0x2A2C2D,0x3D4345,0x384244,
0x3D4345,0x202325,0x000000,0x030102,0x000000,0x0F1212,0x373C40,0x394144,0x364041,0x384143,0x374243,0x3C4547,
0x3C4246,0x15171A,0x000000,0x020101,0x010101,0x010101,0x000000,0x010101,0x010101,0x010101,0x000000,0x010101,
0x000000,0x010101,0x000000,0x010101,0x010101,0x010101,0x010101,0x010101,0x000000,0x000000,0x000000,0x010101,
0x010101,0x010101,0x000000,0x010101,0x010101,0x010101,0x000000,0x010101,0x010101,0x000000,0x000000,0x010101,
0x010101,0x010101,0x010101,0x010101,0x000000,0x010101,0x000000,0x1C1F21,0x394144,0x343C3F,0x363E41,0x30373B,
0x030304,0x000000,0x000000,0x010101,0x010101,0x010101,0x000000,0x010101,0x000000,0x000000,0x010101,0x010101,
0x000000,0x000000,0x010101,0x010101,0x010101,0x010101,0x010101,0x010101,0x010101,0x000000,0x010101,0x010101,
0x010101,0x000000,0x000000,0x000000,0x000000,0x000000,0x010101,0x010101,0x010101,0x000000,0x010101,0x010101,
0x010101,0x010101,0x010101,0x010101,0x000000,0x000000,0x000000,0x000000,0x000000,0x000000,0x010101,0x010101,
0x000000,0x000000,0x000000,0x010101,0x010101,0x010101,0x010101,0x010101,0x000000,0x010101,0x010101,0x000000,
0x010101,0x010101,0x000000,0x010101,0x2F3236,0x3A4345,0x343E40,0x3A4144,0x222527,0x000000,0x020201,0x010102,
0x010101,0x010101,0x010101,0x010101,0x010101,0x010101,0x010101,0x010101,0x000000,0x010101,0x000000,0x000000,
0x000000,0x010101,0x010101,0x010101,0x010101,0x010101,0x010101,0x010101,0x000000,0x010101,0x010101,0x010101,
0x010101,0x010101,0x000000,0x000000,0x000000,0x000000,0x010101,0x010101,0x000000,0x010101,0x010101,0x010101,
0x010101,0x010101,0x010101,0x010101,0x010101,0x010101,0x010101,0x010101,0x000000,0x010101,0x000000,0x161718,
0x383F42,0x373F42,0x384042,0x384042,0x374142,0x384243,0x384243,0x384343,0x3A4345,0x3C4445,0x323637,0x1F2122,
0x0D0F0F,0x020203,0x000000,0x000000,0x000000,0x000000,0x101212,0x2B302F,0x394143,0x3C4547,0x3C4647,0x3C4648,
0x3B4244,0x343B3D,0x292E31,0x1D2023,0x121515,0x090B0B,0x030304,0x000000,0x000000,0x000000,0x000000,0x000000,
0x000000,0x000000,0x000000,0x000000,0x000000,0x000000,0x000000,0x000000,0x000000,0x000000,0x000000,0x010101,
0x000001,0x010101,0x010101,0x020202,0x020202,0x010101,0x020201,0x010201,0x010101,0x010101,0x010201,0x010201,
0x010101,0x010101,0x010101,0x010101,0x010101,0x010101,0x010101,0x000000,0x010101,0x010101,0x000001,0x010101,
0x010002,0x000000,0x191C1D,0x383F3F,0x394143,0x3D4346,0x26292A,0x010202,0x020202,0x000000,0x0C0F0F,0x363F3F,
0x394344,0x373F41,0x384042,0x373F41,0x394144,0x3D4246,0x17191A,0x000000,0x030102,0x010101,0x010100,0x010100,
0x010101,0x010101,0x010101,0x010101,0x010101,0x010101,0x010101,0x010101,0x010101,0x010101,0x010101,0x010101,
0x000000,0x000000,0x010101,0x000000,0x000000,0x010101,0x010101,0x010101,0x010101,0x010101,0x010101,0x010101,
0x000000,0x010101,0x000000,0x010101,0x000000,0x000000,0x010101,0x010101,0x000001,0x020201,0x000000,0x202326,
0x3A4144,0x343E3F,0x374142,0x2C3436,0x000101,0x010101,0x010101,0x010101,0x010101,0x010101,0x010101,0x010101,
0x000000,0x000000,0x010101,0x010101,0x010101,0x010101,0x010101,0x010101,0x010101,0x010101,0x010101,0x010101,
0x010101,0x010101,0x010101,0x010101,0x000000,0x000000,0x010101,0x010101,0x000000,0x010101,0x010101,0x010101,
0x010101,0x000000,0x010101,0x010101,0x010101,0x010101,0x000000,0x000000,0x000000,0x000000,0x000000,0x000000,
0x000000,0x000000,0x010101,0x010101,0x000000,0x000000,0x000000,0x010101,0x010101,0x010101,0x000000,0x000000,
0x000000,0x010101,0x010101,0x000000,0x010101,0x010101,0x010100,0x000000,0x292D31,0x3A4345,0x333E3F,0x394044,
0x272B2D,0x000000,0x020101,0x010102,0x010101,0x010101,0x010101,0x010101,0x010101,0x010101,0x010101,0x010101,
0x000000,0x010101,0x000000,0x000000,0x000000,0x010101,0x010101,0x010101,0x010101,0x010101,0x010101,0x010101,
0x000000,0x010101,0x010101,0x010101,0x010101,0x010101,0x000000,0x000000,0x000000,0x000000,0x010101,0x010101,
0x000000,0x010101,0x010101,0x010101,0x010101,0x010101,0x010101,0x000000,0x010101,0x010101,0x010101,0x010101,
0x010101,0x010101,0x020202,0x000000,0x16191C,0x3D4346,0x3B4244,0x384042,0x374142,0x384243,0x374142,0x313A3C,
0x394043,0x384043,0x374043,0x3B4446,0x3B4141,0x2F3435,0x202324,0x121516,0x0B0B0D,0x040406,0x000000,0x000000,
0x080A0C,0x1C1E1F,0x2C3131,0x363B3C,0x374042,0x384043,0x3B4145,0x3D4346,0x3B4145,0x363D40,0x32373B,0x2A2F33,
0x24282A,0x1C2023,0x171B1D,0x131719,0x0F1114,0x0B0D0F,0x080A0D,0x080A0C,0x08090A,0x09090A,0x09090A,0x09090A,
0x080A0B,0x07090B,0x06090A,0x040608,0x020305,0x010204,0x000002,0x000000,0x000000,0x000000,0x000000,0x000000,
0x000000,0x010102,0x020102,0x020102,0x010101,0x010101,0x010101,0x010101,0x010101,0x010101,0x010101,0x010101,
0x010101,0x010101,0x010101,0x010101,0x020103,0x010204,0x000000,0x0C0E0F,0x303739,0x3A4244,0x3C4343,0x262D2D,
0x020304,0x020101,0x000000,0x0D110F,0x373E3F,0x3B4144,0x383F41,0x384042,0x384043,0x393E41,0x3C4043,0x151818,
0x000000,0x020203,0x010101,0x010100,0x010101,0x010101,0x010101,0x010101,0x010101,0x010101,0x000000,0x000000,
0x010101,0x010101,0x000000,0x000000,0x000000,0x000000,0x010101,0x000000,0x000000,0x010101,0x010101,0x010101,
0x010101,0x010101,0x000000,0x000000,0x000000,0x010101,0x000000,0x010101,0x000000,0x000000,0x010101,0x010101,
0x000001,0x020201,0x000000,0x24292A,0x394143,0x343E3F,0x384243,0x282F31,0x000000,0x020201,0x010101,0x010101,
0x010101,0x010101,0x010101,0x010101,0x010101,0x010101,0x010101,0x010101,0x010101,0x010101,0x000000,0x000000,
0x000000,0x000000,0x000000,0x000000,0x010101,0x010101,0x000000,0x000000,0x000000,0x000000,0x010101,0x010101,
0x000000,0x010101,0x010101,0x010101,0x010101,0x000000,0x010101,0x010101,0x010101,0x010101,0x010101,0x010101,
0x010101,0x010101,0x000000,0x000000,0x000000,0x000000,0x000000,0x000000,0x010101,0x000000,0x010101,0x010101,
0x010101,0x010101,0x010101,0x000000,0x010101,0x000000,0x000000,0x000000,0x010101,0x010101,0x010101,0x000000,
0x23272B,0x394245,0x333E3F,0x3B4145,0x2D3133,0x000000,0x020101,0x010102,0x010101,0x010101,0x000000,0x000000,
0x010101,0x010101,0x010101,0x010101,0x010101,0x010101,0x000000,0x010101,0x010101,0x010101,0x010101,0x010101,
0x010101,0x010101,0x010101,0x010101,0x010101,0x010101,0x010101,0x010101,0x000000,0x000000,0x010101,0x010101,
0x010101,0x010101,0x000000,0x000000,0x000000,0x010101,0x010101,0x010101,0x010101,0x010101,0x010101,0x010101,
0x010101,0x010101,0x000000,0x010101,0x010101,0x010101,0x000000,0x020202,0x000000,0x141518,0x3C4144,0x3E4749,
0x394143,0x394143,0x374042,0x262D2F,0x171B1D,0x303538,0x3E4648,0x3D4648,0x384042,0x384042,0x3A4344,0x3A4344,
0x3A3E41,0x34393C,0x303437,0x292E31,0x1E2123,0x17191A,0x181B1C,0x212727,0x2D3739,0x364042,0x373F41,0x373E42,
0x373E42,0x373F43,0x394045,0x394246,0x3B4345,0x3A4245,0x394144,0x363D40,0x363B3E,0x383D40,0x3B4043,0x3D4346,
0x3B4444,0x394343,0x384141,0x353D3E,0x353B3D,0x363B3E,0x353A3D,0x34393C,0x33383B,0x313538,0x2C3033,0x262A2D,
0x212426,0x1B1D1F,0x121517,0x0B0D0F,0x030506,0x000001,0x000000,0x000000,0x010001,0x020202,0x020202,0x010101,
0x010102,0x010101,0x010101,0x010101,0x000000,0x010101,0x010101,0x010101,0x000000,0x010101,0x020202,0x000000,
0x050607,0x2E3234,0x394043,0x374042,0x292D30,0x030305,0x040303,0x000000,0x131616,0x3F4346,0x3A4043,0x384043,
0x383E41,0x393E42,0x353B3E,0x393E41,0x101214,0x000000,0x010102,0x010101,0x010101,0x010101,0x010101,0x010101,
0x010101,0x010101,0x010101,0x010101,0x010101,0x010101,0x010101,0x010101,0x010101,0x010101,0x000000,0x010101,
0x010101,0x010101,0x010101,0x010101,0x010101,0x010101,0x010101,0x010101,0x010101,0x010101,0x000000,0x000000,
0x000000,0x000000,0x010101,0x010101,0x010102,0x020101,0x000000,0x2A2F30,0x394344,0x333F3F,0x394244,0x25292C,
0x000000,0x020202,0x000000,0x010101,0x010101,0x010101,0x010101,0x010101,0x010101,0x010101,0x000000,0x010101,
0x010101,0x010101,0x010101,0x010101,0x010101,0x000000,0x010101,0x010101,0x010101,0x010101,0x010101,0x010101,
0x010101,0x010101,0x000000,0x000000,0x010101,0x010101,0x010101,0x010101,0x010101,0x000000,0x010101,0x010101,
0x010101,0x010101,0x010101,0x010101,0x010101,0x010101,0x000000,0x000000,0x000000,0x000000,0x000000,0x000000,
0x010101,0x000000,0x010101,0x010101,0x010101,0x010101,0x010101,0x000000,0x000000,0x000000,0x000000,0x000000,
0x010101,0x010101,0x010101,0x000000,0x1D2024,0x394245,0x333E40,0x384043,0x313638,0x020302,0x010000,0x010102,
0x010101,0x010101,0x010101,0x010101,0x010101,0x010101,0x010101,0x010101,0x010101,0x010101,0x000000,0x010101,
0x010101,0x010101,0x010101,0x010101,0x010101,0x010101,0x010101,0x010101,0x010101,0x010101,0x010101,0x010101,
0x000000,0x000000,0x010101,0x010101,0x010101,0x010101,0x010101,0x010101,0x000000,0x010101,0x010101,0x010101,
0x010101,0x010101,0x010101,0x010101,0x010101,0x010101,0x000000,0x010101,0x010101,0x010101,0x000000,0x010101,
0x030202,0x000000,0x0B0D10,0x31373A,0x3E4649,0x394142,0x353E40,0x384041,0x232624,0x020303,0x131616,0x282B2E,
0x33383B,0x393E41,0x3A4244,0x384243,0x384345,0x3B4446,0x3C4547,0x3A4346,0x3B4446,0x3D4647,0x3B4546,0x384344,
0x364042,0x364042,0x363F42,0x373F42,0x393E42,0x383E42,0x373F41,0x363F41,0x363E41,0x353D40,0x343C3F,0x272F31,
0x1B1E1E,0x101314,0x121516,0x1A1E1F,0x23272A,0x292D31,0x2D3236,0x33373B,0x394043,0x3D4447,0x3E4548,0x3D4447,
0x3A4346,0x384043,0x384043,0x3A4245,0x3B4446,0x3D4647,0x3C4446,0x363F40,0x313A3A,0x293130,0x1F2325,0x131416,
0x060606,0x000000,0x000000,0x000000,0x020202,0x010101,0x010101,0x010101,0x000000,0x010101,0x010101,0x010101,
0x010101,0x010101,0x010101,0x020101,0x010000,0x020304,0x2B2F31,0x384042,0x3C4547,0x282C2E,0x010201,0x040402,
0x000000,0x1C1F20,0x404649,0x363E42,0x353A3E,0x23282C,0x343C3F,0x353D40,0x33383B,0x060709,0x000001,0x020101,
0x010101,0x010101,0x010101,0x010101,0x010101,0x010101,0x010101,0x010101,0x010101,0x010101,0x010101,0x010101,
0x010101,0x010101,0x000000,0x010101,0x010101,0x010101,0x010101,0x010101,0x010101,0x010101,0x010101,0x010101,
0x000000,0x000000,0x010101,0x010101,0x000000,0x000000,0x010101,0x010101,0x010102,0x010000,0x020302,0x303638,
0x374143,0x333F3F,0x394243,0x1E2224,0x000000,0x020202,0x000000,0x010101,0x000000,0x000000,0x010101,0x010101,
0x010101,0x010101,0x000000,0x010101,0x010101,0x010101,0x010101,0x010101,0x010101,0x000000,0x010101,0x010101,
0x010101,0x010101,0x010101,0x010101,0x000000,0x000000,0x000000,0x000000,0x010101,0x010101,0x010101,0x010101,
0x010101,0x000000,0x010101,0x010101,0x000000,0x000000,0x000000,0x000000,0x000000,0x000000,0x000000,0x000000,
0x000000,0x000000,0x010101,0x010101,0x000000,0x010101,0x010101,0x010101,0x000000,0x000000,0x010101,0x010101,
0x000000,0x000000,0x000000,0x000000,0x000000,0x000000,0x020202,0x000000,0x171A1B,0x394244,0x343F41,0x354141,
0x343D3E,0x050708,0x000000,0x010101,0x010101,0x010101,0x010101,0x010101,0x000000,0x000000,0x010101,0x010101,
0x010101,0x010101,0x010101,0x010101,0x000000,0x010101,0x010101,0x010101,0x000000,0x000000,0x010101,0x010101,
0x000000,0x000000,0x000000,0x000000,0x010101,0x010101,0x010101,0x010101,0x000000,0x000000,0x010101,0x010101,
0x000000,0x000000,0x010101,0x010101,0x000000,0x000000,0x000000,0x000000,0x010101,0x010101,0x010101,0x010101,
0x000000,0x000000,0x010101,0x010101,0x010101,0x020202,0x000000,0x020203,0x1E2225,0x3B4043,0x3B4446,0x364042,
0x3F4446,0x282B2D,0x000000,0x000000,0x050607,0x111213,0x212427,0x313639,0x3A4043,0x3E4548,0x3B4446,0x394244,
0x384244,0x374143,0x374143,0x384243,0x374143,0x353F41,0x353F41,0x353F41,0x383F42,0x383F42,0x373F42,0x363E41,
0x343D3F,0x353E40,0x353F41,0x374042,0x394041,0x303637,0x1F2325,0x0B0D0F,0x000000,0x000000,0x000001,0x070608,
0x0D0F11,0x171A1C,0x222527,0x2D3031,0x343A3B,0x394042,0x3C4346,0x384144,0x353E40,0x2D3638,0x2D3334,0x363C3C,
0x3D4847,0x3F4B4B,0x3F494B,0x3B4447,0x33393B,0x242829,0x131616,0x030504,0x000000,0x000000,0x020201,0x010101,
0x010101,0x010101,0x010101,0x010101,0x010101,0x010101,0x010101,0x010101,0x020202,0x010101,0x030404,0x2E3332,
0x3D4446,0x40484A,0x1B1F22,0x000000,0x030304,0x010100,0x2E3133,0x3B4146,0x373F43,0x1C2022,0x111314,0x363C3E,
0x3A4345,0x26292E,0x000001,0x020201,0x010101,0x010101,0x010101,0x010101,0x000000,0x010101,0x010101,0x010101,
0x000000,0x010101,0x010101,0x010101,0x010101,0x010101,0x010101,0x010101,0x010101,0x010101,0x010101,0x010101,
0x000000,0x010101,0x000000,0x000000,0x000000,0x000000,0x010101,0x010101,0x000000,0x010101,0x010101,0x010101,
0x010101,0x000000,0x050707,0x333C3E,0x354041,0x343F40,0x3A4244,0x191B1D,0x000000,0x010101,0x010101,0x010101,
0x010101,0x010101,0x010101,0x010101,0x000000,0x010101,0x010101,0x010101,0x000000,0x010101,0x010101,0x000000,
0x010101,0x010101,0x000000,0x000000,0x000000,0x000000,0x010101,0x010101,0x000000,0x000000,0x010101,0x010101,
0x010101,0x010101,0x010101,0x010101,0x010101,0x000000,0x010101,0x010101,0x000000,0x000000,0x000000,0x000000,
0x000000,0x000000,0x000000,0x000000,0x000000,0x010101,0x000000,0x000000,0x000000,0x010101,0x010101,0x010101,
0x000000,0x000000,0x000000,0x000000,0x000000,0x000000,0x000000,0x000000,0x010101,0x010101,0x020202,0x000000,
0x111214,0x3B4244,0x343F41,0x353F40,0x374042,0x0C0E0E,0x000000,0x020202,0x010101,0x010101,0x000000,0x000000,
0x000000,0x000000,0x010101,0x010101,0x010101,0x010101,0x010101,0x010101,0x000000,0x010101,0x010101,0x010101,
0x010101,0x010101,0x010101,0x010101,0x000000,0x000000,0x000000,0x000000,0x010101,0x010101,0x010101,0x010101,
0x010101,0x010101,0x010101,0x010101,0x010101,0x010101,0x010101,0x010101,0x010101,0x010101,0x000000,0x000000,
0x020202,0x010101,0x010101,0x010101,0x010101,0x010101,0x010101,0x010101,0x010101,0x010101,0x020202,0x010101,
0x000000,0x0D0E10,0x2B2E31,0x3D4144,0x394044,0x3B4044,0x2A2E31,0x060708,0x000000,0x000000,0x000000,0x010202,
0x090B0B,0x121515,0x1C1F1F,0x262B2A,0x2E3436,0x353C3D,0x3B4243,0x3B4244,0x3C4246,0x3C4246,0x3C4347,0x3C4347,
0x3B4347,0x3B4247,0x394145,0x383F44,0x394043,0x3A4044,0x3B4145,0x3B4245,0x3A4245,0x3D4548,0x3F4549,0x3D4246,
0x33383A,0x1F2223,0x090909,0x000000,0x000000,0x000000,0x000000,0x000001,0x050606,0x111213,0x212326,0x323538,
0x383E41,0x303638,0x1D2123,0x101314,0x171A1A,0x272B2C,0x32393A,0x373F3F,0x3B4346,0x3E4447,0x3D4245,0x34393B,
0x202425,0x080A0B,0x000000,0x000000,0x020202,0x000101,0x010101,0x010101,0x010101,0x010101,0x010101,0x010101,
0x010101,0x020202,0x000100,0x050706,0x35393C,0x3F4448,0x3E4245,0x0F0F11,0x000101,0x000001,0x08090A,0x353B3F,
0x353F41,0x373D3F,0x060608,0x111215,0x3A4042,0x3F4448,0x0F1114,0x000000,0x020201,0x010101,0x010101,0x010101,
0x000000,0x010101,0x010101,0x010101,0x000000,0x010101,0x010101,0x010101,0x010101,0x010101,0x010101,0x010101,
0x010101,0x010101,0x010101,0x010101,0x000000,0x010101,0x000000,0x000000,0x000000,0x000000,0x000000,0x000000,
0x000000,0x010101,0x010101,0x010101,0x020202,0x000000,0x0B0E0E,0x363F41,0x343F40,0x353F41,0x3A4144,0x121314,
0x000000,0x010101,0x010101,0x010101,0x010101,0x010101,0x000000,0x000000,0x000000,0x010101,0x010101,0x010101,
0x000000,0x010101,0x010101,0x000000,0x010101,0x010101,0x000000,0x000000,0x000000,0x000000,0x000000,0x000000,
0x000000,0x000000,0x010101,0x010101,0x010101,0x010101,0x010101,0x010101,0x010101,0x000000,0x000000,0x000000,
0x000000,0x000000,0x000000,0x010101,0x000000,0x000000,0x000000,0x000000,0x000000,0x000000,0x000000,0x000000,
0x000000,0x000000,0x000000,0x000000,0x000000,0x000000,0x000000,0x000000,0x000000,0x000000,0x000000,0x000000,
0x010101,0x010101,0x010101,0x000000,0x0A0A0D,0x373E41,0x354042,0x333D3F,0x394244,0x131616,0x000000,0x010101,
0x000000,0x000000,0x000000,0x000000,0x000000,0x000000,0x010101,0x010101,0x010101,0x010101,0x000000,0x010101,
0x010101,0x010101,0x010101,0x010101,0x000000,0x000000,0x000000,0x000000,0x000000,0x000000,0x000000,0x000000,
0x010101,0x010101,0x010101,0x010101,0x010101,0x010101,0x010101,0x010101,0x010101,0x000000,0x010101,0x010101,
0x000000,0x000000,0x000001,0x000000,0x000000,0x010101,0x020202,0x010201,0x010101,0x010101,0x010101,0x010101,
0x010101,0x010101,0x010101,0x010101,0x020102,0x000000,0x000000,0x111113,0x282C2E,0x373B3E,0x3B4043,0x34383B,
0x121314,0x000000,0x010101,0x000000,0x000000,0x000000,0x000000,0x000000,0x000201,0x040707,0x090B0B,0x0E1112,
0x14161A,0x1B1C21,0x212327,0x26282C,0x282C30,0x2B2F33,0x2D3135,0x2F3337,0x323438,0x333539,0x333539,0x333539,
0x303639,0x2E3336,0x2A2E31,0x27292D,0x262B2D,0x282B2D,0x181918,0x020201,0x020202,0x020102,0x010101,0x010101,
0x000000,0x000000,0x000000,0x020103,0x0F1011,0x232627,0x3A3E40,0x3C4043,0x1D1F21,0x000000,0x000000,0x0B0C0C,
0x1A1D1F,0x2C3134,0x3C4044,0x41464A,0x3C4446,0x363B3E,0x232628,0x0A0B0C,0x000000,0x000000,0x020202,0x010101,
0x000000,0x000000,0x010101,0x010101,0x000101,0x010101,0x010101,0x000000,0x0D0E0F,0x3D4145,0x41464A,0x313538,
0x010203,0x020202,0x000000,0x1B1D1F,0x374042,0x384042,0x26292D,0x000000,0x16191A,0x3D4446,0x292E31,0x000001,
0x010000,0x000000,0x010101,0x010101,0x000000,0x000000,0x010101,0x010101,0x010101,0x010101,0x010101,0x010101,
0x000000,0x000000,0x010101,0x010101,0x010101,0x000000,0x010101,0x010101,0x000000,0x000000,0x000000,0x000000,
0x000000,0x000000,0x000000,0x010101,0x010101,0x010101,0x010101,0x010101,0x020202,0x000000,0x121515,0x394144,
0x343E3F,0x353F41,0x393E41,0x0B0B0D,0x000000,0x010101,0x010101,0x010101,0x010101,0x010101,0x000000,0x010101,
0x010101,0x010101,0x000000,0x000000,0x010101,0x010101,0x000000,0x010101,0x000000,0x000000,0x000000,0x000000,
0x000000,0x000000,0x000000,0x000000,0x010101,0x000000,0x000000,0x010101,0x010101,0x010101,0x000000,0x010101,
0x010101,0x000000,0x000000,0x000000,0x000000,0x000000,0x000000,0x010101,0x000000,0x000000,0x000000,0x000000,
0x000000,0x000000,0x010101,0x010101,0x000000,0x000000,0x010101,0x010101,0x000000,0x000000,0x000000,0x000000,
0x000000,0x000000,0x000000,0x000000,0x010101,0x010101,0x010101,0x000000,0x040406,0x32383B,0x364042,0x333C3E,
0x3A4345,0x1C2020,0x000000,0x010101,0x000000,0x000000,0x000000,0x000000,0x000000,0x000000,0x010101,0x010101,
0x010101,0x010101,0x000000,0x010101,0x010101,0x010101,0x010101,0x010101,0x000000,0x000000,0x000000,0x000000,
0x000000,0x000000,0x000000,0x000000,0x010101,0x010101,0x010101,0x020202,0x020202,0x020202,0x020202,0x020202,
0x020202,0x010101,0x020202,0x020202,0x010101,0x010101,0x030303,0x131313,0x0A0A0A,0x000000,0x000000,0x000000,
0x020101,0x020202,0x010101,0x010101,0x010101,0x010101,0x010101,0x010101,0x010100,0x010201,0x020202,0x000000,
0x000000,0x0B0B0C,0x1D1F20,0x323538,0x43474A,0x232628,0x030304,0x010102,0x020102,0x020202,0x010302,0x010302,
0x010101,0x000000,0x000000,0x000000,0x000000,0x000000,0x000000,0x000000,0x000000,0x000000,0x000001,0x010202,
0x010201,0x010202,0x010302,0x010202,0x010202,0x000001,0x000000,0x000000,0x000000,0x000000,0x000000,0x010102,
0x010201,0x000101,0x000000,0x000000,0x010000,0x010101,0x020202,0x010101,0x000000,0x000000,0x08090B,0x24282B,
0x3F4548,0x34383B,0x0F0F11,0x000000,0x000000,0x020203,0x0D0E10,0x212427,0x32373B,0x3B4044,0x3B4245,0x363C3E,
0x232425,0x040404,0x000000,0x020202,0x010101,0x010101,0x010101,0x010101,0x000201,0x010101,0x010000,0x030102,
0x000000,0x191D20,0x3F464A,0x3F4649,0x181A1D,0x000000,0x020101,0x050506,0x323638,0x373E41,0x394042,0x0C0E0F,
0x000000,0x1B2123,0x3E4547,0x0E0F11,0x000000,0x010101,0x010101,0x010101,0x000000,0x000000,0x010101,0x010101,
0x010101,0x010101,0x010101,0x010101,0x010101,0x010101,0x010101,0x010101,0x010101,0x000000,0x010101,0x010101,
0x000000,0x000000,0x000000,0x000000,0x000000,0x000000,0x000000,0x010101,0x010101,0x010101,0x010101,0x010101,
0x020202,0x000000,0x1D2020,0x3C4346,0x353D3F,0x373E42,0x34383C,0x040507,0x000000,0x000000,0x010101,0x010101,
0x010101,0x010101,0x000000,0x010101,0x010101,0x010101,0x010101,0x010101,0x010101,0x010101,0x000000,0x010101,
0x000000,0x000000,0x000000,0x000000,0x000000,0x000000,0x000000,0x000000,0x010101,0x000000,0x000000,0x010101,
0x010101,0x010101,0x000000,0x010101,0x000000,0x000000,0x000000,0x000000,0x000000,0x000000,0x000000,0x000000,
0x000000,0x000000,0x000000,0x000000,0x000000,0x000000,0x000000,0x000000,0x000000,0x000000,0x000000,0x000000,
0x000000,0x000000,0x000000,0x000000,0x000000,0x000000,0x000000,0x000000,0x010101,0x010101,0x010101,0x000000,
0x000101,0x2C3033,0x384043,0x333D3F,0x3A4145,0x272B2E,0x000000,0x010101,0x000000,0x000000,0x000000,0x000000,
0x000000,0x000000,0x000000,0x010101,0x000000,0x000000,0x010101,0x010101,0x000000,0x000000,0x010101,0x010101,
0x000000,0x000000,0x000000,0x000000,0x010102,0x010102,0x020203,0x010102,0x010001,0x000000,0x000000,0x000000,
0x000000,0x000000,0x000000,0x000000,0x000000,0x000000,0x000000,0x000000,0x000000,0x000000,0x000000,0x111111,
0x323638,0x2C2F32,0x1A1C1F,0x0A0A0D,0x000000,0x000000,0x010201,0x010201,0x010101,0x010101,0x000000,0x000000,
0x000000,0x000000,0x000000,0x010101,0x010101,0x000000,0x000000,0x010101,0x0E0F0F,0x1F2020,0x0B0B0C,0x000001,
0x010101,0x010101,0x010101,0x010101,0x010101,0x010101,0x020102,0x010101,0x010101,0x010101,0x010101,0x010101,
0x010100,0x000000,0x010101,0x010101,0x010101,0x010101,0x010100,0x010100,0x000000,0x000000,0x010101,0x020202,
0x020202,0x020202,0x010101,0x000000,0x000000,0x000000,0x000000,0x000000,0x000000,0x010101,0x010101,0x010101,
0x010101,0x010101,0x000000,0x000000,0x080A0B,0x292B2D,0x3D3E41,0x25262A,0x040304,0x000000,0x000000,0x000000,
0x050707,0x1D2121,0x353B3E,0x3B4446,0x3C4345,0x323638,0x111213,0x000000,0x010000,0x010101,0x010101,0x010101,
0x010101,0x010101,0x000000,0x000000,0x020101,0x000000,0x2B3032,0x3E454B,0x303538,0x030304,0x030102,0x000000,
0x1C1C20,0x394042,0x3D4545,0x232526,0x000000,0x010101,0x313336,0x292B2E,0x000000,0x010101,0x010101,0x010101,
0x000000,0x000000,0x000000,0x000000,0x000000,0x010101,0x010101,0x010101,0x010101,0x010101,0x010101,0x010101,
0x000000,0x000000,0x000000,0x000000,0x000000,0x000000,0x000000,0x000000,0x000000,0x000000,0x000000,0x000000,
0x000000,0x000000,0x010101,0x000000,0x020101,0x000000,0x25292B,0x3C4245,0x353C40,0x393E45,0x2E3035,0x000001,
0x000000,0x000000,0x000000,0x000000,0x000000,0x010101,0x010101,0x010101,0x000000,0x010101,0x010101,0x010101,
0x000000,0x000000,0x010101,0x010101,0x000000,0x000000,0x000000,0x000000,0x000000,0x000000,0x000000,0x000000,
0x010101,0x010101,0x010101,0x010101,0x000000,0x010101,0x010101,0x010101,0x000000,0x000000,0x000000,0x000000,
0x000000,0x000000,0x000000,0x000000,0x000000,0x000000,0x000000,0x000000,0x000000,0x000000,0x000000,0x000000,
0x000000,0x000000,0x000000,0x000000,0x000000,0x000000,0x000000,0x000000,0x000000,0x000000,0x000000,0x000000,
0x010101,0x010101,0x010101,0x010101,0x000000,0x222528,0x3A4145,0x333D3F,0x383E43,0x32363A,0x010102,0x000000,
0x000000,0x000000,0x000000,0x000000,0x000000,0x000000,0x000000,0x010101,0x010101,0x010101,0x010101,0x010101,
0x010101,0x010101,0x010101,0x010101,0x000000,0x000000,0x000000,0x010101,0x010101,0x000000,0x000000,0x000000,
0x000001,0x030507,0x0A0B0D,0x111314,0x16181C,0x1C1E22,0x202226,0x222429,0x24262B,0x24262B,0x23252A,0x1F2126,
0x1B1E21,0x15171A,0x0E0F11,0x020404,0x090B0E,0x303437,0x3C4144,0x383E41,0x292E2F,0x101213,0x000000,0x000000,
0x010101,0x000000,0x000000,0x000000,0x000000,0x000000,0x000000,0x000000,0x000000,0x000001,0x010101,0x000000,
0x000000,0x000000,0x000000,0x010101,0x010101,0x010101,0x010101,0x010101,0x010101,0x010101,0x010101,0x000000,
0x000000,0x000000,0x000000,0x000000,0x000000,0x000000,0x010101,0x010101,0x010101,0x010101,0x010101,0x010101,
0x010101,0x010101,0x010101,0x010101,0x010101,0x010101,0x000000,0x000000,0x000000,0x000000,0x000000,0x000000,
0x000000,0x010101,0x010101,0x010101,0x000000,0x010101,0x010101,0x020202,0x000000,0x000000,0x151517,0x3B3C40,
0x34373B,0x0A0B0D,0x000000,0x030202,0x010000,0x000000,0x07080A,0x25282B,0x363E41,0x3A3F43,0x383C40,0x1E2124,
0x010102,0x000100,0x010202,0x010101,0x010101,0x010101,0x000000,0x000000,0x010101,0x000000,0x090C0D,0x353A3F,
0x393E42,0x17171A,0x000000,0x010101,0x060608,0x373C3E,0x3E4446,0x36383B,0x030304,0x000000,0x0A0B0D,0x303133,
0x020202,0x000000,0x000000,0x000000,0x000000,0x000000,0x000000,0x000000,0x000000,0x010101,0x000000,0x000000,
0x010101,0x010101,0x000000,0x000000,0x000000,0x000000,0x000000,0x000000,0x000000,0x000000,0x000000,0x000000,
0x000000,0x000000,0x000000,0x000000,0x010101,0x010101,0x010101,0x000000,0x000000,0x010202,0x2F3437,0x373F42,
0x343C3F,0x3A3F45,0x232529,0x000000,0x010101,0x000000,0x000000,0x000000,0x000000,0x010101,0x010101,0x010101,
0x000000,0x010101,0x000000,0x000000,0x000000,0x000000,0x010101,0x010101,0x000000,0x000000,0x000000,0x000000,
0x000000,0x000000,0x000000,0x000000,0x010101,0x010101,0x010101,0x010101,0x000000,0x010101,0x010101,0x010101,
0x000000,0x000000,0x000000,0x000000,0x000000,0x000000,0x010101,0x010101,0x000000,0x000000,0x000000,0x000000,
0x000000,0x000000,0x010101,0x010101,0x000000,0x000000,0x000000,0x000000,0x000000,0x000000,0x000000,0x000000,
0x000000,0x000000,0x000000,0x000000,0x010101,0x010101,0x010101,0x020202,0x000000,0x181A1E,0x3B4145,0x353E40,
0x383E43,0x393D40,0x08090A,0x000000,0x010100,0x000000,0x000000,0x000000,0x000000,0x000000,0x000000,0x000000,
0x010101,0x010101,0x010101,0x010101,0x000000,0x000000,0x000000,0x010101,0x020202,0x010101,0x000000,0x000000,
0x000102,0x090B0C,0x161819,0x232627,0x2B3133,0x32393B,0x383F41,0x3B4245,0x3D4347,0x3D4448,0x3C4347,0x3C4346,
0x3D4247,0x3D4247,0x3D4247,0x3D4247,0x3D4246,0x3C4246,0x3B4043,0x373C3E,0x2A2E31,0x2C3134,0x384042,0x374042,
0x3C4547,0x3D4345,0x2B2E30,0x0C0E0E,0x000000,0x000000,0x020202,0x010101,0x000000,0x000000,0x000000,0x000000,
0x000000,0x000000,0x000000,0x000000,0x010101,0x010101,0x010101,0x010101,0x010101,0x010101,0x010101,0x010101,
0x000000,0x000000,0x000000,0x000000,0x010101,0x010101,0x000000,0x000000,0x000000,0x000000,0x000000,0x010101,
0x010101,0x010101,0x000000,0x010101,0x000000,0x000000,0x000000,0x000000,0x000000,0x000000,0x000000,0x000000,
0x000000,0x000000,0x000000,0x000000,0x000000,0x000000,0x000000,0x010101,0x010101,0x010101,0x000000,0x000000,
0x000100,0x010101,0x000000,0x060608,0x2C3033,0x393C3F,0x111113,0x000000,0x020101,0x020102,0x000000,0x000000,
0x0F1215,0x303438,0x383D41,0x394144,0x2B2F32,0x040506,0x000000,0x020201,0x000000,0x000000,0x010101,0x010101,
0x010001,0x010101,0x000000,0x1E2124,0x394043,0x2D2F32,0x020203,0x010201,0x000000,0x282B2C,0x3E4446,0x3E4447,
0x141618,0x000001,0x000001,0x101011,0x080808,0x000000,0x000000,0x000000,0x000000,0x000000,0x000000,0x000000,
0x010101,0x010101,0x010101,0x010101,0x010101,0x010101,0x000000,0x010101,0x000000,0x000000,0x000000,0x000000,
0x010101,0x010101,0x000000,0x000000,0x000000,0x000000,0x010101,0x010101,0x010101,0x010101,0x010101,0x010101,
0x000000,0x060809,0x363B3E,0x353D41,0x353D40,0x3B4044,0x191B1F,0x000000,0x010101,0x000000,0x010101,0x010101,
0x010101,0x010101,0x000000,0x000000,0x010101,0x010101,0x010101,0x010101,0x000000,0x000000,0x000000,0x000000,
0x000000,0x000000,0x000000,0x000000,0x000000,0x000000,0x000000,0x000000,0x010101,0x000000,0x010101,0x010101,
0x010101,0x010101,0x010101,0x010101,0x000000,0x000000,0x000000,0x000000,0x000000,0x000000,0x010101,0x010101,
0x000000,0x000000,0x000000,0x000000,0x000000,0x000000,0x010101,0x010101,0x000000,0x000000,0x000000,0x000000,
0x000000,0x000000,0x000000,0x000000,0x000000,0x000000,0x000000,0x000000,0x010101,0x010101,0x010101,0x020202,
0x000000,0x0D0F12,0x3A3E43,0x373F42,0x373D42,0x3D4145,0x141516,0x000000,0x010101,0x000000,0x000000,0x000000,
0x000000,0x000000,0x010101,0x010101,0x010101,0x010101,0x010101,0x010101,0x010101,0x010101,0x010101,0x010100,
0x000000,0x000000,0x0C0C0D,0x1F2021,0x2E3438,0x383E43,0x3D4347,0x3D4348,0x3A4446,0x384244,0x374143,0x364042,
0x364041,0x364041,0x353F41,0x353F41,0x363E41,0x363E41,0x363E41,0x363E41,0x363D43,0x373F43,0x373F42,0x394143,
0x3A4445,0x394343,0x384042,0x393F42,0x383E42,0x384042,0x3C4446,0x394042,0x222324,0x030303,0x000000,0x020202,
0x000000,0x000000,0x000000,0x000000,0x000000,0x000000,0x000000,0x000000,0x000000,0x000000,0x010101,0x010101,
0x010101,0x010101,0x010101,0x010101,0x000000,0x000000,0x000000,0x000000,0x010101,0x010101,0x000000,0x000000,
0x000000,0x000000,0x000000,0x010101,0x010101,0x010101,0x000000,0x010101,0x000000,0x000000,0x000000,0x000000,
0x000000,0x000000,0x000000,0x000000,0x000000,0x000000,0x000000,0x000000,0x000000,0x000000,0x000000,0x010101,
0x010101,0x010101,0x000000,0x000000,0x000000,0x000000,0x020203,0x000001,0x000000,0x1F2024,0x3C3E42,0x1A1C1D,
0x000000,0x010101,0x000000,0x010101,0x000000,0x050607,0x282C2E,0x3A4043,0x3B4145,0x313538,0x060607,0x000000,
0x010101,0x000000,0x010101,0x010101,0x000001,0x000000,0x010100,0x060709,0x32383B,0x3A3D41,0x0F1012,0x000000,
0x000000,0x151718,0x3D4346,0x3E4749,0x25292B,0x000000,0x010202,0x000000,0x010101,0x010101,0x000000,0x000000,
0x000000,0x000000,0x010101,0x010101,0x010101,0x010101,0x010101,0x010101,0x010101,0x010101,0x000000,0x010101,
0x000000,0x000000,0x000000,0x000000,0x010101,0x010101,0x000000,0x000000,0x000000,0x000000,0x010101,0x010101,
0x010101,0x010101,0x010101,0x020202,0x000000,0x111416,0x393F43,0x343C40,0x343C3E,0x3A3F43,0x0E1013,0x000000,
0x010101,0x000000,0x010101,0x010101,0x010101,0x010101,0x010101,0x010101,0x010101,0x010101,0x010101,0x010101,
0x000000,0x000000,0x000000,0x000000,0x000000,0x000000,0x000000,0x000000,0x000000,0x000000,0x000000,0x000000,
0x010101,0x000000,0x010101,0x010101,0x010101,0x010101,0x010101,0x010101,0x010101,0x000000,0x000000,0x000000,
0x000000,0x000000,0x010101,0x010101,0x010101,0x010101,0x010101,0x010101,0x000000,0x000000,0x000000,0x000000,
0x000000,0x000000,0x000000,0x000000,0x000000,0x000000,0x000000,0x000000,0x000000,0x000000,0x010101,0x010101,
0x000000,0x000000,0x010101,0x010101,0x010101,0x040707,0x343A3B,0x384042,0x383E41,0x3C4347,0x1F2226,0x000000,
0x010101,0x000000,0x000000,0x000000,0x000000,0x000000,0x010101,0x010101,0x010101,0x010101,0x010101,0x010101,
0x010103,0x010103,0x000000,0x020203,0x151617,0x2E3033,0x3B3F43,0x3C4347,0x3A4245,0x384043,0x373F41,0x373F41,
0x373F42,0x384043,0x364143,0x364143,0x384044,0x384043,0x384043,0x363F40,0x363E41,0x363E41,0x363E41,0x363E41,
0x353E41,0x363F42,0x364042,0x374042,0x363F40,0x373F41,0x373F41,0x373F42,0x373F42,0x373F42,0x363E41,0x373F42,
0x3D4346,0x303337,0x0E0E0F,0x000000,0x020101,0x010101,0x010101,0x010102,0x000000,0x000000,0x010101,0x010101,
0x000000,0x000000,0x000000,0x000000,0x000000,0x000000,0x000000,0x000000,0x000000,0x000000,0x000000,0x000000,
0x000000,0x000000,0x000000,0x000000,0x000000,0x000000,0x010101,0x010101,0x000000,0x000000,0x000000,0x000000,
0x000000,0x000000,0x000000,0x000000,0x000000,0x000000,0x000000,0x000000,0x000000,0x000000,0x010101,0x010101,
0x000000,0x000000,0x010101,0x010101,0x010101,0x010101,0x010101,0x010101,0x000000,0x000000,0x010101,0x010102,
0x010100,0x000000,0x1A1D20,0x41464A,0x1F2124,0x000000,0x020101,0x000001,0x010101,0x000000,0x010101,0x252627,
0x394144,0x3D4347,0x323437,0x050507,0x010000,0x020201,0x010101,0x010101,0x000000,0x010101,0x020202,0x000000,
0x212326,0x3D4346,0x212527,0x000000,0x000000,0x070909,0x3A4041,0x3E4649,0x2F3438,0x000101,0x000000,0x010101,
0x000000,0x000000,0x000000,0x000000,0x000000,0x010101,0x010101,0x010101,0x010101,0x010101,0x010101,0x010101,
0x000000,0x010101,0x010101,0x010101,0x010101,0x010101,0x000000,0x000000,0x000000,0x000000,0x010101,0x010101,
0x010101,0x010101,0x010101,0x010101,0x010101,0x010101,0x010101,0x020202,0x000000,0x1D2024,0x394245,0x333D3F,
0x363F41,0x36393D,0x060608,0x000001,0x000100,0x000000,0x010101,0x010101,0x010101,0x010101,0x010101,0x010101,
0x010101,0x010101,0x000000,0x000000,0x000000,0x000000,0x010101,0x000000,0x000000,0x010101,0x000000,0x000000,
0x000000,0x000000,0x000000,0x000000,0x000000,0x000000,0x010101,0x010101,0x010101,0x010101,0x010101,0x010101,
0x010101,0x000000,0x000000,0x000000,0x000000,0x000000,0x010101,0x010101,0x010101,0x010101,0x010101,0x010101,
0x000000,0x000000,0x000000,0x000000,0x000000,0x000000,0x000000,0x000000,0x000000,0x000000,0x000000,0x000000,
0x000000,0x000000,0x010101,0x010101,0x000000,0x000000,0x010101,0x010101,0x020202,0x000000,0x292D2F,0x3B4245,
0x373E41,0x394146,0x2C3034,0x000001,0x000000,0x000000,0x000000,0x000000,0x010101,0x010101,0x010101,0x010101,
0x010101,0x010101,0x010101,0x020202,0x000000,0x000000,0x16181C,0x313639,0x3C4346,0x3D4446,0x394043,0x383E41,
0x373F41,0x384042,0x384042,0x384042,0x384043,0x384043,0x374043,0x374042,0x363E44,0x373F44,0x384144,0x394245,
0x3A4246,0x3B4347,0x3C4348,0x3C4347,0x3C4345,0x3C4345,0x3C4345,0x3B4244,0x384243,0x374043,0x353F42,0x363F44,
0x373F42,0x373F42,0x373F42,0x373F42,0x373E41,0x3A3F42,0x393D40,0x1C1E1F,0x010101,0x000001,0x020202,0x010101,
0x010101,0x010101,0x010101,0x010101,0x010101,0x010101,0x000000,0x000000,0x000000,0x000000,0x000000,0x000000,
0x000000,0x000000,0x000000,0x000000,0x000000,0x000000,0x000000,0x000000,0x000000,0x000000,0x010101,0x010101,
0x000000,0x000000,0x000000,0x000000,0x000000,0x000000,0x000000,0x000000,0x000000,0x000000,0x000000,0x000000,
0x000000,0x000000,0x010101,0x010101,0x000000,0x000000,0x010101,0x010101,0x010101,0x010101,0x010101,0x010101,
0x000000,0x000000,0x010101,0x010101,0x010000,0x010202,0x000000,0x181B1E,0x414446,0x1D1D1D,0x000000,0x020202,
0x000000,0x010101,0x010101,0x000000,0x1F2325,0x3D4245,0x3F4346,0x2D2F32,0x020203,0x020201,0x010101,0x010101,
0x000000,0x010101,0x020202,0x000000,0x0C0D0E,0x3B4144,0x323739,0x020202,0x010000,0x000101,0x2E3335,0x3F4649,
0x393F42,0x060708,0x000000,0x000100,0x000000,0x000000,0x000000,0x000000,0x010101,0x010101,0x010101,0x010101,
0x010101,0x010101,0x010101,0x010101,0x000000,0x010101,0x010101,0x010101,0x010101,0x010101,0x000000,0x000000,
0x010101,0x010101,0x010101,0x010101,0x010101,0x010101,0x010101,0x010101,0x010101,0x010101,0x010101,0x010101,
0x000001,0x2A2E32,0x394144,0x343D3F,0x394144,0x2C2D31,0x000001,0x010101,0x000000,0x000000,0x000000,0x000000,
0x010101,0x010101,0x010101,0x010101,0x010101,0x010101,0x000000,0x000000,0x000000,0x000000,0x010101,0x000000,
0x000000,0x010101,0x000000,0x000000,0x000000,0x000000,0x000000,0x000000,0x000000,0x000000,0x010101,0x010101,
0x010101,0x010101,0x000000,0x000000,0x000000,0x000000,0x000000,0x000000,0x000000,0x000000,0x000000,0x000000,
0x000000,0x000000,0x010101,0x010101,0x000000,0x000000,0x000000,0x000000,0x000000,0x000000,0x000000,0x000000,
0x000000,0x000000,0x010101,0x010101,0x010101,0x010101,0x010101,0x010101,0x010101,0x010101,0x000000,0x010101,
0x010101,0x000000,0x1C1F21,0x3D4246,0x373F41,0x373F43,0x373C3F,0x070708,0x000000,0x000000,0x010101,0x010101,
0x010101,0x010101,0x000000,0x000000,0x010101,0x010101,0x010101,0x000000,0x0B0B0C,0x2D2F31,0x3E4246,0x3D4448,
0x3C4447,0x394042,0x353C3E,0x3A4043,0x384042,0x384042,0x384042,0x384042,0x384043,0x373F42,0x383F42,0x3B4245,
0x3D4247,0x393F42,0x33393B,0x2C3233,0x282B2F,0x23252A,0x1F2126,0x1C1F24,0x1F2123,0x232627,0x2A2C2E,0x313435,
0x353B3E,0x3A4144,0x3C4347,0x3B4146,0x373F42,0x363E41,0x363E41,0x373F42,0x373F42,0x373E41,0x363D40,0x3B4144,
0x2B2E32,0x060709,0x000000,0x020202,0x010101,0x010101,0x010101,0x010101,0x010101,0x000000,0x010101,0x010101,
0x000000,0x000000,0x000000,0x010101,0x000000,0x000000,0x000000,0x000000,0x010101,0x010101,0x000000,0x000000,
0x010101,0x000000,0x010101,0x010101,0x010101,0x010101,0x010101,0x010101,0x000000,0x000000,0x000000,0x000000,
0x000000,0x000000,0x000000,0x000000,0x010101,0x010101,0x000000,0x000000,0x010101,0x010101,0x010101,0x010101,
0x000000,0x000000,0x000000,0x000000,0x000000,0x000000,0x000000,0x000000,0x000000,0x000000,0x010101,0x000000,
0x17181A,0x3B3E41,0x151719,0x000000,0x020202,0x010101,0x000000,0x010101,0x000000,0x242628,0x3D4145,0x404348,
0x232528,0x000000,0x010101,0x010000,0x010101,0x000000,0x010101,0x010101,0x010101,0x2F3435,0x3E4446,0x0B0C0D,
0x000000,0x000000,0x222628,0x3F4448,0x3B4044,0x0D0F0F,0x000000,0x010101,0x000000,0x000000,0x010101,0x010101,
0x010101,0x010101,0x010101,0x010101,0x010101,0x010101,0x000000,0x010101,0x000000,0x000000,0x000000,0x000000,
0x000000,0x000000,0x000000,0x000000,0x010101,0x010101,0x000000,0x010101,0x010101,0x010101,0x000000,0x010101,
0x010101,0x010101,0x000000,0x000000,0x060609,0x35393D,0x363E41,0x353C3F,0x3A4244,0x1D2022,0x000000,0x020202,
0x010101,0x010101,0x000000,0x000000,0x010101,0x010101,0x010101,0x010101,0x010101,0x010101,0x000000,0x000000,
0x010101,0x010101,0x010101,0x010101,0x010101,0x010101,0x000000,0x010101,0x010101,0x000000,0x010101,0x010101,
0x010101,0x000000,0x010101,0x010101,0x010101,0x010101,0x010101,0x010101,0x000000,0x000000,0x000000,0x000000,
0x000000,0x000000,0x000000,0x000000,0x000000,0x000000,0x010101,0x010101,0x000000,0x000000,0x000000,0x000000,
0x000000,0x000000,0x000000,0x000000,0x000000,0x000000,0x010101,0x010101,0x010101,0x010101,0x010101,0x010101,
0x010101,0x010101,0x000000,0x010101,0x020101,0x000000,0x0E1113,0x3B4043,0x384143,0x364043,0x3C4246,0x151617,
0x000000,0x010101,0x010101,0x010101,0x010101,0x010101,0x010101,0x010101,0x010101,0x000000,0x000000,0x171818,
0x383E41,0x41464A,0x3B3F42,0x303336,0x1F2022,0x16191C,0x33383C,0x394145,0x384042,0x384042,0x384042,0x373F41,
0x374043,0x3C4346,0x393E42,0x2C2F33,0x1C1D1F,0x0D0D0E,0x040505,0x000000,0x000000,0x000000,0x000000,0x000000,
0x000000,0x000000,0x000000,0x010202,0x050607,0x0E1010,0x1C1E1F,0x2D2F32,0x373D40,0x3B4346,0x3A4144,0x374043,
0x373F42,0x384043,0x384043,0x363F41,0x3D4346,0x36393D,0x0D0E0F,0x000000,0x020202,0x010101,0x010101,0x010101,
0x010101,0x000000,0x010101,0x010101,0x000000,0x000000,0x000000,0x010101,0x000000,0x000000,0x010101,0x010101,
0x010101,0x010101,0x010101,0x010101,0x010101,0x000000,0x010101,0x010101,0x000000,0x000000,0x010101,0x010101,
0x000000,0x000000,0x000000,0x000000,0x000000,0x000000,0x010101,0x010101,0x010101,0x010101,0x010101,0x010101,
0x010101,0x010101,0x010101,0x010101,0x000000,0x000000,0x000000,0x000000,0x000000,0x000000,0x000000,0x000000,
0x000000,0x000000,0x010000,0x020201,0x000000,0x1C2023,0x3E4245,0x111111,0x000000,0x010101,0x000000,0x010101,
0x020101,0x010001,0x2B2F32,0x3D4246,0x3C4246,0x101215,0x000000,0x020101,0x010101,0x000000,0x010101,0x020202,
0x000000,0x1B1F20,0x42494C,0x151719,0x000000,0x000000,0x191B1E,0x3E4447,0x3B4043,0x151718,0x000000,0x010101,
0x000000,0x000000,0x010101,0x010101,0x010101,0x010101,0x010101,0x010101,0x010101,0x010101,0x000000,0x010101,
0x000000,0x000000,0x010101,0x010101,0x000000,0x000000,0x000000,0x000000,0x010101,0x010101,0x000000,0x010101,
0x010101,0x010101,0x000000,0x010101,0x010101,0x010101,0x010101,0x000000,0x121315,0x3C4144,0x353D40,0x363D40,
0x384042,0x101213,0x000000,0x020201,0x010101,0x010101,0x010101,0x010101,0x010101,0x010101,0x010101,0x010101,
0x010101,0x010101,0x000000,0x000000,0x010101,0x010101,0x010101,0x010101,0x010101,0x010101,0x010101,0x010101,
0x010101,0x000000,0x010101,0x010101,0x010101,0x000000,0x010101,0x010101,0x010101,0x010101,0x010101,0x010101,
0x010101,0x000000,0x010101,0x010101,0x010101,0x010101,0x010101,0x010101,0x010101,0x010101,0x000000,0x000000,
0x000000,0x000000,0x000000,0x000000,0x000000,0x000000,0x010101,0x010101,0x000000,0x000000,0x010101,0x010101,
0x000000,0x010101,0x010101,0x010101,0x000000,0x000000,0x010101,0x010101,0x000100,0x000000,0x030406,0x34393A,
0x3A4245,0x364042,0x3B4346,0x22262A,0x000000,0x020202,0x010101,0x000000,0x010101,0x010101,0x010101,0x010101,
0x010101,0x000000,0x1F2124,0x3F4247,0x313637,0x1F2223,0x0E0F10,0x000000,0x0A0B0E,0x34383B,0x3B4244,0x364042,
0x394043,0x383F42,0x384043,0x3C4545,0x363D3D,0x212526,0x0B0D0E,0x000001,0x000000,0x000000,0x000000,0x010101,
0x010100,0x020101,0x020202,0x020202,0x020202,0x020202,0x010201,0x010101,0x000000,0x000000,0x000000,0x000000,
0x090A09,0x1A1C1C,0x2D3133,0x393F43,0x394043,0x363E41,0x384043,0x374145,0x384142,0x3C4446,0x3A3F42,0x121518,
0x000000,0x020203,0x010101,0x010101,0x010101,0x000000,0x010101,0x000000,0x000000,0x000000,0x000000,0x000000,
0x000000,0x000000,0x010101,0x010101,0x000000,0x010101,0x010101,0x010101,0x010101,0x010101,0x010101,0x010101,
0x000000,0x000000,0x000000,0x000000,0x000000,0x000000,0x000000,0x000000,0x000000,0x000000,0x010101,0x010101,
0x010101,0x010101,0x010101,0x010101,0x010101,0x010101,0x010101,0x010101,0x010101,0x010101,0x000000,0x000000,
0x000002,0x010103,0x010103,0x010203,0x020201,0x020201,0x020201,0x020202,0x020302,0x000001,0x2E3134,0x3A4041,
0x040706,0x010101,0x020101,0x020002,0x020001,0x000100,0x050708,0x343A3C,0x3A4044,0x303337,0x020303,0x010101,
0x010101,0x010101,0x010101,0x010101,0x000000,0x0C0C0D,0x424649,0x202528,0x000000,0x000000,0x101011,0x3A3F42,
0x384043,0x1C1F21,0x000000,0x010101,0x010101,0x010101,0x010101,0x010101,0x010101,0x010101,0x000000,0x010101,
0x000000,0x010101,0x010101,0x010101,0x010101,0x010101,0x010101,0x010101,0x000000,0x000000,0x010101,0x010101,
0x000000,0x000000,0x010101,0x010101,0x010101,0x010101,0x010101,0x010101,0x010101,0x010101,0x010101,0x000000,
0x202426,0x3B4144,0x353D3F,0x364041,0x343A3A,0x050607,0x010000,0x020001,0x010101,0x010101,0x010101,0x010101,
0x010101,0x010101,0x010101,0x010101,0x000000,0x000000,0x000000,0x000000,0x000000,0x000000,0x010101,0x010101,
0x000000,0x010101,0x010101,0x010101,0x010101,0x010101,0x010101,0x010101,0x000000,0x000000,0x010101,0x010101,
0x010101,0x010101,0x010101,0x010101,0x010101,0x000000,0x010101,0x010101,0x010101,0x010101,0x010101,0x010101,
0x010101,0x010101,0x000000,0x000000,0x000000,0x000000,0x000000,0x000000,0x000000,0x000000,0x000000,0x000000,
0x000000,0x000000,0x010101,0x010101,0x000000,0x010101,0x000000,0x000000,0x000000,0x000000,0x010101,0x010101,
0x000201,0x020202,0x000000,0x272B2C,0x3C4346,0x353F41,0x373F42,0x31363A,0x030404,0x000000,0x010101,0x000000,
0x010101,0x010101,0x010101,0x020202,0x000000,0x242425,0x3B3D40,0x1A1B1E,0x050506,0x000000,0x000000,0x131416,
0x3B3F42,0x3C4245,0x373F41,0x374142,0x364041,0x3B4244,0x3B4042,0x232627,0x070809,0x000000,0x000000,0x020103,
0x020202,0x020202,0x000000,0x010101,0x000101,0x010101,0x000000,0x010101,0x010101,0x010101,0x010101,0x010101,
0x010101,0x020202,0x020202,0x010101,0x000000,0x000000,0x000002,0x101214,0x292D30,0x3C4145,0x3D4447,0x394044,
0x384042,0x384042,0x3A4244,0x3C4245,0x191C1D,0x000000,0x010101,0x000000,0x010101,0x000000,0x010101,0x000000,
0x010101,0x010101,0x000000,0x000000,0x000000,0x000000,0x010101,0x010101,0x000000,0x010101,0x000000,0x000000,
0x010101,0x010101,0x010101,0x010101,0x000000,0x000000,0x000000,0x000000,0x000000,0x000000,0x000000,0x000000,
0x000000,0x000000,0x000000,0x000000,0x010101,0x010101,0x000000,0x000000,0x000000,0x000000,0x010101,0x010101,
0x010101,0x010101,0x010101,0x010101,0x020101,0x010101,0x000000,0x000000,0x000000,0x000000,0x000000,0x000000,
0x000000,0x000001,0x060809,0x394141,0x262A2A,0x000000,0x010101,0x010000,0x000000,0x020202,0x000000,0x111315,
0x373F41,0x393F42,0x1A1B1D,0x000000,0x020202,0x010101,0x010101,0x010101,0x010000,0x010102,0x393D3F,0x2B3134,
0x000000,0x000000,0x080809,0x353B3E,0x394144,0x242629,0x000000,0x010101,0x010101,0x010101,0x000000,0x000000,
0x010101,0x010101,0x000000,0x010101,0x000000,0x010101,0x000000,0x000000,0x010101,0x010101,0x010101,0x010101,
0x000000,0x000000,0x010101,0x010101,0x010101,0x010101,0x000000,0x000000,0x010101,0x010101,0x000000,0x000000,
0x010101,0x010101,0x000000,0x020202,0x2F3436,0x393F42,0x343D3F,0x394344,0x282C2D,0x000000,0x030102,0x010101,
0x010101,0x010101,0x010101,0x010101,0x010101,0x010101,0x000000,0x000000,0x000000,0x000000,0x000000,0x000000,
0x000000,0x000000,0x010101,0x010101,0x000000,0x010101,0x000000,0x000000,0x010101,0x010101,0x010101,0x010101,
0x000000,0x000000,0x000000,0x000000,0x010101,0x010101,0x010101,0x010101,0x010101,0x000000,0x000000,0x000000,
0x010101,0x000000,0x010101,0x010101,0x000000,0x000000,0x000000,0x000000,0x000000,0x000000,0x010101,0x010101,
0x010101,0x000000,0x010101,0x010101,0x010101,0x010101,0x010101,0x010101,0x010101,0x010101,0x010101,0x010101,
0x010101,0x000000,0x000000,0x000000,0x000100,0x010101,0x000000,0x161A1B,0x3A4446,0x354042,0x343F41,0x383F42,
0x101313,0x000000,0x010202,0x010101,0x010101,0x010101,0x010101,0x000000,0x141615,0x2A2B2B,0x060607,0x000000,
0x020101,0x000000,0x141618,0x3D4044,0x394043,0x373F41,0x384042,0x373F41,0x3C4546,0x32383A,0x0F0F11,0x000000,
0x000000,0x020102,0x020102,0x020101,0x010101,0x010101,0x000000,0x020202,0x020202,0x020202,0x020202,0x030303,
0x020202,0x020202,0x020202,0x020202,0x010101,0x010101,0x000000,0x010101,0x020101,0x010101,0x010000,0x000000,
0x000001,0x131416,0x333538,0x404447,0x394143,0x384042,0x394243,0x394243,0x3D4446,0x1E2123,0x000000,0x020202,
0x010101,0x010101,0x010101,0x010101,0x000000,0x000000,0x000000,0x010101,0x010101,0x010101,0x000000,0x010101,
0x010101,0x010101,0x010101,0x010101,0x010101,0x000000,0x010101,0x010101,0x000000,0x000000,0x000000,0x000000,
0x010101,0x010101,0x000000,0x010101,0x010101,0x000000,0x010101,0x010101,0x010101,0x010101,0x010101,0x010101,
0x010101,0x000000,0x000000,0x020202,0x010101,0x000000,0x000000,0x000000,0x000000,0x000102,0x060808,0x0E1011,
0x131619,0x1A1D1F,0x1E2124,0x232628,0x222527,0x040507,0x000000,0x151919,0x3E4346,0x0F1113,0x000000,0x010101,
0x010101,0x010101,0x010103,0x000000,0x232A29,0x384143,0x33383B,0x040405,0x010100,0x010101,0x010101,0x010101,
0x020102,0x000000,0x2A2E30,0x32373B,0x000000,0x000000,0x050507,0x34393D,0x384143,0x282A2D,0x000000,0x010101,
0x020202,0x020202,0x010101,0x010101,0x010101,0x010101,0x010101,0x010101,0x010101,0x010101,0x010101,0x010101,
0x010101,0x010101,0x000000,0x010101,0x010101,0x010101,0x010101,0x010101,0x010101,0x010101,0x010101,0x010101,
0x010101,0x010101,0x000000,0x000000,0x010101,0x020101,0x000000,0x0E0F0F,0x383E41,0x363E40,0x353D3F,0x3B4345,
0x181B1C,0x000000,0x020102,0x000201,0x010101,0x010101,0x010101,0x010101,0x010101,0x010101,0x000000,0x000000,
0x010101,0x010101,0x010101,0x010101,0x010101,0x010101,0x010101,0x010101,0x010101,0x010101,0x010101,0x010101,
0x010101,0x010101,0x000000,0x000000,0x000000,0x000000,0x010101,0x010101,0x010101,0x010101,0x000000,0x000000,
0x010101,0x000000,0x000000,0x000000,0x010101,0x000000,0x010101,0x010101,0x000000,0x000000,0x000000,0x000000,
0x000000,0x000000,0x010101,0x010101,0x010101,0x000000,0x010101,0x010101,0x010101,0x010101,0x010101,0x010101,
0x010101,0x010101,0x010101,0x010101,0x010101,0x000000,0x000000,0x000000,0x000100,0x000000,0x000001,0x060A0B,
0x353E3F,0x354042,0x333E40,0x394143,0x212626,0x000000,0x010202,0x020001,0x010101,0x010101,0x000000,0x010101,
0x070809,0x000000,0x000000,0x040203,0x000000,0x131515,0x3B4243,0x384243,0x374041,0x374142,0x373F41,0x3C4446,
0x292D2E,0x030505,0x000000,0x030303,0x020102,0x000101,0x010201,0x010101,0x010101,0x010100,0x000000,0x000000,
0x000000,0x000000,0x000000,0x000000,0x000000,0x000000,0x000000,0x010101,0x010102,0x020202,0x000000,0x010101,
0x000101,0x000000,0x000100,0x020201,0x020202,0x000000,0x020203,0x1E2022,0x3A4143,0x3B4345,0x374142,0x374242,
0x374142,0x3C4345,0x212425,0x000001,0x000001,0x010101,0x010101,0x010101,0x000000,0x000000,0x000000,0x010101,
0x010101,0x010101,0x010101,0x010101,0x010101,0x010101,0x010101,0x010101,0x010101,0x000000,0x010101,0x010101,
0x000000,0x000000,0x000000,0x000000,0x010101,0x010101,0x000000,0x010101,0x010101,0x000000,0x010101,0x010101,
0x010101,0x010101,0x010101,0x010101,0x020202,0x010101,0x000000,0x000000,0x000000,0x020203,0x0D0D0E,0x191B1B,
0x262A2C,0x303538,0x353C3F,0x394042,0x394244,0x3C4546,0x3D4647,0x3C4647,0x424C4D,0x1D2223,0x000000,0x020202,
0x33373B,0x2F3437,0x000001,0x010101,0x010101,0x010101,0x010102,0x010001,0x0A0B0A,0x333B3E,0x384246,0x1A1E1E,
0x000000,0x020202,0x010101,0x010101,0x010101,0x000000,0x1D2123,0x343A3D,0x000000,0x000000,0x040405,0x33383B,
0x394144,0x2B2D30,0x000000,0x010101,0x000000,0x000000,0x000000,0x000000,0x010101,0x020202,0x020202,0x020202,
0x010101,0x010101,0x010101,0x010101,0x010101,0x010101,0x000000,0x010101,0x010101,0x010101,0x010101,0x010101,
0x010101,0x010101,0x010101,0x010101,0x000000,0x000000,0x010101,0x010101,0x010101,0x020202,0x000000,0x212223,
0x3A4143,0x353D3F,0x363E40,0x383E40,0x090B0C,0x000000,0x020102,0x000201,0x010101,0x010101,0x010101,0x010101,
0x010101,0x010101,0x010101,0x010101,0x010101,0x010101,0x010101,0x010101,0x010101,0x010101,0x010101,0x010101,
0x010101,0x010101,0x010101,0x010101,0x010101,0x010101,0x010101,0x010101,0x000000,0x000000,0x010101,0x010101,
0x010101,0x010101,0x010101,0x010101,0x010101,0x000000,0x010101,0x010101,0x010101,0x010101,0x010101,0x010101,
0x000000,0x000000,0x010101,0x010101,0x000000,0x000000,0x000000,0x010101,0x000000,0x010101,0x010101,0x010101,
0x000000,0x010101,0x010101,0x000000,0x000000,0x000000,0x010101,0x010101,0x000000,0x000000,0x010101,0x010101,
0x010101,0x010101,0x010102,0x000000,0x292E2E,0x394343,0x333E3F,0x353F41,0x31373A,0x020406,0x010101,0x010101,
0x010101,0x010101,0x000000,0x000000,0x000000,0x010202,0x030403,0x000000,0x0F1115,0x3B3F43,0x384143,0x364142,
0x384042,0x364041,0x3C4545,0x212426,0x000000,0x020102,0x020202,0x010101,0x010101,0x010101,0x020201,0x000000,
0x000000,0x000000,0x060607,0x111112,0x1A1B1F,0x202326,0x242629,0x232629,0x202324,0x181B1C,0x101214,0x07080A,
0x000001,0x000000,0x000000,0x010202,0x000101,0x010101,0x010101,0x010100,0x010101,0x020202,0x010101,0x000000,
0x0D0D0F,0x323537,0x3D4446,0x364041,0x374143,0x363F41,0x3D4346,0x222727,0x000000,0x020201,0x010101,0x010102,
0x010101,0x010101,0x000000,0x000000,0x000000,0x010101,0x010101,0x010101,0x010101,0x010101,0x010101,0x010101,
0x010101,0x010101,0x010101,0x010101,0x000000,0x000000,0x010101,0x010101,0x000000,0x010101,0x010101,0x010101,
0x010101,0x010101,0x010101,0x010101,0x010200,0x010201,0x020202,0x000000,0x000000,0x000000,0x050506,0x141516,
0x24282B,0x31363A,0x384043,0x3C4648,0x3B4547,0x394344,0x374142,0x354040,0x34403F,0x35403F,0x364040,0x364040,
0x384244,0x353C3E,0x050707,0x000000,0x1A1D20,0x42474B,0x0F1114,0x000000,0x010101,0x010101,0x010101,0x020202,
0x000000,0x242A2A,0x3B4546,0x2F3639,0x020303,0x020001,0x020102,0x000103,0x010302,0x000000,0x141415,0x33373B,
0x010204,0x000000,0x040405,0x32373A,0x384143,0x2D3032,0x000000,0x020403,0x191C1C,0x151718,0x0D0D0E,0x040505,
0x000201,0x000000,0x000000,0x000000,0x000101,0x020201,0x020101,0x020101,0x010101,0x010101,0x010101,0x010101,
0x000000,0x010101,0x010101,0x010101,0x010101,0x010101,0x010101,0x010101,0x000000,0x010101,0x010101,0x010101,
0x010201,0x010101,0x020204,0x2E3236,0x373F42,0x353E40,0x394242,0x2C3031,0x000101,0x010101,0x010101,0x010101,
0x000000,0x010101,0x010101,0x010101,0x000000,0x010101,0x010101,0x010101,0x000000,0x010101,0x010101,0x010101,
0x000000,0x000000,0x010101,0x010101,0x000000,0x010101,0x010101,0x010101,0x000000,0x000000,0x010101,0x010101,
0x000000,0x000000,0x010101,0x010101,0x000000,0x000000,0x000000,0x010101,0x010101,0x000000,0x010101,0x010101,
0x010101,0x010101,0x010101,0x010101,0x000000,0x000000,0x000000,0x000000,0x000000,0x000000,0x000000,0x010101,
0x000000,0x010101,0x010101,0x010101,0x000000,0x010101,0x010101,0x000000,0x000000,0x000000,0x000000,0x000000,
0x000000,0x000000,0x010101,0x010101,0x010101,0x010101,0x020202,0x000000,0x171B1B,0x394343,0x333E3F,0x323D3E,
0x384143,0x121517,0x000000,0x010202,0x010101,0x010101,0x000000,0x000000,0x020102,0x020303,0x000100,0x0C0D0E,
0x393D41,0x3B4044,0x384043,0x384244,0x364041,0x3B4445,0x202425,0x000000,0x020202,0x020202,0x010101,0x010101,
0x020201,0x000101,0x000000,0x030405,0x14161A,0x292D30,0x363B3E,0x3B4144,0x3D4446,0x3C4345,0x3C4345,0x3C4345,
0x3C4346,0x3C4346,0x3A4144,0x353C3E,0x2B3032,0x191C1E,0x070809,0x000000,0x000000,0x010202,0x010101,0x010100,
0x010101,0x010101,0x010101,0x030303,0x000000,0x020304,0x25292A,0x3C4345,0x384042,0x384042,0x373F41,0x3E4346,
0x262829,0x000001,0x010102,0x010101,0x010101,0x010101,0x010101,0x010101,0x000000,0x010101,0x010101,0x010101,
0x010101,0x010101,0x010101,0x010101,0x010101,0x010101,0x000000,0x000000,0x000000,0x000000,0x010101,0x010101,
0x000000,0x010101,0x010101,0x010101,0x010101,0x010101,0x010101,0x020202,0x010101,0x000000,0x000000,0x030406,
0x131417,0x262A2C,0x353A3C,0x3C4244,0x3C4145,0x394043,0x364042,0x364043,0x364042,0x374142,0x374041,0x363F41,
0x343F40,0x364042,0x374143,0x3A4346,0x3D4346,0x44484A,0x222424,0x000000,0x060709,0x3E4246,0x282B2F,0x000000,
0x010101,0x010101,0x010101,0x020202,0x000000,0x0E1112,0x3A4144,0x3B4245,0x101112,0x000000,0x020102,0x000101,
0x010202,0x000000,0x0A0B0C,0x2F3236,0x020205,0x000000,0x040405,0x32373A,0x384143,0x2D3032,0x000000,0x030504,
0x3C4345,0x3F4649,0x3A4143,0x353C3F,0x303337,0x25272B,0x181A1E,0x0A0B0E,0x020102,0x000000,0x000000,0x010000,
0x020202,0x010202,0x010101,0x010101,0x010101,0x010101,0x010101,0x010101,0x010101,0x010101,0x000000,0x000000,
0x000000,0x010101,0x010101,0x010101,0x010202,0x000000,0x0F1114,0x393E42,0x343D3F,0x343E3F,0x3B4243,0x1C1E1F,
0x000000,0x020202,0x010101,0x010101,0x000000,0x010101,0x000000,0x000000,0x000000,0x010101,0x010101,0x010101,
0x000000,0x010101,0x000000,0x000000,0x010101,0x010101,0x010101,0x010101,0x000000,0x010101,0x010101,0x010101,
0x000000,0x000000,0x010101,0x010101,0x000000,0x000000,0x000000,0x000000,0x000000,0x000000,0x000000,0x010101,
0x010101,0x000000,0x010101,0x010101,0x010101,0x010101,0x010101,0x010101,0x010101,0x010101,0x000000,0x000000,
0x010101,0x010101,0x000000,0x000000,0x010101,0x010101,0x000000,0x000000,0x010101,0x010101,0x010101,0x010101,
0x000000,0x000000,0x000000,0x000000,0x010101,0x010101,0x000000,0x010101,0x010101,0x010101,0x000000,0x000000,
0x07090A,0x333B3C,0x353E40,0x343D3F,0x394245,0x262A2C,0x000000,0x010201,0x000000,0x000000,0x000000,0x010101,
0x030303,0x010102,0x06070A,0x343A3C,0x3A4345,0x374042,0x384143,0x364042,0x3A4544,0x272C2D,0x000000,0x010101,
0x010101,0x010101,0x010101,0x030303,0x000100,0x020304,0x191C1E,0x33383B,0x3D4346,0x3B4346,0x394144,0x364142,
0x354041,0x353F41,0x353F41,0x353F41,0x353F41,0x353F41,0x364042,0x364043,0x394345,0x3C4346,0x373C3F,0x25282B,
0x0B0D0F,0x000000,0x000101,0x030202,0x010101,0x010101,0x010101,0x010202,0x020202,0x000101,0x000000,0x1C1F20,
0x3C4144,0x384042,0x374042,0x373F42,0x3D4447,0x242729,0x000000,0x010101,0x010101,0x010101,0x000000,0x000000,
0x010101,0x010101,0x000000,0x010101,0x010101,0x010101,0x000000,0x000000,0x010101,0x010101,0x010101,0x010101,
0x010101,0x010101,0x010101,0x010101,0x000000,0x000000,0x010101,0x010101,0x010101,0x020202,0x010100,0x000000,
0x000000,0x0D0E0F,0x212426,0x33393C,0x3C4245,0x3C4446,0x394243,0x364041,0x373E41,0x373F42,0x383F42,0x363F42,
0x353F41,0x364041,0x3A4244,0x3E4447,0x3D4346,0x393F42,0x2F3437,0x24282B,0x1B1E1E,0x141516,0x0D0D0E,0x020101,
0x000000,0x292D30,0x383C40,0x040506,0x000000,0x010101,0x000000,0x010101,0x000101,0x010203,0x303438,0x3F484B,
0x202528,0x000000,0x020102,0x010100,0x000201,0x000000,0x050607,0x292C30,0x020205,0x000000,0x050506,0x34393C,
0x394244,0x2D3032,0x000000,0x020403,0x313537,0x404648,0x3C4447,0x384145,0x393F44,0x3A4145,0x3B4246,0x383E42,
0x313537,0x232628,0x131517,0x030306,0x000000,0x000000,0x010101,0x010101,0x010101,0x010101,0x000000,0x000000,
0x000000,0x000000,0x010101,0x010101,0x010101,0x010101,0x000000,0x010101,0x010202,0x000000,0x232629,0x384143,
0x333D3F,0x353F40,0x373C3E,0x0A0A0B,0x000000,0x010101,0x000000,0x010101,0x010101,0x010101,0x010101,0x010101,
0x000000,0x000000,0x010101,0x010101,0x010101,0x010101,0x000000,0x000000,0x000000,0x000000,0x000000,0x000000,
0x010101,0x010101,0x000000,0x000000,0x010101,0x010101,0x000000,0x000000,0x010101,0x000000,0x000000,0x000000,
0x010101,0x010101,0x010101,0x010101,0x010101,0x000000,0x010101,0x010101,0x010101,0x010101,0x010101,0x010101,
0x010101,0x010101,0x000000,0x000000,0x010101,0x010101,0x010101,0x010101,0x010101,0x010101,0x010101,0x010101,
0x010101,0x010101,0x010101,0x010101,0x000000,0x000000,0x000000,0x000000,0x010101,0x010101,0x000000,0x010101,
0x010101,0x010101,0x000000,0x020102,0x000001,0x262C2D,0x394243,0x353D40,0x374143,0x373C3E,0x070808,0x000100,
0x000000,0x000000,0x010101,0x020202,0x010101,0x010102,0x2C2F32,0x3D4548,0x364042,0x374143,0x374144,0x3A4244,
0x353A3B,0x050607,0x000000,0x000100,0x000000,0x000000,0x020202,0x000000,0x0C0E0E,0x323437,0x3E4447,0x3A4245,
0x393F40,0x383F40,0x384041,0x384141,0x374042,0x364042,0x363F42,0x364042,0x373F41,0x373F41,0x373F41,0x373F41,
0x363E43,0x363E42,0x384143,0x3A4345,0x3A3F42,0x242729,0x060708,0x000000,0x020202,0x010101,0x010101,0x020202,
0x010100,0x010101,0x020203,0x000000,0x161A1B,0x3B4144,0x384043,0x364042,0x363F41,0x3D4446,0x222525,0x000000,
0x010101,0x000001,0x010101,0x010101,0x010101,0x010101,0x010101,0x010101,0x010101,0x010101,0x010101,0x010101,
0x010101,0x010101,0x010101,0x010101,0x010101,0x010101,0x010101,0x010101,0x010101,0x010101,0x010101,0x020202,
0x010001,0x000000,0x020303,0x171718,0x2D3132,0x393F42,0x3A4446,0x364043,0x383E41,0x383F41,0x384042,0x384042,
0x384144,0x384043,0x373F42,0x384043,0x384244,0x3B4345,0x373D3F,0x2A2D30,0x1A1C1D,0x0B0C0C,0x020103,0x000000,
0x000000,0x000000,0x000000,0x020203,0x000000,0x181A1C,0x3F4447,0x101316,0x000000,0x020201,0x000000,0x010101,
0x020202,0x000000,0x212326,0x40494B,0x303739,0x020305,0x010101,0x010100,0x000201,0x000000,0x040505,0x23262A,
0x010104,0x000000,0x08090A,0x373C3F,0x3D4648,0x2D2F32,0x000000,0x010201,0x050404,0x151516,0x26282B,0x34383C,
0x374041,0x353E3F,0x343D3F,0x363F41,0x394244,0x3C4446,0x3C4346,0x33393B,0x222324,0x0C0C0D,0x000000,0x000000,
0x020201,0x020202,0x010101,0x010101,0x010101,0x010101,0x010101,0x010101,0x010101,0x010101,0x000000,0x010101,
0x000000,0x060607,0x343A3B,0x353F41,0x333D3F,0x384143,0x292D2F,0x010001,0x010101,0x010101,0x010101,0x010101,
0x010101,0x010101,0x010101,0x010101,0x000000,0x000000,0x010101,0x010101,0x010101,0x010101,0x010101,0x010101,
0x010101,0x010101,0x010101,0x010101,0x010101,0x010101,0x000000,0x000000,0x010101,0x010101,0x000000,0x000000,
0x010101,0x000000,0x010101,0x010101,0x010101,0x010101,0x010101,0x010101,0x010101,0x000000,0x010101,0x010101,
0x000000,0x000000,0x000000,0x000000,0x000000,0x000000,0x000000,0x000000,0x000000,0x010101,0x010101,0x010101,
0x010101,0x010101,0x010101,0x010101,0x000000,0x000000,0x000000,0x000000,0x000000,0x000000,0x000000,0x000000,
0x000000,0x000000,0x010101,0x010101,0x000000,0x000000,0x010101,0x020202,0x000000,0x131617,0x3B4144,0x373F42,
0x353F40,0x3D4447,0x1B1D20,0x000000,0x010101,0x010101,0x010101,0x010101,0x000000,0x1A1D1E,0x3E4447,0x364042,
0x394043,0x374143,0x374043,0x3D4248,0x171718,0x000000,0x010101,0x000000,0x010100,0x020202,0x000000,0x151519,
0x3A3E41,0x3C4345,0x384143,0x374243,0x374141,0x384141,0x374040,0x374040,0x363F41,0x363F41,0x353E40,0x363F41,
0x383E41,0x383F41,0x363F41,0x373F43,0x383E42,0x373F42,0x374043,0x364042,0x374143,0x3D4447,0x373B3E,0x151719,
0x000000,0x010101,0x010201,0x010100,0x000000,0x000000,0x010101,0x020202,0x000000,0x161919,0x3B4144,0x374143,
0x384042,0x373F41,0x3D4345,0x202225,0x000000,0x020202,0x010101,0x010102,0x010101,0x010101,0x010101,0x010101,
0x000000,0x000000,0x000000,0x000000,0x000000,0x000000,0x000000,0x000000,0x000000,0x010101,0x010101,0x010101,
0x010101,0x020202,0x010103,0x000000,0x040405,0x191B1E,0x2F3538,0x3A4346,0x3C4447,0x394144,0x373F42,0x373F42,
0x393E42,0x393F43,0x373F41,0x373F41,0x384143,0x3B4446,0x3E4548,0x373D40,0x292F2E,0x161919,0x070808,0x000000,
0x000000,0x000000,0x010101,0x020202,0x010103,0x010103,0x010103,0x010203,0x000000,0x101013,0x404649,0x1C2023,
0x000000,0x010101,0x010101,0x010101,0x020202,0x000000,0x111213,0x3E4347,0x3A4043,0x0A0C0E,0x000000,0x000100,
0x000000,0x000000,0x030303,0x1D1D1E,0x000001,0x000000,0x0C0E0F,0x394044,0x40474A,0x2B2D30,0x000000,0x010101,
0x000000,0x000000,0x000000,0x050606,0x161918,0x2D3231,0x394143,0x394345,0x364041,0x364041,0x363E41,0x394045,
0x3C4447,0x393E41,0x272A2C,0x0D0E0F,0x000000,0x000000,0x020202,0x000000,0x010101,0x010101,0x000000,0x000000,
0x000000,0x000000,0x010101,0x020202,0x000000,0x181B1B,0x3A4244,0x343E40,0x343C3F,0x384042,0x14181A,0x000000,
0x020202,0x010101,0x010101,0x010101,0x000000,0x000000,0x010101,0x010101,0x010101,0x010101,0x010101,0x010101,
0x000000,0x010101,0x010101,0x010101,0x010101,0x010101,0x010101,0x010101,0x000000,0x000000,0x010101,0x010101,
0x000000,0x000000,0x000000,0x000000,0x000000,0x000000,0x010101,0x010101,0x000000,0x000000,0x010101,0x010101,
0x010101,0x000000,0x010101,0x010101,0x000000,0x000000,0x000000,0x000000,0x000000,0x000000,0x000000,0x000000,
0x000000,0x010101,0x010101,0x010101,0x010101,0x010101,0x010101,0x010101,0x000000,0x000000,0x000000,0x000000,
0x000000,0x000000,0x000000,0x000000,0x000000,0x000000,0x010101,0x010101,0x010101,0x010101,0x010101,0x010101,
0x010101,0x030305,0x33373A,0x3A4145,0x353F41,0x3A4145,0x323438,0x010101,0x000000,0x010101,0x010101,0x000000,
0x080A0A,0x393D3F,0x394043,0x374143,0x384043,0x364042,0x3C4447,0x2E3135,0x000000,0x020202,0x000000,0x000000,
0x020201,0x000000,0x151719,0x3E4144,0x394043,0x394143,0x3A4244,0x384142,0x374143,0x394344,0x3A4245,0x3B4346,
0x3C4246,0x3B4245,0x3B4145,0x3A4144,0x384042,0x353E41,0x343D42,0x353E43,0x383F42,0x373F42,0x374043,0x374143,
0x374143,0x373E41,0x3C4144,0x3E4245,0x25282A,0x020405,0x000000,0x020202,0x010101,0x010101,0x010101,0x010101,
0x020202,0x000000,0x14181A,0x3C4245,0x384042,0x364141,0x374142,0x3F4447,0x1E2021,0x000000,0x020202,0x010101,
0x010101,0x010101,0x010101,0x010101,0x010101,0x010101,0x000000,0x000000,0x000000,0x000000,0x000000,0x000000,
0x000000,0x010101,0x000000,0x010101,0x020102,0x000000,0x020304,0x1B1E20,0x31383A,0x3B4244,0x3A4244,0x373F41,
0x353D40,0x373F42,0x384043,0x384043,0x374043,0x363F41,0x373F41,0x3C4445,0x3D4144,0x303336,0x1C1E20,0x090A0C,
0x000100,0x000000,0x000000,0x020102,0x020202,0x010101,0x020202,0x020202,0x010000,0x000000,0x000000,0x000000,
0x000000,0x0A090D,0x3D4346,0x282B2E,0x000000,0x020202,0x010101,0x010101,0x010101,0x000000,0x060607,0x373C3F,
0x3E4548,0x151719,0x000000,0x010101,0x000000,0x000000,0x030303,0x111111,0x000001,0x000000,0x131618,0x3D4448,
0x42494B,0x232528,0x000000,0x010101,0x010101,0x020202,0x010101,0x000000,0x000000,0x020203,0x141618,0x303337,
0x3D4345,0x394143,0x363E41,0x373E42,0x363F42,0x383E41,0x3E4145,0x3B3F42,0x272B2D,0x090B0C,0x000000,0x010000,
0x020202,0x010101,0x000000,0x000000,0x010101,0x010101,0x010101,0x010101,0x010102,0x2D3234,0x384143,0x343E40,
0x363E41,0x33393B,0x030506,0x000000,0x020101,0x010101,0x000000,0x000000,0x000000,0x000000,0x010101,0x010101,
0x010101,0x010101,0x000000,0x000000,0x000000,0x010101,0x010101,0x010101,0x010101,0x010101,0x010101,0x010101,
0x000000,0x000000,0x000000,0x000000,0x000000,0x000000,0x000000,0x000000,0x000000,0x000000,0x010101,0x010101,
0x000000,0x000000,0x010101,0x010101,0x010101,0x000000,0x000000,0x000000,0x000000,0x000000,0x000000,0x000000,
0x010101,0x010101,0x000000,0x000000,0x010101,0x010101,0x010101,0x010101,0x000000,0x000000,0x000000,0x000000,
0x000000,0x000000,0x000000,0x000000,0x000000,0x000000,0x000000,0x000000,0x000000,0x000000,0x000000,0x010101,
0x000000,0x000000,0x010101,0x010101,0x030102,0x000000,0x1D2124,0x3E4448,0x363F42,0x373D43,0x3D4145,0x121313,
0x000000,0x020202,0x010101,0x000000,0x272B2F,0x3D4346,0x373F42,0x384043,0x384044,0x374042,0x3D4346,0x141417,
0x000000,0x020202,0x000000,0x010101,0x000000,0x0F1112,0x3B4043,0x394043,0x364041,0x384142,0x3A4244,0x3E4548,
0x3E4548,0x383E41,0x313639,0x2C3034,0x2B2D31,0x2B2C30,0x2C2E33,0x303236,0x33393C,0x393F43,0x3A4045,0x3A4145,
0x373E42,0x373F42,0x384043,0x374143,0x384042,0x384042,0x383F42,0x383F42,0x3D4447,0x2E3336,0x090A0C,0x000000,
0x020202,0x010101,0x000000,0x000000,0x010101,0x020203,0x000000,0x181A1B,0x3C4144,0x374142,0x364142,0x374042,
0x3B4244,0x161A1C,0x000000,0x020202,0x010101,0x010101,0x000000,0x000000,0x000000,0x000000,0x000000,0x000000,
0x000000,0x000000,0x000000,0x000000,0x010101,0x010101,0x010101,0x000000,0x000000,0x141517,0x34383B,0x454B4E,
0x42494C,0x393F42,0x292D30,0x24282B,0x2D3437,0x363E41,0x384043,0x373F42,0x394143,0x3D4446,0x3A3F40,0x282C2C,
0x111213,0x010101,0x000000,0x000000,0x010201,0x010101,0x010101,0x010101,0x010201,0x000100,0x000000,0x000000,
0x000000,0x040405,0x0D0D0E,0x0E0F0F,0x000000,0x07060A,0x393F42,0x2D3033,0x000000,0x010101,0x010101,0x010101,
0x010101,0x010000,0x000001,0x2D3235,0x3F4649,0x1E2123,0x000000,0x010101,0x000000,0x000000,0x020202,0x060606,
0x010102,0x000000,0x1E2122,0x3F4649,0x41484A,0x1B1D20,0x000000,0x010101,0x000000,0x000000,0x000000,0x000000,
0x020202,0x010101,0x000000,0x020203,0x1B1D1F,0x383D40,0x3C4245,0x373F42,0x384042,0x384042,0x373E41,0x373E41,
0x3B4446,0x383E41,0x1C2022,0x010203,0x000000,0x020202,0x000000,0x000000,0x010101,0x000000,0x010101,0x000000,
0x0F1114,0x3B4144,0x364043,0x353E41,0x3A4245,0x1F2325,0x000000,0x020202,0x010101,0x010101,0x010101,0x010101,
0x010101,0x010101,0x010101,0x010101,0x010101,0x010101,0x010101,0x010101,0x010101,0x010101,0x010101,0x010101,
0x010101,0x010101,0x000000,0x000000,0x000000,0x000000,0x000000,0x000000,0x000000,0x000000,0x000000,0x000000,
0x010101,0x000000,0x000000,0x000000,0x010101,0x010101,0x010101,0x010101,0x010101,0x000000,0x000000,0x000000,
0x000000,0x000000,0x000000,0x000000,0x010101,0x010101,0x010101,0x010101,0x010101,0x010101,0x010101,0x010101,
0x000000,0x000000,0x000000,0x000000,0x000000,0x000000,0x000000,0x000000,0x000000,0x000000,0x000000,0x000000,
0x000000,0x000000,0x000000,0x010101,0x010101,0x010101,0x010101,0x010101,0x010001,0x000001,0x08090D,0x393D41,
0x393F44,0x373C42,0x3C3F44,0x282C2C,0x010101,0x020202,0x000000,0x131415,0x3C4346,0x373F42,0x384043,0x384043,
0x373F44,0x3A4345,0x313537,0x030303,0x020202,0x020202,0x010101,0x010101,0x050606,0x36383A,0x3A4144,0x353E41,
0x343F40,0x384142,0x3A4143,0x292E30,0x141617,0x070808,0x010102,0x000000,0x000000,0x000000,0x000000,0x000201,
0x040506,0x0E0F11,0x1F2123,0x323538,0x3B4245,0x3B4346,0x374043,0x374243,0x384141,0x384042,0x374043,0x374143,
0x353F41,0x3B4245,0x373A3E,0x0E0F12,0x000000,0x020202,0x010101,0x010101,0x000001,0x000000,0x030302,0x000000,
0x1E1F22,0x3D4446,0x374041,0x383F42,0x374143,0x394043,0x101212,0x000000,0x020202,0x010101,0x000000,0x000000,
0x000000,0x000000,0x000000,0x000000,0x000000,0x000000,0x000000,0x000000,0x010101,0x010101,0x000000,0x0B0B0C,
0x2E3233,0x3F4346,0x393D40,0x2B2E32,0x1A1B20,0x101116,0x1E2023,0x323638,0x353D40,0x363E41,0x384043,0x3C4447,
0x383D3F,0x232528,0x0B0C0D,0x000000,0x000000,0x010201,0x010101,0x010000,0x030102,0x010101,0x000000,0x000000,
0x000000,0x050606,0x121413,0x222424,0x2D3134,0x363B3E,0x3F4347,0x292D2F,0x000000,0x070609,0x363D3F,0x303436,
0x010101,0x010101,0x000000,0x000000,0x020202,0x020201,0x000000,0x24282C,0x3F4548,0x282A2D,0x000000,0x010101,
0x000000,0x000000,0x000000,0x010101,0x020203,0x000000,0x292C2E,0x3D4447,0x3D4447,0x101215,0x000000,0x000000,
0x000000,0x010101,0x000000,0x000000,0x000102,0x000201,0x020202,0x010101,0x000000,0x090A0B,0x2B2F32,0x3C4345,
0x37403F,0x384042,0x384042,0x364042,0x373E41,0x373F42,0x3C4447,0x2C3335,0x090A0A,0x000000,0x010101,0x000000,
0x010101,0x000000,0x010101,0x000000,0x282C30,0x3B4346,0x374043,0x374042,0x363F40,0x090B0C,0x000000,0x010100,
0x010101,0x010101,0x010101,0x010101,0x010101,0x010101,0x010101,0x010101,0x010101,0x010101,0x010101,0x010101,
0x010101,0x010101,0x010101,0x010101,0x010101,0x010101,0x000000,0x000000,0x000000,0x000000,0x000000,0x000000,
0x000000,0x000000,0x000000,0x000000,0x010101,0x000000,0x000000,0x000000,0x010101,0x010101,0x010101,0x010101,
0x000000,0x000000,0x000000,0x000000,0x000000,0x000000,0x010101,0x010101,0x000000,0x000000,0x000000,0x000000,
0x000000,0x000000,0x000000,0x000000,0x000000,0x000000,0x000000,0x000000,0x000000,0x000000,0x000000,0x000000,
0x000000,0x000000,0x010101,0x010101,0x000000,0x000000,0x010101,0x010101,0x000000,0x000000,0x000000,0x000000,
0x000000,0x010102,0x000001,0x29292F,0x3F4347,0x353C42,0x353B40,0x323637,0x050404,0x010000,0x020204,0x2E3436,
0x3A4245,0x373F42,0x384043,0x384043,0x383F42,0x3C4547,0x1D2223,0x000000,0x030102,0x020202,0x030305,0x000001,
0x202426,0x3D4446,0x353D40,0x343D41,0x373E42,0x313638,0x101212,0x000000,0x000000,0x000000,0x010101,0x010000,
0x010201,0x020201,0x010101,0x010101,0x000000,0x000000,0x000000,0x020203,0x131517,0x2F3334,0x3D4546,0x394445,
0x364042,0x384143,0x384042,0x384042,0x383F42,0x373D41,0x394043,0x383E41,0x121316,0x000000,0x020203,0x010101,
0x000000,0x010101,0x010101,0x010101,0x000000,0x242728,0x3D4447,0x363F42,0x374042,0x3A4143,0x373C3D,0x090A0A,
0x000000,0x020202,0x000000,0x000000,0x000000,0x000000,0x000000,0x000000,0x000000,0x000000,0x000000,0x000000,
0x010100,0x010101,0x151618,0x343537,0x2C2C2E,0x131314,0x020203,0x000001,0x16181C,0x35393D,0x3E4348,0x394045,
0x374143,0x3C4547,0x373D3F,0x1F2324,0x090909,0x000000,0x000000,0x010101,0x010201,0x000100,0x010101,0x010100,
0x000000,0x000000,0x070808,0x17191B,0x282C2F,0x363B3D,0x3D4144,0x3E4345,0x3C4347,0x3A4144,0x414649,0x202526,
0x000000,0x09080A,0x363E3F,0x2D3533,0x010101,0x000000,0x010101,0x010101,0x000001,0x020201,0x000000,0x202224,
0x3E4649,0x2C3033,0x000001,0x010000,0x010101,0x010101,0x010101,0x010101,0x010100,0x010303,0x313739,0x3C4347,
0x3A3F43,0x070809,0x010000,0x050506,0x010001,0x000000,0x000000,0x020202,0x020100,0x010100,0x010101,0x010103,
0x020202,0x000000,0x010101,0x232525,0x3D4345,0x383F41,0x384042,0x374041,0x373F42,0x373F42,0x363E41,0x3B4346,
0x373C3F,0x111315,0x000000,0x020201,0x000002,0x010201,0x000000,0x0A0A0C,0x373D40,0x374143,0x354042,0x3B4346,
0x282C2C,0x000000,0x020102,0x020001,0x010101,0x010101,0x010101,0x010101,0x000000,0x000000,0x010101,0x010101,
0x000000,0x010101,0x010101,0x010101,0x010101,0x010101,0x000000,0x000000,0x000000,0x000000,0x000000,0x000000,
0x000000,0x000000,0x000000,0x000000,0x000000,0x000000,0x010101,0x010101,0x000000,0x000000,0x000000,0x000000,
0x000000,0x010101,0x010101,0x010101,0x000000,0x000000,0x000000,0x000000,0x000000,0x000000,0x000000,0x000000,
0x000000,0x000000,0x000000,0x000000,0x000000,0x000000,0x000000,0x000000,0x000000,0x000000,0x000000,0x000000,
0x000000,0x000000,0x000000,0x000000,0x000000,0x000000,0x000000,0x000000,0x000000,0x000000,0x010101,0x010101,
0x000000,0x000000,0x000000,0x000000,0x000000,0x010101,0x000000,0x0F0F12,0x3A3F42,0x333A3E,0x373E41,0x1C1F21,
0x000000,0x000000,0x171A1C,0x3C4446,0x373F42,0x384043,0x384043,0x384043,0x384043,0x3A4043,0x0B0E0F,0x000000,
0x030202,0x020203,0x010103,0x0A0B0D,0x393F41,0x383F42,0x353D41,0x373F42,0x2F3436,0x060809,0x000000,0x020202,
0x020202,0x010101,0x010101,0x000000,0x010101,0x010101,0x010101,0x010101,0x000000,0x020202,0x010101,0x000000,
0x000000,0x010102,0x17191A,0x353A3C,0x3A4445,0x353F40,0x374142,0x374142,0x373F42,0x373F42,0x363E41,0x384043,
0x3A3F43,0x131417,0x000000,0x010202,0x000000,0x010101,0x010101,0x000000,0x020202,0x000101,0x292D2F,0x3C4346,
0x363E40,0x373E40,0x3C4143,0x323537,0x040506,0x010100,0x000000,0x000000,0x000000,0x000000,0x000000,0x000000,
0x000000,0x000000,0x000000,0x000000,0x000000,0x020202,0x0D0E10,0x040507,0x000000,0x000000,0x141719,0x33373B,
0x3F4548,0x3A4244,0x384043,0x3C4448,0x383C3F,0x202225,0x070709,0x000000,0x000000,0x030302,0x010202,0x000000,
0x020102,0x000000,0x000000,0x010102,0x121215,0x272B2E,0x363D40,0x3B4446,0x3B4346,0x394043,0x3B4044,0x3D4246,
0x3D4346,0x393E41,0x333739,0x0D0F10,0x000000,0x0E0E11,0x384142,0x2B3130,0x000000,0x000000,0x000000,0x000000,
0x000001,0x020201,0x000000,0x1B1D20,0x3D4548,0x303538,0x010103,0x000000,0x010101,0x010101,0x010101,0x020202,
0x000000,0x0A0C0C,0x393E42,0x3B4347,0x31363A,0x010101,0x000000,0x292A2C,0x2E3334,0x181A1C,0x060607,0x000000,
0x010000,0x030303,0x010101,0x000002,0x010101,0x020202,0x010101,0x000000,0x202325,0x3E4346,0x383F41,0x373F41,
0x374043,0x373F42,0x373F42,0x373F42,0x384243,0x3B4143,0x171819,0x000000,0x030103,0x020101,0x000100,0x232628,
0x383E42,0x353F41,0x363F42,0x3C4145,0x101312,0x000000,0x010202,0x010001,0x010101,0x010101,0x010101,0x010101,
0x000000,0x000000,0x010101,0x010101,0x000000,0x010101,0x010101,0x010101,0x010101,0x010101,0x000000,0x000000,
0x000000,0x000000,0x000000,0x000000,0x000000,0x000000,0x000000,0x000000,0x000000,0x000000,0x000000,0x000000,
0x000000,0x000000,0x000000,0x000000,0x000000,0x010101,0x010101,0x010101,0x000000,0x000000,0x000000,0x000000,
0x000000,0x000000,0x000000,0x010101,0x010101,0x010101,0x010101,0x010101,0x000000,0x000000,0x000000,0x000000,
0x000000,0x000000,0x000000,0x000000,0x010101,0x000000,0x010101,0x010101,0x000000,0x000000,0x000000,0x000000,
0x000000,0x000000,0x000000,0x000000,0x000000,0x000000,0x010101,0x010101,0x010101,0x010101,0x010101,0x000001,
0x282B2E,0x373D41,0x353B3E,0x090B0B,0x010201,0x040405,0x333639,0x3A4345,0x384043,0x384043,0x384043,0x384043,
0x394144,0x34383C,0x030305,0x000000,0x010101,0x020302,0x000000,0x232427,0x3D4548,0x373F42,0x383F42,0x353B3D,
0x090A0A,0x000000,0x020302,0x010101,0x010101,0x010101,0x000000,0x010101,0x000000,0x000000,0x010101,0x010101,
0x010101,0x010101,0x000000,0x000000,0x030102,0x020101,0x000000,0x060708,0x252B2B,0x3B4243,0x363F41,0x363F43,
0x363F42,0x363F42,0x363F42,0x363F41,0x384043,0x3A4043,0x101113,0x000000,0x020202,0x010101,0x000000,0x000101,
0x020202,0x010101,0x040405,0x323535,0x3A4143,0x363E40,0x373D40,0x3C4246,0x2C2F32,0x010203,0x010101,0x010000,
0x010101,0x010101,0x000000,0x000000,0x000000,0x000000,0x010101,0x010101,0x010101,0x010101,0x000000,0x000000,
0x111314,0x2F3336,0x3E4448,0x3A4147,0x373E41,0x3C4345,0x393E40,0x202426,0x080809,0x000000,0x000000,0x020101,
0x010101,0x010101,0x020202,0x010101,0x000000,0x040405,0x1A1C1E,0x323539,0x3D4147,0x3C4246,0x374042,0x374042,
0x3B4345,0x3B4145,0x34373B,0x24262A,0x151719,0x09090B,0x000000,0x000000,0x000000,0x17191C,0x3B4445,0x282B2C,
0x000000,0x010101,0x010101,0x010101,0x000001,0x010101,0x000000,0x191B1E,0x3D4548,0x32373A,0x020204,0x000000,
0x000000,0x010101,0x010101,0x020202,0x000000,0x191C1C,0x3D4246,0x3A4145,0x222527,0x000000,0x08080A,0x383A3E,
0x394143,0x3B4144,0x373A3D,0x24262A,0x0B0D0F,0x000001,0x000000,0x010101,0x010000,0x000000,0x010101,0x010102,
0x000000,0x282B2D,0x3C4346,0x364042,0x384043,0x373F42,0x373F42,0x384043,0x374041,0x383F41,0x3D4143,0x17181B,
0x000000,0x020102,0x010201,0x2B2E2F,0x383F42,0x343E40,0x3A4044,0x2D2F34,0x000101,0x010100,0x000000,0x000000,
0x010101,0x010101,0x000000,0x000000,0x010101,0x000000,0x010101,0x010101,0x010101,0x010101,0x010101,0x010101,
0x000000,0x000000,0x010101,0x010101,0x000000,0x000000,0x000000,0x000000,0x000000,0x000000,0x000000,0x000000,
0x000000,0x000000,0x000000,0x000000,0x000000,0x000000,0x000000,0x000000,0x010101,0x010101,0x000000,0x000000,
0x000000,0x000000,0x000000,0x000000,0x000000,0x000000,0x010101,0x010101,0x010101,0x010101,0x010101,0x010101,
0x000000,0x000000,0x000000,0x000000,0x000000,0x000000,0x010101,0x010101,0x010101,0x000000,0x010101,0x010101,
0x000000,0x000000,0x000000,0x000000,0x000000,0x000000,0x000000,0x000000,0x000000,0x000000,0x010101,0x010101,
0x010101,0x010101,0x010101,0x000000,0x0E1012,0x3D4246,0x282B2E,0x000101,0x000101,0x16181B,0x3D4246,0x384043,
0x384043,0x384043,0x384043,0x373F42,0x3B4346,0x2B2D30,0x000000,0x010101,0x010101,0x010201,0x030406,0x363A3C,
0x3C4449,0x384044,0x3F4548,0x171A1D,0x000000,0x030202,0x010101,0x010101,0x010101,0x010101,0x000000,0x010101,
0x000000,0x000000,0x010101,0x010101,0x010101,0x010101,0x000000,0x000000,0x010101,0x010201,0x010203,0x000002,
0x000000,0x1B1D1F,0x3A3E42,0x383F44,0x364042,0x374143,0x364143,0x374143,0x364043,0x384143,0x383D40,0x0C0E0F,
0x000000,0x020202,0x000000,0x010101,0x010102,0x020202,0x000000,0x090A0A,0x353C3E,0x384143,0x373F43,0x363E43,
0x3F4448,0x242629,0x000000,0x020101,0x010101,0x010101,0x000000,0x000000,0x000000,0x000000,0x010101,0x020202,
0x000000,0x000000,0x0C0D0E,0x292B2D,0x3B4247,0x3C4448,0x383F42,0x3C4246,0x3D4045,0x26282B,0x09090B,0x000000,
0x010000,0x020201,0x020200,0x020200,0x020202,0x010101,0x000000,0x040506,0x1C1F1F,0x35393C,0x3C4447,0x394145,
0x373F43,0x3B4245,0x3D4245,0x36383A,0x222525,0x0F1111,0x030203,0x000000,0x000000,0x000000,0x010000,0x020101,
0x000000,0x272B2E,0x3D4749,0x202024,0x000000,0x010101,0x010101,0x010101,0x010102,0x020201,0x000000,0x191B1E,
0x3E4649,0x34383B,0x020204,0x000000,0x000000,0x010101,0x010101,0x010101,0x000000,0x2C2F2F,0x3C4145,0x383F43,
0x111214,0x000000,0x070708,0x2B2E32,0x3C4245,0x3C4447,0x394144,0x3C4446,0x3A4042,0x26282B,0x090A0B,0x000000,
0x000000,0x010101,0x010101,0x010201,0x020202,0x05070A,0x343B3E,0x394245,0x373F42,0x373F42,0x373F42,0x384043,
0x3A3F42,0x393E41,0x383F42,0x3B4345,0x121416,0x000000,0x010000,0x0B0B0D,0x373D40,0x343D40,0x3A4044,0x141419,
0x000000,0x010101,0x000100,0x000100,0x010101,0x010101,0x010101,0x010101,0x010101,0x000000,0x010101,0x010101,
0x010101,0x010101,0x010101,0x010101,0x000000,0x000000,0x010101,0x010101,0x000000,0x000000,0x000000,0x000000,
0x000000,0x000000,0x000000,0x000000,0x000000,0x000000,0x010101,0x010101,0x000000,0x000000,0x010101,0x010101,
0x010101,0x010101,0x010101,0x010101,0x010101,0x000000,0x010101,0x010101,0x000000,0x000000,0x010101,0x010101,
0x000000,0x000000,0x010101,0x010101,0x000000,0x000000,0x000000,0x000000,0x000000,0x000000,0x000000,0x000000,
0x000000,0x000000,0x010101,0x010101,0x000000,0x000000,0x010101,0x010101,0x000000,0x000000,0x000000,0x000000,
0x000000,0x000000,0x010101,0x010101,0x000000,0x000000,0x000000,0x000000,0x000100,0x323334,0x1A1A1A,0x000000,
0x000000,0x292E32,0x3C4448,0x383F42,0x384043,0x384043,0x384043,0x373F42,0x3C4346,0x232528,0x000000,0x010101,
0x010101,0x000000,0x0D0E0F,0x3F4447,0x3A4246,0x3D4749,0x33383A,0x010102,0x020102,0x010101,0x010101,0x010101,
0x000000,0x000000,0x000000,0x000000,0x000000,0x010101,0x000000,0x000000,0x000000,0x010101,0x010101,0x010101,
0x000000,0x010101,0x010101,0x000001,0x020101,0x000000,0x111212,0x353B3B,0x3A4345,0x374042,0x374143,0x374142,
0x364042,0x374042,0x3A4144,0x34383C,0x08080A,0x000000,0x020201,0x010100,0x010101,0x010101,0x020202,0x000000,
0x111213,0x3B4142,0x374143,0x384043,0x373F42,0x3E4246,0x1B1C1D,0x000000,0x020101,0x010000,0x010101,0x010101,
0x010101,0x010101,0x020202,0x000000,0x030303,0x1F2123,0x3A3F42,0x3B4446,0x353F41,0x394244,0x3D4246,0x2B2E31,
0x100F11,0x000000,0x000000,0x020202,0x010101,0x010000,0x020101,0x030201,0x000000,0x020204,0x1A1C1F,0x35393D,
0x3D4448,0x394143,0x373F42,0x3A4345,0x3B4145,0x2C2E31,0x161617,0x050404,0x000000,0x000000,0x000000,0x010101,
0x020202,0x010101,0x010101,0x000000,0x070709,0x373E41,0x3D4548,0x141518,0x000000,0x010101,0x000000,0x010101,
0x000101,0x020201,0x000000,0x1B1E20,0x3E474A,0x34363A,0x020204,0x010101,0x010101,0x010101,0x010102,0x000000,
0x080909,0x393D40,0x3A3F43,0x32373A,0x040505,0x000000,0x000000,0x000001,0x111313,0x2D3131,0x3D4447,0x3A4346,
0x384043,0x3C4346,0x373E40,0x1D2123,0x030303,0x000000,0x020202,0x010200,0x030202,0x010202,0x161B1D,0x3C4145,
0x363E41,0x373F42,0x373F42,0x373F42,0x373F41,0x384042,0x373F41,0x384042,0x363E41,0x090B0C,0x010000,0x000000,
0x1B1C1E,0x3C4245,0x2B3134,0x010102,0x010100,0x000000,0x000000,0x000000,0x010101,0x010101,0x010101,0x010101,
0x000000,0x000000,0x010101,0x010101,0x000000,0x010101,0x010101,0x010101,0x000000,0x000000,0x000000,0x000000,
0x000000,0x000000,0x000000,0x000000,0x000000,0x000000,0x000000,0x000000,0x000000,0x000000,0x010101,0x010101,
0x000000,0x000000,0x010101,0x010101,0x000000,0x000000,0x010101,0x010101,0x010101,0x000000,0x010101,0x010101,
0x000000,0x000000,0x000000,0x000000,0x000000,0x000000,0x010101,0x010101,0x000000,0x010101,0x000000,0x000000,
0x000000,0x000000,0x000000,0x000000,0x000000,0x000000,0x000000,0x000000,0x000000,0x000000,0x010101,0x010101,
0x000000,0x000000,0x000000,0x000000,0x000000,0x000000,0x010101,0x010101,0x000000,0x000000,0x000000,0x010101,
0x000000,0x0D0D0D,0x090909,0x000000,0x060708,0x363C40,0x394145,0x393F43,0x384043,0x384043,0x384043,0x373F42,
0x3D4447,0x1D2022,0x000000,0x010101,0x010201,0x000000,0x191B1B,0x41484B,0x394345,0x41494B,0x181A1D,0x000000,
0x020202,0x010101,0x010101,0x010101,0x000000,0x000000,0x000000,0x000000,0x000000,0x010101,0x000000,0x000000,
0x000000,0x010101,0x010101,0x010101,0x000000,0x010101,0x010101,0x000000,0x010000,0x020202,0x000000,0x080A0A,
0x303538,0x3C4346,0x373F42,0x374143,0x364042,0x384043,0x373F42,0x3C4346,0x313336,0x030304,0x010100,0x020102,
0x010101,0x010101,0x010101,0x020202,0x000000,0x191C1D,0x3D4346,0x373F42,0x384043,0x393F42,0x3D4043,0x141516,
0x000000,0x020202,0x010101,0x010101,0x010101,0x000000,0x000000,0x121415,0x303538,0x3D4447,0x373F42,0x374143,
0x3E4447,0x313639,0x131618,0x000001,0x000000,0x020201,0x000000,0x000000,0x010101,0x020202,0x000000,0x000000,
0x111416,0x303537,0x3E4446,0x374142,0x363F41,0x3B4345,0x3A3E41,0x252729,0x0D0F11,0x000001,0x000000,0x000000,
0x020202,0x020202,0x000000,0x000000,0x010101,0x010101,0x010101,0x000000,0x1B1D20,0x40464A,0x363C40,0x060709,
0x000000,0x010101,0x000000,0x010101,0x000101,0x020201,0x000000,0x1E2224,0x3F474A,0x313437,0x010103,0x010101,
0x010101,0x010101,0x020202,0x000000,0x1B1D1F,0x3D4145,0x3B4044,0x222528,0x000000,0x020202,0x000000,0x010101,
0x000000,0x000000,0x111214,0x2B2E32,0x383F42,0x384042,0x373F41,0x3B4445,0x303637,0x0C0E0F,0x000000,0x030203,
0x020202,0x030304,0x030406,0x2F3436,0x3A4245,0x363E41,0x373F42,0x373F42,0x373F41,0x384042,0x384042,0x373F41,
0x3B4346,0x303436,0x020203,0x000100,0x020203,0x323639,0x14171A,0x000000,0x010101,0x010101,0x000000,0x000000,
0x010101,0x010101,0x010101,0x010101,0x010101,0x010101,0x010101,0x010101,0x000000,0x010101,0x000000,0x000000,
0x000000,0x000000,0x000000,0x000000,0x000000,0x000000,0x000000,0x000000,0x000000,0x000000,0x000000,0x000000,
0x000000,0x000000,0x010101,0x010101,0x000000,0x000000,0x010101,0x010101,0x000000,0x000000,0x000000,0x000000,
0x000000,0x000000,0x000000,0x000000,0x010101,0x010101,0x000000,0x010101,0x010101,0x000000,0x010101,0x010101,
0x000000,0x000000,0x000000,0x000000,0x000000,0x000000,0x010101,0x010101,0x010101,0x010101,0x010101,0x010101,
0x010101,0x010101,0x010101,0x010101,0x000000,0x000000,0x000000,0x000000,0x010101,0x010101,0x000000,0x000000,
0x010101,0x010101,0x000000,0x000000,0x010101,0x000000,0x010101,0x000000,0x141616,0x3C4246,0x373F43,0x394043,
0x384043,0x384043,0x384043,0x373F42,0x3D4447,0x1A1C1F,0x000000,0x010101,0x010101,0x000000,0x222625,0x3C4648,
0x3B4547,0x393E41,0x050507,0x010101,0x010101,0x010101,0x010101,0x010101,0x010101,0x010101,0x000000,0x000000,
0x010101,0x010101,0x000000,0x000000,0x010101,0x010101,0x000000,0x010101,0x010101,0x010101,0x010101,0x010101,
0x010101,0x010101,0x020202,0x000000,0x040506,0x2E3234,0x3B4245,0x353E41,0x373F42,0x374042,0x374143,0x364042,
0x3D4446,0x272B2D,0x000101,0x030203,0x010101,0x010101,0x010101,0x010101,0x010101,0x000000,0x232629,0x3D4446,
0x363F42,0x384042,0x393F42,0x3A3E41,0x0F1111,0x000000,0x010202,0x020102,0x000001,0x08090B,0x292C2F,0x3B4245,
0x384144,0x374043,0x3D4447,0x353A3E,0x1C1D1F,0x020203,0x000000,0x010201,0x010101,0x000000,0x010101,0x010101,
0x010201,0x000000,0x07090A,0x282C2E,0x3C4347,0x3B4346,0x373F41,0x3A4344,0x3A4041,0x232628,0x090A0B,0x000000,
0x000000,0x020202,0x010101,0x000001,0x010101,0x010101,0x000000,0x000000,0x000000,0x000000,0x010101,0x020202,
0x34383B,0x41464B,0x2B2E31,0x000001,0x010101,0x000000,0x000000,0x000000,0x000102,0x010101,0x000000,0x25292A,
0x3F474A,0x2D3033,0x000001,0x010102,0x010101,0x010101,0x010101,0x010202,0x303437,0x3C4145,0x393E42,0x0D0E10,
0x000000,0x010101,0x010101,0x010101,0x010101,0x010101,0x000000,0x000000,0x0E1111,0x2A2F30,0x3A4143,0x374042,
0x394344,0x3A4042,0x161719,0x010002,0x030303,0x020303,0x000000,0x191A1B,0x3B4346,0x373F42,0x373F42,0x373F42,
0x373F41,0x384042,0x384042,0x384042,0x373F42,0x404649,0x1D2022,0x000000,0x010100,0x0D0D10,0x040407,0x000000,
0x000000,0x000000,0x010101,0x010101,0x010101,0x010101,0x000000,0x010101,0x010101,0x010101,0x010101,0x010101,
0x010101,0x000000,0x000000,0x000000,0x010101,0x010101,0x000000,0x000000,0x000000,0x000000,0x010101,0x010101,
0x010101,0x000000,0x000000,0x000000,0x010101,0x000000,0x010101,0x010101,0x010101,0x000000,0x000000,0x000000,
0x010101,0x010101,0x000000,0x000000,0x000000,0x000000,0x000000,0x000000,0x010101,0x010101,0x000000,0x010101,
0x010101,0x000000,0x010101,0x010101,0x000000,0x000000,0x000000,0x000000,0x000000,0x000000,0x010101,0x010101,
0x010101,0x010101,0x010101,0x010101,0x010101,0x010101,0x010101,0x010101,0x000000,0x000000,0x000000,0x000000,
0x010101,0x010101,0x000000,0x000000,0x010101,0x010101,0x010101,0x010101,0x010101,0x000000,0x020202,0x000000,
0x212323,0x3B4245,0x373F43,0x393F43,0x384043,0x384043,0x384043,0x373F42,0x3D4447,0x191B1E,0x000000,0x010101,
0x010101,0x000000,0x292E2E,0x3A4546,0x3C4647,0x2C2F31,0x000000,0x020201,0x010101,0x010101,0x010101,0x010101,
0x010101,0x010101,0x010101,0x010101,0x010101,0x010101,0x010101,0x010101,0x010101,0x010101,0x000000,0x010101,
0x010101,0x010101,0x010101,0x010101,0x010101,0x010101,0x010101,0x020102,0x000000,0x030405,0x2B3134,0x394245,
0x353E41,0x374043,0x374143,0x364143,0x364041,0x3E4446,0x1D2021,0x000000,0x020202,0x010101,0x010101,0x010101,
0x010000,0x020101,0x010203,0x2A3032,0x3B4446,0x373F41,0x373F42,0x394144,0x353B3B,0x090B0A,0x000000,0x010101,
0x131314,0x3D4043,0x3D4348,0x374044,0x3B4446,0x393F41,0x212325,0x060607,0x000000,0x020101,0x020202,0x010100,
0x010101,0x010101,0x020202,0x000000,0x000000,0x191B1B,0x393F41,0x3D4548,0x383F44,0x3C4347,0x3B4144,0x252A2C,
0x0B0B0C,0x000000,0x000000,0x020202,0x020201,0x010101,0x010101,0x010101,0x010101,0x010101,0x010101,0x010101,
0x010101,0x020202,0x000000,0x1D1E1F,0x3D4447,0x3E4247,0x15171A,0x000000,0x010101,0x000000,0x010101,0x010101,
0x000102,0x000000,0x000000,0x2B3032,0x40484B,0x27292D,0x000000,0x020202,0x010101,0x020202,0x000000,0x131515,
0x3D4144,0x3B4044,0x2C2F33,0x000001,0x010100,0x000000,0x010101,0x010101,0x000102,0x000101,0x020202,0x010201,
0x000000,0x000001,0x17191C,0x383D41,0x3B4345,0x394043,0x3D4145,0x121417,0x020303,0x030303,0x000000,0x080808,
0x363D40,0x384043,0x384043,0x384043,0x373F41,0x384042,0x384042,0x384042,0x383E41,0x40484C,0x373B3F,0x040404,
0x010101,0x000001,0x010002,0x000000,0x000000,0x000000,0x010101,0x010101,0x010101,0x010101,0x010101,0x010101,
0x010101,0x010101,0x010101,0x010101,0x010101,0x000000,0x000000,0x000000,0x010101,0x010101,0x000000,0x000000,
0x000000,0x000000,0x010101,0x010101,0x010101,0x000000,0x010101,0x010101,0x010101,0x000000,0x010101,0x010101,
0x010101,0x000000,0x000000,0x000000,0x010101,0x010101,0x000000,0x000000,0x010101,0x000000,0x010101,0x000000,
0x000000,0x010101,0x010101,0x010101,0x000000,0x000000,0x000000,0x000000,0x000000,0x000000,0x000000,0x000000,
0x000000,0x000000,0x010101,0x010101,0x010101,0x010101,0x010101,0x010101,0x000000,0x010101,0x010101,0x010101,
0x000000,0x000000,0x000000,0x000000,0x010101,0x010101,0x010101,0x010101,0x000000,0x010101,0x010101,0x010101,
0x000000,0x000000,0x010101,0x000000,0x2B3033,0x364245,0x3A4045,0x393F42,0x384043,0x384043,0x384043,0x373F42,
0x3D4447,0x1A1C1E,0x000000,0x020101,0x010100,0x000101,0x2E3336,0x384345,0x3C4748,0x1F2224,0x000000,0x020202,
0x010101,0x010101,0x010101,0x010101,0x010101,0x010101,0x010101,0x010101,0x000000,0x010101,0x010101,0x010101,
0x010101,0x010101,0x010101,0x010101,0x000000,0x010101,0x010101,0x010101,0x000000,0x010101,0x010101,0x010101,
0x020101,0x000000,0x030407,0x2D3236,0x3A4144,0x364143,0x384343,0x384142,0x374142,0x383F42,0x3D4245,0x111315,
0x000000,0x030102,0x010101,0x000201,0x000000,0x020102,0x000000,0x060607,0x34393A,0x3A4343,0x364042,0x373F43,
0x384143,0x2F3538,0x050708,0x000000,0x09090A,0x2D3235,0x3F454A,0x3B4144,0x282C2B,0x0A0C0B,0x000000,0x000000,
0x020202,0x010101,0x010101,0x010101,0x020101,0x030203,0x000000,0x09090A,0x2A2D30,0x3E4446,0x394143,0x384244,
0x3C4347,0x2D3234,0x0F1111,0x000000,0x000000,0x020202,0x010202,0x010101,0x000000,0x000000,0x010101,0x010101,
0x010101,0x010101,0x010101,0x010101,0x010201,0x000000,0x0B0B0E,0x373B3E,0x394244,0x33363A,0x040405,0x010101,
0x010101,0x010101,0x010101,0x010101,0x010101,0x000000,0x030304,0x34383B,0x40474A,0x1E2021,0x000000,0x010101,
0x020100,0x010201,0x000102,0x2B3132,0x3A4245,0x3E4144,0x151518,0x000000,0x010101,0x000000,0x000000,0x000000,
0x010101,0x010101,0x010101,0x010101,0x010101,0x010101,0x000000,0x0B0C0C,0x363B3D,0x3D4549,0x3B4246,0x34393C,
0x040706,0x010101,0x010001,0x010103,0x2F3336,0x3A4344,0x364041,0x394042,0x374143,0x374143,0x364042,0x3C4547,
0x24292A,0x212528,0x45494D,0x15181A,0x000000,0x020202,0x000000,0x000000,0x000000,0x010101,0x010101,0x010101,
0x010101,0x010101,0x010101,0x010101,0x000000,0x010101,0x010101,0x000000,0x010101,0x010101,0x010101,0x010101,
0x000000,0x010101,0x010101,0x010101,0x000000,0x000000,0x010101,0x010101,0x000000,0x010101,0x010101,0x000000,
0x010101,0x010101,0x010101,0x010101,0x000000,0x000000,0x010101,0x010101,0x000000,0x010101,0x010101,0x010101,
0x010101,0x000000,0x010101,0x000000,0x000000,0x010101,0x010101,0x010101,0x000000,0x010101,0x000000,0x000000,
0x000000,0x000000,0x000000,0x000000,0x000000,0x000000,0x010101,0x010101,0x010101,0x010101,0x000000,0x000000,
0x000000,0x010101,0x010101,0x010101,0x000000,0x000000,0x000000,0x000000,0x010101,0x010101,0x010101,0x010101,
0x000000,0x010101,0x010101,0x010101,0x010101,0x010101,0x000000,0x060606,0x34393B,0x384344,0x2F3337,0x373E40,
0x394043,0x384043,0x384043,0x373F42,0x3D4447,0x1D1F21,0x000000,0x020202,0x030301,0x030304,0x323639,0x394446,
0x3B4647,0x16191B,0x000000,0x020202,0x010101,0x010101,0x010101,0x010101,0x010101,0x010101,0x010101,0x010101,
0x010101,0x010101,0x010101,0x010101,0x010101,0x010101,0x010101,0x010101,0x000000,0x010101,0x010101,0x010101,
0x000000,0x010101,0x010101,0x010101,0x010000,0x010202,0x000002,0x05070A,0x33383B,0x3A4445,0x384243,0x394243,
0x384042,0x374041,0x3B4043,0x373B3E,0x080A0A,0x000000,0x020201,0x000201,0x000000,0x010101,0x020202,0x000000,
0x0B0C0D,0x393E3F,0x394143,0x374042,0x374043,0x3A4144,0x313538,0x070909,0x000000,0x040505,0x1F2122,0x101011,
0x000000,0x000000,0x010201,0x000000,0x000000,0x000000,0x000000,0x020202,0x010201,0x000000,0x17181A,0x393D40,
0x3A4546,0x364041,0x3C4345,0x33393B,0x16181A,0x000001,0x000000,0x020201,0x010202,0x010101,0x010101,0x010101,
0x010101,0x010101,0x010101,0x010101,0x010101,0x010101,0x010101,0x010101,0x010101,0x030304,0x2F3235,0x363D40,
0x394143,0x17191C,0x000000,0x020202,0x010101,0x010101,0x010101,0x010101,0x010101,0x000000,0x0C0E0D,0x3A4043,
0x3D4447,0x121414,0x000000,0x020202,0x020201,0x000000,0x121616,0x3B4144,0x3A4144,0x2F3134,0x020102,0x010101,
0x010101,0x010101,0x010101,0x010101,0x010101,0x010101,0x010101,0x010101,0x010101,0x010101,0x030303,0x000000,
0x090B0C,0x3A4043,0x394144,0x3E4346,0x151819,0x000000,0x020101,0x000000,0x292D30,0x3C4546,0x364041,0x394042,
0x384244,0x384244,0x364042,0x394346,0x313739,0x000002,0x202224,0x303234,0x010101,0x000000,0x000000,0x000000,
0x010101,0x010101,0x010101,0x010101,0x010101,0x010101,0x010101,0x010101,0x010101,0x010101,0x010101,0x000000,
0x010101,0x010101,0x000000,0x000000,0x000000,0x010101,0x010101,0x010101,0x000000,0x000000,0x010101,0x010101,
0x000000,0x010101,0x010101,0x000000,0x010101,0x010101,0x000000,0x000000,0x000000,0x000000,0x010101,0x010101,
0x000000,0x010101,0x010101,0x010101,0x010101,0x000000,0x000000,0x010101,0x010101,0x000000,0x000000,0x010101,
0x010101,0x000000,0x000000,0x000000,0x000000,0x000000,0x000000,0x000000,0x010101,0x010101,0x010101,0x010101,
0x010101,0x000000,0x000000,0x010101,0x010101,0x000000,0x010101,0x010101,0x000000,0x000000,0x000000,0x000000,
0x010101,0x000000,0x000000,0x000000,0x010101,0x010101,0x010101,0x010101,0x010101,0x010101,0x000000,0x0B0B0B,
0x3D4145,0x2F3537,0x08090C,0x373C3F,0x394144,0x384043,0x384043,0x373F42,0x3C4446,0x232628,0x000000,0x020402,
0x030301,0x020304,0x313639,0x3B4547,0x394446,0x141619,0x000000,0x010101,0x010101,0x010101,0x000000,0x000000,
0x010101,0x010101,0x010101,0x010101,0x010101,0x010101,0x000000,0x010101,0x010101,0x010101,0x010101,0x010101,
0x010101,0x010101,0x010101,0x010101,0x010101,0x010101,0x010101,0x010101,0x010101,0x010101,0x020202,0x000000,
0x0A0D0D,0x37403F,0x384344,0x384244,0x384042,0x384042,0x373F41,0x3B4345,0x2E3335,0x020204,0x020102,0x010201,
0x010101,0x010101,0x010101,0x020202,0x000000,0x111313,0x3B4143,0x384144,0x374143,0x373F42,0x3E4447,0x363C3F,
0x0B0C0D,0x000000,0x000000,0x000000,0x010101,0x010101,0x000000,0x000100,0x010101,0x010101,0x020202,0x000000,
0x020405,0x25292A,0x3C4445,0x364142,0x364243,0x3A4345,0x242729,0x050506,0x000000,0x000000,0x010101,0x010000,
0x010101,0x010101,0x010101,0x010101,0x010101,0x010101,0x000000,0x010101,0x010101,0x010101,0x010101,0x010101,
0x000102,0x282B2D,0x384042,0x353E41,0x2C3131,0x010203,0x000000,0x000100,0x010101,0x010101,0x010101,0x010101,
0x010202,0x000000,0x161A19,0x3C4547,0x373E41,0x070909,0x000000,0x010101,0x010201,0x010202,0x303537,0x3B4345,
0x3D4144,0x101114,0x000000,0x010202,0x010101,0x010101,0x000000,0x010101,0x010101,0x010101,0x000000,0x010101,
0x010101,0x010101,0x000000,0x020202,0x000000,0x212527,0x3B4346,0x3C4245,0x26282B,0x000000,0x030202,0x000000,
0x282C2E,0x3B4446,0x364041,0x394042,0x374143,0x374143,0x384244,0x374243,0x3A4144,0x0C0D10,0x000000,0x191B19,
0x090909,0x000000,0x000000,0x010101,0x010101,0x010101,0x010101,0x010101,0x010101,0x010101,0x000000,0x000000,
0x010101,0x010101,0x010101,0x010101,0x010101,0x000000,0x010101,0x010101,0x010101,0x010101,0x000000,0x000000,
0x010101,0x010101,0x000000,0x000000,0x010101,0x010101,0x000000,0x000000,0x000000,0x000000,0x000000,0x000000,
0x010101,0x000000,0x000000,0x010101,0x010101,0x010101,0x010101,0x010101,0x010101,0x000000,0x000000,0x010101,
0x010101,0x000000,0x000000,0x010101,0x010101,0x000000,0x000000,0x000000,0x000000,0x000000,0x010101,0x010101,
0x010101,0x010101,0x010101,0x010101,0x010101,0x000000,0x000000,0x010101,0x010101,0x000000,0x010101,0x010101,
0x000000,0x000000,0x010101,0x010101,0x010101,0x000000,0x010101,0x010101,0x010101,0x010101,0x010101,0x010101,
0x010101,0x020202,0x000000,0x0E0E0F,0x3F4346,0x0C1010,0x010002,0x353A3D,0x394144,0x384043,0x384043,0x373F42,
0x3C4547,0x2C3032,0x000201,0x020402,0x030301,0x000001,0x2C3033,0x3A4547,0x394445,0x16191B,0x000000,0x010101,
0x010101,0x010101,0x010101,0x010101,0x010101,0x010101,0x010101,0x010101,0x010101,0x010101,0x010101,0x010101,
0x010101,0x010101,0x010101,0x010101,0x010101,0x010101,0x010101,0x010101,0x010101,0x010101,0x010101,0x010101,
0x010101,0x010101,0x010101,0x020201,0x000000,0x111716,0x3B4445,0x384144,0x384042,0x384042,0x374142,0x364041,
0x3D4448,0x232528,0x000000,0x010201,0x010101,0x010101,0x010101,0x010101,0x030102,0x000000,0x15181A,0x3A4445,
0x374142,0x374043,0x364042,0x3E474A,0x3C4044,0x0F0E0F,0x000000,0x020203,0x010000,0x010000,0x000000,0x000100,
0x010101,0x020202,0x000000,0x0B0B0B,0x303536,0x3C4545,0x344040,0x384646,0x343B3E,0x121417,0x000000,0x010000,
0x010201,0x000100,0x000100,0x000100,0x010101,0x010101,0x010101,0x010101,0x010101,0x010101,0x010101,0x010101,
0x010101,0x010201,0x010101,0x000000,0x25282A,0x3B4344,0x333C3E,0x383D41,0x0C0F0E,0x000000,0x010101,0x000001,
0x010101,0x010101,0x010101,0x010101,0x030202,0x000000,0x252B2A,0x3D4849,0x2C3336,0x000102,0x000000,0x010101,
0x000000,0x191C1E,0x3D4245,0x3D4447,0x282B2E,0x000001,0x020102,0x000200,0x010101,0x010101,0x010101,0x010101,
0x010101,0x010101,0x010101,0x010101,0x010101,0x010101,0x000000,0x020202,0x000000,0x131617,0x3A4144,0x383F42,
0x313337,0x010103,0x020101,0x000000,0x2B2F32,0x3B4446,0x364041,0x384042,0x374143,0x374143,0x374143,0x364042,
0x394244,0x101114,0x000000,0x000100,0x020202,0x000000,0x000000,0x010101,0x010101,0x010101,0x010101,0x010101,
0x010101,0x010101,0x010101,0x010101,0x010101,0x010101,0x010101,0x010101,0x010101,0x000000,0x010101,0x010101,
0x010101,0x010101,0x010101,0x010101,0x010101,0x010101,0x010101,0x010101,0x010101,0x010101,0x010101,0x010101,
0x000000,0x000000,0x000000,0x000000,0x010101,0x000000,0x000000,0x010101,0x010101,0x010101,0x010101,0x010101,
0x010101,0x000000,0x010101,0x010101,0x000000,0x000000,0x010101,0x010101,0x000000,0x000000,0x000000,0x000000,
0x000000,0x000000,0x010101,0x010101,0x000000,0x010101,0x010101,0x010101,0x000000,0x000000,0x010101,0x010101,
0x000000,0x000000,0x000000,0x000000,0x000000,0x000000,0x010101,0x010101,0x000000,0x000000,0x010101,0x010101,
0x010101,0x010101,0x010101,0x010101,0x010101,0x020202,0x000000,0x131414,0x2B2E2F,0x000000,0x010102,0x2E3336,
0x384244,0x364042,0x364042,0x364042,0x3B4647,0x363C3D,0x030404,0x000200,0x020202,0x000000,0x202424,0x3A4445,
0x3B4446,0x202225,0x000000,0x010101,0x000000,0x000000,0x010101,0x010101,0x000000,0x000000,0x010101,0x000000,
0x010101,0x010101,0x010101,0x010101,0x000000,0x010101,0x010101,0x010101,0x000000,0x000000,0x000000,0x000000,
0x000000,0x000000,0x010101,0x010101,0x000000,0x010101,0x010101,0x010101,0x010101,0x000000,0x1D2123,0x3D4347,
0x353F40,0x364041,0x373F42,0x373F42,0x374042,0x3D4346,0x16191A,0x000000,0x020102,0x010101,0x010101,0x010101,
0x000000,0x020202,0x000000,0x1A1B1B,0x3D4446,0x394143,0x394244,0x394144,0x3C4548,0x3B4144,0x121314,0x000000,
0x010101,0x000000,0x000000,0x010201,0x010100,0x000000,0x111414,0x383D3D,0x3B4244,0x354040,0x3B4645,0x282E2F,
0x060707,0x000000,0x020202,0x010101,0x000000,0x000000,0x010101,0x010101,0x000000,0x010101,0x000000,0x010101,
0x000000,0x010101,0x010101,0x010101,0x020302,0x000000,0x010203,0x282A2C,0x3D4347,0x343E40,0x3B4243,0x1C1E20,
0x000000,0x020202,0x000000,0x010101,0x010101,0x010101,0x010101,0x010101,0x010101,0x040506,0x32383A,0x3D4749,
0x212327,0x000000,0x010201,0x010000,0x070607,0x363C3E,0x3B4245,0x3B3B3E,0x080808,0x000000,0x010101,0x010101,
0x000000,0x010101,0x010101,0x010101,0x010101,0x010101,0x010101,0x000000,0x010101,0x010101,0x010101,0x020202,
0x000000,0x0F1112,0x383F42,0x374143,0x34383B,0x030304,0x010000,0x020203,0x32363A,0x3A4245,0x374243,0x374144,
0x394144,0x394144,0x384043,0x353E41,0x394043,0x131416,0x000000,0x010102,0x000000,0x000000,0x010101,0x010101,
0x010101,0x010101,0x010101,0x010101,0x010101,0x010101,0x010101,0x010101,0x010101,0x010101,0x010101,0x010101,
0x000000,0x000000,0x010101,0x010101,0x000000,0x010101,0x010101,0x010101,0x000000,0x010101,0x010101,0x010101,
0x000000,0x010101,0x000000,0x000000,0x000000,0x000000,0x000000,0x000000,0x000000,0x000000,0x010101,0x010101,
0x000000,0x010101,0x010101,0x010101,0x010101,0x000000,0x010101,0x010101,0x000000,0x000000,0x010101,0x010101,
0x000000,0x000000,0x000000,0x000000,0x000000,0x000000,0x010101,0x010101,0x000000,0x010101,0x010101,0x010101,
0x010101,0x010101,0x010101,0x010101,0x000000,0x000000,0x000000,0x000000,0x000000,0x000000,0x010101,0x010101,
0x010101,0x010101,0x010101,0x010101,0x010101,0x010101,0x010101,0x010101,0x010101,0x020202,0x000000,0x0F0F0F,
0x0E0E10,0x000000,0x000000,0x252A2C,0x384244,0x363F41,0x364042,0x374143,0x3A4546,0x3D4345,0x0A0B0C,0x000100,
0x020303,0x000000,0x141616,0x3A4144,0x394144,0x2E3235,0x000001,0x000000,0x000000,0x000000,0x010101,0x010101,
0x010101,0x010101,0x010101,0x000000,0x010101,0x010101,0x010101,0x010101,0x000000,0x010101,0x000000,0x000000,
0x000000,0x000000,0x000000,0x000000,0x000000,0x000000,0x010101,0x010101,0x010101,0x010101,0x010101,0x010101,
0x010101,0x010202,0x000002,0x272A2D,0x3B4244,0x363E40,0x363E41,0x363E41,0x384043,0x3A4043,0x3B4043,0x0B0E0F,
0x000000,0x020202,0x010101,0x010101,0x010101,0x010101,0x020202,0x000000,0x1A1D1E,0x414649,0x3B4245,0x394244,
0x384144,0x3A4245,0x3D4042,0x191B1C,0x000000,0x000000,0x010101,0x010101,0x030203,0x202224,0x3A4243,0x354041,
0x353F40,0x3B4445,0x1F2424,0x000000,0x000000,0x020202,0x010101,0x010101,0x000000,0x000000,0x010101,0x010101,
0x000000,0x010101,0x000000,0x010101,0x010101,0x010101,0x010101,0x020202,0x000000,0x08090B,0x2D3335,0x3C4446,
0x373D40,0x3D4346,0x292D2E,0x000001,0x010101,0x000000,0x000000,0x010101,0x010101,0x010101,0x010101,0x020202,
0x000000,0x121516,0x3C4245,0x3B4145,0x101215,0x000000,0x020202,0x000000,0x262729,0x394042,0x3C4144,0x18181A,
0x000000,0x010101,0x010101,0x010101,0x010101,0x010101,0x010101,0x010101,0x010101,0x010101,0x010101,0x000000,
0x010101,0x010101,0x010101,0x020202,0x000000,0x101214,0x3C4344,0x3A4446,0x34383B,0x020304,0x000000,0x090A0C,
0x373D40,0x384043,0x394345,0x384345,0x3A4245,0x3A4245,0x384043,0x363E41,0x394044,0x131517,0x000000,0x010102,
0x000000,0x000000,0x010101,0x010101,0x010101,0x010101,0x010101,0x010101,0x010101,0x010101,0x010101,0x010101,
0x010101,0x010101,0x000000,0x000000,0x000000,0x000000,0x000000,0x000000,0x000000,0x010101,0x010101,0x010101,
0x000000,0x010101,0x010101,0x010101,0x000000,0x010101,0x000000,0x000000,0x000000,0x000000,0x000000,0x000000,
0x000000,0x000000,0x010101,0x010101,0x000000,0x010101,0x010101,0x010101,0x000000,0x000000,0x000000,0x000000,
0x010101,0x010101,0x010101,0x010101,0x010101,0x010101,0x000000,0x000000,0x010101,0x010101,0x010101,0x010101,
0x010101,0x000000,0x000000,0x000000,0x000000,0x000000,0x010101,0x010101,0x000000,0x000000,0x000000,0x000000,
0x000000,0x000000,0x010101,0x010101,0x010101,0x010101,0x000000,0x010101,0x010101,0x010101,0x010101,0x010101,
0x010101,0x010101,0x010101,0x010101,0x000001,0x010101,0x000000,0x1E2124,0x394144,0x363E41,0x384043,0x394144,
0x384244,0x40474A,0x191C1E,0x000000,0x020302,0x000000,0x060607,0x35393D,0x363E41,0x3A4043,0x0D0F11,0x000000,
0x010101,0x000000,0x000000,0x010101,0x010101,0x010101,0x010101,0x010101,0x010101,0x010101,0x000000,0x000000,
0x000000,0x000000,0x010101,0x010101,0x000000,0x000000,0x000000,0x000000,0x010101,0x010101,0x010101,0x010101,
0x010101,0x010101,0x010101,0x010101,0x010101,0x010201,0x010101,0x030304,0x2F3335,0x3A3F42,0x363E41,0x374042,
0x394144,0x394143,0x3C4346,0x32383B,0x040605,0x010101,0x010201,0x010101,0x010101,0x000000,0x000000,0x020202,
0x000000,0x191A1C,0x3F4447,0x3A4244,0x374143,0x374042,0x383E41,0x3A4043,0x26292B,0x040506,0x000000,0x020202,
0x050506,0x26282A,0x363E3F,0x384343,0x3B4344,0x1C1E20,0x000000,0x010100,0x010101,0x000000,0x000000,0x000000,
0x000000,0x000000,0x000000,0x000000,0x000000,0x010101,0x010101,0x010101,0x010101,0x020202,0x010101,0x000000,
0x111214,0x35393D,0x3A4245,0x343F41,0x3D4346,0x303335,0x040405,0x010101,0x010101,0x010101,0x000000,0x010101,
0x010101,0x010101,0x010101,0x020202,0x000000,0x252B2B,0x3F4648,0x34373B,0x040406,0x020201,0x000000,0x131417,
0x383D3F,0x3B4044,0x272A2C,0x000000,0x010101,0x000000,0x000000,0x010101,0x000000,0x010101,0x010101,0x010101,
0x010101,0x010101,0x010101,0x010101,0x000000,0x000000,0x000000,0x010101,0x000000,0x1B1C1E,0x3E4548,0x3D4749,
0x303538,0x010304,0x000000,0x181B1C,0x394144,0x363E41,0x384143,0x384143,0x394144,0x384043,0x394044,0x363E41,
0x3B4245,0x0F1112,0x000000,0x010102,0x000000,0x010101,0x000000,0x000000,0x010101,0x010101,0x000000,0x010101,
0x010101,0x010101,0x010101,0x010101,0x000000,0x000000,0x000000,0x000000,0x010101,0x010101,0x000000,0x000000,
0x010101,0x010101,0x000000,0x000000,0x010101,0x000000,0x000000,0x010101,0x000000,0x000000,0x000000,0x000000,
0x000000,0x000000,0x000000,0x000000,0x010101,0x010101,0x000000,0x010101,0x010101,0x010101,0x010101,0x010101,
0x000000,0x000000,0x000000,0x000000,0x010101,0x010101,0x010101,0x010101,0x010101,0x010101,0x000000,0x000000,
0x010101,0x010101,0x010101,0x010101,0x010101,0x000000,0x000000,0x000000,0x000000,0x000000,0x010101,0x010101,
0x000000,0x000000,0x000000,0x000000,0x000000,0x000000,0x010101,0x010101,0x010101,0x010101,0x000000,0x010101,
0x010101,0x010101,0x010101,0x010101,0x010101,0x010101,0x010101,0x010101,0x000002,0x020101,0x000000,0x15171B,
0x3A4245,0x374043,0x394144,0x3A4245,0x384144,0x3D4749,0x2A2F31,0x000000,0x010202,0x020201,0x000000,0x26272C,
0x3C4347,0x3C4547,0x2B3032,0x000000,0x010101,0x000000,0x000000,0x010101,0x000000,0x000000,0x010101,0x010101,
0x010101,0x010101,0x010101,0x010101,0x000000,0x000000,0x010101,0x010101,0x000000,0x000000,0x000000,0x000000,
0x010101,0x010101,0x010101,0x010101,0x010101,0x010101,0x010101,0x010101,0x010101,0x010101,0x020201,0x000000,
0x0A0C0E,0x393D40,0x394144,0x384244,0x394143,0x394144,0x373F42,0x3D4648,0x282D2D,0x000101,0x020202,0x020001,
0x010101,0x010101,0x000000,0x010101,0x030204,0x000000,0x121517,0x394042,0x394344,0x343E40,0x374042,0x353E40,
0x394144,0x2E3537,0x101413,0x000000,0x000000,0x000000,0x090B0B,0x262B2A,0x1C1F1F,0x000000,0x010101,0x000100,
0x000000,0x000000,0x000000,0x000000,0x000000,0x000000,0x000000,0x000000,0x000000,0x010101,0x010101,0x010201,
0x020202,0x000000,0x010201,0x1F2021,0x393F42,0x373E41,0x323B3E,0x3B4347,0x2F3437,0x050507,0x000000,0x020201,
0x010101,0x010101,0x010101,0x010101,0x010101,0x010101,0x010101,0x000000,0x070807,0x353C3C,0x3E4548,0x25262A,
0x010000,0x000000,0x070809,0x35383B,0x393F43,0x2F3338,0x040407,0x010101,0x000000,0x000000,0x010101,0x010101,
0x000000,0x010101,0x010101,0x010101,0x010101,0x010101,0x010101,0x010101,0x000000,0x000000,0x000000,0x010101,
0x000000,0x2A2D2E,0x3D4447,0x3F484B,0x272B2E,0x000101,0x020302,0x2D3333,0x374043,0x353F41,0x373F42,0x373F42,
0x394144,0x384144,0x374042,0x394144,0x394043,0x080A0C,0x000000,0x000001,0x000000,0x010101,0x010101,0x010101,
0x010101,0x010101,0x000000,0x010101,0x010101,0x010101,0x010101,0x010101,0x000000,0x000000,0x000000,0x000000,
0x010101,0x010101,0x000000,0x000000,0x010101,0x010101,0x010101,0x010101,0x010101,0x000000,0x000000,0x010101,
0x000000,0x000000,0x000000,0x000000,0x000000,0x000000,0x000000,0x000000,0x010101,0x010101,0x010101,0x010101,
0x010101,0x010101,0x010101,0x010101,0x010101,0x000000,0x010101,0x010101,0x000000,0x000000,0x010101,0x010101,
0x000000,0x000000,0x010101,0x010101,0x000000,0x000000,0x010101,0x010101,0x000000,0x000000,0x000000,0x000000,
0x000000,0x000000,0x000000,0x000000,0x000000,0x000000,0x000000,0x000000,0x000000,0x000000,0x010101,0x010101,
0x000000,0x000000,0x010101,0x010101,0x000000,0x000000,0x000000,0x000000,0x000000,0x000000,0x010101,0x010101,
0x010101,0x010101,0x000000,0x0D0D0E,0x384143,0x384144,0x394144,0x394144,0x3B4044,0x394344,0x363E3F,0x08070A,
0x000000,0x010101,0x000000,0x0D0D0E,0x3F4448,0x3B4346,0x42464A,0x18181D,0x000000,0x020101,0x020001,0x020002,
0x010101,0x010101,0x010101,0x010101,0x010101,0x010101,0x000000,0x000000,0x000000,0x010101,0x000000,0x000000,
0x000000,0x000000,0x010101,0x010101,0x000000,0x000000,0x010101,0x010101,0x010101,0x010101,0x010101,0x010101,
0x010101,0x010101,0x010101,0x020202,0x000000,0x17191A,0x404649,0x394247,0x3A4044,0x394144,0x384144,0x364042,
0x3A4345,0x1B1E21,0x000000,0x020201,0x010101,0x010101,0x010101,0x010101,0x000000,0x020202,0x000000,0x0C0D0D,
0x2F3538,0x3A4144,0x353D40,0x363E40,0x343F40,0x354041,0x363F40,0x282E30,0x0D0E0F,0x000000,0x000000,0x000000,
0x000000,0x010101,0x010000,0x010000,0x010101,0x010101,0x000000,0x000000,0x010101,0x010101,0x010101,0x010101,
0x010100,0x020201,0x020302,0x000000,0x000000,0x0E0E0F,0x2D3234,0x394143,0x353D40,0x343C3F,0x3A4244,0x292F32,
0x040505,0x000000,0x020202,0x010101,0x000000,0x010101,0x010101,0x010101,0x010101,0x010101,0x020204,0x000000,
0x1D2020,0x3D4346,0x383F43,0x0E1012,0x010100,0x020305,0x2C3035,0x393F42,0x373C40,0x0A0C0F,0x000000,0x020101,
0x010101,0x010101,0x010101,0x010101,0x000000,0x010101,0x010101,0x010101,0x000000,0x000000,0x000000,0x000000,
0x000000,0x000000,0x020101,0x010000,0x090A0C,0x383D40,0x3A4245,0x41474A,0x141719,0x000000,0x181B1B,0x3C4546,
0x353F41,0x353F41,0x363F41,0x363E41,0x384043,0x2D3538,0x2B3335,0x3F4648,0x363A3D,0x020204,0x000001,0x010000,
0x010101,0x010101,0x010101,0x010101,0x000000,0x010101,0x010101,0x010101,0x010101,0x010101,0x010101,0x000000,
0x000000,0x000000,0x000000,0x000000,0x000000,0x000000,0x010101,0x010101,0x000000,0x010101,0x010101,0x010101,
0x000000,0x000000,0x010101,0x010101,0x000000,0x000000,0x000000,0x000000,0x000000,0x000000,0x000000,0x000000,
0x000000,0x000000,0x010101,0x010101,0x000000,0x000000,0x010101,0x010101,0x010101,0x000000,0x010101,0x010101,
0x000000,0x000000,0x000000,0x000000,0x000000,0x010101,0x000000,0x000000,0x000000,0x000000,0x000000,0x000000,
0x000000,0x000000,0x000000,0x000000,0x000000,0x000000,0x000000,0x000000,0x000000,0x000000,0x000000,0x000000,
0x000000,0x000000,0x000000,0x000000,0x010101,0x010101,0x010101,0x010101,0x000000,0x000000,0x000000,0x000000,
0x010101,0x010101,0x010101,0x010101,0x010101,0x010101,0x000000,0x030304,0x333A3D,0x3A4245,0x384043,0x384043,
0x3A3F43,0x374042,0x3C4345,0x1B1C1F,0x000000,0x010101,0x010101,0x000000,0x272A2E,0x42484B,0x3C4246,0x3F4146,
0x101213,0x000000,0x020203,0x020001,0x010101,0x010101,0x000000,0x000000,0x010101,0x010101,0x000000,0x000000,
0x000000,0x010101,0x000000,0x000000,0x000000,0x000000,0x010101,0x010101,0x000000,0x010101,0x010101,0x010101,
0x010101,0x010101,0x010101,0x010101,0x010101,0x010101,0x010101,0x010101,0x020202,0x000000,0x23272A,0x41474B,
0x393F43,0x394144,0x374042,0x364042,0x363E41,0x3A3E41,0x101113,0x000000,0x020202,0x010101,0x010101,0x010101,
0x000000,0x010101,0x020202,0x000000,0x030304,0x25282A,0x3A4044,0x353F43,0x343E3F,0x363F41,0x384042,0x3E4648,
0x3E4446,0x272A2C,0x0D0E0F,0x000000,0x000000,0x000000,0x020000,0x030101,0x020202,0x010101,0x000000,0x000000,
0x010102,0x020202,0x020202,0x020202,0x010100,0x000000,0x000000,0x090A0B,0x232628,0x3A4042,0x384144,0x333D41,
0x364042,0x3A4143,0x212427,0x010102,0x000000,0x010101,0x010101,0x010101,0x000000,0x010101,0x000000,0x010101,
0x010101,0x010101,0x010102,0x040406,0x34383A,0x404649,0x2C2F33,0x020204,0x010101,0x272A2D,0x3F4347,0x3C4043,
0x131618,0x000000,0x010102,0x000000,0x010101,0x010101,0x000000,0x000000,0x000000,0x010101,0x000000,0x000000,
0x000000,0x000000,0x000000,0x000000,0x000000,0x000000,0x020202,0x000000,0x272A2D,0x393F43,0x3C4246,0x313436,
0x010102,0x040606,0x393E3F,0x3B4345,0x353F41,0x353E41,0x363E41,0x353C3F,0x3A3F42,0x13181B,0x2D3235,0x464B4E,
0x26292A,0x000000,0x010101,0x010000,0x010101,0x010101,0x010101,0x010101,0x000000,0x010101,0x010101,0x010101,
0x010101,0x010101,0x010101,0x000000,0x000000,0x000000,0x000000,0x000000,0x000000,0x000000,0x010101,0x010101,
0x000000,0x010101,0x010101,0x010101,0x000000,0x000000,0x000000,0x000000,0x000000,0x000000,0x000000,0x000000,
0x000000,0x000000,0x000000,0x000000,0x000000,0x000000,0x000000,0x000000,0x000000,0x000000,0x010101,0x010101,
0x000000,0x000000,0x010101,0x010101,0x000000,0x000000,0x000000,0x000000,0x000000,0x000000,0x010101,0x010101,
0x010101,0x010101,0x000000,0x010101,0x000000,0x000000,0x000000,0x000000,0x000000,0x000000,0x000000,0x000000,
0x000000,0x000000,0x000000,0x000000,0x000000,0x000000,0x010101,0x010101,0x000000,0x000000,0x010101,0x010101,
0x000000,0x000000,0x010101,0x010101,0x010101,0x000000,0x000000,0x000000,0x000000,0x000000,0x000000,0x000000,
0x2B2E32,0x3E4347,0x384043,0x384144,0x383F44,0x373F42,0x373F42,0x2E3436,0x030304,0x010101,0x010101,0x010101,
0x060608,0x363B3D,0x3C4447,0x3A4044,0x383E41,0x111315,0x000000,0x020202,0x010101,0x010101,0x010101,0x010101,
0x000000,0x000000,0x000000,0x000000,0x000000,0x000000,0x000000,0x000000,0x000000,0x000000,0x000000,0x000000,
0x010101,0x010101,0x000000,0x010101,0x010101,0x010101,0x000000,0x010101,0x000000,0x000000,0x000000,0x010101,
0x000000,0x000000,0x010102,0x2C2F32,0x3F4649,0x363E41,0x363F42,0x364042,0x363D40,0x384042,0x363C3F,0x090B0D,
0x000000,0x020202,0x010101,0x010101,0x010101,0x010101,0x000000,0x010101,0x020000,0x000000,0x131618,0x32383B,
0x3B4245,0x394143,0x394143,0x394143,0x3A4345,0x3F4649,0x3D4144,0x2B2D30,0x161617,0x060607,0x000000,0x000000,
0x000000,0x000000,0x000000,0x000000,0x000000,0x000000,0x000000,0x000000,0x010202,0x0E1012,0x25282A,0x393E41,
0x3D4649,0x374043,0x353D41,0x3A4246,0x343A3B,0x141717,0x000000,0x020001,0x000001,0x000000,0x000000,0x000000,
0x010101,0x010101,0x010101,0x010101,0x010000,0x010101,0x000000,0x1B1D1F,0x383F43,0x3B3F42,0x131316,0x000000,
0x1F2021,0x404649,0x41474A,0x1D1E20,0x000000,0x010101,0x000000,0x000000,0x010101,0x010101,0x010101,0x010101,
0x000000,0x000000,0x000000,0x000000,0x000000,0x000000,0x010101,0x010101,0x010101,0x020203,0x000000,0x191C1E,
0x3A4044,0x333B3F,0x3A3F43,0x111112,0x000000,0x2C3134,0x41484B,0x384042,0x374042,0x363E42,0x353C40,0x393E42,
0x2A2C2D,0x010304,0x35393D,0x42464A,0x111113,0x000000,0x010101,0x010100,0x010101,0x010101,0x010101,0x010101,
0x010101,0x010101,0x010101,0x010101,0x000000,0x000000,0x000000,0x000000,0x000000,0x000000,0x000000,0x000000,
0x010101,0x010101,0x010101,0x010101,0x010101,0x010101,0x010101,0x010101,0x000000,0x000000,0x000000,0x000000,
0x000000,0x000000,0x000000,0x000000,0x000000,0x000000,0x000000,0x000000,0x000000,0x000000,0x010101,0x010101,
0x010101,0x010101,0x000000,0x000000,0x000000,0x000000,0x010101,0x010101,0x000000,0x000000,0x000000,0x000000,
0x000000,0x000000,0x010101,0x010101,0x010101,0x010101,0x000000,0x010101,0x000000,0x000000,0x000000,0x000000,
0x000000,0x000000,0x000000,0x000000,0x000000,0x000000,0x000000,0x000000,0x000000,0x000000,0x010101,0x010101,
0x000000,0x000000,0x010101,0x010101,0x000000,0x000000,0x010101,0x010101,0x010101,0x000000,0x000000,0x000000,
0x000000,0x000000,0x010101,0x000000,0x1E1F23,0x414549,0x394144,0x394345,0x373E44,0x363D42,0x343D3F,0x394144,
0x1D1E1F,0x000000,0x010101,0x020101,0x000000,0x0D0F10,0x394144,0x363F42,0x363E41,0x383F42,0x17191A,0x000000,
0x000000,0x010101,0x010101,0x010101,0x000000,0x000000,0x000000,0x000000,0x000000,0x000000,0x000000,0x000000,
0x000000,0x000000,0x000000,0x000000,0x010101,0x010101,0x000000,0x010101,0x010101,0x010101,0x000000,0x010101,
0x000000,0x000101,0x010100,0x000000,0x1E1F1F,0x1B1B1C,0x000000,0x050508,0x2E3437,0x3A4144,0x363F41,0x364042,
0x373E41,0x364041,0x3C4447,0x33363A,0x040404,0x010100,0x010102,0x010101,0x010101,0x010101,0x010101,0x010101,
0x020102,0x020102,0x000000,0x050606,0x222528,0x3B4043,0x3E4648,0x394244,0x384144,0x384043,0x3A4245,0x3B4345,
0x3B4144,0x34383C,0x272A2F,0x1A1C20,0x111112,0x0A0A0A,0x070707,0x070708,0x080909,0x0C0D0D,0x161717,0x232525,
0x2F3637,0x3A4244,0x3B4446,0x373F42,0x364041,0x3C4346,0x3B4143,0x25282A,0x060708,0x000000,0x020201,0x020100,
0x000000,0x000000,0x000000,0x000000,0x010101,0x010101,0x010101,0x010101,0x010000,0x000100,0x060708,0x353B3D,
0x384045,0x2A2C2E,0x000000,0x171719,0x424346,0x43494C,0x23292B,0x000000,0x020101,0x000000,0x000000,0x000000,
0x010101,0x010101,0x010101,0x010101,0x000000,0x000000,0x000000,0x000000,0x000000,0x000000,0x010101,0x010101,
0x030302,0x000000,0x141518,0x3B4043,0x333D3F,0x3A4247,0x202226,0x000000,0x242728,0x3F464A,0x384144,0x3B4244,
0x394144,0x373F42,0x393E42,0x35393D,0x090909,0x040404,0x3C4043,0x2A2E32,0x000000,0x010101,0x000100,0x000200,
0x000000,0x000000,0x010101,0x010101,0x010101,0x010101,0x010101,0x010101,0x000000,0x000000,0x000000,0x000000,
0x000000,0x000000,0x000000,0x000000,0x010101,0x010101,0x010101,0x010101,0x010101,0x010101,0x010101,0x010101,
0x000000,0x000000,0x000000,0x000000,0x000000,0x000000,0x000000,0x000000,0x000000,0x000000,0x000000,0x000000,
0x000000,0x000000,0x010101,0x010101,0x010101,0x010101,0x010101,0x010101,0x010101,0x010101,0x010101,0x010101,
0x000000,0x000000,0x000000,0x000000,0x000000,0x000000,0x000000,0x000000,0x000000,0x000000,0x010101,0x010101,
0x000000,0x000000,0x000000,0x000000,0x000000,0x000000,0x000000,0x000000,0x000000,0x000000,0x000000,0x000000,
0x000000,0x000000,0x000000,0x000000,0x000000,0x000000,0x000000,0x000000,0x000000,0x000000,0x000000,0x000000,
0x000000,0x000000,0x000000,0x000000,0x000000,0x010101,0x010101,0x000000,0x0D0F0E,0x3E4345,0x3A4145,0x374143,
0x373F42,0x373F42,0x363D41,0x363E41,0x373E40,0x090A0C,0x000000,0x010100,0x020201,0x000000,0x0F1113,0x353B3F,
0x373F42,0x383F42,0x3B4244,0x24292B,0x050506,0x000000,0x010201,0x010201,0x010000,0x010000,0x000000,0x000000,
0x000000,0x000000,0x000000,0x000000,0x000000,0x000000,0x000000,0x000000,0x010101,0x010101,0x000000,0x000000,
0x010000,0x010001,0x000000,0x010101,0x020201,0x000000,0x010102,0x212226,0x3C3F43,0x3A3C40,0x151618,0x000000,
0x060708,0x303336,0x394044,0x343D42,0x374143,0x384144,0x394044,0x404548,0x2B2F31,0x010102,0x010102,0x010001,
0x010101,0x010101,0x000000,0x010101,0x000000,0x010101,0x020202,0x000000,0x000000,0x0C0D0D,0x272B2D,0x3C4246,
0x3F474A,0x3B4245,0x384043,0x363E40,0x333C3E,0x343D3F,0x383E42,0x3A3F43,0x393E41,0x383D40,0x363A3D,0x363B3E,
0x383D40,0x3A4042,0x3E4345,0x3F4446,0x3A4245,0x373F42,0x383F42,0x3B4144,0x383F42,0x2A2E30,0x0F1110,0x000000,
0x000000,0x010101,0x000000,0x000000,0x000000,0x000000,0x010101,0x010101,0x010101,0x010101,0x010101,0x010101,
0x020101,0x000000,0x242529,0x373F44,0x373D40,0x09090B,0x0D0D0F,0x3B3D41,0x42474B,0x2B2E31,0x000101,0x010100,
0x000000,0x000000,0x010101,0x010101,0x010101,0x010101,0x010101,0x010101,0x000000,0x000000,0x000000,0x000000,
0x000000,0x000000,0x010101,0x020201,0x000000,0x141616,0x3D4245,0x394043,0x394546,0x2C3032,0x000002,0x202326,
0x3C4145,0x373E42,0x384043,0x3A4245,0x374143,0x3A4145,0x3F4246,0x111215,0x000000,0x121316,0x3C3D41,0x080909,
0x000000,0x010101,0x010101,0x010101,0x000000,0x000000,0x010101,0x010101,0x010101,0x010101,0x010101,0x010101,
0x000000,0x000000,0x000000,0x000000,0x000000,0x000000,0x000000,0x000000,0x000000,0x000000,0x010101,0x010101,
0x000000,0x000000,0x010101,0x010101,0x000000,0x000000,0x000000,0x000000,0x000000,0x000000,0x000000,0x000000,
0x000000,0x000000,0x010101,0x010101,0x000000,0x000000,0x010101,0x010101,0x000000,0x000000,0x010101,0x010101,
0x010101,0x010101,0x010101,0x010101,0x000000,0x000000,0x000000,0x000000,0x000000,0x000000,0x000000,0x000000,
0x000000,0x000000,0x010101,0x010101,0x000000,0x000000,0x000000,0x000000,0x000000,0x000000,0x000000,0x000000,
0x000000,0x000000,0x000000,0x000000,0x000000,0x000000,0x000000,0x000000,0x000000,0x000000,0x000000,0x000000,
0x000000,0x000000,0x000000,0x000000,0x000000,0x000000,0x000000,0x000000,0x000000,0x010101,0x010101,0x000000,
0x010201,0x323639,0x3B4245,0x353F41,0x373F42,0x373F42,0x373F42,0x363E41,0x3E4548,0x2E3134,0x000001,0x010201,
0x010101,0x020202,0x000000,0x0C0F11,0x33383B,0x3B4043,0x373C3F,0x3E4447,0x353A3C,0x16191A,0x000000,0x000000,
0x010201,0x020202,0x000000,0x000000,0x000000,0x000000,0x000000,0x000000,0x000000,0x000000,0x000000,0x000000,
0x010101,0x010101,0x000000,0x000000,0x010101,0x010102,0x010201,0x000000,0x000000,0x0A0A0B,0x2D3134,0x3D4446,
0x353B3F,0x3D4144,0x26292A,0x000101,0x000000,0x060709,0x2F3337,0x3B4145,0x374043,0x394245,0x394144,0x394044,
0x40454A,0x25282B,0x000000,0x010201,0x010101,0x010101,0x000000,0x010101,0x000000,0x010101,0x010101,0x010101,
0x030102,0x000000,0x000000,0x0C0D10,0x212327,0x33373A,0x3B4144,0x3A4345,0x374043,0x353D42,0x353C41,0x343B40,
0x353D41,0x373F42,0x384043,0x384043,0x384043,0x384043,0x384043,0x3B4346,0x3E4546,0x3D4244,0x36393C,0x232629,
0x0D0F11,0x000001,0x000000,0x020101,0x000000,0x000000,0x000000,0x000000,0x010101,0x010101,0x010101,0x010101,
0x010101,0x010101,0x000000,0x010101,0x000000,0x121314,0x3A3D41,0x383E43,0x1F2125,0x0A0A0D,0x35373A,0x3C4044,
0x2B2E31,0x010203,0x010101,0x010101,0x000000,0x000000,0x010101,0x020202,0x000000,0x000000,0x010101,0x010101,
0x000000,0x000000,0x000000,0x000000,0x010101,0x010201,0x010202,0x000000,0x161A1A,0x3C4244,0x3A4245,0x3D4749,
0x343A3D,0x0E1011,0x272B2C,0x374042,0x343C40,0x384043,0x384043,0x393F43,0x3C4346,0x404548,0x17191C,0x000001,
0x010101,0x1E1F21,0x17181A,0x000000,0x010101,0x000000,0x010101,0x010101,0x010101,0x010101,0x010101,0x010101,
0x010101,0x010101,0x010101,0x010101,0x000000,0x000000,0x000000,0x000000,0x000000,0x000000,0x000000,0x000000,
0x000000,0x000000,0x000000,0x000000,0x000000,0x000000,0x010101,0x010101,0x000000,0x000000,0x000000,0x000000,
0x000000,0x000000,0x000000,0x000000,0x000000,0x000000,0x010101,0x010101,0x000000,0x000000,0x010101,0x010101,
0x000000,0x000000,0x010101,0x010101,0x000000,0x000000,0x000000,0x000000,0x000000,0x000000,0x010101,0x010101,
0x010101,0x000000,0x000000,0x000000,0x000000,0x000000,0x000000,0x000000,0x000000,0x000000,0x000000,0x000000,
0x000000,0x000000,0x000000,0x000000,0x010101,0x010101,0x000000,0x010101,0x010101,0x000000,0x000000,0x000000,
0x000000,0x000000,0x000000,0x000000,0x000000,0x000000,0x000000,0x000000,0x000000,0x000000,0x000000,0x000000,
0x010101,0x010101,0x010101,0x020202,0x000000,0x202225,0x3C4146,0x353D40,0x353D40,0x363E41,0x373F42,0x384043,
0x394144,0x41484B,0x1D2023,0x000000,0x010102,0x010101,0x020202,0x000000,0x060808,0x2E3233,0x3F4347,0x383E42,
0x394143,0x3F4548,0x2E3134,0x121315,0x000100,0x000000,0x000000,0x020202,0x020202,0x010101,0x000000,0x010101,
0x010101,0x010101,0x010101,0x010101,0x010101,0x010101,0x010101,0x010101,0x010203,0x000001,0x000000,0x040405,
0x1E1E23,0x3A3D41,0x3D4547,0x374143,0x3E4346,0x26292C,0x010303,0x010201,0x020202,0x000000,0x060607,0x333637,
0x40474A,0x384043,0x384144,0x384144,0x3B4046,0x3E4448,0x202324,0x000000,0x010101,0x000000,0x010101,0x010101,
0x010101,0x010101,0x000000,0x010101,0x020001,0x020102,0x010101,0x000000,0x000000,0x020204,0x0E1011,0x1E2223,
0x2A2E32,0x33373B,0x373C40,0x3A3F42,0x3B4144,0x3B4245,0x3D4446,0x3C4346,0x3E4246,0x3B4043,0x363B3F,0x2C3134,
0x222525,0x121414,0x040505,0x000000,0x000000,0x020101,0x020102,0x020001,0x000000,0x000000,0x000000,0x010101,
0x000000,0x010101,0x010101,0x010101,0x010101,0x010101,0x000100,0x010101,0x040607,0x343A3C,0x3C4245,0x2F3337,
0x111216,0x313538,0x383E41,0x292E30,0x030304,0x000000,0x000101,0x000000,0x010101,0x020202,0x010101,0x000000,
0x000000,0x010101,0x000000,0x000000,0x000000,0x000000,0x010101,0x010101,0x020202,0x000000,0x000001,0x1E2224,
0x3B4345,0x394144,0x3A4345,0x373F43,0x262A2E,0x383D3D,0x3C4443,0x343E40,0x353F41,0x353E41,0x363B3F,0x3D4145,
0x3C3E42,0x121416,0x000000,0x010102,0x010102,0x070707,0x000000,0x000001,0x010101,0x010101,0x000000,0x010101,
0x010101,0x010101,0x000000,0x000000,0x000000,0x000000,0x010101,0x010101,0x000000,0x000000,0x000000,0x000000,
0x010101,0x010101,0x010101,0x010101,0x010101,0x010101,0x000000,0x000000,0x000000,0x000000,0x000000,0x000000,
0x000000,0x000000,0x000000,0x000000,0x000000,0x000000,0x010101,0x010101,0x010101,0x010101,0x000000,0x000000,
0x010101,0x000000,0x000000,0x000000,0x000000,0x000000,0x000000,0x000000,0x000000,0x000000,0x000000,0x000000,
0x000000,0x000000,0x010101,0x010101,0x010101,0x000000,0x000000,0x000000,0x000000,0x000000,0x000000,0x000000,
0x000000,0x000000,0x000000,0x000000,0x000000,0x000000,0x000000,0x000000,0x010101,0x010101,0x000000,0x010101,
0x010101,0x000000,0x000000,0x000000,0x000000,0x000000,0x000000,0x000000,0x000000,0x000000,0x000000,0x000000,
0x000000,0x000000,0x010101,0x010101,0x010101,0x010101,0x010101,0x020202,0x000000,0x090B0E,0x373C40,0x363E40,
0x363F41,0x373F42,0x384043,0x394144,0x384144,0x3A4445,0x3D4445,0x121315,0x000000,0x020202,0x010101,0x020201,
0x000000,0x020303,0x232629,0x404548,0x3F4449,0x3B3F43,0x3D4346,0x3C4345,0x2D3231,0x151816,0x040505,0x000000,
0x000000,0x000000,0x000000,0x010101,0x010101,0x010101,0x010101,0x000000,0x010101,0x000000,0x000000,0x000000,
0x000000,0x070709,0x1C1E1F,0x34383A,0x3C4247,0x384044,0x3C4447,0x3E4548,0x212326,0x000001,0x020101,0x030201,
0x010101,0x010101,0x000000,0x050605,0x2D3135,0x40474A,0x384143,0x384244,0x394044,0x364041,0x3B4244,0x1D1F22,
0x000000,0x010101,0x010101,0x010101,0x010101,0x010101,0x000000,0x010101,0x000201,0x000101,0x000000,0x010201,
0x020202,0x000000,0x000000,0x000000,0x000000,0x050506,0x0B0B0C,0x111313,0x151719,0x17191A,0x181A1B,0x16181A,
0x131415,0x0D0D0E,0x050607,0x000000,0x000000,0x000000,0x000000,0x020101,0x020201,0x010201,0x000101,0x000201,
0x000000,0x000000,0x000000,0x010101,0x000000,0x010101,0x010101,0x010101,0x010101,0x010101,0x010101,0x000000,
0x282C2F,0x3C4547,0x364042,0x23272B,0x2F3435,0x373E40,0x2C3134,0x040506,0x000000,0x010101,0x000000,0x010101,
0x010101,0x000000,0x020202,0x191919,0x0B0B0B,0x000000,0x010101,0x000000,0x000000,0x000000,0x020101,0x020202,
0x000000,0x060607,0x282D2F,0x3A4144,0x353D40,0x383F43,0x3C4145,0x383D41,0x3E4547,0x3D4645,0x384140,0x363E41,
0x343E40,0x363E41,0x3A3F43,0x2A2D31,0x08090A,0x000000,0x020202,0x000000,0x010101,0x000000,0x010100,0x010102,
0x010101,0x010101,0x000000,0x010101,0x010101,0x010101,0x010101,0x010101,0x000000,0x000000,0x010101,0x010101,
0x000000,0x000000,0x000000,0x000000,0x010101,0x010101,0x010101,0x010101,0x010101,0x010101,0x000000,0x000000,
0x000000,0x000000,0x000000,0x000000,0x000000,0x000000,0x000000,0x000000,0x000000,0x000000,0x010101,0x010101,
0x010101,0x010101,0x000000,0x000000,0x010101,0x000000,0x000000,0x000000,0x000000,0x000000,0x000000,0x000000,
0x010101,0x000000,0x010101,0x010101,0x000000,0x000000,0x010101,0x010101,0x000000,0x000000,0x000000,0x000000,
0x000000,0x000000,0x000000,0x000000,0x000000,0x000000,0x010101,0x010101,0x000000,0x000000,0x010101,0x010101,
0x000000,0x000000,0x010101,0x000000,0x000000,0x000000,0x000000,0x000000,0x000000,0x000000,0x000000,0x000000,
0x000000,0x000000,0x010101,0x010101,0x000000,0x000000,0x010101,0x010101,0x000000,0x010101,0x010101,0x010101,
0x010102,0x000001,0x272B2E,0x384046,0x374043,0x3B4446,0x394144,0x3C4145,0x3A4244,0x384142,0x373F41,0x353C3E,
0x0E0F0E,0x000000,0x020202,0x020101,0x010101,0x000000,0x000000,0x111213,0x343539,0x424549,0x3C4245,0x363E41,
0x3A4043,0x3B4043,0x33373A,0x23272A,0x151818,0x0A0C0C,0x030505,0x000101,0x000000,0x000000,0x000000,0x000000,
0x010202,0x040606,0x0B0D0D,0x181A1B,0x292C2E,0x373B3E,0x3B4145,0x363E42,0x353E41,0x3C4447,0x353939,0x141616,
0x000000,0x020101,0x010101,0x010101,0x000000,0x000000,0x020201,0x000000,0x010102,0x262829,0x3F4548,0x394345,
0x374142,0x364041,0x343E40,0x3A4145,0x1F2124,0x000000,0x010102,0x020202,0x010101,0x010101,0x010101,0x010101,
0x010101,0x010101,0x010101,0x010101,0x000000,0x000000,0x020202,0x020202,0x010101,0x000000,0x000000,0x000000,
0x000000,0x000000,0x000000,0x000000,0x000000,0x000000,0x000000,0x010101,0x020202,0x020202,0x000000,0x000000,
0x010101,0x010101,0x010101,0x010101,0x000000,0x010101,0x010101,0x010101,0x010101,0x010101,0x010101,0x000000,
0x020001,0x020201,0x000000,0x1B1D22,0x3F4448,0x383F42,0x343C3E,0x343C3E,0x3A4144,0x313638,0x080909,0x000000,
0x010202,0x010101,0x010302,0x000000,0x020103,0x1B1D1E,0x3D4244,0x2E3134,0x030303,0x010101,0x010101,0x010101,
0x000000,0x020202,0x000000,0x000000,0x131518,0x33383B,0x394244,0x333E3F,0x334041,0x373E41,0x394044,0x3A4345,
0x394243,0x394143,0x384143,0x374044,0x394245,0x32393B,0x171B1A,0x000100,0x000000,0x010101,0x010101,0x010101,
0x000000,0x000000,0x000000,0x000000,0x000000,0x010101,0x010101,0x010101,0x010101,0x010101,0x000000,0x010101,
0x010101,0x010101,0x010101,0x010101,0x010101,0x010101,0x010101,0x000000,0x010101,0x010101,0x010101,0x010101,
0x010101,0x010101,0x010101,0x010101,0x000000,0x000000,0x010101,0x010101,0x000000,0x000000,0x010101,0x010101,
0x000000,0x000000,0x010101,0x010101,0x010101,0x010101,0x010101,0x010101,0x000000,0x000000,0x000000,0x000000,
0x000000,0x000000,0x010101,0x010101,0x010101,0x000000,0x010101,0x010101,0x000000,0x010101,0x010101,0x010101,
0x000000,0x000000,0x000000,0x000000,0x000000,0x000000,0x000000,0x000000,0x000000,0x000000,0x010101,0x010101,
0x010101,0x010101,0x010101,0x010101,0x010101,0x010101,0x010101,0x000000,0x000000,0x000000,0x000000,0x000000,
0x000000,0x000000,0x000000,0x000000,0x000000,0x000000,0x010101,0x010101,0x010101,0x010101,0x010101,0x010101,
0x000000,0x010101,0x010101,0x010101,0x020202,0x000000,0x0F1112,0x3A4145,0x373C40,0x2E3437,0x3F474A,0x384143,
0x394243,0x374042,0x353E40,0x353E40,0x353C3E,0x0F1214,0x000000,0x030201,0x010101,0x010101,0x020202,0x000000,
0x000102,0x16181A,0x303436,0x3B4043,0x3A4145,0x373E42,0x373F42,0x384144,0x3B4144,0x373E41,0x333A3D,0x2C3335,
0x2A3032,0x292F32,0x292F31,0x2C3135,0x2F3538,0x343A3E,0x3A4043,0x3C4346,0x394244,0x363F42,0x393E42,0x3C4045,
0x36393D,0x1F2123,0x030405,0x000000,0x030303,0x020202,0x010101,0x010101,0x010101,0x010101,0x010101,0x010202,
0x010101,0x000000,0x191C1E,0x394042,0x384143,0x343D3F,0x363F41,0x353F41,0x3B4346,0x222829,0x000102,0x000001,
0x020202,0x010101,0x010101,0x010101,0x010101,0x010101,0x000000,0x000000,0x000000,0x000000,0x010101,0x010101,
0x010101,0x010101,0x020202,0x020202,0x020202,0x020202,0x020202,0x020202,0x020202,0x010202,0x000000,0x000000,
0x010101,0x010101,0x000000,0x000000,0x010101,0x010101,0x010101,0x010101,0x010101,0x010101,0x010101,0x010101,
0x010101,0x010101,0x010101,0x000000,0x020202,0x000000,0x131516,0x3D4145,0x384043,0x373F42,0x394143,0x3C4345,
0x3B4042,0x0D0E10,0x000000,0x030102,0x020001,0x020102,0x000000,0x0D0E0F,0x303537,0x494D50,0x393C3E,0x020204,
0x000000,0x000000,0x010101,0x020202,0x000000,0x000000,0x070909,0x262A2A,0x3C4144,0x3A4143,0x353E3F,0x364041,
0x334142,0x354042,0x364143,0x374243,0x384243,0x394244,0x40494B,0x3C4546,0x222628,0x050607,0x000000,0x010100,
0x000000,0x000000,0x010101,0x010101,0x010101,0x010101,0x010101,0x010101,0x000000,0x010101,0x010101,0x010101,
0x010101,0x010101,0x000000,0x010101,0x010101,0x010101,0x010101,0x010101,0x010101,0x010101,0x010101,0x010101,
0x010101,0x010101,0x010101,0x010101,0x010101,0x010101,0x010101,0x010101,0x000000,0x000000,0x000000,0x000000,
0x000000,0x000000,0x010101,0x010101,0x000000,0x000000,0x010101,0x010101,0x010101,0x010101,0x000000,0x000000,
0x000000,0x000000,0x000000,0x000000,0x000000,0x000000,0x010101,0x010101,0x010101,0x000000,0x010101,0x010101,
0x010101,0x010101,0x000000,0x010101,0x000000,0x000000,0x010101,0x010101,0x000000,0x000000,0x000000,0x000000,
0x010101,0x010101,0x000000,0x000000,0x010101,0x010101,0x010101,0x010101,0x010101,0x010101,0x010101,0x010101,
0x000000,0x000000,0x010101,0x010101,0x010101,0x000000,0x010101,0x010101,0x010101,0x000000,0x010101,0x010101,
0x010101,0x010101,0x010101,0x010101,0x010101,0x010101,0x000000,0x010101,0x000201,0x010101,0x000101,0x2C3033,
0x464A4E,0x171B1E,0x303639,0x40484A,0x374142,0x364041,0x364041,0x353F40,0x364143,0x3A4144,0x181B1C,0x000000,
0x010101,0x020202,0x020202,0x020202,0x010101,0x000000,0x010102,0x121315,0x262A2D,0x363B3F,0x3A4144,0x394244,
0x384244,0x374144,0x384244,0x384244,0x394245,0x394345,0x394245,0x394244,0x384144,0x384143,0x384144,0x3A4346,
0x3A4345,0x3A4043,0x323437,0x1D1D20,0x070708,0x000000,0x000001,0x020202,0x010101,0x020102,0x010101,0x010101,
0x010101,0x010101,0x010101,0x000000,0x000000,0x020202,0x000000,0x0A0C0C,0x2C3133,0x3A4043,0x353E40,0x364042,
0x364142,0x3C4546,0x2B3032,0x050607,0x000000,0x030303,0x010101,0x000000,0x010101,0x010101,0x010101,0x010101,
0x010101,0x010101,0x000000,0x010101,0x000000,0x010101,0x010101,0x010101,0x010101,0x010101,0x010101,0x010101,
0x010101,0x010101,0x010101,0x010101,0x010101,0x000000,0x000000,0x000000,0x000000,0x010101,0x000000,0x000000,
0x010101,0x010101,0x010101,0x010101,0x010101,0x000000,0x000000,0x020202,0x000000,0x0E1012,0x383D40,0x383E41,
0x364042,0x374043,0x3E4447,0x3D4144,0x111313,0x000000,0x010101,0x010000,0x020101,0x000000,0x181A1C,0x383D40,
0x3C4446,0x3E4145,0x0D0D0F,0x000000,0x010101,0x010101,0x000000,0x000000,0x040507,0x1D2022,0x373C3E,0x3D4546,
0x384142,0x384142,0x374142,0x353F40,0x354042,0x343F41,0x343F40,0x384143,0x3C4547,0x3B4144,0x272B2D,0x0B0E10,
0x000000,0x000000,0x010101,0x010000,0x000000,0x000000,0x010101,0x010101,0x010101,0x010101,0x000000,0x010101,
0x010101,0x010101,0x010101,0x010101,0x010101,0x010101,0x010101,0x010101,0x010101,0x010101,0x000000,0x010101,
0x010101,0x010101,0x010101,0x010101,0x010101,0x000000,0x000000,0x000000,0x010101,0x000000,0x010101,0x010101,
0x000000,0x000000,0x010101,0x010101,0x010101,0x010101,0x000000,0x000000,0x010101,0x010101,0x000000,0x000000,
0x010101,0x000000,0x010101,0x010101,0x000000,0x000000,0x000000,0x010101,0x010101,0x010101,0x010101,0x010101,
0x010101,0x000000,0x010101,0x010101,0x010101,0x010101,0x010101,0x010101,0x000000,0x000000,0x010101,0x010101,
0x000000,0x000000,0x010101,0x010101,0x010101,0x010101,0x010101,0x010101,0x010101,0x010101,0x010101,0x010101,
0x010101,0x010101,0x010101,0x010101,0x000000,0x000000,0x010101,0x010101,0x010101,0x000000,0x010101,0x010101,
0x010101,0x010101,0x010101,0x010101,0x010101,0x010101,0x010101,0x010101,0x010101,0x010101,0x000000,0x010101,
0x000101,0x010101,0x000000,0x0D0F11,0x464C4F,0x24292C,0x07090C,0x3A3D41,0x384243,0x364041,0x364142,0x364141,
0x384042,0x394143,0x3F4649,0x242A2D,0x030404,0x000000,0x020303,0x010101,0x010100,0x010101,0x010101,0x000000,
0x000000,0x070808,0x161919,0x262D2C,0x323A3B,0x384041,0x394143,0x3B4244,0x3A4245,0x3B4245,0x3A4244,0x3A4245,
0x3C4245,0x3B4144,0x383E40,0x2F3437,0x232426,0x111213,0x020202,0x000000,0x000000,0x020202,0x000201,0x000102,
0x000000,0x000100,0x010101,0x020202,0x020201,0x010101,0x000000,0x000000,0x020204,0x000000,0x010101,0x000000,
0x020304,0x202426,0x3A4243,0x394344,0x374143,0x364041,0x3B4446,0x323B3C,0x0F1011,0x000000,0x020202,0x010101,
0x010101,0x010101,0x000000,0x000000,0x010101,0x010101,0x000000,0x010101,0x010101,0x010101,0x010101,0x020202,
0x020202,0x010101,0x010101,0x010101,0x010101,0x010101,0x010101,0x010101,0x010101,0x000000,0x010101,0x010101,
0x000000,0x010101,0x010101,0x010101,0x010101,0x010101,0x020202,0x020202,0x010101,0x000000,0x010101,0x000000,
0x0E100F,0x363B3E,0x383E42,0x363E40,0x343E40,0x3A4245,0x393E41,0x0F1113,0x000000,0x020202,0x010101,0x010001,
0x000101,0x222626,0x3B4345,0x343F41,0x3A4044,0x1D1E22,0x000000,0x020403,0x000000,0x000000,0x050506,0x1E1F20,
0x343A3D,0x3D4447,0x3C4145,0x393F43,0x384344,0x394344,0x384243,0x364041,0x383E42,0x394245,0x384042,0x303337,
0x1E2123,0x090A0D,0x000000,0x000000,0x000000,0x000000,0x000000,0x000100,0x010101,0x010101,0x010101,0x010101,
0x010101,0x010101,0x010101,0x010101,0x010101,0x010101,0x010101,0x010101,0x000000,0x000000,0x010101,0x010101,
0x010101,0x010101,0x000000,0x010101,0x010101,0x010101,0x010101,0x010101,0x010101,0x000000,0x010101,0x010101,
0x010101,0x000000,0x010101,0x010101,0x000000,0x000000,0x010101,0x010101,0x010101,0x010101,0x010101,0x010101,
0x010101,0x010101,0x010101,0x010101,0x010101,0x000000,0x010101,0x010101,0x000000,0x000000,0x000000,0x010101,
0x010101,0x010101,0x010101,0x010101,0x010101,0x000000,0x010101,0x010101,0x000000,0x000000,0x010101,0x010101,
0x000000,0x000000,0x010101,0x010101,0x000000,0x000000,0x010101,0x010101,0x010101,0x010101,0x010101,0x010101,
0x010101,0x010101,0x010101,0x000000,0x000000,0x000000,0x010101,0x010101,0x000000,0x000000,0x000000,0x000000,
0x000000,0x000000,0x010101,0x010101,0x010101,0x000000,0x000000,0x010101,0x010101,0x010101,0x000000,0x010101,
0x000000,0x000000,0x010101,0x010101,0x000000,0x010101,0x010101,0x000000,0x25292A,0x393C3E,0x000000,0x0D0E10,
0x343B3E,0x354141,0x364141,0x374042,0x384043,0x384042,0x373F42,0x3D4548,0x31383A,0x101314,0x000000,0x000000,
0x020202,0x010202,0x000103,0x010204,0x020202,0x000000,0x000000,0x000000,0x030505,0x090C0B,0x111413,0x191C1B,
0x1C1E20,0x1E2022,0x1E2023,0x1B1D20,0x19191B,0x111113,0x09090B,0x020204,0x000000,0x000000,0x010101,0x020202,
0x010101,0x010101,0x010101,0x010101,0x000101,0x010201,0x020403,0x010302,0x000000,0x000000,0x0F1010,0x2C2E30,
0x33363A,0x1B1C20,0x050506,0x000000,0x010000,0x000000,0x131515,0x343B3B,0x3C4547,0x384143,0x363F42,0x3A4247,
0x3A4044,0x1B1E21,0x000001,0x000000,0x020202,0x010101,0x000101,0x000102,0x010101,0x010101,0x000000,0x010101,
0x010101,0x020202,0x020202,0x000000,0x010101,0x010101,0x010101,0x010101,0x010101,0x010101,0x010101,0x010101,
0x010101,0x010101,0x010101,0x010101,0x010101,0x010101,0x010101,0x010101,0x010101,0x010101,0x020202,0x010101,
0x010101,0x020302,0x000000,0x131416,0x373E40,0x373F42,0x343E40,0x343E40,0x384043,0x303538,0x0A0C0C,0x000000,
0x010102,0x010101,0x010101,0x010202,0x272D30,0x3A4446,0x374143,0x364042,0x2F3436,0x030305,0x010102,0x000000,
0x040405,0x1E2022,0x363A3F,0x3E4448,0x3A4244,0x373F41,0x374041,0x374042,0x384344,0x3A4446,0x3F484A,0x3E4749,
0x383C40,0x25282B,0x111214,0x030304,0x000000,0x000000,0x000000,0x030305,0x141414,0x050505,0x010101,0x010101,
0x000000,0x010101,0x010101,0x010101,0x010101,0x010101,0x010101,0x010101,0x000000,0x010101,0x010101,0x010101,
0x000000,0x000000,0x010101,0x010101,0x010101,0x010101,0x010101,0x010101,0x010101,0x010101,0x010101,0x010101,
0x000000,0x000000,0x010101,0x010101,0x000000,0x000000,0x000000,0x000000,0x000000,0x000000,0x010101,0x010101,
0x000000,0x000000,0x010101,0x010101,0x000000,0x010101,0x010101,0x010101,0x000000,0x000000,0x000000,0x000000,
0x000000,0x000000,0x000000,0x000000,0x000000,0x010101,0x010101,0x010101,0x010101,0x000000,0x010101,0x010101,
0x000000,0x000000,0x000000,0x000000,0x000000,0x000000,0x010101,0x010101,0x000000,0x000000,0x010101,0x010101,
0x010101,0x010101,0x000000,0x000000,0x010101,0x010101,0x010101,0x000000,0x010101,0x010101,0x000000,0x000000,
0x000000,0x000000,0x000000,0x000000,0x000000,0x000000,0x010101,0x010101,0x010101,0x010101,0x010101,0x010101,
0x010101,0x010101,0x010101,0x010101,0x000000,0x000000,0x000000,0x000000,0x000000,0x010101,0x000000,0x010101,
0x030506,0x303233,0x0E0E10,0x000000,0x101315,0x383F41,0x394143,0x383F41,0x384043,0x384043,0x384043,0x373F42,
0x3A4345,0x3B4144,0x242828,0x090A0A,0x000000,0x000000,0x010101,0x020202,0x010101,0x010101,0x020202,0x020202,
0x010101,0x000000,0x000000,0x000000,0x000000,0x000000,0x000000,0x000000,0x000000,0x000000,0x000000,0x010102,
0x020202,0x020202,0x010101,0x010101,0x010101,0x010101,0x020202,0x020202,0x020202,0x010000,0x000000,0x000201,
0x101312,0x2A2F30,0x3B4143,0x3C4346,0x3A4144,0x3A4044,0x323637,0x1B1E1E,0x040506,0x000000,0x000000,0x040605,
0x222628,0x3D4346,0x3F4749,0x384245,0x384043,0x3E4347,0x2C2F32,0x0B0C0D,0x000000,0x000001,0x020103,0x020102,
0x010101,0x010101,0x000000,0x010101,0x010101,0x020202,0x020202,0x010101,0x000000,0x010101,0x020202,0x010101,
0x010101,0x010101,0x010101,0x010101,0x010101,0x010101,0x000000,0x010101,0x010101,0x010101,0x010101,0x010101,
0x010101,0x010101,0x010101,0x020202,0x010001,0x000000,0x191C1E,0x3B4243,0x384043,0x343C3F,0x343C3E,0x393F42,
0x272B2D,0x040606,0x000000,0x020201,0x000100,0x010101,0x010203,0x2D3031,0x3E484A,0x364042,0x374042,0x394244,
0x181A1C,0x000000,0x010001,0x18191A,0x353A3A,0x3F4647,0x3A4245,0x353F42,0x353F40,0x364041,0x394243,0x3B4445,
0x3C4344,0x363A3C,0x272B2D,0x16181A,0x070708,0x000000,0x000000,0x000000,0x000000,0x020202,0x161819,0x303334,
0x141414,0x010101,0x020202,0x010101,0x000000,0x010101,0x010101,0x010101,0x010101,0x010101,0x000000,0x000000,
0x000000,0x010101,0x000000,0x000000,0x000000,0x000000,0x010101,0x010101,0x010101,0x010101,0x010101,0x010101,
0x010101,0x010101,0x010101,0x010101,0x010101,0x010101,0x000000,0x000000,0x000000,0x000000,0x000000,0x000000,
0x000000,0x000000,0x010101,0x010101,0x010101,0x010101,0x010101,0x010101,0x000000,0x010101,0x010101,0x010101,
0x000000,0x000000,0x000000,0x000000,0x000000,0x000000,0x000000,0x000000,0x000000,0x010101,0x010101,0x010101,
0x010101,0x000000,0x000000,0x000000,0x000000,0x000000,0x000000,0x000000,0x000000,0x000000,0x010101,0x010101,
0x010101,0x010101,0x000000,0x010101,0x010101,0x000000,0x000000,0x010101,0x010101,0x010101,0x010101,0x010101,
0x010101,0x010101,0x010101,0x010101,0x000000,0x000000,0x000000,0x010101,0x010101,0x010101,0x010101,0x010101,
0x000000,0x010101,0x010101,0x010101,0x010101,0x010101,0x010101,0x010101,0x000000,0x000000,0x010101,0x010101,
0x010101,0x010101,0x010101,0x010101,0x000000,0x0C0E0D,0x131314,0x010101,0x000000,0x131516,0x3D4245,0x3C4547,
0x373F42,0x384043,0x384043,0x384043,0x364042,0x374042,0x3C4346,0x373E40,0x242729,0x0C0E0F,0x000000,0x000000,
0x000000,0x020202,0x020202,0x010101,0x010101,0x010101,0x020102,0x010101,0x020201,0x020201,0x020201,0x020201,
0x020202,0x020202,0x020202,0x010101,0x010101,0x010101,0x010101,0x020202,0x020202,0x020202,0x010100,0x000000,
0x000000,0x040505,0x161818,0x2E3232,0x3A4245,0x3B4346,0x374143,0x364042,0x374142,0x364041,0x363F40,0x384142,
0x363B3D,0x1A1B1D,0x010202,0x000000,0x000000,0x0F1012,0x2E3335,0x404649,0x3A4245,0x353C40,0x3C4346,0x393E42,
0x232529,0x08090B,0x000000,0x000000,0x000000,0x020202,0x010101,0x010101,0x010101,0x010101,0x010101,0x010101,
0x010101,0x010101,0x000000,0x010101,0x010101,0x010101,0x000000,0x010101,0x000000,0x010101,0x010101,0x010101,
0x010101,0x010101,0x000000,0x000000,0x010101,0x010101,0x020202,0x000000,0x030406,0x25292C,0x3C4345,0x374143,
0x363F41,0x3B4145,0x3A3E41,0x1C1E1F,0x000001,0x000100,0x020202,0x010101,0x020202,0x000101,0x272B2D,0x41484A,
0x364042,0x374042,0x3A4044,0x34393D,0x020305,0x08090A,0x2B2C2F,0x3C4144,0x3A4244,0x363E40,0x384142,0x3B4446,
0x3D4646,0x3B4242,0x303435,0x212425,0x111212,0x040404,0x000000,0x000000,0x000000,0x000000,0x000000,0x0A0A0B,
0x181B1D,0x303335,0x36383A,0x0E1111,0x000000,0x010101,0x000000,0x010101,0x010101,0x010101,0x010101,0x010101,
0x010101,0x010101,0x010101,0x010101,0x010101,0x010101,0x010101,0x010101,0x000000,0x000000,0x000000,0x010101,
0x000000,0x000000,0x010101,0x010101,0x010101,0x010101,0x010101,0x010101,0x010101,0x010101,0x000000,0x000000,
0x000000,0x000000,0x010101,0x010101,0x010101,0x010101,0x000000,0x010101,0x010101,0x000000,0x000000,0x010101,
0x000000,0x000000,0x000000,0x000000,0x000000,0x000000,0x000000,0x000000,0x000000,0x000000,0x000000,0x010101,
0x010101,0x010101,0x010101,0x010101,0x010101,0x000000,0x000000,0x000000,0x000000,0x000000,0x010101,0x010101,
0x000000,0x000000,0x010101,0x010101,0x010101,0x010101,0x000000,0x010101,0x010101,0x000000,0x000000,0x010101,
0x010101,0x010101,0x010101,0x010101,0x010101,0x010101,0x010101,0x010101,0x000000,0x000000,0x000000,0x010101,
0x010101,0x010101,0x010101,0x010101,0x010101,0x010101,0x010101,0x010101,0x010101,0x000000,0x010101,0x010101,
0x000000,0x000000,0x010101,0x010101,0x010101,0x010101,0x010101,0x010101,0x010302,0x000000,0x020102,0x020102,
0x020201,0x000000,0x101113,0x363E40,0x3D4548,0x384043,0x384043,0x384043,0x364143,0x364143,0x364043,0x384145,
0x3B4448,0x394044,0x2C3031,0x171A1A,0x050606,0x000000,0x000000,0x000000,0x000100,0x010201,0x020202,0x020202,
0x010203,0x010203,0x010203,0x010203,0x020201,0x010201,0x020201,0x020201,0x020202,0x020202,0x010101,0x000000,
0x000000,0x000000,0x030404,0x121213,0x23272A,0x34393D,0x3C4346,0x3B4245,0x384042,0x373F41,0x374042,0x374142,
0x384042,0x373F41,0x374042,0x3A4446,0x343A3C,0x151517,0x010101,0x020201,0x010302,0x000000,0x000001,0x151718,
0x2F3537,0x394144,0x374042,0x353F41,0x3C4447,0x383E40,0x222626,0x0C0D0D,0x000000,0x000000,0x000000,0x010102,
0x020202,0x020202,0x020202,0x010102,0x010101,0x010201,0x000000,0x010101,0x010000,0x010001,0x010101,0x020202,
0x010101,0x000000,0x000000,0x000000,0x010101,0x010101,0x010101,0x010202,0x020202,0x000000,0x000000,0x111212,
0x31373A,0x3C4446,0x363F41,0x394345,0x3F474A,0x32373A,0x0F1112,0x000000,0x030101,0x020101,0x010101,0x020202,
0x000000,0x1C1E1F,0x40474A,0x364042,0x384244,0x373F42,0x3E4347,0x272A2F,0x101314,0x353A3C,0x3A4043,0x364042,
0x363E41,0x3A4144,0x3F4447,0x373B3E,0x242727,0x0F1011,0x020103,0x000000,0x000000,0x000000,0x010101,0x020101,
0x090A0A,0x1C1D1F,0x2D3133,0x363B3E,0x3A4144,0x303437,0x080809,0x000000,0x020202,0x010101,0x010101,0x010101,
0x010101,0x010101,0x010101,0x010101,0x010101,0x010101,0x010101,0x010101,0x000000,0x000000,0x010101,0x010101,
0x010101,0x010101,0x000000,0x010101,0x010101,0x010101,0x010101,0x010101,0x010101,0x010101,0x010101,0x010101,
0x010101,0x010101,0x000000,0x000000,0x000000,0x000000,0x010101,0x010101,0x010101,0x010101,0x000000,0x010101,
0x010101,0x000000,0x000000,0x010101,0x010101,0x010101,0x000000,0x000000,0x000000,0x000000,0x000000,0x000000,
0x000000,0x000000,0x000000,0x010101,0x010101,0x010101,0x010101,0x010101,0x010101,0x000000,0x010101,0x010101,
0x000000,0x000000,0x010101,0x010101,0x000000,0x000000,0x000000,0x000000,0x000000,0x000000,0x010101,0x010101,
0x000000,0x010101,0x010101,0x010101,0x010101,0x010101,0x000000,0x000000,0x000000,0x000000,0x000000,0x000000,
0x000000,0x000000,0x000000,0x010101,0x000000,0x000000,0x010101,0x010101,0x000000,0x010101,0x010101,0x010101,
0x000000,0x000000,0x010101,0x010101,0x000000,0x000000,0x010101,0x010101,0x000000,0x010101,0x010101,0x010101,
0x000000,0x010101,0x010101,0x010101,0x010101,0x020202,0x000000,0x08090A,0x2C3235,0x3C4246,0x383D40,0x393F42,
0x364143,0x374143,0x374143,0x374043,0x363E41,0x373F42,0x3B4346,0x3C4347,0x353A3C,0x262A2C,0x17191B,0x0A0C0E,
0x030505,0x000000,0x000000,0x000000,0x000000,0x000000,0x000000,0x000000,0x000000,0x000000,0x000000,0x000000,
0x000000,0x000000,0x030404,0x0B0B0C,0x161919,0x25292C,0x33373A,0x3C4044,0x3B4346,0x394144,0x373F42,0x373F42,
0x383F41,0x383F41,0x374042,0x373F42,0x374142,0x3B4445,0x3B4142,0x212526,0x040405,0x000000,0x020101,0x000000,
0x000000,0x020202,0x010101,0x000000,0x020302,0x191B1B,0x303537,0x3A4245,0x384143,0x373F41,0x3D4345,0x3B3F42,
0x2D3032,0x1A1C1E,0x0A0B0D,0x010103,0x000000,0x000000,0x000000,0x000001,0x000000,0x000100,0x010000,0x010000,
0x000000,0x000000,0x000000,0x000000,0x000000,0x040604,0x0C0D0E,0x07080A,0x010100,0x020301,0x020403,0x000201,
0x000000,0x070809,0x222628,0x3A4143,0x394143,0x373F41,0x3E4648,0x373E40,0x1E2022,0x020304,0x000000,0x020101,
0x020000,0x000000,0x020201,0x000000,0x0B0C0E,0x3A3E41,0x384042,0x374143,0x384043,0x384043,0x394043,0x333A3D,
0x394043,0x394043,0x343C3E,0x383F42,0x394043,0x2E3234,0x18191A,0x040505,0x000000,0x000000,0x000000,0x030202,
0x010101,0x000001,0x010101,0x000000,0x27292C,0x40494A,0x3A4446,0x3E4247,0x2F2F34,0x060609,0x000000,0x020201,
0x010101,0x010101,0x010101,0x010101,0x010101,0x010101,0x010101,0x010101,0x000000,0x000000,0x010101,0x010101,
0x000000,0x010101,0x010101,0x010101,0x000000,0x000000,0x010101,0x010101,0x010101,0x000000,0x010101,0x010101,
0x010101,0x010101,0x010101,0x010101,0x000000,0x000000,0x000000,0x000000,0x000000,0x000000,0x000000,0x000000,
0x000000,0x000000,0x010101,0x010101,0x000000,0x010101,0x010101,0x010101,0x000000,0x000000,0x000000,0x000000,
0x000000,0x000000,0x000000,0x000000,0x000000,0x000000,0x010101,0x010101,0x000000,0x000000,0x010101,0x010101,
0x010101,0x000000,0x000000,0x000000,0x000000,0x000000,0x000000,0x000000,0x000000,0x000000,0x000000,0x000000,
0x000000,0x000000,0x010101,0x010101,0x000000,0x010101,0x010101,0x010101,0x010101,0x010101,0x000000,0x000000,
0x000000,0x000000,0x000000,0x000000,0x000000,0x000000,0x000000,0x010101,0x000000,0x000000,0x000000,0x000000,
0x000000,0x010101,0x000000,0x000000,0x000000,0x000000,0x010101,0x010101,0x000000,0x000000,0x000000,0x000000,
0x000000,0x010101,0x010101,0x010101,0x000000,0x010101,0x000000,0x000000,0x010101,0x010101,0x010101,0x000000,
0x010101,0x1E2122,0x383D41,0x394043,0x373F42,0x374043,0x374143,0x374143,0x373F42,0x373F42,0x363E41,0x363E41,
0x384144,0x3A4246,0x3C4347,0x383E42,0x32383B,0x292E31,0x212528,0x1B1D21,0x16181B,0x111315,0x0E1012,0x0E1012,
0x0E1012,0x111314,0x151718,0x1B1D1F,0x212629,0x292E31,0x32373A,0x383E41,0x3C4245,0x3C4345,0x394043,0x383E42,
0x363E41,0x373F42,0x373F42,0x373F42,0x353F40,0x353F40,0x353F41,0x3A4345,0x3F4346,0x2D3031,0x0D0E0F,0x000000,
0x010101,0x020202,0x000000,0x000000,0x000000,0x010101,0x010101,0x020202,0x020000,0x000000,0x020305,0x16181B,
0x2A3133,0x384042,0x3A4345,0x394445,0x3B4446,0x3C4346,0x383E41,0x2E3337,0x24272A,0x191B1E,0x101214,0x0A0B0D,
0x060607,0x040304,0x040204,0x040204,0x030507,0x080A0D,0x0F1113,0x1B1E20,0x28292B,0x262829,0x151616,0x050605,
0x010101,0x000000,0x000000,0x070809,0x1E2225,0x353A3D,0x383F43,0x353E41,0x3B4144,0x373A3D,0x212426,0x07080A,
0x000000,0x000002,0x010101,0x000000,0x070708,0x131414,0x010101,0x030405,0x2E3335,0x3B4143,0x384042,0x374143,
0x384043,0x384043,0x384043,0x384144,0x374043,0x384042,0x3E4346,0x2D2F33,0x0F1110,0x000000,0x000000,0x000201,
0x020202,0x020201,0x000000,0x000000,0x030303,0x030304,0x000000,0x000000,0x292B2F,0x383F41,0x3D4447,0x2C2E31,
0x040406,0x000001,0x010101,0x010100,0x010101,0x010101,0x010101,0x010101,0x010101,0x010101,0x000000,0x000000,
0x000000,0x000000,0x000000,0x000000,0x000000,0x010101,0x010101,0x010101,0x010101,0x010101,0x010101,0x000000,
0x010101,0x000000,0x010101,0x010101,0x010101,0x010101,0x000000,0x000000,0x000000,0x000000,0x000000,0x000000,
0x000000,0x000000,0x000000,0x000000,0x000000,0x000000,0x010101,0x010101,0x000000,0x010101,0x010101,0x010101,
0x000000,0x000000,0x000000,0x000000,0x000000,0x000000,0x000000,0x000000,0x000000,0x000000,0x010101,0x010101,
0x000000,0x000000,0x010101,0x010101,0x000000,0x000000,0x000000,0x000000,0x010101,0x010101,0x010101,0x010101,
0x010101,0x010101,0x010101,0x010101,0x010101,0x010101,0x000000,0x010101,0x010101,0x010101,0x000000,0x000000,
0x000000,0x000000,0x000000,0x000000,0x000000,0x000000,0x010101,0x010101,0x010101,0x000000,0x010101,0x010101,
0x010101,0x010101,0x010101,0x010101,0x000000,0x000000,0x000000,0x000000,0x010101,0x000000,0x000000,0x000000,
0x010101,0x010101,0x000000,0x000000,0x010101,0x000000,0x010101,0x010101,0x010101,0x010101,0x010101,0x010101,
0x010101,0x010101,0x000000,0x010101,0x020100,0x000000,0x0D0F10,0x2D3134,0x3D4246,0x3A4245,0x363F42,0x374244,
0x374143,0x364042,0x364042,0x364042,0x374044,0x353F42,0x363E42,0x383F43,0x374244,0x3A4346,0x3B4347,0x3C4346,
0x3D4246,0x3B4144,0x3B4044,0x3B4044,0x3B4043,0x3B4144,0x3C4244,0x3D4245,0x3B4447,0x3A4346,0x384144,0x374042,
0x363E40,0x363E40,0x363F42,0x373E43,0x373F42,0x384043,0x373F42,0x353E41,0x363F40,0x3A4244,0x3B4143,0x2D3133,
0x151516,0x000000,0x000000,0x020102,0x010101,0x010101,0x000000,0x010101,0x010101,0x010101,0x010101,0x010101,
0x020101,0x020202,0x000000,0x000000,0x000000,0x0B0B0D,0x1F2225,0x343B3F,0x374143,0x353F41,0x373F42,0x394245,
0x3C4245,0x3D4447,0x3C4145,0x3A3F42,0x363E3F,0x343C3D,0x343B3D,0x373D3F,0x3A3E40,0x3A3E40,0x333839,0x26292B,
0x141518,0x030405,0x000000,0x000000,0x000001,0x0D0E0F,0x232528,0x383C3F,0x3C4447,0x394144,0x3B3F43,0x34383B,
0x202224,0x070709,0x000000,0x010000,0x010102,0x000000,0x010102,0x000000,0x2E3133,0x222423,0x000000,0x1C2023,
0x3B4244,0x373F42,0x384043,0x383F44,0x373F42,0x373F42,0x384043,0x373F42,0x394245,0x3C4145,0x1B1E21,0x000002,
0x040504,0x161717,0x1C1D1D,0x020303,0x000000,0x000000,0x000001,0x1A1C1F,0x262626,0x030303,0x000000,0x080809,
0x33373B,0x3C4044,0x222426,0x000001,0x000000,0x000001,0x000000,0x000000,0x010101,0x010101,0x010101,0x010101,
0x010101,0x000000,0x010101,0x010101,0x000000,0x000000,0x000000,0x010101,0x000000,0x000000,0x010101,0x010101,
0x010101,0x010101,0x010101,0x010101,0x010101,0x010101,0x010101,0x010101,0x010101,0x010101,0x000000,0x000000,
0x000000,0x000000,0x000000,0x000000,0x000000,0x000000,0x010101,0x010101,0x010101,0x010101,0x010101,0x010101,
0x010101,0x000000,0x010101,0x010101,0x000000,0x000000,0x000000,0x010101,0x000000,0x000000,0x000000,0x000000,
0x000000,0x000000,0x000000,0x010101,0x010101,0x010101,0x010101,0x010101,0x000000,0x000000,0x000000,0x000000,
0x010101,0x010101,0x010101,0x010101,0x010101,0x010101,0x010101,0x010101,0x010101,0x010101,0x000000,0x010101,
0x000000,0x000000,0x010101,0x010101,0x000000,0x000000,0x000000,0x000000,0x000000,0x000000,0x010101,0x010101,
0x010101,0x000000,0x010101,0x010101,0x010101,0x010101,0x010101,0x010101,0x000000,0x000000,0x000000,0x000000,
0x010101,0x000000,0x010101,0x010101,0x000000,0x000000,0x010101,0x010101,0x010101,0x000000,0x010101,0x010101,
0x000000,0x000000,0x010101,0x010101,0x010101,0x010101,0x000000,0x000000,0x010101,0x020202,0x000000,0x010101,
0x181A1E,0x33383C,0x3C4547,0x394446,0x364042,0x354041,0x364042,0x364042,0x373F41,0x383E41,0x393E41,0x393E41,
0x373F41,0x363E41,0x363E40,0x383D41,0x373E41,0x373E41,0x373E42,0x373E42,0x373E42,0x373E41,0x373E41,0x363E41,
0x363E40,0x363E41,0x373F41,0x373F41,0x373F42,0x373F42,0x373E43,0x373E44,0x363E41,0x373F42,0x3A4246,0x3C4347,
0x393E41,0x282B2D,0x101111,0x000000,0x000000,0x020203,0x020202,0x010101,0x010101,0x010101,0x000000,0x010101,
0x010101,0x010101,0x010101,0x010101,0x000201,0x000201,0x080908,0x151615,0x161917,0x171C1B,0x202628,0x31373B,
0x384143,0x373F41,0x373E41,0x383E40,0x353F41,0x363E41,0x343B3F,0x353B3F,0x343A3D,0x303639,0x2B2F33,0x232629,
0x191A1A,0x0A0A0A,0x000000,0x000000,0x000000,0x030504,0x0E1011,0x1E2023,0x2E3335,0x3A4043,0x3F4548,0x3D4548,
0x3A4144,0x303436,0x1A1C1D,0x060606,0x000000,0x000000,0x010202,0x010200,0x010000,0x010101,0x000000,0x121417,
0x474D50,0x141716,0x090B0A,0x393F42,0x374143,0x374143,0x383F44,0x383F45,0x384043,0x384043,0x384043,0x394144,
0x393E42,0x1D2125,0x1A1E20,0x2C3133,0x343A3D,0x3A3E40,0x0F1111,0x000000,0x070606,0x1B1C1C,0x3A3C3F,0x404448,
0x0C0C0C,0x010101,0x000000,0x242525,0x3A3E42,0x16181B,0x000000,0x020101,0x000000,0x000000,0x000000,0x000000,
0x000000,0x000000,0x010101,0x010101,0x010101,0x000000,0x010101,0x010101,0x000000,0x000000,0x000000,0x010101,
0x000000,0x000000,0x010101,0x010101,0x010101,0x010101,0x000000,0x010101,0x010101,0x010101,0x010101,0x010101,
0x010101,0x010101,0x000000,0x000000,0x000000,0x000000,0x000000,0x000000,0x000000,0x000000,0x010101,0x010101,
0x010101,0x010101,0x010101,0x010101,0x010101,0x000000,0x010101,0x010101,0x000000,0x000000,0x000000,0x010101,
0x000000,0x000000,0x000000,0x000000,0x000000,0x000000,0x000000,0x010101,0x010101,0x010101,0x010101,0x010101,
0x010101,0x000000,0x010101,0x010101,0x000000,0x000000,0x010101,0x010101,0x000000,0x000000,0x010101,0x010101,
0x000000,0x000000,0x000000,0x000000,0x000000,0x000000,0x000000,0x000000,0x000000,0x000000,0x000000,0x000000,
0x000000,0x000000,0x000000,0x000000,0x000000,0x010101,0x000000,0x000000,0x010101,0x010101,0x000000,0x000000,
0x000000,0x000000,0x000000,0x000000,0x000000,0x000000,0x000000,0x000000,0x000000,0x000000,0x010101,0x010101,
0x000000,0x000000,0x010101,0x010101,0x000000,0x000000,0x000000,0x000000,0x000000,0x000000,0x000000,0x000000,
0x000000,0x000000,0x010101,0x000000,0x000000,0x050507,0x1B1E1F,0x323838,0x3A4346,0x394245,0x364042,0x364042,
0x373E42,0x373E41,0x373F42,0x373E41,0x383E42,0x373E41,0x363E41,0x363E41,0x383F42,0x383F42,0x383F42,0x383F42,
0x373F42,0x383F42,0x393E42,0x393E42,0x373F42,0x373F42,0x373F42,0x363E41,0x353D41,0x343C3F,0x353D40,0x384044,
0x3B4348,0x3B4145,0x313539,0x1F2024,0x0B0B0C,0x000000,0x000000,0x010101,0x020202,0x010101,0x010101,0x010101,
0x010101,0x010101,0x000000,0x000000,0x000000,0x000000,0x000000,0x000000,0x000000,0x000000,0x080808,0x1F1F1F,
0x323739,0x3F4649,0x41494B,0x3C4546,0x384042,0x373F41,0x373F41,0x373F41,0x374142,0x363D3F,0x2A2F32,0x1E2124,
0x141518,0x0E0E10,0x09090C,0x070709,0x080A0B,0x0F1112,0x18191B,0x202224,0x282C2F,0x33373B,0x3A4044,0x3E4649,
0x3F474A,0x3D4346,0x34383C,0x24262A,0x121313,0x010202,0x000000,0x000000,0x010101,0x010101,0x010101,0x010101,
0x020002,0x020101,0x000102,0x2F3438,0x434C4F,0x0F1418,0x262C2F,0x3E4749,0x373F42,0x373F42,0x384043,0x384043,
0x373F42,0x384043,0x374143,0x384244,0x353D40,0x343C3F,0x3D4648,0x3B4346,0x393F42,0x1D2123,0x121314,0x262729,
0x33373B,0x464A4E,0x3F4043,0x0B0C0D,0x000000,0x000000,0x181819,0x38383A,0x0E0E0F,0x000000,0x010101,0x000000,
0x000000,0x000000,0x010101,0x010101,0x010101,0x010101,0x010101,0x010101,0x000000,0x000000,0x000000,0x000000,
0x000000,0x000000,0x000000,0x000000,0x000000,0x000000,0x010101,0x010101,0x000000,0x010101,0x000000,0x000000,
0x000000,0x000000,0x000000,0x000000,0x000000,0x000000,0x000000,0x000000,0x000000,0x000000,0x000000,0x000000,
0x000000,0x000000,0x010101,0x010101,0x000000,0x010101,0x000000,0x000000,0x000000,0x000000,0x000000,0x000000,
0x000000,0x000000,0x000000,0x000000,0x000000,0x000000,0x000000,0x000000,0x000000,0x000000,0x010101,0x010101,
0x000000,0x000000,0x010101,0x010101,0x010101,0x000000,0x010101,0x010101,0x000000,0x000000,0x010101,0x010101,
0x000000,0x000000,0x010101,0x010101,0x000000,0x000000,0x000000,0x000000,0x000000,0x000000,0x000000,0x000000,
0x000000,0x000000,0x000000,0x000000,0x000000,0x000000,0x000000,0x000000,0x000000,0x010101,0x000000,0x000000,
0x010101,0x010101,0x000000,0x000000,0x000000,0x000000,0x000000,0x000000,0x000000,0x000000,0x000000,0x000000,
0x000000,0x000000,0x010101,0x010101,0x000000,0x000000,0x010101,0x010101,0x000000,0x000000,0x000000,0x000000,
0x000000,0x000000,0x000000,0x000000,0x000000,0x000000,0x000000,0x000000,0x020103,0x000002,0x000000,0x020405,
0x15161A,0x2A2D30,0x383C3F,0x3D4346,0x3C4348,0x384045,0x373E44,0x363D43,0x363E41,0x353D40,0x343E40,0x353F41,
0x343F41,0x353F41,0x354042,0x364042,0x364042,0x363F41,0x363E41,0x373E41,0x363D43,0x363D43,0x373E44,0x394045,
0x3C4145,0x3D4246,0x3B4044,0x32363A,0x232628,0x101213,0x030203,0x000000,0x000000,0x020202,0x010101,0x000000,
0x010101,0x010101,0x010101,0x010101,0x010101,0x010101,0x000000,0x000000,0x000000,0x000000,0x000000,0x000000,
0x000000,0x000000,0x000000,0x000000,0x000002,0x0C0D0F,0x1E2022,0x2E3134,0x393E42,0x3E4347,0x3E4347,0x3C4246,
0x394245,0x384144,0x3A4044,0x3A3F43,0x393F42,0x373D40,0x373D40,0x383F41,0x3A4143,0x3B4244,0x3D4446,0x3F4749,
0x3F4749,0x3D4547,0x393F42,0x313538,0x242727,0x141516,0x050506,0x000000,0x000000,0x010101,0x010101,0x000000,
0x000000,0x000000,0x010101,0x010101,0x020103,0x000000,0x0D0F11,0x3B4246,0x3A4346,0x1A1F23,0x393E42,0x394245,
0x384043,0x373F42,0x384043,0x384043,0x373F42,0x384043,0x374143,0x374143,0x384043,0x394144,0x373F42,0x374043,
0x363F42,0x333B3E,0x3A3F42,0x3D4144,0x3B3F43,0x28292D,0x060607,0x000000,0x000000,0x121214,0x2B2B2D,0x080809,
0x000000,0x020202,0x000000,0x000000,0x000000,0x000000,0x000000,0x000000,0x010101,0x010101,0x000000,0x000000,
0x000000,0x000000,0x000000,0x000000,0x000000,0x000000,0x000000,0x000000,0x000000,0x000000,0x010101,0x010101,
0x000000,0x010101,0x000000,0x000000,0x000000,0x000000,0x000000,0x000000,0x000000,0x000000,0x000000,0x000000,
0x000000,0x000000,0x000000,0x000000,0x000000,0x000000,0x000000,0x000000,0x000000,0x010101,0x000000,0x000000,
0x000000,0x000000,0x000000,0x000000,0x000000,0x000000,0x000000,0x000000,0x000000,0x000000,0x000000,0x000000,
0x000000,0x000000,0x000000,0x000000,0x000000,0x000000,0x000000,0x000000,0x000000,0x000000,0x000000,0x000000,
0x010101,0x010101,0x010101,0x010101,0x000000,0x000000,0x000000,0x000000,0x000000,0x000000,0x000000,0x000000,
0x000000,0x000000,0x000000,0x000000,0x000000,0x000000,0x000000,0x000000,0x000000,0x000000,0x010101,0x010101,
0x010101,0x000000,0x010101,0x010101,0x000000,0x000000,0x000000,0x000000,0x000000,0x000000,0x000000,0x000000,
0x000000,0x000000,0x010101,0x010101,0x000000,0x000000,0x010101,0x010101,0x010101,0x010101,0x010101,0x010101,
0x000000,0x000000,0x000000,0x000000,0x000000,0x000000,0x000000,0x000000,0x000000,0x000000,0x000000,0x000000,
0x010101,0x010101,0x010101,0x000101,0x000000,0x000001,0x09090B,0x18191B,0x262A2E,0x33383B,0x393E41,0x3E4246,
0x3C4145,0x3B4144,0x3A4144,0x384042,0x374042,0x363F41,0x363F42,0x384144,0x394244,0x394144,0x3C4245,0x3D4346,
0x3F4347,0x3E4246,0x3B3F43,0x33373A,0x2C2D30,0x1E1E21,0x0F0F12,0x020205,0x000000,0x000000,0x000000,0x020101,
0x010101,0x010101,0x000000,0x000000,0x010101,0x010101,0x000000,0x010101,0x000000,0x000000,0x000000,0x000000,
0x000000,0x000000,0x000000,0x000000,0x000000,0x010101,0x010101,0x020202,0x020001,0x000000,0x000000,0x000000,
0x08090C,0x16181A,0x232527,0x2D3032,0x32383B,0x383E41,0x3C4044,0x3D4145,0x3B4144,0x3C4345,0x3C4345,0x3B4144,
0x394042,0x373E40,0x32393B,0x2C3335,0x232828,0x171B1C,0x0C0D0F,0x010203,0x000000,0x000000,0x000000,0x010101,
0x010101,0x000000,0x000000,0x000000,0x000000,0x000000,0x000000,0x010101,0x020203,0x000000,0x222425,0x3D4547,
0x363F42,0x34393D,0x3C4145,0x394144,0x384144,0x373F42,0x373F42,0x373F42,0x373F42,0x374042,0x374143,0x384143,
0x394043,0x3A4145,0x394144,0x384044,0x394245,0x3D4548,0x3D4246,0x2F3336,0x151516,0x000000,0x000000,0x010101,
0x0E0E0E,0x181818,0x010101,0x000000,0x010101,0x000000,0x000000,0x010101,0x010101,0x010101,0x010101,0x010101,
0x010101,0x010101,0x000000,0x000000,0x000000,0x000000,0x000000,0x000000,0x000000,0x000000,0x010101,0x010101,
0x010101,0x010101,0x000000,0x010101,0x010101,0x000000,0x000000,0x000000,0x000000,0x000000,0x000000,0x000000,
0x000000,0x000000,0x000000,0x000000,0x010101,0x010101,0x000000,0x000000,0x010101,0x000000,0x010101,0x010101,
0x000000,0x000000,0x010101,0x010101,0x000000,0x000000,0x000000,0x000000,0x000000,0x000000,0x000000,0x000000,
0x000000,0x000000,0x000000,0x000000,0x010101,0x000000,0x010101,0x010101,0x000000,0x000000,0x010101,0x010101,
0x000000,0x000000,0x000000,0x000000,0x010101,0x010101,0x010101,0x010101,0x000000,0x000000,0x000000,0x000000,
0x000000,0x000000,0x000000,0x000000,0x000000,0x000000,0x000000,0x000000,0x000000,0x000000,0x000000,0x000000,
0x000000,0x000000,0x010101,0x010101,0x010101,0x000000,0x010101,0x010101,0x000000,0x000000,0x000000,0x000000,
0x000000,0x000000,0x000000,0x000000,0x000000,0x000000,0x010101,0x010101,0x000000,0x000000,0x010101,0x010101,
0x010101,0x010101,0x010101,0x010101,0x000000,0x000000,0x000000,0x000000,0x000000,0x000000,0x000000,0x000000,
0x000000,0x000000,0x000000,0x000000,0x010101,0x010101,0x000000,0x020001,0x030102,0x010102,0x000000,0x000000,
0x000000,0x030304,0x0C0C0D,0x161617,0x1E1E22,0x242629,0x2A2D30,0x2E3134,0x303438,0x32363A,0x32363A,0x303438,
0x303437,0x2E3235,0x2B2E31,0x242529,0x1E1E20,0x151516,0x0C0C0D,0x040405,0x000000,0x000000,0x000000,0x000002,
0x020204,0x010101,0x000000,0x000000,0x000000,0x000000,0x000000,0x000000,0x010101,0x010101,0x000000,0x010101,
0x000000,0x000000,0x000000,0x000000,0x000000,0x000000,0x000000,0x000000,0x000000,0x010101,0x010101,0x010101,
0x020101,0x020101,0x020202,0x010201,0x000000,0x000000,0x000000,0x000000,0x030304,0x070809,0x0D0E0F,0x111213,
0x141516,0x151618,0x151617,0x131315,0x0F1012,0x090A0C,0x050507,0x000001,0x000000,0x000000,0x000000,0x010101,
0x010101,0x010101,0x000100,0x000000,0x000000,0x000000,0x000000,0x000000,0x000000,0x000000,0x000000,0x010101,
0x010102,0x020202,0x323537,0x394244,0x374042,0x3B4044,0x3B4044,0x394144,0x384144,0x383F42,0x373F42,0x373F42,
0x373F42,0x373F42,0x364042,0x374042,0x374042,0x384144,0x3D4649,0x40484B,0x3F4547,0x323638,0x191B1D,0x020303,
0x000000,0x010101,0x010101,0x090909,0x0C0C0C,0x000000,0x000000,0x000001,0x000000,0x000000,0x000000,0x010101,
0x010101,0x010101,0x010101,0x010101,0x010101,0x010101,0x000000,0x000000,0x000000,0x000000,0x000000,0x000000,
0x000000,0x000000,0x010101,0x010101,0x010101,0x010101,0x000000,0x010101,0x010101,0x000000,0x000000,0x000000,
0x000000,0x000000,0x000000,0x000000,0x000000,0x000000,0x000000,0x000000,0x010101,0x010101,0x000000,0x000000,
0x010101,0x000000,0x010101,0x010101,0x000000,0x000000,0x010101,0x010101,0x000000,0x000000,0x000000,0x000000,
0x000000,0x000000,0x000000,0x000000,0x000000,0x000000,0x000000,0x010101,0x010101,0x000000,0x010101,0x010101,
0x000000,0x000000,0x010101,0x010101,0x010101,0x000000,0x010101,0x010101,0x000000,0x000000,0x010101,0x010101,
0x000000,0x000000,0x010101,0x010101,0x000000,0x000000,0x000000,0x000000,0x000000,0x000000,0x000000,0x000000,
0x000000,0x000000,0x000000,0x000000,0x000000,0x010101,0x010101,0x010101,0x000000,0x010101,0x000000,0x000000,
0x000000,0x000000,0x000000,0x000000,0x000000,0x000000,0x000000,0x000000,0x000000,0x000000,0x010101,0x010101,
0x010101,0x010101,0x010101,0x010101,0x000000,0x000000,0x000000,0x000000,0x000000,0x000000,0x000000,0x000000,
0x000000,0x000000,0x000000,0x000000,0x000000,0x000000,0x010101,0x010101,0x010101,0x010101,0x010101,0x010101,
0x000000,0x000000,0x000000,0x010101,0x010101,0x000000,0x000000,0x000000,0x000000,0x000000,0x000000,0x020102,
0x030304,0x040404,0x040405,0x030404,0x030305,0x000102,0x000000,0x000000,0x000000,0x000000,0x000000,0x000000,
0x000101,0x010101,0x010101,0x000000,0x000000,0x000000,0x010101,0x010101,0x010101,0x010101,0x010101,0x010101,
0x000000,0x010101,0x000000,0x000000,0x010101,0x010101,0x000000,0x000000,0x010101,0x010101,0x010101,0x010101,
0x000000,0x010101,0x010101,0x010101,0x000000,0x000000,0x010101,0x010101,0x010100,0x020202,0x020202,0x010101,
0x000000,0x000000,0x000000,0x000000,0x000000,0x000000,0x000000,0x000000,0x000000,0x000000,0x000000,0x010101,
0x010101,0x010101,0x000100,0x000000,0x000000,0x000000,0x000000,0x000000,0x000000,0x000000,0x010101,0x010101,
0x000000,0x000000,0x010101,0x010100,0x000000,0x0A0B0E,0x3A4043,0x374043,0x373F42,0x373E42,0x384043,0x394144,
0x384043,0x384043,0x384043,0x373F42,0x384043,0x364042,0x353F42,0x374042,0x394143,0x373F41,0x2F3538,0x202528,
0x0E1013,0x000000,0x000000,0x000000,0x010101,0x000000,0x010101,0x020202,0x000000,0x000000,0x010101,0x010101,
0x000000,0x000000,0x010101,0x010101,0x000000,0x010101,0x010101,0x010101,0x000000,0x000000,0x010101,0x010101,
0x000000,0x000000,0x010101,0x010101,0x000000,0x000000,0x010101,0x000000,0x000000,0x010101,0x010101,0x000000,
0x000000,0x000000,0x000000,0x000000,0x000000,0x000000,0x000000,0x000000,0x000000,0x000000,0x000000,0x000000,
0x000000,0x010101,0x010101,0x010101,0x010101,0x010101,0x010101,0x010101,0x000000,0x000000,0x000000,0x000000,
0x000000,0x000000,0x000000,0x000000,0x000000,0x000000,0x000000,0x000000,0x000000,0x000000,0x010101,0x010101,
0x000000,0x000000,0x010101,0x010101,0x000000,0x000000,0x010101,0x010101,0x010101,0x000000,0x010101,0x010101,
0x000000,0x000000,0x010101,0x010101,0x000000,0x000000,0x010101,0x010101,0x000000,0x000000,0x000000,0x000000,
0x000000,0x000000,0x000000,0x000000,0x000000,0x000000,0x000000,0x000000,0x000000,0x010101,0x010101,0x010101,
0x000000,0x010101,0x000000,0x000000,0x000000,0x000000,0x000000,0x000000,0x000000,0x000000,0x000000,0x000000,
0x000000,0x000000,0x010101,0x010101,0x010101,0x010101,0x010101,0x010101,0x000000,0x000000,0x000000,0x000000,
0x000000,0x000000,0x000000,0x000000,0x000000,0x000000,0x000000,0x000000,0x000000,0x000000,0x010101,0x010101,
0x010101,0x010101,0x010101,0x010101,0x000000,0x000000,0x000000,0x000000,0x000000,0x010101,0x010101,0x010101,
0x010101,0x000000,0x000000,0x000000,0x000000,0x000000,0x000000,0x000000,0x000000,0x000000,0x000000,0x020202,
0x010101,0x010101,0x010101,0x000000,0x000000,0x000000,0x000000,0x000000,0x000000,0x000000,0x010101,0x010101,
0x010101,0x010101,0x010101,0x010101,0x000000,0x010101,0x000000,0x000000,0x010101,0x010101,0x000000,0x000000,
0x010101,0x010101,0x010101,0x010101,0x000000,0x010101,0x010101,0x010101,0x010101,0x010101,0x010101,0x010101,
0x000000,0x010101,0x010101,0x010101,0x010101,0x010101,0x010101,0x010101,0x020202,0x020202,0x020202,0x020202,
0x020202,0x010201,0x010101,0x010101,0x000000,0x000000,0x000000,0x000000,0x000000,0x000000,0x000000,0x000000,
0x000000,0x000000,0x010101,0x010101,0x010101,0x010101,0x010101,0x010101,0x000000,0x16191B,0x3D4447,0x363F42,
0x373F42,0x384043,0x373F42,0x384043,0x384043,0x384043,0x384043,0x373F42,0x384043,0x364143,0x354042,0x32393C,
0x232528,0x111215,0x09090C,0x0A0A0E,0x0F1015,0x0F1115,0x08090B,0x000001,0x000000,0x000000,0x000000,0x000000,
0x000000,0x000000,0x010101,0x010101,0x000000,0x010101,0x010101,0x010101,0x000000,0x010101,0x010101,0x010101,
0x000000,0x000000,0x000000,0x000000,0x000000,0x000000,0x000000,0x000000,0x000000,0x000000,0x010101,0x000000,
0x000000,0x010101,0x010101,0x000000,0x000000,0x000000,0x000000,0x000000,0x000000,0x000000,0x000000,0x000000,
0x000000,0x000000,0x000000,0x000000,0x000000,0x010101,0x010101,0x010101,0x010101,0x010101,0x010101,0x010101,
0x000000,0x000000,0x000000,0x000000,0x000000,0x000000,0x000000,0x000000,0x000000,0x000000,0x000000,0x000000,
0x000000,0x000000,0x010101,0x010101,0x000000,0x000000,0x010101,0x010101,0x000000,0x000000,0x010101,0x010101,
0x010101,0x000000,0x000000,0x000000,0x010101,0x010101,0x000000,0x010101,0x000000,0x000000,0x000000,0x000000,
0x000000,0x000000,0x010101,0x010101,0x000000,0x000000,0x000000,0x010101,0x010101,0x010101,0x000000,0x010101,
0x000000,0x000000,0x010101,0x010101,0x010101,0x010101,0x000000,0x000000,0x000000,0x000000,0x000000,0x000000,
0x000000,0x000000,0x000000,0x010101,0x010101,0x010101,0x010101,0x010101,0x010101,0x010101,0x010101,0x010101,
0x000000,0x000000,0x000000,0x000000,0x000000,0x000000,0x010101,0x010101,0x010101,0x000000,0x000000,0x010101,
0x000000,0x000000,0x000000,0x000000,0x010101,0x010101,0x000000,0x000000,0x000000,0x000000,0x000000,0x000000,
0x010101,0x010101,0x010101,0x010101,0x040405,0x161719,0x191A1C,0x0F1213,0x0E1010,0x0F1212,0x111414,0x111414,
0x131618,0x17191A,0x070809,0x000000,0x000000,0x020202,0x000000,0x000000,0x000000,0x000000,0x010101,0x010101,
0x000000,0x000000,0x010101,0x010101,0x010101,0x010101,0x010101,0x010101,0x000000,0x000000,0x000000,0x000000,
0x000000,0x000000,0x010101,0x010101,0x010101,0x010101,0x010101,0x010101,0x010101,0x010101,0x010101,0x010101,
0x010101,0x000000,0x010101,0x010101,0x000000,0x000000,0x000000,0x000000,0x010101,0x010101,0x010101,0x010101,
0x010101,0x010101,0x010101,0x010101,0x010101,0x010101,0x000000,0x010101,0x000000,0x000000,0x000000,0x000000,
0x000000,0x000000,0x000000,0x000000,0x010101,0x010101,0x000000,0x010101,0x010101,0x010101,0x000000,0x020202,
0x000000,0x212326,0x3D4447,0x363F42,0x373F42,0x373F42,0x373F42,0x384043,0x384043,0x384043,0x384043,0x394144,
0x384043,0x374143,0x354042,0x2A3235,0x242A2D,0x2C3234,0x353A3D,0x3F4346,0x44454A,0x35363A,0x131415,0x010101,
0x000000,0x000000,0x000000,0x000000,0x000000,0x000000,0x000000,0x010101,0x010101,0x010101,0x000000,0x000000,
0x010101,0x010101,0x010101,0x010101,0x000000,0x000000,0x000000,0x000000,0x000000,0x000000,0x010101,0x010101,
0x010101,0x010101,0x000000,0x000000,0x010101,0x010101,0x010101,0x010101,0x000000,0x000000,0x000000,0x010101,
0x000000,0x000000,0x000000,0x000000,0x000000,0x000000,0x000000,0x010101,0x010101,0x010101,0x010101,0x010101,
0x010101,0x000000,0x000000,0x000000,0x000000,0x000000,0x000000,0x000000,0x000000,0x000000,0x000000,0x000000,
0x010101,0x010101,0x010101,0x010101,0x010101,0x010101,0x000000,0x000000,0x000000,0x000000,0x000000,0x000000,
0x000000,0x000000,0x000000,0x000000,0x010101,0x000000,0x000000,0x000000,0x010101,0x010101,0x000000,0x010101,
0x000000,0x000000,0x000000,0x000000,0x000000,0x000000,0x010101,0x010101,0x000000,0x000000,0x000000,0x010101,
0x010101,0x010101,0x000000,0x010101,0x010101,0x010101,0x010101,0x010101,0x010101,0x010101,0x000000,0x000000,
0x000000,0x000000,0x000000,0x000000,0x000000,0x000000,0x000000,0x010101,0x010101,0x010101,0x010101,0x010101,
0x010101,0x010101,0x010101,0x010101,0x000000,0x000000,0x000000,0x000000,0x000000,0x000000,0x010101,0x010101,
0x010101,0x000000,0x000000,0x010101,0x010101,0x010101,0x010101,0x010101,0x010101,0x010101,0x000000,0x000000,
0x000000,0x000000,0x000000,0x000000,0x010101,0x010101,0x010101,0x010101,0x020102,0x0A0A0B,0x252829,0x3C4142,
0x3E4447,0x3C4346,0x3E4447,0x3E4547,0x3D4549,0x3C4447,0x33373B,0x1E1F23,0x070808,0x000000,0x000000,0x010101,
0x010101,0x000000,0x010101,0x010101,0x010101,0x010101,0x010101,0x010101,0x010101,0x010101,0x010101,0x010101,
0x000000,0x000000,0x000000,0x000000,0x000000,0x000000,0x010101,0x010101,0x010101,0x010101,0x010101,0x010101,
0x010101,0x010101,0x010101,0x010101,0x010101,0x000000,0x010101,0x010101,0x000000,0x000000,0x000000,0x000000,
0x010101,0x010101,0x010101,0x010101,0x010101,0x010101,0x010101,0x010101,0x010101,0x010101,0x010101,0x010101,
0x000000,0x000000,0x000000,0x000000,0x000000,0x000000,0x000000,0x000000,0x010101,0x010101,0x000000,0x010101,
0x010101,0x010101,0x000000,0x010201,0x000000,0x292B2E,0x3D4346,0x374042,0x384043,0x373F42,0x373F42,0x373F42,
0x374042,0x373F42,0x394144,0x394144,0x394144,0x384345,0x364143,0x373F42,0x3C4345,0x3C4245,0x34383B,0x212528,
0x0E0F11,0x000001,0x000000,0x010100,0x000000,0x000000,0x000000,0x000000,0x000000,0x000000,0x000000,0x010101,
0x010101,0x010101,0x010101,0x010101,0x010101,0x010101,0x010101,0x010101,0x000000,0x000000,0x000000,0x000000,
0x000000,0x000000,0x010101,0x010101,0x010101,0x010101,0x010101,0x010101,0x010101,0x010101,0x010101,0x010101,
0x000000,0x000000,0x000000,0x010101,0x000000,0x000000,0x000000,0x000000,0x000000,0x000000,0x010101,0x010101,
0x010101,0x010101,0x010101,0x010101,0x010101,0x000000,0x000000,0x000000,0x000000,0x000000,0x000000,0x000000,
0x000000,0x000000,0x000000,0x000000,0x010101,0x010101,0x010101,0x010101,0x010101,0x010101,0x000000,0x000000,
0x000000,0x000000,0x000000,0x000000,0x000000,0x000000,0x000000,0x000000,0x010101,0x000000,0x010101,0x010101,
0x000000,0x000000,0x000000,0x000000,0x000000,0x000000,0x000000,0x000000,0x000000,0x000000,0x000000,0x000000,
0x000000,0x000000,0x010101,0x010101,0x000000,0x000000,0x010101,0x010101,0x000000,0x010101,0x010101,0x010101,
0x000000,0x000000,0x010101,0x010101,0x000000,0x000000,0x000000,0x000000,0x000000,0x000000,0x000000,0x000000,
0x000000,0x000000,0x010101,0x010101,0x000000,0x000000,0x010101,0x010101,0x000000,0x000000,0x010101,0x010101,
0x000000,0x000000,0x000000,0x010101,0x000000,0x000000,0x010101,0x010101,0x000000,0x000000,0x010101,0x010101,
0x000000,0x000000,0x000000,0x000000,0x000000,0x000000,0x010101,0x010101,0x000000,0x010101,0x000000,0x010101,
0x010001,0x000000,0x000000,0x0E0E0E,0x2B2F31,0x3E4447,0x3C4547,0x364143,0x363F42,0x353D40,0x343C3F,0x383E41,
0x33383B,0x212427,0x0C0C0E,0x000000,0x000000,0x010000,0x020202,0x010201,0x020100,0x010100,0x000000,0x000002,
0x010101,0x010101,0x010101,0x010101,0x000000,0x000000,0x000000,0x000000,0x000000,0x010101,0x000000,0x010101,
0x000000,0x010101,0x010101,0x010101,0x000000,0x000000,0x010101,0x010101,0x000000,0x000000,0x000000,0x000000,
0x000000,0x000000,0x010101,0x010101,0x000000,0x010101,0x010101,0x010101,0x000000,0x010101,0x010101,0x010101,
0x010101,0x010101,0x010101,0x010101,0x000000,0x000000,0x010101,0x010101,0x000000,0x000000,0x000000,0x000000,
0x010101,0x010101,0x010101,0x010101,0x010101,0x010101,0x010101,0x010000,0x000000,0x2B3132,0x3B4446,0x373F42,
0x384043,0x384043,0x384043,0x384043,0x384042,0x374042,0x384142,0x384142,0x394143,0x394144,0x3D4448,0x3C4246,
0x2F3435,0x191B1C,0x060607,0x000000,0x000000,0x010101,0x010202,0x010101,0x000000,0x000000,0x000000,0x000000,
0x000000,0x010101,0x010101,0x010101,0x000000,0x000000,0x010101,0x010101,0x000000,0x000000,0x000000,0x000000,
0x000000,0x000000,0x000000,0x000000,0x000000,0x000000,0x010101,0x010101,0x000000,0x010101,0x010101,0x010101,
0x010101,0x010101,0x010101,0x010101,0x000000,0x000000,0x010101,0x010101,0x000000,0x000000,0x010101,0x010101,
0x000000,0x010101,0x010101,0x010101,0x000000,0x000000,0x010101,0x010101,0x010101,0x010101,0x000000,0x000000,
0x000000,0x000000,0x000000,0x000000,0x000000,0x010101,0x010101,0x010101,0x000000,0x000000,0x000000,0x000000,
0x000000,0x000000,0x010101,0x010101,0x000000,0x000000,0x010101,0x000000,0x000000,0x000000,0x010101,0x010101,
0x010101,0x000000,0x010101,0x010101,0x000000,0x000000,0x000000,0x000000,0x000000,0x000000,0x000000,0x000000,
0x000000,0x000000,0x000000,0x000000,0x000000,0x000000,0x010101,0x010101,0x010101,0x010101,0x010101,0x010101,
0x000000,0x010101,0x010101,0x010101,0x000000,0x000000,0x010101,0x010101,0x000000,0x000000,0x000000,0x000000,
0x010101,0x010101,0x010101,0x010101,0x010101,0x010101,0x010101,0x010101,0x010101,0x010101,0x010101,0x010101,
0x000000,0x000000,0x010101,0x010101,0x000000,0x000000,0x000000,0x010101,0x010101,0x010101,0x010101,0x010101,
0x010101,0x010101,0x010101,0x010101,0x000000,0x000000,0x000000,0x000000,0x000000,0x000000,0x010101,0x010101,
0x000000,0x010101,0x000000,0x010101,0x010101,0x010101,0x020202,0x000000,0x000001,0x131517,0x303337,0x3D4345,
0x394144,0x343E3F,0x333D3F,0x333D3F,0x343D40,0x373F41,0x363D3F,0x2A2F30,0x141817,0x030504,0x000000,0x000000,
0x010101,0x020202,0x010101,0x010102,0x010101,0x010101,0x010101,0x010101,0x000000,0x000000,0x000000,0x000000,
0x000101,0x010101,0x000000,0x010101,0x000000,0x010101,0x010101,0x010101,0x010101,0x010101,0x000000,0x000000,
0x000000,0x000000,0x000000,0x000000,0x000000,0x000000,0x010101,0x010101,0x000000,0x010101,0x010101,0x010101,
0x000000,0x010101,0x010101,0x010101,0x010101,0x010101,0x000000,0x000000,0x000000,0x000000,0x010101,0x010101,
0x000000,0x000000,0x010101,0x010101,0x010101,0x010101,0x010101,0x010101,0x010101,0x010101,0x010101,0x000000,
0x000000,0x2E3435,0x3A4346,0x373F42,0x384043,0x384043,0x384043,0x384043,0x3A3F42,0x384042,0x384243,0x364242,
0x3A4448,0x3E4448,0x2E3133,0x131416,0x000203,0x000000,0x000001,0x020103,0x020202,0x010101,0x010101,0x010101,
0x010101,0x010101,0x010101,0x010101,0x010101,0x010101,0x010101,0x010101,0x010101,0x010101,0x010101,0x010101,
0x000000,0x000000,0x000000,0x000000,0x000000,0x000000,0x000000,0x000000,0x000000,0x010101,0x010101,0x010101,
0x000000,0x010101,0x010101,0x010101,0x010101,0x010101,0x000000,0x000000,0x000000,0x000000,0x000000,0x000000,
0x000000,0x000000,0x010101,0x010101,0x010101,0x010101,0x010101,0x010101,0x010101,0x010101,0x010101,0x010101,
0x010101,0x010101,0x000000,0x000000,0x000000,0x000000,0x000000,0x000000,0x000000,0x010101,0x010101,0x010101,
0x010101,0x010101,0x010101,0x010101,0x010101,0x010101,0x010101,0x010101,0x000000,0x000000,0x010101,0x000000,
0x000000,0x000000,0x010101,0x010101,0x010101,0x000000,0x000000,0x000000,0x010101,0x000000,0x000000,0x000000,
0x000000,0x000000,0x000000,0x000000,0x000000,0x000000,0x010101,0x010101,0x010101,0x010101,0x010101,0x010101,
0x010101,0x010101,0x000000,0x000000,0x010101,0x010101,0x000000,0x010101,0x010101,0x010101,0x010101,0x010101,
0x010101,0x000000,0x000000,0x010101,0x010101,0x010101,0x010101,0x010101,0x010101,0x010101,0x000000,0x000000,
0x010101,0x010101,0x010101,0x010101,0x000000,0x000000,0x010101,0x010101,0x000000,0x000000,0x000000,0x000000,
0x000000,0x000000,0x010101,0x000000,0x010101,0x000000,0x010101,0x010101,0x000000,0x000000,0x000000,0x000000,
0x010101,0x010101,0x000000,0x010101,0x010101,0x010101,0x010101,0x010101,0x010101,0x010101,0x010101,0x010102,
0x010101,0x000000,0x010002,0x151618,0x2D3232,0x383E40,0x363E41,0x343D3F,0x333E3F,0x343F40,0x374042,0x3B4546,
0x3B4646,0x323B3B,0x1F2426,0x0B0E10,0x000103,0x000000,0x000000,0x020101,0x020202,0x000101,0x010101,0x010101,
0x010101,0x010101,0x010101,0x010101,0x010101,0x010101,0x010101,0x010101,0x010101,0x000000,0x010101,0x010101,
0x010101,0x010101,0x010101,0x010101,0x010101,0x010101,0x010101,0x010101,0x010101,0x010101,0x010101,0x010101,
0x010101,0x010101,0x010101,0x010101,0x010101,0x010101,0x000000,0x000000,0x010101,0x010101,0x000000,0x000000,
0x010101,0x010101,0x000000,0x000000,0x010101,0x010101,0x010101,0x010101,0x010101,0x010101,0x010101,0x010101,
0x010101,0x010101,0x010101,0x010101,0x000101,0x2F3436,0x3A4346,0x374042,0x384043,0x384043,0x384043,0x384043,
0x384142,0x374142,0x353F40,0x3A4345,0x32383B,0x141719,0x000000,0x000000,0x010101,0x020202,0x000000,0x000000,
0x000000,0x000000,0x000000,0x010101,0x010101,0x010101,0x010101,0x010101,0x010101,0x010101,0x010101,0x010101,
0x010101,0x010101,0x010101,0x010101,0x000000,0x000000,0x000000,0x000000,0x010101,0x010101,0x010101,0x010101,
0x010101,0x010101,0x010101,0x010101,0x010101,0x010101,0x000000,0x010101,0x010101,0x000000,0x000000,0x010101,
0x000000,0x000000,0x000000,0x010101,0x010101,0x010101,0x010101,0x010101,0x010101,0x010101,0x010101,0x010101,
0x010101,0x000000,0x010101,0x010101,0x010101,0x000000,0x000000,0x000000,0x000000,0x000000,0x000000,0x010101,
0x010101,0x010101,0x010101,0x010101,0x010101,0x010101,0x000000,0x010101,0x010101,0x010101,0x010101,0x000000,
0x010101,0x000000,0x000000,0x000000,0x010101,0x010101,0x000000,0x000000,0x010101,0x000000,0x000000,0x000000,
0x010101,0x000000,0x010101,0x010101,0x000000,0x000000,0x000000,0x000000,0x000000,0x000000,0x010101,0x010101,
0x010101,0x010101,0x010101,0x010101,0x010101,0x010101,0x010101,0x010101,0x010101,0x010101,0x000000,0x010101,
0x010101,0x010101,0x010101,0x010101,0x010101,0x000000,0x000000,0x010101,0x010101,0x010101,0x010101,0x010101,
0x010101,0x010101,0x010101,0x010101,0x010101,0x010101,0x010101,0x010101,0x000000,0x000000,0x010101,0x010101,
0x010101,0x010101,0x010101,0x010101,0x010101,0x010101,0x010101,0x010101,0x010101,0x000000,0x010101,0x010101,
0x000000,0x000000,0x000000,0x000000,0x010101,0x010101,0x000000,0x010101,0x010101,0x010101,0x010101,0x010101,
0x010101,0x010101,0x010101,0x010101,0x000200,0x010101,0x010101,0x000000,0x010101,0x141516,0x2C2F33,0x393E42,
0x394145,0x364042,0x374142,0x384243,0x394244,0x3A4446,0x3C4647,0x384143,0x2B3134,0x1A1C1F,0x0A0A0B,0x000000,
0x000000,0x000000,0x010101,0x020202,0x020202,0x010101,0x010101,0x010101,0x010101,0x010101,0x010101,0x010101,
0x010101,0x010101,0x010101,0x010101,0x010101,0x010101,0x010101,0x010101,0x010101,0x010101,0x010101,0x010101,
0x010101,0x010101,0x010101,0x010101,0x010101,0x010101,0x010101,0x010101,0x010101,0x010101,0x010101,0x010101,
0x010101,0x010101,0x000000,0x000000,0x010101,0x010101,0x010101,0x010101,0x010101,0x010101,0x010101,0x010101,
0x010101,0x010101,0x010101,0x020202,0x020202,0x010101,0x010100,0x010101,0x000000,0x2D3234,0x3A4346,0x374042,
0x384043,0x384043,0x384043,0x384043,0x364242,0x364041,0x3A4143,0x232729,0x040504,0x000000,0x010101,0x020102,
0x010000,0x010000,0x000000,0x000000,0x000000,0x000000,0x000000,0x010101,0x010101,0x010101,0x010101,0x010101,
0x010101,0x010101,0x010101,0x010101,0x010101,0x010101,0x010101,0x010101,0x000000,0x000000,0x000000,0x000000,
0x010101,0x010101,0x010101,0x010101,0x010101,0x010101,0x010101,0x010101,0x010101,0x010101,0x000000,0x010101,
0x010101,0x000000,0x000000,0x010101,0x000000,0x000000,0x000000,0x010101,0x010101,0x010101,0x010101,0x010101,
0x010101,0x010101,0x010101,0x010101,0x010101,0x000000,0x010101,0x010101,0x010101,0x000000,0x000000,0x000000,
0x000000,0x000000,0x000000,0x010101,0x010101,0x010101,0x010101,0x010101,0x010101,0x010101,0x000000,0x010101,
0x010101,0x010101,0x010101,0x000000,0x010101,0x000000,0x000000,0x000000,0x010101,0x010101,0x010101,0x010101,
0x010101,0x000000,0x010101,0x010101,0x000000,0x000000,0x010101,0x010101,0x000000,0x000000,0x000000,0x000000,
0x000000,0x000000,0x010101,0x010101,0x000000,0x010101,0x010101,0x010101,0x010101,0x010101,0x010101,0x010101,
0x000000,0x000000,0x000000,0x000000,0x000000,0x000000,0x010101,0x010101,0x000000,0x000000,0x010101,0x010101,
0x010101,0x010101,0x010101,0x010101,0x010101,0x010101,0x010101,0x010101,0x000000,0x000000,0x000000,0x000000,
0x000000,0x000000,0x010101,0x010101,0x000000,0x010101,0x010101,0x010101,0x010101,0x010101,0x010101,0x010101,
0x000000,0x000000,0x010101,0x010101,0x000000,0x000000,0x010101,0x010101,0x000000,0x000000,0x010101,0x010101,
0x000000,0x010101,0x010101,0x010101,0x010101,0x010101,0x010101,0x010101,0x010101,0x010101,0x010101,0x010101,
0x000000,0x000000,0x020202,0x141415,0x2A2E30,0x3B4144,0x3C4648,0x394346,0x384045,0x373F45,0x364043,0x364042,
0x384043,0x394043,0x373B40,0x2A2D31,0x1B1C1D,0x0B0B0C,0x010102,0x000000,0x000000,0x000000,0x020101,0x020101,
0x010202,0x010202,0x010201,0x010101,0x010101,0x010101,0x010101,0x010101,0x000000,0x000000,0x010101,0x010101,
0x000000,0x000000,0x010101,0x010101,0x000000,0x010101,0x010101,0x010101,0x010101,0x010101,0x010101,0x010101,
0x010101,0x010101,0x010101,0x010101,0x000000,0x000000,0x000000,0x000000,0x000000,0x010101,0x000000,0x010101,
0x010101,0x010201,0x010201,0x010202,0x020202,0x020102,0x010001,0x000000,0x000000,0x000002,0x030303,0x010101,
0x000000,0x2B2E31,0x3D4247,0x373F42,0x384043,0x384043,0x394144,0x384144,0x374143,0x3C4346,0x1C1F1F,0x000000,
0x010000,0x020202,0x010101,0x010101,0x010101,0x010101,0x010101,0x010101,0x000000,0x010101,0x010101,0x010101,
0x010101,0x010101,0x010101,0x010101,0x010101,0x010101,0x010101,0x010101,0x010101,0x010101,0x010101,0x010101,
0x000000,0x000000,0x010101,0x010101,0x000000,0x010101,0x010101,0x010101,0x010101,0x010101,0x010101,0x010101,
0x010101,0x010101,0x010101,0x010101,0x000000,0x000000,0x010101,0x010101,0x000000,0x000000,0x010101,0x010101,
0x010101,0x010101,0x010101,0x010101,0x010101,0x010101,0x010101,0x010101,0x010101,0x010101,0x010101,0x010101,
0x000000,0x000000,0x010101,0x010101,0x010101,0x010101,0x010101,0x010101,0x010101,0x010101,0x010101,0x010101,
0x000000,0x010101,0x010101,0x010101,0x000000,0x000000,0x000000,0x000000,0x000000,0x000000,0x010101,0x010101,
0x010101,0x010101,0x010101,0x010101,0x010101,0x000000,0x000000,0x000000,0x000000,0x000000,0x010101,0x010101,
0x000000,0x010101,0x000000,0x000000,0x010101,0x010101,0x000000,0x000000,0x000000,0x010101,0x000000,0x000000,
0x010101,0x010101,0x000000,0x000000,0x000000,0x000000,0x000000,0x000000,0x000000,0x000000,0x000000,0x000000,
0x000000,0x000000,0x000000,0x000000,0x010101,0x010101,0x010101,0x010101,0x010101,0x010101,0x000000,0x000000,
0x000000,0x000000,0x000000,0x000000,0x000000,0x000000,0x000000,0x000000,0x000000,0x010101,0x010101,0x010101,
0x010101,0x010101,0x000000,0x000000,0x000000,0x000000,0x000000,0x000000,0x000000,0x000000,0x010101,0x010101,
0x000000,0x000000,0x010101,0x010101,0x000000,0x010101,0x000000,0x000000,0x010101,0x010101,0x000000,0x000000,
0x010101,0x010101,0x010101,0x000000,0x000000,0x020202,0x010100,0x000000,0x000000,0x0E0F10,0x25282B,0x373C3F,
0x3B4446,0x394344,0x364143,0x343F41,0x343E40,0x343D3F,0x353E41,0x384043,0x3B4145,0x373D41,0x2D3336,0x1F2427,
0x121416,0x07090A,0x000002,0x000000,0x000000,0x000000,0x000000,0x020101,0x020202,0x010101,0x020202,0x020202,
0x010101,0x010101,0x010101,0x010101,0x000000,0x000000,0x010101,0x010101,0x000000,0x010101,0x010101,0x010101,
0x010101,0x010101,0x010101,0x010101,0x010101,0x010101,0x010101,0x010101,0x000000,0x000000,0x000000,0x000000,
0x000000,0x020202,0x010101,0x020202,0x020202,0x010000,0x000000,0x000000,0x000000,0x000000,0x040407,0x0F0F12,
0x1C1E20,0x2F3133,0x171719,0x000000,0x000000,0x27292C,0x3E4347,0x373F42,0x384043,0x384043,0x394144,0x3A4245,
0x3D4447,0x191D1E,0x000000,0x010202,0x010101,0x010101,0x010101,0x010101,0x010101,0x010101,0x010101,0x010101,
0x000000,0x010101,0x010101,0x010101,0x010101,0x010101,0x010101,0x010101,0x010101,0x010101,0x010101,0x010101,
0x010101,0x010101,0x010101,0x010101,0x000000,0x000000,0x010101,0x010101,0x000000,0x010101,0x000000,0x000000,
0x010101,0x010101,0x000000,0x000000,0x010101,0x010101,0x000000,0x000000,0x000000,0x000000,0x000000,0x000000,
0x000000,0x000000,0x010101,0x010101,0x010101,0x010101,0x010101,0x010101,0x010101,0x010101,0x010101,0x010101,
0x010101,0x010101,0x000000,0x000000,0x000000,0x000000,0x010101,0x010101,0x010101,0x010101,0x010101,0x010101,
0x010101,0x010101,0x010101,0x010101,0x000000,0x010101,0x000000,0x000000,0x000000,0x000000,0x000000,0x000000,
0x000000,0x000000,0x010101,0x010101,0x010101,0x010101,0x000000,0x000000,0x000000,0x000000,0x010101,0x010101,
0x000000,0x000000,0x010101,0x010101,0x000000,0x000000,0x000000,0x000000,0x010101,0x010101,0x000000,0x010101,
0x010101,0x010101,0x000000,0x010101,0x010101,0x010101,0x010101,0x010101,0x000000,0x000000,0x000000,0x000000,
0x010101,0x000000,0x010101,0x010101,0x010101,0x000000,0x010101,0x010101,0x010101,0x000000,0x000000,0x010101,
0x010101,0x010101,0x000000,0x000000,0x000000,0x000000,0x000000,0x010101,0x010101,0x000000,0x010101,0x010101,
0x010101,0x010101,0x010101,0x010101,0x010101,0x010101,0x010101,0x010101,0x000000,0x000000,0x000000,0x000000,
0x000000,0x000000,0x010101,0x010101,0x010101,0x000000,0x010101,0x010101,0x010101,0x010101,0x010101,0x010101,
0x010101,0x010101,0x010101,0x010101,0x010101,0x010101,0x010101,0x010101,0x010101,0x010101,0x000000,0x020202,
0x020101,0x000000,0x000000,0x070709,0x181D1C,0x2C3333,0x384042,0x3A4245,0x394043,0x353E40,0x353F41,0x353F41,
0x343E41,0x353F42,0x374144,0x3A4447,0x3A4243,0x353B3E,0x2C3134,0x212427,0x161718,0x0B0C0C,0x030505,0x000000,
0x000000,0x000000,0x000000,0x000000,0x000000,0x000000,0x010100,0x010101,0x020202,0x020202,0x020202,0x020202,
0x020202,0x020202,0x020202,0x020202,0x020202,0x020202,0x020202,0x020202,0x020202,0x020202,0x010101,0x010101,
0x010101,0x010101,0x000000,0x000000,0x000000,0x000000,0x000000,0x000000,0x000000,0x020304,0x090A0B,0x131415,
0x1D2123,0x292E30,0x35393D,0x3C4044,0x393F44,0x3B4043,0x1E2020,0x000000,0x000000,0x1E2023,0x3E4347,0x373F42,
0x394144,0x394144,0x394144,0x40474A,0x222626,0x000000,0x010203,0x010101,0x010101,0x010101,0x000000,0x000000,
0x000000,0x000000,0x010101,0x010101,0x010101,0x010101,0x000000,0x010101,0x010101,0x010101,0x010101,0x010101,
0x010101,0x010101,0x010101,0x010101,0x010101,0x010101,0x000000,0x000000,0x010101,0x010101,0x010101,0x010101,
0x010101,0x000000,0x000000,0x010101,0x010101,0x000000,0x000000,0x010101,0x010101,0x010101,0x000000,0x000000,
0x000000,0x000000,0x000000,0x000000,0x010101,0x010101,0x000000,0x010101,0x010101,0x000000,0x010101,0x010101,
0x010101,0x010101,0x010101,0x010101,0x010101,0x010101,0x000000,0x000000,0x010101,0x000000,0x010101,0x010101,
0x010101,0x010101,0x010101,0x010101,0x010101,0x010101,0x010101,0x010101,0x010101,0x000000,0x000000,0x000000,
0x000000,0x000000,0x000000,0x000000,0x010101,0x000000,0x010101,0x010101,0x010101,0x010101,0x010101,0x010101,
0x000000,0x000000,0x010101,0x010101,0x000000,0x000000,0x010101,0x010101,0x000000,0x000000,0x000000,0x000000,
0x010101,0x010101,0x000000,0x010101,0x000000,0x000000,0x000000,0x010101,0x000000,0x000000,0x010101,0x010101,
0x000000,0x000000,0x000000,0x000000,0x010101,0x000000,0x010101,0x010101,0x010101,0x000000,0x010101,0x010101,
0x010101,0x000000,0x000000,0x010101,0x010101,0x000000,0x000000,0x000000,0x000000,0x000000,0x000000,0x010101,
0x010101,0x000000,0x000000,0x000000,0x000000,0x000000,0x010101,0x010101,0x000000,0x000000,0x010101,0x010101,
0x000000,0x000000,0x000000,0x000000,0x000000,0x000000,0x010101,0x010101,0x010101,0x000000,0x010101,0x010101,
0x000000,0x000000,0x000000,0x000000,0x000000,0x000000,0x010101,0x010101,0x010101,0x010101,0x010101,0x010101,
0x010101,0x010101,0x000000,0x010101,0x010100,0x010201,0x020202,0x000000,0x000000,0x000000,0x0C0E10,0x212227,
0x323539,0x3A3E42,0x3C4246,0x394144,0x374042,0x374042,0x363F41,0x374043,0x364142,0x374142,0x3A4245,0x3A4245,
0x3B4144,0x383D41,0x31373A,0x2A2E31,0x232427,0x18191B,0x101214,0x090B0D,0x040505,0x010101,0x000000,0x000000,
0x000000,0x000000,0x000000,0x000000,0x000000,0x000000,0x000000,0x000000,0x000000,0x000000,0x000000,0x000000,
0x000000,0x000000,0x000000,0x000000,0x000000,0x000000,0x000000,0x030304,0x070909,0x0D100F,0x161818,0x202323,
0x282D30,0x313639,0x373C40,0x3D4145,0x3C4547,0x3B4547,0x3A4345,0x384044,0x333C41,0x363D40,0x252828,0x000000,
0x000000,0x17191B,0x3E4347,0x373F42,0x384043,0x383F42,0x3C4447,0x2E3538,0x010202,0x020202,0x010101,0x010102,
0x010101,0x010101,0x010101,0x010101,0x000000,0x000000,0x010101,0x010101,0x010101,0x010101,0x000000,0x010101,
0x010101,0x010101,0x000000,0x010101,0x000000,0x000000,0x000000,0x000000,0x010101,0x010101,0x010101,0x010101,
0x010101,0x010101,0x010101,0x010101,0x010101,0x000000,0x000000,0x010101,0x010101,0x000000,0x000000,0x010101,
0x000000,0x000000,0x000000,0x000000,0x000000,0x000000,0x000000,0x000000,0x010101,0x010101,0x000000,0x010101,
0x010101,0x000000,0x000000,0x000000,0x000000,0x000000,0x000000,0x000000,0x010101,0x010101,0x000000,0x000000,
0x010101,0x000000,0x010101,0x010101,0x010101,0x010101,0x000000,0x000000,0x010101,0x010101,0x000000,0x000000,
0x010101,0x000000,0x010101,0x010101,0x000000,0x000000,0x000000,0x000000,0x010101,0x000000,0x010101,0x010101,
0x010101,0x010101,0x010101,0x010101,0x010101,0x000000,0x010101,0x010101,0x000000,0x000000,0x010101,0x010101,
0x000000,0x000000,0x010101,0x010101,0x000000,0x000000,0x010101,0x010101,0x000000,0x000000,0x010101,0x010101,
0x000000,0x000000,0x000000,0x000000,0x000000,0x000000,0x000000,0x000000,0x000000,0x000000,0x010101,0x010101,
0x010101,0x010101,0x010101,0x010101,0x010101,0x010101,0x000000,0x000000,0x000000,0x000000,0x000000,0x000000,
0x000000,0x000000,0x000000,0x000000,0x010101,0x010101,0x010101,0x010101,0x000000,0x010101,0x010101,0x010101,
0x000000,0x000000,0x000000,0x000000,0x000000,0x000000,0x000000,0x000000,0x000000,0x000000,0x000000,0x010101,
0x000000,0x000000,0x010101,0x010101,0x000000,0x000000,0x000000,0x000000,0x000000,0x000000,0x000000,0x000000,
0x000000,0x000000,0x000000,0x000000,0x000000,0x010101,0x010101,0x010101,0x010101,0x010101,0x010101,0x010101,
0x010101,0x000000,0x000000,0x000000,0x040406,0x111214,0x222426,0x323638,0x3A4043,0x3D4447,0x3A4245,0x3A4244,
0x364041,0x364041,0x353F41,0x343E40,0x333E3F,0x343E40,0x363E41,0x393F44,0x394144,0x3A4144,0x383F42,0x353D40,
0x323639,0x2E3235,0x292E30,0x23272A,0x1F2223,0x1B1D1F,0x17191B,0x16181A,0x131618,0x0F1315,0x0F1214,0x0F1114,
0x0F1113,0x0F1113,0x0F1114,0x111315,0x131618,0x16181A,0x191C1C,0x1E2121,0x222629,0x272C30,0x2C3135,0x32373A,
0x373C40,0x384043,0x3A4345,0x3A4446,0x3A4345,0x384043,0x383F43,0x373D41,0x353D42,0x363E41,0x373F42,0x393F43,
0x384043,0x3C4245,0x363939,0x030403,0x000000,0x0D1110,0x3B4243,0x384143,0x374044,0x373F42,0x3A3F42,0x0C0F11,
0x000000,0x020202,0x000000,0x000000,0x000000,0x000000,0x000000,0x000000,0x000000,0x000000,0x010101,0x010101,
0x010101,0x010101,0x010101,0x010101,0x010101,0x010101,0x010101,0x010101,0x000000,0x000000,0x010101,0x010101,
0x010101,0x010101,0x000000,0x000000,0x000000,0x000000,0x010101,0x010101,0x010101,0x010101,0x010101,0x010101,
0x010101,0x010101,0x010101,0x010101,0x000000,0x000000,0x000000,0x000000,0x000000,0x000000,0x010101,0x010101,
0x000000,0x000000,0x010101,0x010101,0x010101,0x010101,0x010101,0x010101,0x000000,0x000000,0x000000,0x000000,
0x000000,0x000000,0x000000,0x000000,0x000000,0x000000,0x010101,0x010101,0x000000,0x010101,0x010101,0x010101,
0x010101,0x010101,0x000000,0x000000,0x000000,0x000000,0x000000,0x000000,0x000000,0x000000,0x000000,0x000000,
0x000000,0x000000,0x010101,0x010101,0x010101,0x010101,0x010101,0x010101,0x010101,0x000000,0x010101,0x010101,
0x000000,0x000000,0x010101,0x010101,0x000000,0x000000,0x010101,0x010101,0x000000,0x000000,0x010101,0x010101,
0x000000,0x000000,0x010101,0x010101,0x000000,0x000000,0x000000,0x000000,0x000000,0x000000,0x000000,0x000000,
0x000000,0x000000,0x010101,0x010101,0x010101,0x010101,0x000000,0x000000,0x010101,0x010101,0x000000,0x000000,
0x000000,0x000000,0x000000,0x000000,0x000000,0x000000,0x000000,0x000000,0x010101,0x010101,0x000000,0x000000,
0x000000,0x010101,0x000000,0x000000,0x000000,0x000000,0x000000,0x000000,0x000000,0x000000,0x000000,0x000000,
0x000000,0x000000,0x000000,0x010101,0x010101,0x010101,0x000000,0x000000,0x000000,0x000000,0x000000,0x000000,
0x000000,0x000000,0x000000,0x000000,0x000000,0x000000,0x000000,0x000000,0x000000,0x010101,0x010101,0x010101,
0x010101,0x010101,0x010101,0x010101,0x010101,0x010101,0x010101,0x010101,0x000002,0x000000,0x000000,0x020304,
0x0C0E11,0x1D1F21,0x2D3033,0x363B3D,0x384143,0x3A4446,0x384145,0x353E43,0x333E3F,0x323D3E,0x323C3E,0x333C3F,
0x343C3F,0x353D40,0x343D40,0x363E41,0x374042,0x384142,0x384143,0x394243,0x3A4144,0x3A4143,0x3A4144,0x394043,
0x3A3F43,0x3A3F43,0x393E43,0x393E43,0x383F43,0x383F43,0x383F43,0x394044,0x393F44,0x3B4145,0x3A4144,0x3B4145,
0x3A4144,0x3A4144,0x3A4144,0x394043,0x383F43,0x363E41,0x353F41,0x353F41,0x353F41,0x343E40,0x353D40,0x353D40,
0x364042,0x394245,0x3C4446,0x3D4446,0x393E41,0x303435,0x1F2121,0x030403,0x000000,0x040606,0x353B3C,0x394245,
0x343F42,0x394245,0x25272A,0x000000,0x020202,0x010101,0x000000,0x000000,0x000000,0x000000,0x000000,0x000000,
0x000000,0x000000,0x010101,0x010101,0x010101,0x010101,0x010101,0x010101,0x010101,0x010101,0x000000,0x000000,
0x000000,0x000000,0x010101,0x010101,0x010101,0x010101,0x000000,0x000000,0x000000,0x000000,0x000000,0x000000,
0x000000,0x000000,0x000000,0x000000,0x010101,0x010101,0x010101,0x010101,0x000000,0x000000,0x000000,0x000000,
0x000000,0x000000,0x000000,0x000000,0x000000,0x000000,0x000000,0x000000,0x010101,0x010101,0x000000,0x000000,
0x000000,0x000000,0x000000,0x000000,0x000000,0x000000,0x000000,0x000000,0x000000,0x000000,0x010101,0x010101,
0x000000,0x010101,0x000000,0x000000,0x010101,0x010101,0x000000,0x000000,0x000000,0x000000,0x000000,0x000000,
0x000000,0x000000,0x000000,0x000000,0x000000,0x000000,0x010101,0x010101,0x010101,0x010101,0x010101,0x010101,
0x010101,0x000000,0x000000,0x000000,0x000000,0x000000,0x000000,0x000000,0x000000,0x000000,0x010101,0x010101,
0x000000,0x000000,0x010101,0x010101,0x010101,0x010101,0x000000,0x000000,0x000000,0x000000,0x000000,0x000000,
0x000000,0x000000,0x000000,0x010101,0x010101,0x010101,0x010101,0x010101,0x010101,0x000000,0x010101,0x010101,
0x000000,0x000000,0x000000,0x000000,0x000000,0x000000,0x000000,0x000000,0x000000,0x000000,0x010101,0x010101,
0x010101,0x000000,0x000000,0x010101,0x000000,0x000000,0x010101,0x010101,0x000000,0x000000,0x000000,0x000000,
0x000000,0x000000,0x000000,0x000000,0x000000,0x010101,0x010101,0x000000,0x010101,0x010101,0x010101,0x010101,
0x000000,0x000000,0x000000,0x000000,0x000000,0x000000,0x000000,0x000000,0x000000,0x000000,0x000000,0x010101,
0x010101,0x010101,0x000000,0x010101,0x010101,0x010101,0x010101,0x010101,0x010101,0x010101,0x000000,0x000000,
0x000100,0x010101,0x010101,0x000000,0x000000,0x000000,0x000000,0x060708,0x101315,0x1D2224,0x292E32,0x34383C,
0x383D3E,0x3A4042,0x3A4144,0x383F42,0x363E41,0x363E41,0x353D40,0x343C3F,0x333E3F,0x333E3F,0x333D3E,0x333D3E,
0x343E40,0x343E40,0x353F41,0x323D3E,0x353D41,0x353C40,0x353C40,0x353C40,0x343E41,0x333D40,0x343E41,0x343D41,
0x333C41,0x333D40,0x333D40,0x343E3F,0x353D40,0x343D40,0x353D40,0x353E41,0x353F41,0x364042,0x373F42,0x373F42,
0x394244,0x3B4245,0x3B4144,0x393E41,0x32383B,0x2B3032,0x202424,0x131616,0x080909,0x000000,0x000000,0x010101,
0x010101,0x000000,0x2C3032,0x3C4447,0x354042,0x373E41,0x0C0D0F,0x000000,0x010101,0x000000,0x000000,0x000000,
0x000000,0x000000,0x000000,0x000000,0x010101,0x010101,0x000000,0x010101,0x010101,0x010101,0x010101,0x010101,
0x010101,0x010101,0x000000,0x000000,0x000000,0x000000,0x000000,0x000000,0x000000,0x000000,0x000000,0x000000,
0x010101,0x010101,0x000000,0x000000,0x010101,0x000000,0x000000,0x000000,0x000000,0x000000,0x000000,0x000000,
0x000000,0x000000,0x010101,0x010101,0x000000,0x000000,0x010101,0x010101,0x010101,0x010101,0x010101,0x010101,
0x010101,0x010101,0x000000,0x000000,0x000000,0x000000,0x000000,0x000000,0x000000,0x000000,0x000000,0x000000,
0x000000,0x000000,0x010101,0x010101,0x010101,0x010101,0x000000,0x000000,0x000000,0x000000,0x000000,0x000000,
0x000000,0x000000,0x000000,0x000000,0x000000,0x000000,0x000000,0x000000,0x010101,0x010101,0x000000,0x000000,
0x010101,0x010101,0x010101,0x010101,0x010101,0x000000,0x000000,0x000000,0x000000,0x000000,0x000000,0x000000,
0x000000,0x000000,0x010101,0x010101,0x000000,0x000000,0x010101,0x010101,0x010101,0x010101,0x000000,0x000000,
0x000000,0x000000,0x000000,0x000000,0x000000,0x000000,0x000000,0x010101,0x010101,0x010101,0x010101,0x010101,
0x010101,0x000000,0x010101,0x010101,0x000000,0x000000,0x000000,0x000000,0x000000,0x000000,0x000000,0x000000,
0x000000,0x000000,0x010101,0x010101,0x010101,0x000000,0x000000,0x010101,0x000000,0x000000,0x010101,0x010101,
0x000000,0x000000,0x000000,0x000000,0x000000,0x000000,0x000000,0x000000,0x010101,0x010101,0x010101,0x010101,
0x010101,0x010101,0x010101,0x010101,0x000000,0x000000,0x000000,0x000000,0x000000,0x000000,0x000000,0x000000,
0x000000,0x000000,0x000000,0x010101,0x010101,0x010101,0x000000,0x010101,0x010101,0x010101,0x010101,0x010101,
0x010101,0x010101,0x000000,0x000000,0x000100,0x000000,0x010001,0x020001,0x010100,0x020202,0x010201,0x000100,
0x000000,0x000000,0x000000,0x060506,0x0D0C0E,0x171719,0x212326,0x2B2E31,0x30373A,0x353C40,0x394043,0x3A4144,
0x3A4143,0x3A4043,0x394042,0x383F42,0x374042,0x373F41,0x363F41,0x374042,0x364041,0x343E40,0x353E40,0x353E40,
0x353E40,0x353E40,0x353E40,0x343D3F,0x353D40,0x353E40,0x363F40,0x384041,0x384043,0x394144,0x394244,0x3B4346,
0x3A4445,0x3A4345,0x383F42,0x33393C,0x2D3033,0x232528,0x181A1D,0x0F0F12,0x060608,0x000001,0x000000,0x000000,
0x000000,0x010101,0x020202,0x010102,0x020101,0x000000,0x1D2123,0x404549,0x3B4144,0x2D3234,0x010202,0x010101,
0x000000,0x000000,0x000000,0x000000,0x000000,0x000000,0x000000,0x000000,0x010101,0x010101,0x000000,0x010101,
0x010101,0x010101,0x010101,0x010101,0x010101,0x010101,0x000000,0x000000,0x000000,0x000000,0x000000,0x000000,
0x000000,0x000000,0x000000,0x000000,0x010101,0x010101,0x010101,0x010101,0x010101,0x000000,0x000000,0x000000,
0x000000,0x000000,0x000000,0x000000,0x000000,0x000000,0x010101,0x010101,0x000000,0x000000,0x010101,0x010101,
0x010101,0x010101,0x010101,0x010101,0x010101,0x010101,0x000000,0x000000,0x000000,0x000000,0x000000,0x000000,
0x000000,0x000000,0x000000,0x000000,0x000000,0x000000,0x010101,0x010101,0x010101,0x010101,0x000000,0x000000,
0x000000,0x000000,0x000000,0x000000,0x000000,0x000000,0x000000,0x000000,0x000000,0x000000,0x000000,0x000000,
0x010101,0x010101,0x000000,0x000000,0x010101,0x010101,0x010101,0x010101,0x010101,0x000000,0x000000,0x000000,
0x000000,0x000000,0x000000,0x000000,0x000000,0x000000,0x010101,0x010101,0x000000,0x000000,0x000000,0x000000,
0x000000,0x000000,0x000000,0x000000,0x000000,0x000000,0x000000,0x000000,0x000000,0x000000,0x000000,0x000000,
0x000000,0x000000,0x010101,0x010101,0x000000,0x000000,0x000000,0x000000,0x000000,0x000000,0x000000,0x000000,
0x000000,0x000000,0x000000,0x000000,0x000000,0x000000,0x010101,0x010101,0x000000,0x000000,0x000000,0x000000,
0x000000,0x000000,0x000000,0x000000,0x000000,0x000000,0x000000,0x000000,0x000000,0x000000,0x000000,0x000000,
0x010101,0x010101,0x010101,0x010101,0x000000,0x000000,0x000000,0x000000,0x000000,0x000000,0x000000,0x000000,
0x000000,0x000000,0x000000,0x000000,0x000000,0x000000,0x010101,0x010101,0x000000,0x000000,0x010101,0x010101,
0x000000,0x000000,0x000000,0x000000,0x000000,0x000000,0x000000,0x000000,0x000000,0x000000,0x000000,0x000000,
0x000000,0x010101,0x010101,0x010101,0x010101,0x020202,0x020101,0x000000,0x000000,0x000000,0x000000,0x000000,
0x040406,0x0A0A0C,0x101113,0x18191B,0x1C2022,0x232729,0x282C2E,0x2D3234,0x313537,0x33383A,0x363A3C,0x383C3E,
0x393E41,0x393E41,0x3A3F42,0x393E41,0x393D41,0x3A3E42,0x3A3E42,0x393D41,0x383C40,0x363A3E,0x34393C,0x323639,
0x2F3435,0x2A2F30,0x24292A,0x1F2424,0x1A1D1D,0x121414,0x0B0E0E,0x040606,0x000001,0x000000,0x000000,0x000000,
0x000000,0x010101,0x020202,0x020202,0x010101,0x010101,0x010101,0x010101,0x020101,0x000000,0x0B0D0E,0x394143,
0x41474A,0x212326,0x000000,0x010101,0x000000,0x000000,0x000000,0x000000,0x000000,0x000000,0x000000,0x000000,
0x000000,0x010101,0x010101,0x010101,0x000000,0x010101,0x010101,0x010101,0x010101,0x010101,0x000000,0x000000,
0x010101,0x010101,0x010101,0x010101,0x000000,0x000000,0x010101,0x010101,0x000000,0x000000,0x010101,0x010101,
0x000000,0x000000,0x000000,0x000000,0x000000,0x000000,0x000000,0x000000,0x000000,0x000000,0x000000,0x000000,
0x000000,0x000000,0x010101,0x010101,0x010101,0x010101,0x000000,0x000000,0x000000,0x000000,0x000000,0x000000,
0x000000,0x000000,0x000000,0x000000,0x000000,0x000000,0x000000,0x000000,0x010101,0x010101,0x010101,0x010101,
0x000000,0x000000,0x010101,0x000000,0x000000,0x000000,0x000000,0x000000,0x000000,0x000000,0x000000,0x000000,
0x000000,0x000000,0x000000,0x000000,0x000000,0x000000,0x010101,0x010101,0x000000,0x000000,0x010101,0x010101,
0x010101,0x000000,0x000000,0x000000,0x000000,0x000000,0x000000,0x000000,0x000000,0x000000,0x010101,0x010101,
0x000000,0x010101,0x000000,0x000000,0x000000,0x000000,0x000000,0x000000,0x000000,0x000000,0x000000,0x000000,
0x000000,0x000000,0x000000,0x000000,0x000000,0x000000,0x000000,0x000000,0x000000,0x000000,0x000000,0x000000,
0x000000,0x000000,0x000000,0x000000,0x000000,0x000000,0x000000,0x000000,0x000000,0x000000,0x000000,0x000000,
0x000000,0x000000,0x000000,0x000000,0x000000,0x000000,0x000000,0x000000,0x000000,0x000000,0x000000,0x000000,
0x000000,0x000000,0x000000,0x000000,0x010101,0x010101,0x000000,0x000000,0x000000,0x000000,0x000000,0x000000,
0x000000,0x000000,0x000000,0x000000,0x000000,0x000000,0x000000,0x000000,0x000000,0x000000,0x010101,0x010101,
0x000000,0x000000,0x000000,0x000000,0x000000,0x000000,0x000000,0x000000,0x000000,0x000000,0x000000,0x000000,
0x000000,0x000000,0x000000,0x000000,0x000000,0x010101,0x010101,0x010101,0x000000,0x010101,0x010101,0x010101,
0x000101,0x020202,0x010101,0x000100,0x000001,0x000001,0x000000,0x000000,0x000000,0x000000,0x000000,0x000100,
0x020302,0x040505,0x070707,0x090909,0x0B0C0D,0x0C0C0D,0x0D0E0F,0x0D0D0E,0x0D0D10,0x0D0D10,0x0C0D10,0x0C0C0F,
0x0A0A0B,0x070709,0x050607,0x020304,0x000102,0x000001,0x000000,0x000000,0x000000,0x000000,0x000000,0x000100,
0x010101,0x020202,0x010101,0x010100,0x010101,0x010101,0x010101,0x010101,0x000000,0x010101,0x010101,0x010101,
0x000000,0x020101,0x010202,0x2F3538,0x464D4F,0x141619,0x000000,0x010101,0x000000,0x000000,0x000000,0x000000,
0x000000,0x000000,0x000000,0x000000,0x000000,0x010101,0x010101,0x010101,0x000000,0x010101,0x010101,0x010101,
0x010101,0x010101,0x000000,0x000000,0x010101,0x010101,0x000000,0x000000,0x000000,0x000000,0x010101,0x010101,
0x000000,0x000000,0x010101,0x010101,0x000000,0x000000,0x000000,0x000000,0x000000,0x000000,0x000000,0x000000,
0x000000,0x000000,0x000000,0x000000,0x000000,0x000000,0x010101,0x010101,0x010101,0x010101,0x000000,0x000000,
0x000000,0x000000,0x000000,0x000000,0x000000,0x000000,0x000000,0x000000,0x000000,0x000000,0x000000,0x000000,
0x010101,0x010101,0x010101,0x010101,0x000000,0x000000,0x010101,0x000000,0x000000,0x000000,0x000000,0x000000,
0x000000,0x000000,0x000000,0x000000,0x000000,0x000000,0x000000,0x000000,0x000000,0x000000,0x010101,0x010101,
0x010101,0x010101,0x010101,0x010101,0x010101,0x000000,0x010101,0x010101,0x000000,0x000000,0x000000,0x000000,
0x000000,0x000000,0x000000,0x000000,0x000000,0x000000,0x010101,0x010101,0x000000,0x000000,0x000000,0x000000,
0x000000,0x000000,0x000000,0x000000,0x000000,0x000000,0x000000,0x000000,0x010101,0x000000,0x000000,0x000000,
0x000000,0x000000,0x000000,0x000000,0x000000,0x000000,0x000000,0x010101,0x000000,0x000000,0x000000,0x000000,
0x010101,0x010101,0x010101,0x010101,0x010101,0x010101,0x000000,0x000000,0x000000,0x000000,0x010101,0x010101,
0x000000,0x000000,0x010101,0x010101,0x000000,0x000000,0x000000,0x000000,0x010101,0x000000,0x000000,0x000000,
0x000000,0x000000,0x000000,0x000000,0x000000,0x000000,0x000000,0x000000,0x000000,0x000000,0x010101,0x010101,
0x010101,0x010101,0x010101,0x010101,0x010101,0x010101,0x000000,0x000000,0x000000,0x000000,0x010101,0x010101,
0x010101,0x010101,0x010101,0x010101,0x010101,0x010101,0x010101,0x010101,0x010101,0x010101,0x010101,0x010101,
0x010101,0x010101,0x010101,0x010101,0x000000,0x000000,0x000000,0x010101,0x010101,0x010102,0x020202,0x020202,
0x020201,0x020201,0x010000,0x010000,0x010100,0x010000,0x000000,0x000000,0x000000,0x000000,0x000000,0x000000,
0x000000,0x000000,0x000000,0x000000,0x000000,0x000000,0x000000,0x000000,0x000000,0x010001,0x020102,0x020102,
0x020202,0x020202,0x020102,0x010101,0x010101,0x010101,0x000000,0x000000,0x010101,0x010101,0x010101,0x010101,
0x000000,0x000000,0x000000,0x010101,0x010102,0x030201,0x000000,0x171B1D,0x454C4F,0x0E0F12,0x000000,0x010101,
0x000000,0x000000,0x000000,0x000000,0x000000,0x000000,0x000000,0x010101,0x010101,0x010101,0x010101,0x010101,
0x000000,0x000000,0x010101,0x010101,0x000000,0x000000,0x010101,0x010101,0x010101,0x010101,0x000000,0x010101,
0x010101,0x010101,0x000000,0x010101,0x010101,0x010101,0x010101,0x010101,0x000000,0x000000,0x000000,0x000000,
0x010101,0x010101,0x000000,0x010101,0x000000,0x000000,0x000000,0x010101,0x010101,0x010101,0x010101,0x010101,
0x010101,0x000000,0x000000,0x000000,0x000000,0x000000,0x000000,0x000000,0x000000,0x000000,0x000000,0x010101,
0x000000,0x000000,0x010101,0x010101,0x010101,0x000000,0x000000,0x000000,0x000000,0x000000,0x000000,0x000000,
0x000000,0x000000,0x000000,0x000000,0x000000,0x000000,0x010101,0x010101,0x010101,0x010101,0x000000,0x000000,
0x010101,0x000000,0x000000,0x000000,0x010101,0x010101,0x010101,0x010101,0x010101,0x000000,0x010101,0x010101,
0x000000,0x000000,0x000000,0x000000,0x000000,0x000000,0x000000,0x000000,0x000000,0x000000,0x010101,0x010101,
0x000000,0x000000,0x000000,0x000000,0x000000,0x000000,0x000000,0x000000,0x000000,0x000000,0x010101,0x010101,
0x010101,0x000000,0x000000,0x000000,0x000000,0x000000,0x000000,0x000000,0x000000,0x000000,0x000000,0x010101,
0x000000,0x000000,0x010101,0x010101,0x010101,0x010101,0x010101,0x010101,0x010101,0x010101,0x000000,0x000000,
0x000000,0x000000,0x010101,0x010101,0x000000,0x000000,0x010101,0x010101,0x000000,0x000000,0x010101,0x010101,
0x010101,0x000000,0x000000,0x000000,0x000000,0x000000,0x000000,0x000000,0x000000,0x000000,0x000000,0x000000,
0x000000,0x000000,0x010101,0x010101,0x010101,0x010101,0x010101,0x010101,0x010101,0x010101,0x000000,0x000000,
0x000000,0x000000,0x010101,0x010101,0x010101,0x010101,0x010101,0x010101,0x010101,0x010101,0x010101,0x010101,
0x010101,0x010101,0x010101,0x010101,0x010101,0x010101,0x010101,0x010101,0x000000,0x000000,0x000000,0x010101,
0x010101,0x010101,0x010101,0x010101,0x010102,0x010102,0x000101,0x010102,0x010102,0x010102,0x000001,0x010102,
0x010101,0x010101,0x010202,0x010202,0x010101,0x010101,0x010101,0x010201,0x010101,0x010101,0x010101,0x010101,
0x010101,0x010101,0x010101,0x010101,0x010101,0x010101,0x010101,0x010101,0x010101,0x010101,0x000000,0x000000,
0x000000,0x000000,0x010101,0x010101,0x000000,0x000000,0x000000,0x010101,0x010003,0x020101,0x010100,0x030405,
0x373D3F,0x101114,0x000000,0x010101,0x000000,0x000000,0x000000,0x000000,0x000000,0x000000,0x000000,0x010101,
0x010101,0x010101,0x010101,0x010101,0x010101,0x010101,0x010101,0x010101,0x000000,0x000000,0x010101,0x010101,
0x010101,0x010101,0x000000,0x010101,0x010101,0x010101,0x000000,0x010101,0x010101,0x010101,0x010101,0x010101,
0x000000,0x000000,0x000000,0x000000,0x010101,0x010101,0x000000,0x010101,0x000000,0x000000,0x000000,0x010101,
0x010101,0x010101,0x010101,0x010101,0x010101,0x000000,0x000000,0x000000,0x000000,0x000000,0x000000,0x000000,
0x000000,0x000000,0x000000,0x010101,0x000000,0x000000,0x010101,0x010101,0x010101,0x000000,0x000000,0x000000,
0x000000,0x000000,0x000000,0x000000,0x000000,0x000000,0x000000,0x000000,0x000000,0x000000,0x010101,0x010101,
0x010101,0x010101,0x010101,0x010101,0x010101,0x000000,0x000000,0x000000,0x010101,0x010101,0x010101,0x010101,
0x010101,0x000000,0x010101,0x010101,0x010101,0x010101,0x010101,0x010101,0x000000,0x000000,0x010101,0x010101,
0x000000,0x000000,0x000000,0x000000,0x000000,0x000000,0x000000,0x000000,0x000000,0x000000,0x000000,0x010101,
0x000000,0x010101,0x010101,0x010101,0x000000,0x000000,0x000000,0x000000,0x000000,0x000000,0x000000,0x000000,
0x000000,0x000000,0x010101,0x010101,0x000000,0x010101,0x010101,0x010101,0x000000,0x010101,0x010101,0x010101,
0x000000,0x000000,0x000000,0x000000,0x000000,0x000000,0x010101,0x010101,0x000000,0x000000,0x000000,0x010101,
0x000000,0x000000,0x010101,0x010101,0x010101,0x010101,0x000000,0x000000,0x000000,0x000000,0x000000,0x000000,
0x000000,0x000000,0x000000,0x000000,0x000000,0x010101,0x000000,0x010101,0x010101,0x010101,0x000000,0x000000,
0x010101,0x010101,0x000000,0x000000,0x000000,0x000000,0x000000,0x000000,0x010101,0x010101,0x010101,0x010101,
0x000000,0x000000,0x010101,0x010101,0x010101,0x010101,0x000000,0x000000,0x000000,0x000000,0x000000,0x000000,
0x010101,0x010101,0x010101,0x010101,0x000000,0x010101,0x010101,0x010101,0x010101,0x010101,0x010101,0x000000,
0x000000,0x000000,0x010101,0x010101,0x000000,0x000000,0x000000,0x000000,0x000000,0x000000,0x010101,0x010101,
0x000000,0x010101,0x000000,0x000000,0x010101,0x010101,0x000000,0x000000,0x010101,0x010101,0x000000,0x000000,
0x000000,0x000000,0x000000,0x000000,0x000000,0x010101,0x010101,0x010101,0x000000,0x010101,0x010101,0x010101,
0x000000,0x010101,0x020201,0x000000,0x1B1C1C,0x121213,0x000000,0x010101,0x000000,0x000000,0x010101,0x010101,
0x000000,0x010101,0x000000,0x000000,0x010101,0x010101,0x010101,0x000000,0x010101,0x010101,0x010101,0x010101,
0x010101,0x000000,0x010101,0x010101,0x010101,0x010101,0x010101,0x010101,0x010101,0x010101,0x010101,0x010101,
0x000000,0x000000,0x010101,0x010101,0x000000,0x000000,0x000000,0x000000,0x000000,0x000000,0x010101,0x010101,
0x000000,0x010101,0x010101,0x010101,0x010101,0x010101,0x010101,0x010101,0x000000,0x000000,0x000000,0x000000,
0x000000,0x000000,0x000000,0x000000,0x000000,0x000000,0x010101,0x010101,0x000000,0x010101,0x010101,0x010101,
0x010101,0x010101,0x000000,0x000000,0x000000,0x000000,0x000000,0x000000,0x000000,0x000000,0x000000,0x000000,
0x000000,0x000000,0x010101,0x010101,0x000000,0x000000,0x010101,0x010101,0x000000,0x000000,0x000000,0x000000,
0x000000,0x000000,0x010101,0x010101,0x010101,0x000000,0x010101,0x010101,0x010101,0x010101,0x000000,0x000000,
0x000000,0x000000,0x010101,0x010101,0x000000,0x000000,0x000000,0x000000,0x000000,0x000000,0x000000,0x000000,
0x000000,0x000000,0x000000,0x010101,0x000000,0x010101,0x010101,0x010101,0x000000,0x000000,0x000000,0x000000,
0x000000,0x000000,0x000000,0x000000,0x000000,0x000000,0x010101,0x010101,0x000000,0x010101,0x010101,0x010101,
0x000000,0x010101,0x010101,0x010101,0x000000,0x000000,0x000000,0x000000,0x000000,0x000000,0x000000,0x000000,
0x000000,0x000000,0x000000,0x010101,0x000000,0x000000,0x000000,0x010101,0x010101,0x010101,0x000000,0x000000,
0x000000,0x000000,0x000000,0x000000,0x000000,0x000000,0x000000,0x000000,0x000000,0x010101,0x000000,0x010101,
0x010101,0x010101,0x010101,0x010101,0x010101,0x010101,0x000000,0x000000,0x000000,0x000000,0x000000,0x000000,
0x010101,0x010101,0x010101,0x010101,0x010101,0x010101,0x010101,0x010101,0x010101,0x010101,0x000000,0x000000,
0x000000,0x000000,0x000000,0x000000,0x010101,0x010101,0x010101,0x010101,0x000000,0x010101,0x010101,0x010101,
0x010101,0x010101,0x010101,0x000000,0x000000,0x000000,0x010101,0x010101,0x000000,0x000000,0x000000,0x000000,
0x000000,0x000000,0x010101,0x010101,0x000000,0x010101,0x010101,0x010101,0x010101,0x000000,0x000000,0x000000,
0x010101,0x010101,0x000000,0x000000,0x000000,0x000000,0x000000,0x000000,0x000000,0x010101,0x010101,0x010101,
0x000000,0x010101,0x010101,0x010101,0x000000,0x010101,0x000000,0x010101,0x020202,0x030303,0x000000,0x000000,
0x000000,0x000000,0x010101,0x010101,0x010101,0x010101,0x010101,0x010101,0x010101,0x010101,0x010101,0x000000,
0x010101,0x010101,0x010101,0x010101,0x010101,0x010000,0x010101,0x010101,0x010101,0x010101,0x010101,0x010101,
0x010101,0x010101,0x010101,0x010101,0x010101,0x010101,0x000000,0x000000,0x000000,0x000000,0x000000,0x000000,
0x000000,0x000000,0x010101,0x010101,0x000000,0x010101,0x010101,0x010101,0x010101,0x010101,0x010101,0x010101,
0x000000,0x000000,0x000000,0x000000,0x000000,0x000000,0x000000,0x000000,0x000000,0x000000,0x010101,0x010101,
0x000000,0x010101,0x010101,0x010101,0x010101,0x010101,0x000000,0x000000,0x000000,0x000000,0x000000,0x000000,
0x000000,0x000000,0x000000,0x000000,0x000000,0x000000,0x010101,0x010101,0x000000,0x010101,0x010101,0x010101,
0x000000,0x000000,0x000000,0x000000,0x000000,0x000000,0x000000,0x000000,0x000000,0x000000,0x000000,0x000000,
0x000000,0x000000,0x000000,0x000000,0x000000,0x000000,0x010101,0x010101,0x000000,0x000000,0x000000,0x000000,
0x010101,0x010101,0x000000,0x000000,0x010101,0x010101,0x000000,0x000000,0x010101,0x000000,0x000000,0x010101,
0x010101,0x010101,0x010101,0x010101,0x000000,0x000000,0x000000,0x000000,0x010101,0x010101,0x000000,0x000000,
0x010101,0x000000,0x010101,0x010101,0x010101,0x010101,0x010101,0x010101,0x010101,0x010101,0x000000,0x000000,
0x000000,0x000000,0x000000,0x000000,0x000000,0x000000,0x000000,0x010101,0x010101,0x000000,0x010101,0x010101,
0x010101,0x010101,0x000000,0x000000,0x000000,0x000000,0x010101,0x010101,0x000000,0x010101,0x010101,0x000000,
0x010101,0x010101,0x010101,0x010101,0x010101,0x010101,0x000000,0x000000,0x010101,0x010101,0x010101,0x000000,
0x000000,0x000000,0x000000,0x000000,0x000000,0x000000,0x000000,0x010101,0x010101,0x010101,0x000000,0x010101,
0x010101,0x010101,0x010101,0x010101,0x010101,0x010101,0x010101,0x010101,0x010101,0x010101,0x010101,0x010101,
0x000000,0x000000,0x010101,0x010101,0x010101,0x010101,0x010101,0x010101,0x010101,0x010101,0x010101,0x010101,
0x010101,0x010101,0x000000,0x000000,0x000000,0x010101,0x010101,0x010101,0x010101,0x010101,0x010101,0x010101,
0x010101,0x010101,0x010101,0x010101,0x000000,0x000000,0x010101,0x010101,0x000000,0x000000,0x010101,0x010101,
0x010101,0x010101,0x010101,0x010101,0x010101,0x010101,0x010101,0x010101,0x010101,0x010101,0x000000,0x000000,
0x000000,0x000000,0x000000,0x000000,0x000000,0x010100,0x000000,0x000000,0x010101,0x010101,0x010101,0x010101,
0x010101,0x010101,0x010101,0x010101,0x010101,0x010101,0x010101,0x010101,0x010101,0x010101,0x000000,0x000000,
0x010101,0x010101,0x010101,0x010101,0x000000,0x000000,0x010101,0x010101,0x010101,0x010101,0x000000,0x010101,
0x000000,0x000000,0x000000,0x010101,0x010101,0x010101,0x000000,0x010101,0x010101,0x010101,0x000000,0x000000,
0x000000,0x000000,0x010101,0x010101,0x000000,0x000000,0x000000,0x000000,0x000000,0x000000,0x000000,0x000000,
0x000000,0x000000,0x000000,0x010101,0x010101,0x010101,0x010101,0x010101,0x010101,0x010101,0x000000,0x000000,
0x000000,0x000000,0x000000,0x000000,0x010101,0x010101,0x000000,0x000000,0x010101,0x010101,0x000000,0x010101,
0x010101,0x010101,0x000000,0x000000,0x010101,0x010101,0x000000,0x010101,0x010101,0x010101,0x010101,0x010101,
0x000000,0x000000,0x000000,0x000000,0x000000,0x000000,0x000000,0x000000,0x000000,0x000000,0x010101,0x010101,
0x000000,0x000000,0x000000,0x000000,0x010101,0x010101,0x010101,0x010101,0x010101,0x010101,0x010101,0x010101,
0x010101,0x000000,0x000000,0x010101,0x010101,0x010101,0x010101,0x010101,0x000000,0x000000,0x000000,0x000000,
0x010101,0x010101,0x010101,0x010101,0x010101,0x000000,0x010101,0x010101,0x010101,0x010101,0x010101,0x010101,
0x010101,0x010101,0x000000,0x000000,0x000000,0x000000,0x000000,0x010101,0x010101,0x010101,0x000000,0x010101,
0x010101,0x000000,0x010101,0x010101,0x010101,0x010101,0x000000,0x000000,0x000000,0x000000,0x010101,0x010101,
0x010101,0x020202,0x020202,0x020202,0x020202,0x020202,0x020202,0x020202,0x020202,0x020202,0x020202,0x020202,
0x010101,0x010101,0x020202,0x010101,0x010101,0x010101,0x010101,0x010101,0x010101,0x010101,0x010101,0x010101,
0x010101,0x010101,0x000000,0x010101,0x010101,0x010202,0x020202,0x020202,0x020202,0x020202,0x020202,0x010101,
0x010101,0x010101,0x010101,0x010101,0x010101,0x010101,0x010101,0x010101,0x010101,0x010101,0x010101,0x020202,
0x020202,0x020202,0x020202,0x020202,0x020202,0x020202,0x020202,0x020202,0x010101,0x020202,0x020202,0x020202,
0x020202,0x020202,0x020202,0x020202,0x020202,0x010101,0x010101,0x010101,0x000000,0x000000,0x010101,0x010101,
0x010101,0x010101,0x020202,0x020202,0x020202,0x020202,0x020101,0x020101,0x020202,0x020202,0x020202,0x010101,
0x010101,0x010101,0x000000,0x000000,0x000000,0x000000,0x000000,0x000000,0x000000,0x020202,0x020202,0x020202,
0x020202,0x020202,0x010101,0x010101,0x010101,0x010101,0x000000,0x000000,0x010101,0x010101,0x010101,0x010101,
0x020202,0x020202,0x020202,0x020202,0x020202,0x010101,0x010101,0x010101,0x010101,0x010101,0x010101,0x010101,
0x010101,0x010101,0x000000,0x010101,0x000000,0x000000,0x000000,0x010101,0x010101,0x010101,0x010101,0x010101,
0x010101,0x010101,0x010101,0x010101,0x010101,0x010101,0x010101,0x010101,0x000000,0x000000,0x000000,0x000000,
0x000000,0x000000,0x010101,0x010101,0x010101,0x010101,0x000000,0x010101,0x010101,0x010101,0x010101,0x010101,
0x010101,0x010101,0x000000,0x000000,0x000000,0x000000,0x000000,0x000000,0x010101,0x010101,0x010101,0x010101,
0x010101,0x010101,0x010101,0x010101,0x010101,0x010101,0x010101,0x010101,0x010101,0x010101,0x000000,0x010101,
0x010101,0x010101,0x010101,0x010101,0x010101,0x000000,0x000000,0x000000,0x010101,0x010101,0x010101,0x010101,
0x000000,0x000000,0x010101,0x010101,0x000000,0x000000,0x000000,0x010101,0x000000,0x000000,0x010101,0x010101,
0x010101,0x010101,0x010101,0x000000,0x000000,0x010101,0x010101,0x010101,0x000000,0x000000,0x010101,0x010101,
0x000000,0x000000,0x010101,0x010101,0x000000,0x010101,0x010101,0x010101,0x010101,0x010101,0x010101,0x010101,
0x010101,0x010101,0x000000,0x000000,0x000000,0x000000,0x010101,0x010101,0x000000,0x000000,0x000000,0x010101,
0x010101,0x010101,0x010101,0x010101,0x010101,0x010101,0x010101,0x010101,0x000000,0x000000,0x000000,0x000000,
0x000000,0x000000,0x010201,0x000100,0x000000,0x000000,0x000000,0x000000,0x000000,0x000000,0x000000,0x000000,
0x000000,0x000000,0x000000,0x000000,0x000000,0x000000,0x000000,0x000000,0x000000,0x000000,0x010101,0x010102,
0x010101,0x000000,0x010101,0x010101,0x010101,0x010101,0x010101,0x010101,0x020100,0x000001,0x000000,0x000000,
0x000000,0x000000,0x000000,0x020103,0x010101,0x000000,0x010101,0x010101,0x010101,0x010101,0x010101,0x010101,
0x010102,0x010101,0x000000,0x000000,0x000000,0x000000,0x000000,0x000000,0x000000,0x000000,0x000000,0x000000,
0x000000,0x000000,0x000000,0x000000,0x000000,0x000000,0x000000,0x000000,0x000000,0x020102,0x010001,0x000000,
0x000000,0x010101,0x000000,0x000000,0x010101,0x010201,0x000000,0x000000,0x000000,0x000000,0x000000,0x000000,
0x000000,0x000000,0x000000,0x010102,0x020201,0x010101,0x000000,0x000101,0x000000,0x010101,0x010101,0x010101,
0x020202,0x000000,0x000000,0x000000,0x000000,0x000000,0x010101,0x010102,0x010101,0x010101,0x000000,0x010101,
0x000000,0x000000,0x010201,0x000000,0x000000,0x000000,0x000000,0x000000,0x000100,0x010201,0x010101,0x010101,
0x000000,0x010101,0x010101,0x010101,0x000000,0x000000,0x000000,0x000000,0x000000,0x000000,0x010101,0x010101,
0x000000,0x010101,0x010101,0x010101,0x010101,0x010101,0x010101,0x010101,0x000000,0x010101,0x000000,0x000000,
0x000000,0x000000,0x000000,0x000000,0x000000,0x000000,0x010101,0x010101,0x000000,0x010101,0x010101,0x020202,
0x000000,0x1E1E1E,0x1E1E1E,0x000000,0x020202,0x000000,0x000000,0x000000,0x000000,0x000000,0x010101,0x010101,
0x000000,0x010101,0x010101,0x010101,0x010101,0x010101,0x010101,0x010101,0x000000,0x000000,0x010101,0x010101,
0x000000,0x000000,0x010101,0x010101,0x010101,0x010101,0x010101,0x010101,0x010101,0x000000,0x000000,0x000000,
0x010101,0x010101,0x010101,0x010101,0x000000,0x000000,0x010101,0x010101,0x000000,0x000000,0x000000,0x010101,
0x000000,0x000000,0x000000,0x000000,0x010101,0x010101,0x010101,0x000000,0x000000,0x010101,0x010101,0x010101,
0x000000,0x000000,0x010101,0x010101,0x000000,0x000000,0x010101,0x010101,0x000000,0x010101,0x000000,0x000000,
0x010101,0x010101,0x000000,0x000000,0x010101,0x010101,0x000000,0x000000,0x000000,0x000000,0x010101,0x010101,
0x000000,0x010101,0x000000,0x010101,0x010101,0x010101,0x010101,0x010101,0x010101,0x010101,0x010101,0x010101,
0x000000,0x000000,0x000000,0x000000,0x000000,0x000000,0x000100,0x070908,0x171C1C,0x161B1B,0x161A1B,0x161B1C,
0x171B1C,0x171B1C,0x171B1B,0x171B1B,0x171B1B,0x171B1B,0x171B1C,0x171B1C,0x161B1B,0x161B1B,0x171B1C,0x171B1B,
0x191C1C,0x171819,0x010202,0x010101,0x010101,0x010101,0x010101,0x010101,0x010101,0x010101,0x010101,0x010101,
0x010100,0x0C0E10,0x1A1E21,0x191B1C,0x1A1C1E,0x1B1E1F,0x121315,0x000001,0x010101,0x010101,0x010101,0x010101,
0x010101,0x010101,0x010101,0x010101,0x010101,0x010101,0x0E0E0F,0x1A1D1D,0x17191C,0x17191D,0x17191D,0x17191D,
0x171B1B,0x171B1C,0x171B1C,0x171B1C,0x171B1C,0x171C1C,0x171C1D,0x171B1C,0x171B1E,0x171A1E,0x171A1E,0x191C1F,
0x141618,0x010002,0x010000,0x000000,0x000000,0x010101,0x000000,0x010101,0x000000,0x000000,0x0B0F0F,0x191E1F,
0x22282A,0x272D30,0x282E31,0x282D30,0x25282B,0x1D1F22,0x111316,0x050709,0x000000,0x000000,0x000000,0x010101,
0x010101,0x010101,0x010101,0x010101,0x010101,0x101514,0x181E1D,0x171B1B,0x181C1B,0x171A1A,0x040405,0x010101,
0x000000,0x000000,0x000000,0x010101,0x010101,0x010101,0x000000,0x0A0C0B,0x191D1D,0x171A1B,0x16191B,0x181B1C,
0x070908,0x000100,0x010201,0x010101,0x000000,0x010101,0x000000,0x000000,0x000000,0x000000,0x000000,0x000000,
0x000000,0x000000,0x010101,0x010101,0x000000,0x010101,0x010101,0x010101,0x010101,0x010101,0x000000,0x000000,
0x000000,0x010101,0x000000,0x000000,0x000000,0x000000,0x000000,0x000000,0x000000,0x000000,0x010101,0x010101,
0x000000,0x010101,0x010101,0x020202,0x000000,0x3C3C3C,0x3E3E3E,0x000000,0x010101,0x000000,0x000000,0x000000,
0x000000,0x000000,0x010101,0x010101,0x000000,0x010101,0x000000,0x000000,0x010101,0x010101,0x000000,0x000000,
0x000000,0x000000,0x000000,0x000000,0x000000,0x000000,0x010101,0x010101,0x010101,0x010101,0x010101,0x010101,
0x010101,0x000000,0x000000,0x000000,0x010101,0x010101,0x000000,0x000000,0x010101,0x010101,0x000000,0x000000,
0x000000,0x000000,0x000000,0x010101,0x000000,0x000000,0x010101,0x010101,0x010101,0x010101,0x010101,0x010101,
0x000000,0x000000,0x000000,0x000000,0x000000,0x000000,0x010101,0x010101,0x010101,0x010101,0x000000,0x010101,
0x010101,0x010101,0x010101,0x010101,0x010101,0x010101,0x010101,0x010101,0x010101,0x010101,0x010101,0x010101,
0x010101,0x010101,0x000000,0x010101,0x010101,0x000000,0x000000,0x010101,0x010101,0x010101,0x000000,0x010101,
0x000000,0x000000,0x000000,0x000000,0x000000,0x000000,0x000000,0x000000,0x000000,0x010101,0x000000,0x101312,
0x3C4546,0x3A4445,0x3C4647,0x3C4647,0x3C4447,0x3B4346,0x3B4345,0x3B4346,0x3B4345,0x3B4345,0x3B4345,0x3B4346,
0x3B4345,0x3A4245,0x3B4345,0x3B4245,0x3E4447,0x383B3E,0x030405,0x000000,0x010101,0x010101,0x010101,0x010101,
0x010101,0x010101,0x010101,0x010101,0x010102,0x2D3135,0x3E4649,0x3B4244,0x3D4146,0x3D4547,0x363D3E,0x050608,
0x010101,0x010101,0x010101,0x010101,0x010101,0x010101,0x010101,0x010101,0x020101,0x000000,0x202325,0x41464A,
0x3A4044,0x3A4044,0x394044,0x3A4145,0x3B4345,0x3C4446,0x3D4547,0x3D4547,0x3B4546,0x3B4546,0x3B4546,0x3A4445,
0x3A4346,0x394245,0x3A4345,0x3F484A,0x313637,0x000000,0x000001,0x000000,0x010101,0x010101,0x010101,0x000000,
0x0F1112,0x2C3032,0x394142,0x3B4446,0x3B4446,0x3A4346,0x3A4346,0x3A4346,0x3D4246,0x3E4346,0x3B4144,0x353B3E,
0x23272A,0x0A0B0D,0x000000,0x010101,0x010101,0x010101,0x010101,0x020102,0x000000,0x292F30,0x3E4749,0x3A4244,
0x3D4446,0x3B4041,0x060808,0x000000,0x000000,0x010101,0x010101,0x010101,0x010101,0x010101,0x000000,0x191C1B,
0x3F4748,0x3B4446,0x3B4446,0x3E4748,0x131515,0x000000,0x010101,0x010101,0x010101,0x010101,0x010101,0x010101,
0x010101,0x000000,0x000000,0x000000,0x010101,0x010101,0x010101,0x010101,0x010101,0x010101,0x000000,0x010101,
0x010101,0x010101,0x000000,0x010101,0x010101,0x000000,0x010101,0x010101,0x010101,0x000000,0x010101,0x010101,
0x010101,0x010101,0x000000,0x010101,0x010101,0x000000,0x030303,0x000000,0x171717,0x505050,0x4F4F4F,0x171717,
0x000000,0x030303,0x000000,0x010101,0x010101,0x010101,0x010101,0x010101,0x010101,0x010101,0x010101,0x010101,
0x010101,0x010101,0x010101,0x010101,0x010101,0x010101,0x000000,0x000000,0x000000,0x000000,0x000000,0x000000,
0x010101,0x010101,0x000000,0x000000,0x010101,0x000000,0x000000,0x000000,0x010101,0x010101,0x000000,0x000000,
0x010101,0x010101,0x000000,0x000000,0x000000,0x000000,0x000000,0x010101,0x000000,0x000000,0x010101,0x010101,
0x000000,0x000000,0x010101,0x010101,0x000000,0x000000,0x010101,0x010101,0x000000,0x000000,0x010101,0x010101,
0x010101,0x010101,0x000000,0x010101,0x000000,0x000000,0x010101,0x010101,0x010101,0x010101,0x010101,0x010101,
0x010101,0x010101,0x010101,0x010101,0x010101,0x010101,0x000000,0x010101,0x010101,0x000000,0x000000,0x010101,
0x000000,0x000000,0x000000,0x010101,0x000000,0x000000,0x000000,0x000000,0x000000,0x000000,0x000000,0x000000,
0x000000,0x010101,0x000000,0x0F1111,0x364042,0x343E40,0x364042,0x364042,0x363D42,0x353C42,0x363D42,0x363D43,
0x363D43,0x363D43,0x363E43,0x353C42,0x353C42,0x353C42,0x353D42,0x353D41,0x364043,0x31383B,0x020505,0x000000,
0x010101,0x000000,0x010101,0x010101,0x010101,0x010101,0x020202,0x000000,0x0F1113,0x3B4045,0x343E42,0x363F41,
0x383D44,0x343F42,0x394344,0x1B1E20,0x000000,0x020202,0x000000,0x000000,0x010101,0x010101,0x010101,0x010101,
0x030102,0x000000,0x1D2124,0x3B4245,0x323C3E,0x333D3E,0x333D3F,0x343E40,0x363E41,0x373F42,0x384042,0x384143,
0x374143,0x374143,0x364042,0x353F41,0x333D3E,0x333D3F,0x333C3E,0x374042,0x282F2F,0x000000,0x000001,0x000000,
0x010101,0x010102,0x000000,0x1C1D1D,0x3A4243,0x3B4345,0x384043,0x353E41,0x353E40,0x363E41,0x363E41,0x363E41,
0x353D41,0x353D40,0x363E41,0x373F42,0x404549,0x2A2D30,0x000000,0x020201,0x010101,0x010101,0x000000,0x010101,
0x000000,0x272A2D,0x394145,0x353C42,0x364042,0x343B3E,0x060808,0x000000,0x010101,0x010101,0x000000,0x010101,
0x010101,0x010101,0x000000,0x171A19,0x394244,0x374042,0x374042,0x3A4244,0x111413,0x000000,0x010101,0x010101,
0x010101,0x010101,0x010101,0x010101,0x010101,0x000000,0x000000,0x000000,0x010101,0x010101,0x010101,0x010101,
0x000000,0x000000,0x000000,0x010101,0x000000,0x000000,0x000000,0x010101,0x010101,0x000000,0x010101,0x010101,
0x010101,0x000000,0x010101,0x010101,0x000000,0x000000,0x000000,0x010101,0x020202,0x010101,0x000000,0x0D0D0D,
0x494949,0x4E4E4E,0x4E4E4E,0x484848,0x0D0D0D,0x000000,0x020202,0x020202,0x010101,0x010101,0x010101,0x010101,
0x010101,0x010101,0x000000,0x000000,0x000000,0x000000,0x010101,0x010101,0x010101,0x010101,0x000000,0x000000,
0x000000,0x000000,0x000000,0x000000,0x010101,0x010101,0x010101,0x010101,0x010101,0x000000,0x010101,0x010101,
0x000000,0x000000,0x000000,0x000000,0x000000,0x000000,0x010101,0x010101,0x000000,0x000000,0x010101,0x010101,
0x000000,0x010101,0x010101,0x010101,0x010101,0x010101,0x010101,0x000000,0x000000,0x000000,0x000000,0x000000,
0x000000,0x000000,0x010101,0x010101,0x000000,0x010101,0x010101,0x010101,0x010101,0x010101,0x010101,0x010101,
0x000000,0x000000,0x000000,0x000000,0x000000,0x000000,0x000000,0x000000,0x010101,0x010101,0x010101,0x010101,
0x010101,0x010101,0x010101,0x010101,0x010101,0x010101,0x010101,0x010101,0x000000,0x000000,0x000000,0x000000,
0x000000,0x000000,0x000000,0x010101,0x010101,0x020202,0x000000,0x111112,0x40484A,0x3C4648,0x3D4648,0x3C4547,
0x3B4446,0x3C4347,0x394043,0x364042,0x383D43,0x363E42,0x364042,0x3B4246,0x3C4547,0x3B4447,0x3C4447,0x3B4346,
0x3D4649,0x373F40,0x020606,0x000200,0x010101,0x010101,0x010101,0x010101,0x010102,0x000001,0x010101,0x000000,
0x282C30,0x3B4246,0x363E41,0x364042,0x373E44,0x373F42,0x394143,0x33383A,0x030403,0x020101,0x020101,0x000201,
0x010101,0x010101,0x010101,0x010101,0x030201,0x000000,0x202326,0x43494C,0x3A4345,0x3B4446,0x3A4345,0x3A4345,
0x3C4548,0x394546,0x374344,0x384344,0x384344,0x374243,0x3C4547,0x3A4346,0x3A4244,0x3C4446,0x3A4245,0x3E4648,
0x2D3030,0x000000,0x010101,0x010000,0x020101,0x000000,0x131717,0x3C4143,0x364040,0x374142,0x374043,0x3C4448,
0x3B4446,0x384143,0x383F42,0x394043,0x3A4246,0x3B4448,0x394145,0x353E41,0x3A4043,0x131417,0x000000,0x020201,
0x020202,0x010101,0x010101,0x010101,0x000000,0x282D2F,0x3A4346,0x363E42,0x374144,0x353C40,0x060809,0x000000,
0x010000,0x000000,0x010101,0x000000,0x000001,0x020201,0x000000,0x171A1D,0x3B4447,0x374143,0x374143,0x3C4346,
0x121416,0x000000,0x020202,0x010101,0x000000,0x000000,0x000000,0x000000,0x000000,0x000000,0x010101,0x010101,
0x010101,0x010101,0x010101,0x010101,0x000000,0x010101,0x010101,0x010101,0x010101,0x010101,0x010101,0x010101,
0x000000,0x000000,0x000000,0x000000,0x000000,0x000000,0x000000,0x010101,0x010101,0x010101,0x010101,0x010101,
0x000000,0x000000,0x191919,0x494949,0x4F4F4F,0x4C4C4C,0x4C4C4C,0x4F4F4F,0x494949,0x181818,0x000000,0x000000,
0x010101,0x010101,0x010101,0x010101,0x010101,0x010101,0x010101,0x010101,0x000000,0x000000,0x000000,0x000000,
0x000000,0x000000,0x000000,0x000000,0x000000,0x000000,0x000000,0x000000,0x000000,0x010101,0x010101,0x010101,
0x010101,0x000000,0x010101,0x010101,0x000000,0x000000,0x000000,0x000000,0x000000,0x000000,0x010101,0x010101,
0x000000,0x000000,0x010101,0x010101,0x000000,0x010101,0x000000,0x000000,0x000000,0x000000,0x010101,0x000000,
0x000000,0x000000,0x000000,0x000000,0x000000,0x000000,0x010101,0x010101,0x000000,0x010101,0x000000,0x000000,
0x010101,0x010101,0x000000,0x000000,0x000000,0x000000,0x000000,0x000000,0x000000,0x000000,0x000000,0x000000,
0x010101,0x010101,0x000000,0x000000,0x010101,0x010101,0x000000,0x000000,0x000000,0x000000,0x000000,0x000000,
0x000000,0x000000,0x000000,0x000000,0x000000,0x000000,0x000000,0x010101,0x000000,0x000000,0x000000,0x090909,
0x1E2223,0x1D2023,0x1C2022,0x1A1E20,0x1B1D21,0x1A1C1E,0x2A2E31,0x3A4143,0x393E43,0x373F42,0x374043,0x22272A,
0x1C1E20,0x1D2022,0x1D1F22,0x1D1F22,0x1D2023,0x1A1C1E,0x020203,0x010000,0x010101,0x010101,0x010101,0x010101,
0x010101,0x010101,0x000000,0x0B0B0D,0x393E42,0x383F42,0x373F42,0x384043,0x394043,0x373F42,0x363F41,0x3A4244,
0x171919,0x000000,0x020202,0x000201,0x010101,0x010101,0x010101,0x010101,0x020201,0x010101,0x0F1113,0x202225,
0x1E2023,0x1E2023,0x1C1F22,0x1B1D20,0x1A1D1F,0x30373A,0x3A4345,0x384042,0x394145,0x373D40,0x1B1F23,0x1A1C20,
0x1C1E21,0x1D2023,0x1E2023,0x1E2123,0x151616,0x000000,0x000000,0x000000,0x010100,0x020303,0x323639,0x3B4244,
0x364041,0x384042,0x3B4245,0x2B3134,0x15181A,0x0D0F11,0x0B0D0F,0x0C0E11,0x121418,0x1E2024,0x2E3035,0x3F4246,
0x313537,0x020204,0x010101,0x010101,0x010101,0x010101,0x010101,0x010101,0x000000,0x272C2E,0x3A4346,0x363E41,
0x374044,0x353C3F,0x050709,0x000000,0x010000,0x000000,0x010101,0x000000,0x000102,0x020201,0x000000,0x171A1D,
0x3B4446,0x364143,0x364143,0x3C4245,0x121316,0x000000,0x010101,0x000000,0x010101,0x010101,0x000000,0x000000,
0x000000,0x000000,0x010101,0x010101,0x010101,0x010101,0x010101,0x010101,0x000000,0x010101,0x000000,0x000000,
0x010101,0x010101,0x010101,0x010101,0x000000,0x000000,0x000000,0x000000,0x000000,0x000000,0x000000,0x010101,
0x010101,0x010101,0x000000,0x010101,0x1F1F1F,0x3D3D3D,0x4F4F4F,0x4E4E4E,0x4C4C4C,0x4D4D4D,0x4D4D4D,0x4C4C4C,
0x4E4E4E,0x4F4F4F,0x3C3C3C,0x1F1F1F,0x020202,0x010101,0x000000,0x000000,0x000000,0x000000,0x000000,0x000000,
0x000000,0x000000,0x000000,0x000000,0x000000,0x000000,0x000000,0x000000,0x000000,0x000000,0x000000,0x000000,
0x000000,0x010101,0x010101,0x010101,0x000000,0x000000,0x000000,0x000000,0x000000,0x000000,0x000000,0x000000,
0x000000,0x000000,0x000000,0x000000,0x000000,0x000000,0x010101,0x010101,0x000000,0x000000,0x010101,0x010101,
0x000000,0x000000,0x000000,0x000000,0x000000,0x000000,0x000000,0x000000,0x000000,0x000000,0x000000,0x010101,
0x010101,0x010101,0x000000,0x000000,0x000000,0x000000,0x000000,0x000000,0x000000,0x000000,0x000000,0x000000,
0x000000,0x000000,0x000000,0x010101,0x000000,0x000000,0x010101,0x010101,0x010101,0x010101,0x000000,0x000000,
0x000000,0x000000,0x000000,0x000000,0x000000,0x000000,0x000000,0x000000,0x000000,0x000000,0x010101,0x010101,
0x010101,0x010101,0x000000,0x000000,0x000000,0x000000,0x000000,0x000000,0x000000,0x000000,0x1C1D21,0x3E4447,
0x383E42,0x374043,0x3B4144,0x0B0D10,0x000000,0x000000,0x000000,0x000000,0x000000,0x000000,0x010001,0x020001,
0x010101,0x010101,0x010101,0x010101,0x010100,0x020202,0x000000,0x232528,0x3B4346,0x363E41,0x394043,0x2E3337,
0x2C3033,0x3B4144,0x363E41,0x384244,0x2E3436,0x010203,0x000000,0x000100,0x010101,0x000000,0x000000,0x010101,
0x010101,0x010101,0x000000,0x000000,0x000000,0x000000,0x000000,0x000000,0x000000,0x282D2F,0x3B4245,0x383F43,
0x3A4245,0x35393D,0x000003,0x000000,0x000000,0x000000,0x000000,0x000000,0x000000,0x000000,0x000000,0x010101,
0x000000,0x0C0E0F,0x3B4043,0x384043,0x374041,0x3C4245,0x2A2D2F,0x000102,0x000000,0x000001,0x000000,0x000000,
0x000000,0x000000,0x010001,0x181819,0x151617,0x000000,0x020102,0x000100,0x010101,0x010101,0x010101,0x010101,
0x000000,0x272C2E,0x3A4346,0x373F42,0x374045,0x353C3F,0x050708,0x000000,0x010000,0x000000,0x010101,0x010101,
0x000001,0x020201,0x000000,0x171A1C,0x3B4346,0x364042,0x374143,0x3C4246,0x121315,0x000000,0x010101,0x000000,
0x000000,0x000000,0x000000,0x010101,0x010101,0x010101,0x010101,0x010101,0x010101,0x000000,0x010101,0x010101,
0x010101,0x000000,0x000000,0x000000,0x000000,0x000000,0x000000,0x000000,0x000000,0x000000,0x000000,0x010101,
0x000000,0x000000,0x010101,0x010101,0x010101,0x010101,0x010101,0x020202,0x1F1F1F,0x3C3C3C,0x505050,0x4D4D4D,
0x4C4C4C,0x4D4D4D,0x4D4D4D,0x4C4C4C,0x4E4E4E,0x4F4F4F,0x3D3D3D,0x1F1F1F,0x020202,0x010101,0x010101,0x010101,
0x010101,0x010101,0x010101,0x010101,0x000000,0x000000,0x000000,0x000000,0x000000,0x000000,0x000000,0x000000,
0x000000,0x000000,0x000000,0x000000,0x010101,0x010101,0x000000,0x000000,0x000000,0x000000,0x000000,0x000000,
0x000000,0x000000,0x000000,0x000000,0x000000,0x000000,0x000000,0x000000,0x000000,0x000000,0x010101,0x010101,
0x000000,0x000000,0x010101,0x010101,0x000000,0x000000,0x000000,0x000000,0x000000,0x000000,0x000000,0x000000,
0x000000,0x000000,0x000000,0x010101,0x010101,0x010101,0x010101,0x010101,0x000000,0x000000,0x000000,0x000000,
0x000000,0x000000,0x000000,0x000000,0x000000,0x000000,0x000000,0x010101,0x000000,0x000000,0x010101,0x010101,
0x010101,0x010101,0x000000,0x000000,0x000000,0x000000,0x000000,0x000000,0x000000,0x000000,0x000000,0x000000,
0x000000,0x000000,0x010101,0x010101,0x010101,0x010101,0x000000,0x010101,0x020202,0x020202,0x020202,0x020202,
0x030302,0x010101,0x1E2024,0x3C4548,0x373F42,0x384042,0x3C4144,0x101013,0x010101,0x030303,0x020202,0x020202,
0x020201,0x020201,0x010201,0x000201,0x010101,0x010101,0x010101,0x010101,0x020100,0x000000,0x07090A,0x363C3F,
0x363F42,0x353D40,0x3A4145,0x15181C,0x0E1113,0x3A3F42,0x353E41,0x353F43,0x3B4346,0x121417,0x000000,0x010101,
0x010101,0x000000,0x000000,0x010101,0x010101,0x010101,0x020201,0x030201,0x020202,0x020202,0x020202,0x020202,
0x010102,0x2A2F30,0x394245,0x353E43,0x384144,0x33393C,0x040606,0x010101,0x010101,0x020202,0x020202,0x010101,
0x020101,0x010000,0x000101,0x010302,0x000000,0x121416,0x3C4245,0x364042,0x363F41,0x3E4446,0x181A1B,0x000000,
0x030404,0x020303,0x010202,0x010101,0x010101,0x010101,0x010100,0x000000,0x000000,0x020101,0x010001,0x000100,
0x010101,0x000000,0x000000,0x010101,0x000000,0x272C2E,0x3A4346,0x373F42,0x374045,0x353C3F,0x050708,0x000000,
0x010000,0x000000,0x010101,0x010101,0x000001,0x020201,0x000000,0x171A1C,0x3B4346,0x364042,0x374143,0x3C4246,
0x121315,0x000000,0x010101,0x010101,0x000000,0x000000,0x000000,0x010101,0x010101,0x010101,0x010101,0x010101,
0x010101,0x000000,0x010101,0x010101,0x010101,0x000000,0x000000,0x000000,0x000000,0x000000,0x000000,0x000000,
0x000000,0x000000,0x000000,0x010101,0x000000,0x000000,0x010101,0x010101,0x010101,0x010101,0x010101,0x010101,
0x000000,0x000000,0x181818,0x494949,0x4F4F4F,0x4C4C4C,0x4C4C4C,0x4F4F4F,0x484848,0x181818,0x000000,0x000000,
0x010101,0x010101,0x010101,0x010101,0x010101,0x010101,0x010101,0x010101,0x000000,0x000000,0x000000,0x000000,
0x000000,0x000000,0x000000,0x000000,0x000000,0x000000,0x000000,0x000000,0x010101,0x010101,0x010101,0x010101,
0x010101,0x010101,0x000000,0x000000,0x000000,0x000000,0x000000,0x000000,0x000000,0x000000,0x000000,0x000000,
0x000000,0x000000,0x010101,0x010101,0x000000,0x000000,0x000000,0x000000,0x000000,0x000000,0x000000,0x000000,
0x000000,0x000000,0x010101,0x010101,0x000000,0x000000,0x010101,0x010101,0x000000,0x000000,0x000000,0x000000,
0x000000,0x000000,0x000000,0x000000,0x000000,0x000000,0x000000,0x000000,0x000000,0x000000,0x010101,0x010101,
0x000000,0x000000,0x010101,0x010101,0x000000,0x000000,0x000000,0x000000,0x000000,0x000000,0x000000,0x000000,
0x000000,0x000000,0x000000,0x000000,0x000000,0x000000,0x010101,0x010101,0x000000,0x010101,0x010101,0x010101,
0x000000,0x000000,0x000000,0x000000,0x010101,0x000000,0x1D1F22,0x3D4548,0x383F42,0x363E42,0x3A4044,0x0F1012,
0x000000,0x010101,0x010101,0x010101,0x010101,0x000000,0x010101,0x010101,0x000000,0x010101,0x000000,0x000000,
0x020302,0x000000,0x1E2022,0x3B4446,0x363E41,0x374042,0x32383A,0x060607,0x010101,0x2C3232,0x363F41,0x353D41,
0x394245,0x2D2F33,0x000002,0x010102,0x000000,0x010101,0x010101,0x010101,0x000000,0x010101,0x010101,0x010101,
0x010101,0x010101,0x010101,0x010101,0x000000,0x2B2F31,0x3A4245,0x363E41,0x384044,0x34393C,0x030505,0x000000,
0x000000,0x000000,0x010101,0x010101,0x010101,0x010101,0x010101,0x010101,0x000000,0x101214,0x3B4244,0x364042,
0x364042,0x3A4143,0x2F3335,0x07090A,0x000000,0x000000,0x000002,0x000002,0x010102,0x010102,0x010101,0x010102,
0x010101,0x010101,0x010101,0x010101,0x010101,0x010101,0x000000,0x010101,0x000000,0x282C2F,0x3A4346,0x364042,
0x384144,0x383C40,0x06070A,0x000000,0x010000,0x000000,0x000000,0x000000,0x000001,0x020201,0x000000,0x181A1C,
0x3C4347,0x364042,0x374042,0x3D4145,0x121315,0x000000,0x020202,0x010101,0x000000,0x000000,0x000000,0x000000,
0x000000,0x000000,0x010101,0x010101,0x000000,0x000000,0x000000,0x000000,0x000000,0x000000,0x000000,0x000000,
0x000000,0x000000,0x000000,0x000000,0x000000,0x000000,0x000000,0x000000,0x010101,0x010101,0x000000,0x000000,
0x000000,0x000000,0x000000,0x000000,0x010101,0x010101,0x000000,0x0E0E0E,0x484848,0x4E4E4E,0x4E4E4E,0x494949,
0x0D0D0D,0x000000,0x020202,0x020202,0x000000,0x000000,0x000000,0x000000,0x000000,0x000000,0x010101,0x010101,
0x000000,0x000000,0x000000,0x000000,0x000000,0x000000,0x000000,0x000000,0x000000,0x000000,0x010101,0x010101,
0x010101,0x010101,0x010101,0x010101,0x010101,0x010101,0x000000,0x000000,0x000000,0x000000,0x000000,0x000000,
0x000000,0x000000,0x000000,0x000000,0x000000,0x000000,0x000000,0x010101,0x000000,0x000000,0x000000,0x000000,
0x000000,0x000000,0x000000,0x000000,0x000000,0x000000,0x010101,0x010101,0x000000,0x000000,0x010101,0x010101,
0x000000,0x000000,0x000000,0x000000,0x000000,0x000000,0x000000,0x000000,0x000000,0x000000,0x000000,0x000000,
0x000000,0x000000,0x010101,0x010101,0x000000,0x000000,0x010101,0x010101,0x000000,0x000000,0x000000,0x000000,
0x000000,0x000000,0x000000,0x000000,0x000000,0x000000,0x000000,0x000000,0x000000,0x000000,0x010101,0x010101,
0x000000,0x010101,0x010101,0x010101,0x010101,0x010101,0x000000,0x000000,0x010101,0x000000,0x1D1F22,0x3D4548,
0x383F41,0x363D42,0x3A4044,0x0F1012,0x000000,0x010101,0x010101,0x010101,0x010101,0x000000,0x010101,0x010101,
0x000000,0x010101,0x000000,0x000000,0x010101,0x040506,0x34393B,0x394244,0x373F42,0x3C4346,0x232628,0x000000,
0x000000,0x191D1D,0x3B4244,0x363E41,0x374043,0x3C4044,0x0F0F13,0x000000,0x010101,0x010101,0x010101,0x010101,
0x000000,0x010101,0x010101,0x010101,0x010101,0x010101,0x000000,0x010101,0x000000,0x2B2F31,0x3A4245,0x353D40,
0x383F44,0x34393C,0x030505,0x000000,0x000000,0x000000,0x010101,0x010101,0x010101,0x010101,0x010101,0x010000,
0x000000,0x070809,0x373C3F,0x384042,0x364042,0x373F42,0x3B4043,0x363A3D,0x25282B,0x141619,0x06070A,0x000103,
0x000000,0x000000,0x000000,0x010100,0x010101,0x010101,0x010101,0x010101,0x010101,0x010101,0x010101,0x020202,
0x000000,0x282C2F,0x3A4346,0x364042,0x384144,0x383C40,0x060609,0x000000,0x010000,0x000000,0x000000,0x000000,
0x010001,0x020201,0x000000,0x17191C,0x3C4346,0x364042,0x374042,0x3D4145,0x121315,0x000000,0x020202,0x010101,
0x000000,0x000000,0x000000,0x000000,0x000000,0x000000,0x000000,0x000000,0x000000,0x000000,0x000000,0x000000,
0x000000,0x000000,0x000000,0x000000,0x000000,0x000000,0x000000,0x000000,0x000000,0x000000,0x000000,0x000000,
0x010101,0x010101,0x000000,0x000000,0x000000,0x000000,0x000000,0x000000,0x000000,0x000000,0x030303,0x000000,
0x171717,0x505050,0x505050,0x171717,0x000000,0x030303,0x000000,0x000000,0x000000,0x000000,0x000000,0x000000,
0x000000,0x000000,0x010101,0x010101,0x000000,0x000000,0x000000,0x000000,0x000000,0x000000,0x000000,0x000000,
0x000000,0x000000,0x010101,0x010101,0x010101,0x010101,0x010101,0x010101,0x010101,0x000000,0x000000,0x000000,
0x000000,0x000000,0x000000,0x000000,0x000000,0x000000,0x010101,0x010101,0x000000,0x000000,0x000000,0x000000,
0x000000,0x000000,0x000000,0x000000,0x000000,0x000000,0x000000,0x000000,0x000000,0x000000,0x000000,0x000000,
0x000000,0x000000,0x000000,0x000000,0x000000,0x000000,0x010101,0x010101,0x000000,0x000000,0x000000,0x000000,
0x000000,0x000000,0x000000,0x000000,0x000000,0x000000,0x010101,0x010101,0x010101,0x010101,0x010101,0x010101,
0x000000,0x000000,0x000000,0x000000,0x000000,0x000000,0x000000,0x000000,0x000000,0x000000,0x000000,0x000000,
0x000000,0x010101,0x010101,0x010101,0x000000,0x000000,0x000000,0x010101,0x000000,0x000000,0x000000,0x000000,
0x010101,0x000000,0x1D1F22,0x3D4547,0x383E41,0x363E42,0x3B4145,0x0F1013,0x000000,0x010101,0x000000,0x000000,
0x000000,0x000000,0x010101,0x010101,0x000000,0x000000,0x010101,0x020202,0x000000,0x181B1D,0x3D4447,0x373F42,
0x384043,0x3C4044,0x0E0E12,0x000000,0x000100,0x060608,0x373B3E,0x384043,0x373F42,0x3B4245,0x282B2D,0x000000,
0x010101,0x000000,0x000000,0x010101,0x010101,0x010101,0x010101,0x010101,0x010101,0x010101,0x010101,0x010101,
0x000000,0x2B2F31,0x3A4245,0x363E41,0x383F44,0x34393C,0x030505,0x000000,0x010101,0x010101,0x010101,0x010101,
0x010101,0x010101,0x010101,0x010101,0x010101,0x000000,0x222527,0x414649,0x373F41,0x373F42,0x383F42,0x393F44,
0x3E4548,0x3C4245,0x34393C,0x2E3236,0x202425,0x131516,0x060608,0x000000,0x010001,0x030303,0x010101,0x000000,
0x010101,0x010101,0x010101,0x020202,0x000000,0x282C2F,0x3A4346,0x353F41,0x384144,0x373B3F,0x060609,0x000000,
0x010101,0x010101,0x010101,0x010101,0x010102,0x020201,0x000000,0x17191C,0x3C4346,0x364142,0x374042,0x3C4145,
0x121315,0x000000,0x010101,0x000000,0x000000,0x000000,0x000000,0x000000,0x000000,0x000000,0x010101,0x010101,
0x010101,0x000000,0x000000,0x000000,0x000000,0x000000,0x000000,0x000000,0x000000,0x000000,0x000000,0x000000,
0x000000,0x000000,0x000000,0x000000,0x000000,0x000000,0x000000,0x000000,0x000000,0x000000,0x000000,0x000000,
0x000000,0x000000,0x000000,0x010101,0x000000,0x3C3C3C,0x3C3C3C,0x000000,0x010101,0x000000,0x000000,0x000000,
0x000000,0x000000,0x000000,0x000000,0x000000,0x000000,0x000000,0x000000,0x000000,0x000000,0x000000,0x000000,
0x000000,0x000000,0x000000,0x000000,0x010101,0x010101,0x000000,0x010101,0x000000,0x000000,0x010101,0x010101,
0x000000,0x000000,0x000000,0x000000,0x000000,0x000000,0x000000,0x000000,0x000000,0x000000,0x010101,0x010101,
0x000000,0x000000,0x000000,0x000000,0x000000,0x000000,0x000000,0x000000,0x000000,0x000000,0x000000,0x000000,
0x000000,0x000000,0x000000,0x000000,0x000000,0x000000,0x010101,0x010101,0x000000,0x000000,0x010101,0x010101,
0x000000,0x000000,0x000000,0x000000,0x000000,0x000000,0x000000,0x000000,0x000000,0x000000,0x010101,0x010101,
0x010101,0x010101,0x010101,0x010101,0x000000,0x000000,0x000000,0x000000,0x000000,0x000000,0x000000,0x000000,
0x000000,0x000000,0x000000,0x000000,0x000000,0x010101,0x010101,0x010101,0x000000,0x000000,0x000000,0x010101,
0x000000,0x000000,0x000000,0x000000,0x010101,0x000000,0x1D1F22,0x3D4547,0x383F41,0x373F43,0x3C4246,0x0F1113,
0x000000,0x010101,0x010101,0x010101,0x000000,0x000000,0x010101,0x010101,0x000000,0x000000,0x000000,0x000000,
0x020203,0x303537,0x394244,0x363E41,0x3A4346,0x2D2F33,0x000002,0x020303,0x010202,0x000000,0x222528,0x3C4447,
0x363E41,0x363F41,0x393F41,0x0B0C0D,0x000000,0x010001,0x000000,0x010101,0x000000,0x000000,0x010101,0x010101,
0x010101,0x010101,0x010101,0x010101,0x000000,0x2B2F32,0x3A4245,0x363E41,0x373F43,0x34393C,0x030505,0x000000,
0x010101,0x010101,0x000000,0x000000,0x010101,0x010101,0x010101,0x010101,0x020100,0x010101,0x030405,0x292C2F,
0x3F4649,0x3B4346,0x373F44,0x353E43,0x343D40,0x343C3F,0x353D40,0x383F42,0x384245,0x394145,0x363C41,0x23272C,
0x080909,0x000000,0x010102,0x000000,0x010101,0x010101,0x010101,0x020202,0x000000,0x282C2F,0x3A4346,0x353E40,
0x384043,0x373B3F,0x060609,0x000000,0x010101,0x010101,0x010101,0x010101,0x010102,0x020201,0x000000,0x17191C,
0x3C4346,0x364142,0x374042,0x3C4145,0x121315,0x000000,0x010101,0x000000,0x000000,0x000000,0x010101,0x010101,
0x000000,0x000000,0x010101,0x010101,0x010101,0x000000,0x000000,0x000000,0x000000,0x000000,0x000000,0x000000,
0x000000,0x000000,0x000000,0x000000,0x000000,0x000000,0x000000,0x000000,0x000000,0x000000,0x000000,0x000000,
0x000000,0x000000,0x000000,0x000000,0x000000,0x000000,0x000000,0x010101,0x000000,0x1E1E1E,0x1E1E1E,0x000000,
0x010101,0x000000,0x000000,0x000000,0x000000,0x000000,0x000000,0x000000,0x000000,0x000000,0x000000,0x000000,
0x000000,0x000000,0x000000,0x000000,0x000000,0x000000,0x000000,0x000000,0x010101,0x010101,0x000000,0x010101,
0x000000,0x000000,0x010101,0x010101,0x000000,0x000000,0x010101,0x010101,0x000000,0x000000,0x010101,0x010101,
0x000000,0x000000,0x010101,0x010101,0x000000,0x000000,0x000000,0x000000,0x000000,0x000000,0x000000,0x000000,
0x000000,0x000000,0x000000,0x000000,0x000000,0x000000,0x010101,0x010101,0x010101,0x010101,0x000000,0x000000,
0x000000,0x000000,0x000000,0x000000,0x000000,0x000000,0x000000,0x000000,0x000000,0x000000,0x000000,0x000000,
0x000000,0x000000,0x010101,0x010101,0x000000,0x000000,0x000000,0x000000,0x000000,0x000000,0x000000,0x000000,
0x000000,0x000000,0x000000,0x000000,0x000000,0x000000,0x010101,0x010101,0x000000,0x000000,0x000000,0x000000,
0x010101,0x010101,0x000000,0x010101,0x000000,0x010101,0x010101,0x010101,0x010102,0x000000,0x1D2022,0x3C4548,
0x373F42,0x374144,0x3C4346,0x0F1111,0x000000,0x010101,0x000000,0x000000,0x000000,0x000000,0x010101,0x010101,
0x000100,0x000100,0x020202,0x000000,0x121419,0x3C4346,0x353E41,0x363D40,0x3B4244,0x141518,0x000000,0x030303,
0x020202,0x010102,0x0B0C0E,0x3A4042,0x384043,0x363E41,0x3C4346,0x23272B,0x000000,0x020204,0x010101,0x010101,
0x010101,0x010101,0x000000,0x010101,0x000000,0x010101,0x010101,0x010101,0x000000,0x2B2F31,0x3A4245,0x363D43,
0x384043,0x34393C,0x040406,0x000000,0x000000,0x000000,0x010101,0x010101,0x010101,0x010101,0x010101,0x010101,
0x010101,0x010101,0x010101,0x010101,0x191B1E,0x34373B,0x3A4145,0x384045,0x383F44,0x353D41,0x353C41,0x343B40,
0x353E41,0x373F43,0x394245,0x3C4648,0x353E3F,0x0D1012,0x000000,0x010101,0x000000,0x000000,0x000000,0x010101,
0x000000,0x2A2C2F,0x3C4146,0x363D40,0x393F42,0x383C3F,0x060709,0x000000,0x010101,0x010101,0x000000,0x000000,
0x010102,0x020201,0x000000,0x181A1C,0x3C4347,0x374143,0x374143,0x3C4245,0x131316,0x000000,0x010101,0x000000,
0x000000,0x000000,0x010101,0x010101,0x010101,0x010101,0x010101,0x000000,0x000000,0x000000,0x000000,0x000000,
0x000000,0x000000,0x000000,0x000000,0x000000,0x000000,0x000000,0x000000,0x000000,0x000000,0x010101,0x000000,
0x000000,0x000000,0x000000,0x000000,0x000000,0x000000,0x000000,0x000000,0x000000,0x000000,0x010101,0x010101,
0x000000,0x000000,0x010101,0x010101,0x000000,0x000000,0x010101,0x010101,0x000000,0x000000,0x000000,0x000000,
0x000000,0x000000,0x000000,0x000000,0x000000,0x000000,0x000000,0x000000,0x000000,0x000000,0x010101,0x010101,
0x000000,0x010101,0x010101,0x010101,0x010101,0x010101,0x010101,0x010101,0x000000,0x000000,0x010101,0x010101,
0x000000,0x000000,0x010101,0x010101,0x000000,0x000000,0x010101,0x010101,0x000000,0x000000,0x000000,0x000000,
0x000000,0x000000,0x000000,0x000000,0x000000,0x000000,0x000000,0x000000,0x000000,0x000000,0x000000,0x000000,
0x010101,0x010101,0x000000,0x000000,0x000000,0x000000,0x000000,0x000000,0x000000,0x000000,0x000000,0x000000,
0x000000,0x000000,0x000000,0x000000,0x000000,0x000000,0x010101,0x010101,0x000000,0x000000,0x000000,0x000000,
0x000000,0x000000,0x000000,0x000000,0x000000,0x000000,0x000000,0x000000,0x000000,0x000000,0x010101,0x010101,
0x010101,0x010101,0x000000,0x000000,0x010101,0x010101,0x000000,0x010101,0x000000,0x010101,0x010101,0x010101,
0x010102,0x000000,0x1D2021,0x3C4548,0x373F42,0x374144,0x3C4346,0x0F1111,0x000000,0x010101,0x000000,0x000000,
0x000000,0x000000,0x010101,0x010101,0x000000,0x000000,0x010201,0x000101,0x2C3034,0x3A4346,0x364041,0x394144,
0x2D3033,0x000001,0x000000,0x000001,0x010002,0x000000,0x000000,0x23272A,0x3A4245,0x363E41,0x383F42,0x373C40,
0x08080A,0x010102,0x020202,0x010101,0x010101,0x010101,0x000000,0x010101,0x000000,0x010101,0x000000,0x000000,
0x000000,0x2A2E30,0x3A4246,0x363D43,0x384043,0x34393C,0x030406,0x000000,0x010101,0x010101,0x010101,0x010101,
0x010101,0x010101,0x010101,0x010101,0x010101,0x010101,0x010101,0x020101,0x000000,0x020102,0x0D0F10,0x1A1C1F,
0x25292D,0x2F3437,0x383D40,0x3F4447,0x3C4546,0x384143,0x394043,0x373E41,0x394344,0x353B3D,0x060708,0x010101,
0x000000,0x000000,0x000000,0x010101,0x000000,0x292B2E,0x3C4146,0x353D40,0x383F42,0x373C3F,0x060709,0x000000,
0x010101,0x010101,0x010101,0x010101,0x010102,0x020201,0x000000,0x18191C,0x3C4346,0x364042,0x364042,0x3B4245,
0x121215,0x000000,0x010101,0x000000,0x000000,0x000000,0x010101,0x010101,0x010101,0x010101,0x010101,0x000000,
0x000000,0x000000,0x000000,0x000000,0x000000,0x000000,0x000000,0x000000,0x000000,0x000000,0x000000,0x000000,
0x000000,0x000000,0x010101,0x000000,0x000000,0x000000,0x000000,0x000000,0x000000,0x000000,0x000000,0x000000,
0x000000,0x000000,0x010101,0x010101,0x000000,0x000000,0x010101,0x010101,0x000000,0x000000,0x010101,0x010101,
0x000000,0x000000,0x000000,0x000000,0x000000,0x000000,0x000000,0x000000,0x000000,0x000000,0x000000,0x000000,
0x000000,0x000000,0x010101,0x010101,0x000000,0x010101,0x000000,0x000000,0x010101,0x010101,0x010101,0x010101,
0x000000,0x000000,0x010101,0x010101,0x000000,0x000000,0x000000,0x010101,0x010101,0x010101,0x000000,0x000000,
0x000000,0x000000,0x000000,0x000000,0x000000,0x000000,0x000000,0x000000,0x010101,0x000000,0x010101,0x010101,
0x010101,0x010101,0x000000,0x000000,0x010101,0x010101,0x010101,0x010101,0x000000,0x000000,0x000000,0x000000,
0x000000,0x000000,0x010101,0x010101,0x010101,0x010101,0x010101,0x010101,0x010101,0x000000,0x000000,0x000000,
0x000000,0x000000,0x000000,0x000000,0x000000,0x000000,0x000000,0x000000,0x000000,0x000000,0x010101,0x010101,
0x000000,0x000000,0x010101,0x010101,0x000000,0x000000,0x000000,0x000000,0x000000,0x000000,0x000000,0x000000,
0x010101,0x010101,0x010101,0x010101,0x020203,0x000000,0x1D2021,0x3D4548,0x373F42,0x374043,0x3C4346,0x0F1111,
0x000000,0x010101,0x010101,0x010101,0x000000,0x000000,0x010101,0x010101,0x010001,0x010101,0x000000,0x0E1111,
0x3D4246,0x374143,0x374143,0x374043,0x2F3536,0x272A2D,0x2A2D30,0x2C3134,0x2D3233,0x2B2D2F,0x28292C,0x2C3135,
0x384043,0x384043,0x393F43,0x3E4347,0x1F2224,0x000000,0x020202,0x020101,0x010101,0x010101,0x010101,0x010101,
0x010101,0x010101,0x010101,0x010101,0x000000,0x2B2F31,0x3B4246,0x363D43,0x394144,0x353A3D,0x040507,0x000000,
0x000000,0x000000,0x010101,0x010101,0x000000,0x000000,0x010101,0x010101,0x000000,0x000000,0x010101,0x010101,
0x020201,0x010000,0x000000,0x000000,0x000000,0x020405,0x0D0E0F,0x1F2021,0x313737,0x3D4546,0x394043,0x363D40,
0x333D3F,0x3B4345,0x1D2022,0x000000,0x010101,0x000000,0x000000,0x020202,0x000000,0x27292C,0x3E4348,0x363E40,
0x373F41,0x373C3F,0x08090B,0x000000,0x010101,0x000000,0x010101,0x010101,0x010102,0x010101,0x000000,0x1D1D20,
0x3C4246,0x364042,0x364143,0x3A4144,0x101013,0x000000,0x010101,0x000000,0x000000,0x000000,0x010101,0x010101,
0x010101,0x010101,0x000000,0x000000,0x000000,0x000000,0x000000,0x000000,0x000000,0x000000,0x010101,0x010101,
0x010101,0x010101,0x000000,0x000000,0x010101,0x010101,0x010101,0x010101,0x000000,0x000000,0x000000,0x000000,
0x000000,0x000000,0x000000,0x000000,0x000000,0x000000,0x010101,0x010101,0x010101,0x010101,0x000000,0x010101,
0x010101,0x010101,0x010101,0x010101,0x000000,0x000000,0x010101,0x010101,0x000000,0x000000,0x010101,0x010101,
0x000000,0x000000,0x000000,0x000000,0x010101,0x000000,0x000000,0x000000,0x010101,0x010101,0x000000,0x000000,
0x010101,0x010101,0x000000,0x000000,0x000000,0x000000,0x010101,0x010101,0x000000,0x000000,0x000000,0x010101,
0x010101,0x010101,0x000000,0x000000,0x000000,0x000000,0x000000,0x000000,0x000000,0x000000,0x000000,0x010101,
0x010101,0x000000,0x010101,0x010101,0x010101,0x010101,0x010101,0x010101,0x010101,0x010101,0x010101,0x010101,
0x000000,0x000000,0x000000,0x000000,0x000000,0x000000,0x010101,0x010101,0x010101,0x010101,0x010101,0x010101,
0x010101,0x000000,0x000000,0x000000,0x000000,0x000000,0x000000,0x000000,0x000000,0x000000,0x000000,0x000000,
0x000000,0x000000,0x010101,0x010101,0x010101,0x010101,0x010101,0x010101,0x000000,0x000000,0x000000,0x000000,
0x000000,0x000000,0x000000,0x000000,0x010101,0x010101,0x010101,0x010101,0x020203,0x000000,0x1D2021,0x3D4548,
0x373F42,0x374043,0x3C4346,0x0F1111,0x000000,0x010101,0x010101,0x010101,0x000000,0x000000,0x010101,0x010101,
0x020001,0x010101,0x000000,0x282C2C,0x3E4548,0x374143,0x384345,0x374143,0x374241,0x384042,0x394144,0x384345,
0x394344,0x3B4144,0x3B4144,0x384043,0x373F42,0x394144,0x3A4144,0x3C4145,0x353A3B,0x030506,0x000101,0x020001,
0x000000,0x000000,0x010101,0x010101,0x010101,0x010101,0x010101,0x010101,0x000000,0x2B2F31,0x3A4245,0x353D42,
0x394144,0x353A3D,0x040507,0x000000,0x010101,0x010101,0x010101,0x010101,0x010101,0x010101,0x010101,0x010101,
0x000000,0x000000,0x000000,0x000000,0x010201,0x000001,0x010101,0x010103,0x010100,0x000000,0x000000,0x000000,
0x000101,0x202324,0x384143,0x343E40,0x353E41,0x394345,0x2A2F30,0x000000,0x010101,0x000000,0x000000,0x020202,
0x000000,0x1F2125,0x3D4246,0x363E40,0x353E40,0x3A4244,0x111314,0x000000,0x020202,0x000000,0x010101,0x010101,
0x010102,0x010101,0x000000,0x26292B,0x3A4044,0x353F41,0x353F41,0x383F42,0x0C0C0E,0x000000,0x020202,0x010101,
0x010101,0x010101,0x010101,0x010101,0x010101,0x010101,0x000000,0x000000,0x000000,0x000000,0x000000,0x000000,
0x000000,0x000000,0x010101,0x010101,0x010101,0x010101,0x010101,0x010101,0x010101,0x010101,0x010101,0x010101,
0x000000,0x000000,0x000000,0x000000,0x000000,0x000000,0x000000,0x000000,0x000000,0x000000,0x010101,0x010101,
0x010101,0x010101,0x000000,0x010101,0x010101,0x010101,0x010101,0x010101,0x000000,0x000000,0x010101,0x010101,
0x000000,0x000000,0x010101,0x010101,0x000000,0x000000,0x000000,0x000000,0x010101,0x000000,0x000000,0x000000,
0x010101,0x010101,0x000000,0x000000,0x010101,0x010101,0x000000,0x000000,0x010101,0x010101,0x010101,0x010101,
0x000000,0x000000,0x010101,0x010101,0x000000,0x000000,0x010101,0x010101,0x000000,0x000000,0x010101,0x010101,
0x000000,0x000000,0x010101,0x010101,0x000000,0x010101,0x000000,0x010101,0x000000,0x010101,0x010101,0x000000,
0x000000,0x000000,0x000000,0x000000,0x000000,0x000000,0x000000,0x000000,0x000000,0x000000,0x010101,0x010101,
0x000000,0x000000,0x010101,0x010101,0x000000,0x000000,0x010101,0x010101,0x000000,0x000000,0x000000,0x000000,
0x000000,0x000000,0x010101,0x010101,0x010101,0x010101,0x010101,0x010101,0x000000,0x010101,0x010101,0x010101,
0x000000,0x000000,0x000000,0x000000,0x010101,0x000000,0x000000,0x000000,0x000000,0x000000,0x010101,0x010101,
0x010102,0x000000,0x1C2021,0x3C4648,0x384042,0x364042,0x3C4345,0x0F1112,0x000000,0x010101,0x010101,0x010101,
0x000000,0x000000,0x010101,0x010101,0x010001,0x000000,0x090B0D,0x3A3F42,0x384243,0x394244,0x3A4346,0x3B4447,
0x394345,0x374143,0x364042,0x353F41,0x363F41,0x374042,0x394244,0x3B4346,0x3C4447,0x3A4245,0x3A4244,0x384042,
0x3C4547,0x191B1E,0x000000,0x020101,0x000000,0x010101,0x010101,0x010101,0x000000,0x000000,0x000000,0x000000,
0x000000,0x2B2E31,0x3B4246,0x353F41,0x374144,0x333A3D,0x030506,0x000000,0x010101,0x010101,0x000000,0x010101,
0x010101,0x000000,0x010101,0x010101,0x000000,0x010101,0x050506,0x070709,0x000000,0x000000,0x030202,0x020201,
0x020202,0x020202,0x020202,0x030303,0x020101,0x010203,0x323639,0x363E41,0x363D41,0x3A4345,0x2D3234,0x000001,
0x010102,0x010101,0x000000,0x010101,0x000000,0x151517,0x3A4043,0x333F41,0x353E40,0x374343,0x242C2B,0x000000,
0x020102,0x010101,0x020202,0x010101,0x030201,0x000000,0x080A0C,0x373D40,0x363D42,0x353D40,0x363F41,0x31383A,
0x030304,0x000000,0x010101,0x010101,0x010101,0x010101,0x010101,0x010101,0x010101,0x010101,0x010101,0x010101,
0x000000,0x000000,0x000000,0x000000,0x000000,0x000000,0x010101,0x010101,0x000000,0x010101,0x010101,0x010101,
0x010101,0x010101,0x010101,0x010101,0x000000,0x000000,0x010101,0x010101,0x000000,0x000000,0x000000,0x000000,
0x010101,0x010101,0x010101,0x010101,0x010101,0x010101,0x010101,0x010101,0x000000,0x000000,0x000000,0x000000,
0x000000,0x000000,0x010101,0x010101,0x000000,0x000000,0x010101,0x010101,0x000000,0x010101,0x010101,0x010101,
0x000000,0x000000,0x000000,0x000000,0x000000,0x000000,0x000000,0x000000,0x010101,0x010101,0x010101,0x010101,
0x010101,0x010101,0x010101,0x010101,0x000000,0x000000,0x010101,0x010101,0x000000,0x000000,0x010101,0x010101,
0x000000,0x000000,0x010101,0x010101,0x000000,0x000000,0x010101,0x010101,0x000000,0x010101,0x000000,0x010101,
0x000000,0x010101,0x010101,0x000000,0x000000,0x000000,0x000000,0x000000,0x000000,0x000000,0x000000,0x000000,
0x000000,0x010101,0x000000,0x000000,0x000000,0x000000,0x010101,0x010101,0x010101,0x010101,0x000000,0x000000,
0x000000,0x000000,0x000000,0x000000,0x000000,0x000000,0x010101,0x010101,0x010101,0x010101,0x010101,0x010101,
0x000000,0x010101,0x010101,0x010101,0x000000,0x000000,0x000000,0x000000,0x010101,0x000000,0x000000,0x000000,
0x000000,0x000000,0x010101,0x010101,0x010102,0x000000,0x1C2021,0x3C4648,0x384042,0x364042,0x3B4245,0x0F1012,
0x000000,0x010101,0x010101,0x010101,0x000000,0x000000,0x010101,0x010101,0x020101,0x000000,0x212527,0x3C4346,
0x374142,0x3A4344,0x3C4346,0x373C3F,0x353B3D,0x333A3C,0x32393B,0x32383A,0x34383A,0x34393B,0x353A3C,0x363B3D,
0x373C3F,0x3C4244,0x3A4244,0x374042,0x374143,0x303437,0x020203,0x010001,0x000000,0x010101,0x000000,0x000000,
0x010101,0x010101,0x000000,0x000000,0x000000,0x2C2E31,0x3B4246,0x353F41,0x384145,0x333A3D,0x030506,0x000000,
0x010101,0x010101,0x000000,0x010101,0x010101,0x010101,0x010101,0x010101,0x010101,0x000000,0x1E2023,0x3A3D3F,
0x191C1E,0x050607,0x000000,0x000000,0x000000,0x000000,0x000000,0x000000,0x000000,0x0B0D0F,0x343A3D,0x363E41,
0x363E41,0x3C4346,0x292C2E,0x000000,0x020202,0x010101,0x000000,0x000000,0x000000,0x050506,0x34393C,0x354042,
0x364041,0x354141,0x3A4344,0x1C1E21,0x000000,0x000000,0x000000,0x000000,0x000000,0x050607,0x2F3437,0x3C4447,
0x363E41,0x353D41,0x3C4346,0x23282A,0x000000,0x010101,0x010101,0x010101,0x010101,0x010101,0x000000,0x000000,
0x010101,0x010101,0x010101,0x010101,0x000000,0x000000,0x000000,0x000000,0x000000,0x010101,0x010101,0x010101,
0x000000,0x010101,0x000000,0x000000,0x010101,0x010101,0x010101,0x010101,0x000000,0x000000,0x010101,0x010101,
0x000000,0x000000,0x000000,0x000000,0x010101,0x010101,0x010101,0x010101,0x000000,0x000000,0x000000,0x000000,
0x000000,0x000000,0x000000,0x000000,0x000000,0x000000,0x010101,0x010101,0x000000,0x000000,0x010101,0x010101,
0x000000,0x010101,0x010101,0x010101,0x000000,0x000000,0x000000,0x000000,0x000000,0x000000,0x000000,0x000000,
0x010101,0x010101,0x000000,0x000000,0x000000,0x000000,0x000000,0x000000,0x010101,0x000000,0x010101,0x010101,
0x000000,0x000000,0x010101,0x010101,0x010101,0x010101,0x000000,0x010101,0x010101,0x010101,0x010101,0x010101,
0x010101,0x000000,0x010101,0x010101,0x010101,0x010101,0x010101,0x010101,0x000000,0x000000,0x000000,0x000000,
0x000000,0x000000,0x010101,0x010101,0x010101,0x010101,0x010101,0x010101,0x010101,0x000000,0x010101,0x010101,
0x010101,0x010101,0x000000,0x000000,0x010101,0x010101,0x010101,0x010101,0x010101,0x010101,0x000000,0x010101,
0x010101,0x000000,0x010101,0x010101,0x010101,0x000000,0x000000,0x010101,0x000000,0x000000,0x000000,0x000000,
0x000000,0x000000,0x010101,0x010101,0x010101,0x010101,0x000000,0x010101,0x020203,0x000000,0x1D2122,0x3C4649,
0x373F41,0x364042,0x3B4144,0x0F1012,0x000000,0x010101,0x010101,0x000000,0x010101,0x010101,0x010101,0x010101,
0x010000,0x060608,0x343B3D,0x384243,0x364143,0x3D4647,0x2E3233,0x030404,0x030406,0x030406,0x030406,0x030406,
0x030405,0x030405,0x030405,0x040505,0x020203,0x232729,0x3C4547,0x354042,0x343E40,0x384042,0x121417,0x000000,
0x020202,0x010101,0x010101,0x010101,0x000000,0x010101,0x000000,0x000000,0x000000,0x2D2F32,0x3C4346,0x353F41,
0x374044,0x333A3D,0x030506,0x000000,0x010101,0x010101,0x010101,0x010101,0x000000,0x010101,0x010101,0x010101,
0x000000,0x030404,0x33383B,0x3C4247,0x3B4446,0x32393B,0x24282A,0x17191A,0x0F1111,0x0B0E0E,0x0A0D0D,0x0C0E0F,
0x181B1E,0x32373A,0x373F41,0x384042,0x373F41,0x3F4346,0x1B1B1C,0x000000,0x020202,0x010101,0x000000,0x010101,
0x010101,0x000000,0x1D2022,0x3A4445,0x353F40,0x384344,0x394244,0x3D4448,0x2E3134,0x1B1C1F,0x111316,0x111316,
0x1B1E21,0x32373A,0x3B4345,0x373F42,0x364042,0x383F42,0x3C4043,0x0B0D0F,0x000000,0x010101,0x010101,0x010101,
0x010101,0x010101,0x010101,0x010101,0x010101,0x010101,0x000000,0x000000,0x000000,0x000000,0x000000,0x010101,
0x010101,0x010101,0x010101,0x010101,0x010101,0x010101,0x010101,0x010101,0x010101,0x010101,0x010101,0x010101,
0x000000,0x000000,0x000000,0x010101,0x010101,0x010101,0x010101,0x010101,0x010101,0x010101,0x010101,0x010101,
0x010101,0x010101,0x010101,0x010101,0x010101,0x010101,0x000000,0x010101,0x000000,0x000000,0x000000,0x010101,
0x010101,0x000000,0x000000,0x010101,0x010101,0x010101,0x010101,0x010101,0x010101,0x000000,0x000000,0x000000,
0x010101,0x000000,0x000000,0x010101,0x010101,0x010101,0x000000,0x000000,0x000000,0x000000,0x000000,0x000000,
0x010101,0x000000,0x010101,0x010101,0x000000,0x000000,0x010101,0x010101,0x010101,0x010101,0x000000,0x010101,
0x010101,0x010101,0x010101,0x010101,0x010101,0x000000,0x010101,0x010101,0x010101,0x010101,0x010101,0x010101,
0x000000,0x000000,0x010101,0x010101,0x000000,0x000000,0x010101,0x010101,0x010101,0x010101,0x010101,0x010101,
0x010101,0x000000,0x010101,0x010101,0x010101,0x010101,0x000000,0x010101,0x010101,0x010101,0x010101,0x010101,
0x010101,0x010101,0x000000,0x010101,0x010101,0x000000,0x010101,0x010101,0x010101,0x000000,0x000000,0x010101,
0x000000,0x000000,0x000000,0x000000,0x000000,0x000000,0x010101,0x010101,0x010101,0x010101,0x000000,0x010101,
0x020203,0x000000,0x1C2122,0x3C4649,0x363F41,0x353F41,0x394043,0x0E0F11,0x000000,0x010101,0x010101,0x000000,
0x010101,0x010101,0x010101,0x020202,0x000000,0x1B1D1F,0x394144,0x334041,0x354042,0x3C4547,0x141717,0x000000,
0x010101,0x010000,0x010000,0x010000,0x000000,0x010000,0x000000,0x010000,0x000000,0x0B0C0D,0x384142,0x344042,
0x343E40,0x364042,0x282E30,0x000102,0x010101,0x000000,0x010101,0x010101,0x000000,0x010101,0x000000,0x000000,
0x000000,0x2C2E32,0x3A4145,0x343E40,0x374044,0x333A3D,0x030506,0x000000,0x000000,0x000000,0x010101,0x010101,
0x000000,0x010101,0x010101,0x020202,0x000000,0x1D2020,0x3E4548,0x343D41,0x363E41,0x374042,0x3C4547,0x3E4749,
0x3D4648,0x3A4345,0x374042,0x394244,0x3B4346,0x3A4245,0x394143,0x363F40,0x3A4345,0x343639,0x040404,0x010100,
0x010101,0x010101,0x000000,0x010101,0x000100,0x010101,0x030304,0x2F3537,0x3E494A,0x374143,0x363F42,0x374045,
0x3B4446,0x3D4648,0x3C4547,0x3A4244,0x394044,0x373F43,0x363E41,0x363F41,0x374142,0x404749,0x1E2123,0x000000,
0x010101,0x010101,0x010101,0x010101,0x000000,0x000000,0x010101,0x010101,0x010101,0x010101,0x000000,0x000000,
0x000000,0x000000,0x010101,0x010101,0x000000,0x000000,0x010101,0x010101,0x010101,0x010101,0x010101,0x010101,
0x000000,0x000000,0x010101,0x010101,0x000000,0x000000,0x000000,0x010101,0x010101,0x010101,0x010101,0x010101,
0x010101,0x010101,0x010101,0x010101,0x000000,0x000000,0x010101,0x010101,0x010101,0x010101,0x000000,0x010101,
0x000000,0x000000,0x000000,0x010101,0x010101,0x000000,0x000000,0x010101,0x010101,0x010101,0x010101,0x010101,
0x010101,0x000000,0x000000,0x000000,0x010101,0x000000,0x000000,0x010101,0x010101,0x010101,0x010101,0x010101,
0x000000,0x000000,0x000000,0x000000,0x000000,0x000000,0x010101,0x010101,0x000000,0x000000,0x000000,0x000000,
0x000000,0x000000,0x010101,0x010101,0x000000,0x000000,0x010101,0x010101,0x010101,0x010101,0x010101,0x010101,
0x000000,0x000000,0x010101,0x010101,0x000000,0x000000,0x000000,0x000000,0x010101,0x010101,0x010101,0x010101,
0x000000,0x010101,0x010101,0x010101,0x010101,0x010101,0x010101,0x010101,0x000000,0x000000,0x000000,0x000000,
0x010101,0x010101,0x010101,0x010101,0x010101,0x010101,0x010101,0x010101,0x000000,0x010101,0x010101,0x010101,
0x000000,0x000000,0x000000,0x000000,0x000000,0x000000,0x000000,0x000000,0x000000,0x000000,0x010101,0x010101,
0x000000,0x010101,0x010101,0x010101,0x020101,0x000000,0x1B2023,0x3C4447,0x343E40,0x343F41,0x383E41,0x0E0E12,
0x000000,0x010101,0x010101,0x010101,0x010101,0x010101,0x020202,0x010101,0x010206,0x2F3638,0x344041,0x333F41,
0x394446,0x333A3C,0x020304,0x020101,0x020102,0x010101,0x010101,0x010101,0x000000,0x010101,0x010101,0x010101,
0x030102,0x000000,0x262D2F,0x394446,0x333E3E,0x313D3D,0x353E3F,0x0E1014,0x000000,0x020202,0x010101,0x000000,
0x010101,0x010101,0x000000,0x010100,0x000000,0x2A2C31,0x393F45,0x343D41,0x354043,0x32393C,0x030507,0x000000,
0x010101,0x010101,0x010101,0x010101,0x010101,0x010101,0x010101,0x010100,0x000101,0x151918,0x363C3E,0x3C4448,
0x394244,0x384243,0x374242,0x374343,0x384243,0x384243,0x364042,0x374143,0x373F42,0x374143,0x3A4446,0x3C4547,
0x363C3F,0x0B0D0F,0x000000,0x020101,0x000000,0x010101,0x010101,0x010101,0x010101,0x020202,0x010000,0x090A0A,
0x33393B,0x41484B,0x3A4245,0x374143,0x373F41,0x363F41,0x373F41,0x373F41,0x353E41,0x333D3F,0x333D3F,0x384244,
0x3E4447,0x242629,0x000000,0x020101,0x010101,0x010101,0x010101,0x010101,0x010101,0x010101,0x010101,0x010101,
0x000000,0x010101,0x010101,0x010101,0x000000,0x000000,0x010101,0x010101,0x010101,0x010101,0x010101,0x010101,
0x010101,0x010101,0x010101,0x010101,0x000000,0x000000,0x000000,0x000000,0x000000,0x000000,0x000000,0x000000,
0x000000,0x010101,0x010101,0x010101,0x010101,0x010101,0x010101,0x010101,0x010101,0x010101,0x010101,0x000000,
0x000000,0x000000,0x000000,0x000000,0x000000,0x000000,0x010101,0x010101,0x000000,0x010101,0x010101,0x010101,
0x010101,0x010101,0x010101,0x010101,0x000000,0x000000,0x010101,0x010101,0x000000,0x010101,0x010101,0x010101,
0x010101,0x010101,0x010101,0x010101,0x000000,0x000000,0x000000,0x000000,0x000000,0x000000,0x010101,0x010101,
0x000000,0x000000,0x000000,0x000000,0x000000,0x000000,0x000000,0x000000,0x000000,0x000000,0x000000,0x000000,
0x000000,0x000000,0x000000,0x000000,0x000000,0x000000,0x000000,0x000000,0x000000,0x000000,0x000000,0x000000,
0x010101,0x010101,0x010101,0x010101,0x000000,0x010101,0x000000,0x000000,0x010101,0x010101,0x000000,0x000000,
0x000000,0x000000,0x000000,0x000000,0x010101,0x010101,0x000000,0x000000,0x010101,0x010101,0x000000,0x000000,
0x000000,0x010101,0x000000,0x000000,0x000000,0x000000,0x000000,0x000000,0x000000,0x000000,0x000000,0x000000,
0x000000,0x000000,0x010101,0x010101,0x000000,0x010101,0x000000,0x000000,0x020101,0x000000,0x1E2124,0x43484B,
0x3D4447,0x3D4648,0x3F4446,0x0F0F12,0x000000,0x010101,0x010101,0x010101,0x000000,0x010101,0x020202,0x000000,
0x1B1E1F,0x424A4A,0x3A4244,0x3A3F42,0x41474A,0x1C2021,0x000000,0x020101,0x010101,0x010101,0x010101,0x010101,
0x000000,0x010101,0x000000,0x000000,0x020101,0x000000,0x0D1012,0x3D4447,0x3C4246,0x394144,0x3F4549,0x313237,
0x020203,0x010101,0x010101,0x000000,0x010101,0x010101,0x000000,0x000000,0x000000,0x2D2F33,0x3C4146,0x383F42,
0x3C4547,0x393E41,0x040506,0x000000,0x010101,0x010101,0x010101,0x010101,0x010101,0x010101,0x010101,0x000000,
0x020102,0x000000,0x050608,0x1E2123,0x32383A,0x3D4446,0x41484A,0x3D4748,0x3A4446,0x384244,0x374143,0x394345,
0x3C4748,0x3F4749,0x3C4144,0x282B2D,0x06080A,0x000001,0x000001,0x000000,0x000000,0x010101,0x000000,0x000000,
0x010101,0x010101,0x020202,0x000000,0x020405,0x212527,0x3A3F42,0x3F4548,0x3E4649,0x3C4447,0x3B4346,0x3B4346,
0x3B4245,0x3A4144,0x394043,0x2E3437,0x15181A,0x000000,0x000001,0x010000,0x010101,0x010101,0x000000,0x000000,
0x000000,0x000000,0x010101,0x010101,0x000000,0x010101,0x010101,0x010101,0x000000,0x000000,0x000000,0x000000,
0x010101,0x010101,0x000000,0x000000,0x000000,0x000000,0x010101,0x010101,0x000000,0x000000,0x000000,0x000000,
0x000000,0x000000,0x000000,0x000000,0x000000,0x010101,0x000000,0x000000,0x000000,0x000000,0x000000,0x000000,
0x010101,0x010101,0x010101,0x000000,0x000000,0x000000,0x000000,0x000000,0x000000,0x000000,0x000000,0x000000,
0x000000,0x010101,0x000000,0x000000,0x010101,0x010101,0x000000,0x000000,0x000000,0x000000,0x000000,0x000000,
0x000000,0x010101,0x010101,0x010101,0x010101,0x010101,0x000000,0x000000,0x000000,0x000000,0x010101,0x010101,
0x000000,0x000000,0x010101,0x010101,0x000000,0x000000,0x010101,0x010101,0x000000,0x000000,0x010101,0x010101,
0x010101,0x000000,0x010101,0x010101,0x010101,0x010101,0x010101,0x010101,0x010101,0x010101,0x000000,0x010101,
0x010101,0x000000,0x000000,0x010101,0x010101,0x010101,0x000000,0x010101,0x010101,0x010101,0x010101,0x010101,
0x010101,0x000000,0x010101,0x010101,0x010101,0x010101,0x000000,0x000000,0x010101,0x010101,0x010101,0x010101,
0x010101,0x010101,0x010101,0x010101,0x010101,0x010101,0x010101,0x010101,0x000000,0x000000,0x000000,0x000000,
0x000000,0x000000,0x010101,0x010101,0x000000,0x010101,0x010101,0x010101,0x010101,0x010101,0x010101,0x010101,
0x010100,0x000000,0x0D0E0F,0x1B1E1E,0x1A1C1E,0x1A1E1F,0x1B1D1E,0x080708,0x000000,0x000100,0x010101,0x010101,
0x010101,0x010101,0x010101,0x010101,0x161817,0x1D2221,0x191C1D,0x19191B,0x191B1C,0x050506,0x000000,0x010101,
0x000000,0x000000,0x000000,0x000000,0x010101,0x010101,0x010101,0x010101,0x010101,0x010101,0x010102,0x161718,
0x1B1C1F,0x191D1F,0x1B1F21,0x1D1E21,0x060606,0x010101,0x010101,0x010101,0x010101,0x010101,0x000000,0x010101,
0x000000,0x121316,0x17191C,0x171A1A,0x1A1E1F,0x181B1C,0x020204,0x010002,0x000000,0x000000,0x000000,0x000000,
0x010101,0x010101,0x010101,0x010101,0x020001,0x020102,0x000000,0x000000,0x030406,0x0F1113,0x1D2021,0x262B2C,
0x2A2E31,0x2B3033,0x2B3033,0x282D30,0x23282A,0x191C1E,0x0A0A0B,0x000000,0x000000,0x010101,0x000000,0x000000,
0x010101,0x010101,0x010101,0x010101,0x010101,0x010101,0x010101,0x010101,0x000100,0x000000,0x070909,0x191C1E,
0x24282B,0x2B2F32,0x2D3134,0x2C3033,0x292B2D,0x1F2224,0x111316,0x010305,0x000000,0x000001,0x000000,0x010101,
0x010101,0x010101,0x000000,0x010101,0x010101,0x010101,0x000000,0x000000,0x010101,0x010101,0x010101,0x010101,
0x010101,0x000000,0x010101,0x010101,0x010101,0x010101,0x010101,0x010101,0x010101,0x010101,0x000000,0x000000,
0x010101,0x010101,0x000000,0x000000,0x000000,0x000000,0x010101,0x010101,0x010101,0x010101,0x000000,0x010101,
0x010101,0x010101,0x010101,0x010101,0x010101,0x010101,0x010101,0x010101,0x000000,0x000000,0x010101,0x010101,
0x010101,0x010101,0x010101,0x010101,0x010101,0x010101,0x010101,0x010101,0x010101,0x010101,0x010101,0x010101,
0x000000,0x000000,0x000000,0x010101,0x010101,0x010101,0x010101,0x010101,0x010101,0x010101,0x000000,0x010101,
0x000000,0x000000,0x010101,0x010101,0x000000,0x000000,0x010101,0x010101,0x000000,0x000000,0x010101,0x010101,
0x000000,0x000000,0x010101,0x010101,0x010101,0x000000,0x010101,0x010101,0x010101,0x010101,0x010101,0x010101,
0x010101,0x010101,0x000000,0x010101,0x010101,0x000000,0x000000,0x010101,0x010101,0x010101,0x010101,0x010101,
0x000000,0x000000,0x010101,0x010101,0x010101,0x000000,0x010101,0x010101,0x010101,0x010101,0x010101,0x010101,
0x010101,0x010101,0x010101,0x010101,0x010101,0x010101,0x010101,0x010101,0x010101,0x010101,0x010101,0x010101,
0x000000,0x000000,0x000000,0x000000,0x000000,0x000000,0x010101,0x010101,0x000000,0x010101,0x010101,0x010101,
0x000000,0x000000,0x000000,0x000000,0x000002,0x000000,0x000000,0x000000,0x000000,0x000000,0x000000,0x010000,
0x000000,0x000000,0x010101,0x010101,0x010101,0x010101,0x000000,0x010101,0x000000,0x000000,0x000000,0x000000,
0x000000,0x000000,0x000000,0x000102,0x000000,0x000000,0x000000,0x000000,0x010101,0x010101,0x010101,0x010101,
0x010103,0x010101,0x020101,0x000000,0x000000,0x000000,0x000000,0x000000,0x010101,0x010101,0x010101,0x010101,
0x010101,0x010101,0x000000,0x010101,0x010101,0x000000,0x000000,0x000000,0x000000,0x000000,0x000002,0x010002,
0x000000,0x000000,0x000000,0x000000,0x010101,0x010101,0x000000,0x000000,0x000201,0x010101,0x010100,0x020302,
0x020103,0x000001,0x000000,0x000000,0x000000,0x000000,0x000000,0x000000,0x000000,0x000000,0x000000,0x010101,
0x010000,0x000000,0x000000,0x000000,0x010101,0x010101,0x000000,0x000000,0x010101,0x010101,0x010101,0x010101,
0x020101,0x020202,0x000000,0x000000,0x000000,0x000000,0x000000,0x000000,0x000000,0x000000,0x000000,0x010102,
0x020101,0x000000,0x000000,0x010101,0x010101,0x010101,0x000000,0x010101,0x010101,0x010101,0x010101,0x010101,
0x010101,0x010101,0x010101,0x010101,0x010101,0x000000,0x010101,0x010101,0x010101,0x010101,0x010101,0x010101,
0x010101,0x010101,0x000000,0x000000,0x010101,0x010101,0x010101,0x010101,0x000000,0x000000,0x010101,0x010101,
0x010101,0x010101,0x000000,0x010101,0x010101,0x010101,0x010101,0x010101,0x010101,0x010101,0x010101,0x010101,
0x000000,0x000000,0x010101,0x010101,0x010101,0x010101,0x010101,0x010101,0x010101,0x010101,0x010101,0x010101,
0x010101,0x010101,0x010101,0x010101,0x000000,0x000000,0x000000,0x010101,0x010101,0x010101,0x010101,0x010101,
0x010101,0x010101,0x000000,0x010101,0x010101,0x010101,0x000000,0x000000,0x010101,0x010101,0x000000,0x000000,
0x000000,0x000000,0x010101,0x010101,0x000000,0x000000,0x010101,0x010101,0x010101,0x010101,0x010101,0x010101,
0x000000,0x010101,0x010101,0x010101,0x010101,0x010101,0x010101,0x010101,0x000000,0x010101,0x010101,0x010101,
0x010101,0x010101,0x010101,0x010101,0x010101,0x010101,0x000000,0x000000,0x010101,0x010101,0x010101,0x010101,
0x000000,0x000000,0x010101,0x010101,0x000000,0x000000,0x010101,0x010101,0x000000,0x010101,0x010101,0x000000,
0x000000,0x000000,0x010101,0x010101,0x000000,0x000000,0x000000,0x000000,0x000000,0x000000,0x010101,0x010101,
0x000000,0x000000,0x010101,0x010101,0x010101,0x010101,0x010101,0x010101,0x000001,0x000001,0x020203,0x020203,
0x010101,0x010101,0x010101,0x000000,0x000000,0x000000,0x010101,0x010101,0x010101,0x010101,0x010101,0x010101,
0x010101,0x010201,0x010202,0x010202,0x010101,0x000000,0x000000,0x000000,0x000102,0x000102,0x000102,0x000102,
0x010101,0x010101,0x010101,0x010101,0x000102,0x000102,0x000102,0x020203,0x020303,0x020403,0x020202,0x020202,
0x010101,0x010101,0x010101,0x010101,0x010101,0x010101,0x010101,0x010101,0x010101,0x020202,0x020202,0x010101,
0x010101,0x010101,0x000000,0x000000,0x010101,0x010101,0x000000,0x000000,0x010101,0x010101,0x000000,0x010101,
0x010101,0x010101,0x010101,0x010101,0x020202,0x020202,0x020202,0x010101,0x010101,0x010101,0x010000,0x010000,
0x010101,0x010101,0x000101,0x000000,0x000001,0x000001,0x000102,0x000102,0x010101,0x010101,0x010101,0x010101,
0x010101,0x010101,0x010101,0x010101,0x010102,0x010102,0x010102,0x020203,0x020202,0x010101,0x010101,0x010101,
0x020202,0x020202,0x010102,0x000000,0x010101,0x000000,0x000000,0x000000,0x000000,0x010101,0x000000,0x000000,
0x000000,0x000000,0x010101,0x010101,0x000000,0x010101,0x010101,0x010101,0x000000,0x000000,0x010101,0x000000,
0x000000,0x000000,0x010101,0x010101,0x000000,0x000000,0x010101,0x010101,0x010101,0x010101,0x010101,0x010101,
0x000000,0x010101,0x010101,0x010101,0x010101,0x010101,0x010101,0x010101,0x000000,0x000000,0x010101,0x000000,
0x000000,0x000000,0x010101,0x010101,0x000000,0x010101,0x010101,0x010101,0x000000,0x010101,0x010101,0x010101,
0x000000,0x010101,0x000000,0x000000,0x000000,0x000000,0x010101,0x010101,0x000000,0x000000,0x010101,0x010101,
0x000000,0x000000,0x010101,0x010101,0x000000,0x000000,0x010101,0x010101,0x010101,0x010101,0x000000,0x000000,
0x010101,0x010101,0x000000,0x000000,0x000000,0x000000,0x010101,0x010101,0x000000,0x000000,0x010101,0x010101,
0x010101,0x010101,0x000000,0x000000,0x000000,0x010101,0x000000,0x000000,0x010101,0x010101,0x010101,0x010101,
0x000000,0x010101,0x010101,0x010101,0x010101,0x010101,0x010101,0x010101,0x010101,0x010101,0x000000,0x000000,
0x010101,0x010101,0x010101,0x010101,0x000000,0x000000,0x010101,0x010101,0x010101,0x010101,0x010101,0x010101,
0x000000,0x010101,0x010101,0x000000,0x000000,0x000000,0x000000,0x000000,0x000000,0x000000,0x000000,0x000000,
0x000000,0x000000,0x010101,0x010101,0x000000,0x000000,0x010101,0x010101,0x010101,0x010101,0x010101,0x020202,
0x010101,0x010101,0x020201,0x010101,0x000000,0x010101,0x010101,0x000000,0x000000,0x000000,0x010101,0x020202,
0x020202,0x010101,0x010101,0x010101,0x010101,0x010101,0x020101,0x020101,0x000000,0x000000,0x000000,0x000000,
0x020201,0x020201,0x020201,0x020202,0x020202,0x020202,0x010101,0x010101,0x020201,0x030202,0x020101,0x020101,
0x010302,0x020303,0x010101,0x010101,0x010101,0x010101,0x010101,0x010101,0x010101,0x010102,0x020202,0x020202,
0x020202,0x020202,0x010101,0x000000,0x000000,0x010101,0x010101,0x010101,0x020202,0x020202,0x010101,0x000000,
0x010101,0x010101,0x000000,0x020202,0x020202,0x020202,0x020202,0x010101,0x010101,0x010101,0x010101,0x010101,
0x010101,0x010101,0x000000,0x000000,0x010101,0x000000,0x000000,0x000000,0x010101,0x010101,0x020201,0x020201,
0x020202,0x010101,0x010101,0x010101,0x010101,0x020202,0x010101,0x010101,0x020201,0x020201,0x020201,0x020201,
0x020202,0x020202,0x020202,0x010101,0x020202,0x010101,0x010101,0x000101,0x010101,0x000000,0x010101,0x000000,
0x000000,0x010101,0x000000,0x000000,0x000000,0x000000,0x010101,0x010101,0x000000,0x010101,0x010101,0x010101,
0x010101,0x010101,0x010101,0x000000,0x010101,0x010101,0x000000,0x000000,0x000000,0x000000,0x000000,0x000000,
0x010101,0x010101,0x010101,0x010101,0x000000,0x010101,0x010101,0x010101,0x010101,0x010101,0x000000,0x000000,
0x000000,0x000000,0x010101,0x000000,0x000000,0x000000,0x010101,0x010101,0x000000,0x010101,0x000000,0x000000,
0x000000,0x010101,0x000000,0x000000,0x000000,0x010101,0x000000,0x000000,0x000000,0x000000,0x010101,0x010101,
0x000000,0x000000,0x000000,0x000000,0x010101,0x010101,0x000000,0x000000,0x010101,0x010101,0x000000,0x000000,
0x000000,0x000000,0x000000,0x000000,0x000000,0x000000,0x010101,0x010101,0x000000,0x000000,0x000000,0x010101,
0x010101,0x010101,0x010101,0x010101,0x000000,0x000000,0x010101,0x010101,0x010101,0x010101,0x010101,0x010101,
0x000000,0x000000,0x010101,0x010101,0x010101,0x010101,0x000000,0x010101,0x010101,0x000000,0x000000,0x010101,
0x000000,0x000000,0x000000,0x010101,0x000000,0x000000,0x000000,0x000000,0x000000,0x000000,0x010101,0x010101,
0x010101,0x010101,0x010101,0x010101,0x000000,0x000000,0x010101,0x010101,0x010101,0x010101,0x000000,0x000000,
0x000000,0x000000,0x010101,0x010101,0x000000,0x000000,0x010101,0x010101,0x010101,0x010101,0x010101,0x010101,
0x000000,0x000000,0x000000,0x000000,0x000000,0x000000,0x000000,0x000100,0x010202,0x000000,0x000000,0x010201,
0x010101,0x000000,0x020202,0x000000,0x000000,0x010101,0x000000,0x000000,0x000000,0x000000,0x000000,0x000000,
0x000000,0x020202,0x000000,0x000000,0x000000,0x000000,0x000000,0x000000,0x000000,0x000000,0x000103,0x010103,
0x000000,0x000000,0x000000,0x000000,0x000000,0x000000,0x010103,0x010103,0x010101,0x000000,0x000000,0x010101,
0x010103,0x000002,0x000000,0x000000,0x000000,0x000000,0x000000,0x010201,0x000002,0x000000,0x000000,0x000000,
0x000000,0x000000,0x000000,0x000102,0x010101,0x010202,0x010100,0x000000,0x000000,0x000000,0x000000,0x000102,
0x010101,0x010101,0x000000,0x000000,0x000000,0x000000,0x010101,0x000000,0x000000,0x000000,0x010101,0x000000,
0x000000,0x000000,0x000000,0x000000,0x000000,0x010101,0x020202,0x000000,0x010101,0x000000,0x000000,0x010101,
0x000000,0x000000,0x000000,0x000000,0x000000,0x000000,0x000000,0x000001,0x000000,0x000000,0x010101,0x000001,
0x020203,0x000002,0x000000,0x000001,0x000000,0x000000,0x010101,0x010101,0x010101,0x010101,0x010101,0x010101,
0x010101,0x010101,0x000000,0x000000,0x010101,0x010101,0x000000,0x010101,0x010101,0x010101,0x000000,0x000000,
0x010101,0x010101,0x010101,0x010101,0x000000,0x000000,0x000000,0x010101,0x010101,0x010101,0x000000,0x000000,
0x010101,0x010101,0x010101,0x010101,0x000000,0x000000,0x000000,0x010101,0x010101,0x010101,0x010101,0x010101,
0x000000,0x000000,0x000000,0x010101,0x010101,0x010101,0x010101,0x010101,0x010101,0x000000,0x000000,0x000000,
0x000000,0x000000,0x000000,0x000000,0x010101,0x010101,0x000000,0x010101,0x010101,0x010101,0x010101,0x010101,
0x010101,0x010101,0x010101,0x010101,0x000000,0x000000,0x000000,0x000000,0x000000,0x000000,0x010101,0x010101,
0x000000,0x000000,0x000000,0x010101,0x010101,0x010101,0x010101,0x010101,0x000000,0x000000,0x010101,0x010101,
0x010101,0x010101,0x010101,0x010101,0x000000,0x000000,0x010101,0x010101,0x010101,0x010101,0x000000,0x010101,
0x010101,0x000000,0x000000,0x010101,0x000000,0x000000,0x000000,0x010101,0x000000,0x000000,0x000000,0x000000,
0x000000,0x000000,0x010101,0x010101,0x010101,0x010101,0x010101,0x010101,0x000000,0x000000,0x010101,0x010101,
0x010101,0x010101,0x000000,0x000000,0x000000,0x000000,0x010101,0x010101,0x000000,0x000000,0x010101,0x010101,
0x010101,0x010101,0x010101,0x010101,0x000000,0x000000,0x020203,0x161717,0x242629,0x232528,0x16171A,0x020304,
0x010201,0x222423,0x1C1E1D,0x000101,0x010101,0x010001,0x000001,0x181819,0x1D1E1D,0x010101,0x101011,0x1E1E1F,
0x1D1F20,0x202224,0x242729,0x1D1F21,0x070708,0x000000,0x000000,0x050505,0x1B1E20,0x202326,0x242629,0x242729,
0x232527,0x1E2022,0x010305,0x000102,0x151719,0x1F2123,0x232528,0x25272A,0x232427,0x0F1012,0x000000,0x010103,
0x010101,0x000000,0x000000,0x020202,0x000001,0x050507,0x1D1E20,0x2B2B2E,0x2B2E2E,0x1E2120,0x070807,0x000101,
0x050507,0x1B1B1E,0x1D1E20,0x1E1F21,0x1E1F21,0x222325,0x1F2022,0x020305,0x010101,0x000000,0x030304,0x1D1D1D,
0x2C2D2F,0x2C2E30,0x1B1C1E,0x030406,0x000000,0x020203,0x1D1D1D,0x111112,0x000000,0x010101,0x000000,0x0A0A0A,
0x232424,0x0B0A0B,0x010101,0x060707,0x1B1D1F,0x1C1E21,0x1E2123,0x222527,0x1D1D1E,0x040405,0x010101,0x000000,
0x080808,0x262627,0x0F0F10,0x000000,0x1C1D20,0x1F2123,0x1C1D20,0x1A1C1E,0x1B1D1F,0x1D1E20,0x1D1E20,0x111315,
0x282929,0x0F1010,0x010101,0x020202,0x010102,0x070709,0x232325,0x0E0E10,0x000000,0x010101,0x010101,0x010101,
0x010101,0x010101,0x010101,0x010101,0x010101,0x010101,0x010101,0x010101,0x010101,0x010101,0x000000,0x010101,
0x010101,0x010101,0x000000,0x000000,0x010101,0x010101,0x010101,0x010101,0x000000,0x000000,0x000000,0x010101,
0x010101,0x010101,0x010101,0x010101,0x010101,0x010101,0x010101,0x010101,0x000000,0x000000,0x000000,0x010101,
0x010101,0x010101,0x010101,0x010101,0x000000,0x000000,0x000000,0x010101,0x010101,0x010101,0x010101,0x010101,
0x010101,0x000000,0x000000,0x000000,0x000000,0x000000,0x000000,0x000000,0x010101,0x010101,0x000000,0x010101,
0x010101,0x010101,0x010101,0x010101,0x010101,0x010101,0x010101,0x010101,0x000000,0x000000,0x000000,0x000000,
0x010101,0x010101,0x010101,0x010101,0x000000,0x000000,0x010101,0x010101,0x010101,0x010101,0x010101,0x010101,
0x000000,0x010101,0x000000,0x000000,0x000000,0x000000,0x010101,0x010101,0x000000,0x010101,0x010101,0x010101,
0x000000,0x010101,0x010101,0x010101,0x010101,0x010101,0x010101,0x010101,0x000000,0x010101,0x000000,0x000000,
0x010101,0x010101,0x010101,0x010101,0x000000,0x010101,0x010101,0x010101,0x010101,0x010101,0x010101,0x010101,
0x000000,0x000000,0x010101,0x010101,0x010101,0x010101,0x010101,0x010101,0x010101,0x010101,0x010101,0x010101,
0x010101,0x010101,0x010101,0x010101,0x010101,0x010101,0x010101,0x010101,0x000100,0x07090B,0x2F3437,0x3A3E40,
0x2D3134,0x2B2F32,0x373B3E,0x35393C,0x080809,0x222528,0x484C50,0x101113,0x000000,0x000000,0x0A0C0F,0x464B4E,
0x232626,0x000000,0x222426,0x3C4144,0x2A2E30,0x2E3033,0x333539,0x43464A,0x3D4043,0x0B0C0D,0x000000,0x090A0C,
0x353D3F,0x33393C,0x33373A,0x35383B,0x363B3C,0x2E3132,0x020303,0x000000,0x2F3134,0x3D4144,0x33383B,0x363B3E,
0x3E4044,0x45494E,0x1C1F1F,0x000000,0x010101,0x010101,0x020202,0x010101,0x070707,0x35373A,0x383D40,0x2C2F31,
0x313539,0x46494B,0x1F2021,0x000000,0x08090B,0x373B3F,0x303439,0x2B2E32,0x2C3033,0x313437,0x2F3032,0x050506,
0x000000,0x0A0D0F,0x393D41,0x464A4D,0x363A3C,0x35393C,0x43474A,0x36393C,0x060606,0x020204,0x3B4043,0x24252A,
0x000000,0x020202,0x000000,0x111211,0x474B4D,0x151617,0x000000,0x0D0D0F,0x383D42,0x2F3238,0x2E3135,0x34393B,
0x44484A,0x393E42,0x090B0D,0x000000,0x0C0D0F,0x484C4F,0x1B1D21,0x000000,0x292B2D,0x2E3031,0x2D3133,0x363D41,
0x2F3336,0x2E3234,0x303335,0x0B0D0E,0x3D4143,0x33383A,0x000001,0x030202,0x000000,0x282B2C,0x404445,0x070709,
0x000000,0x000000,0x000000,0x000000,0x010101,0x010101,0x000000,0x000000,0x000000,0x000000,0x010101,0x010101,
0x000000,0x010101,0x010101,0x010101,0x010101,0x010101,0x000000,0x000000,0x010101,0x010101,0x010101,0x010101,
0x000000,0x010101,0x010101,0x010101,0x000000,0x000000,0x010101,0x010101,0x010101,0x010101,0x010101,0x010101,
0x010101,0x010101,0x010101,0x010101,0x000000,0x010101,0x010101,0x010101,0x010101,0x010101,0x010101,0x010101,
0x000000,0x010101,0x010101,0x010101,0x010101,0x010101,0x010101,0x010101,0x000000,0x000000,0x010101,0x010101,
0x010101,0x010101,0x000000,0x010101,0x010101,0x010101,0x010101,0x010101,0x000000,0x010101,0x010101,0x010101,
0x000000,0x000000,0x000000,0x000000,0x010101,0x010101,0x010101,0x010101,0x010101,0x010101,0x010101,0x010101,
0x010101,0x010101,0x010101,0x010101,0x000000,0x010101,0x000000,0x000000,0x010101,0x010101,0x010101,0x010101,
0x000000,0x010101,0x010101,0x010101,0x000000,0x010101,0x010101,0x010101,0x010101,0x010101,0x010101,0x010101,
0x010101,0x010101,0x000000,0x000000,0x010101,0x010101,0x000000,0x000000,0x000000,0x010101,0x010101,0x010101,
0x010101,0x010101,0x000000,0x000000,0x010101,0x010101,0x000000,0x000000,0x010101,0x010101,0x010101,0x010101,
0x010101,0x010101,0x000000,0x000000,0x010101,0x010101,0x010101,0x010101,0x010101,0x010101,0x000000,0x010000,
0x010201,0x2E3335,0x3B4043,0x0C0E0F,0x000000,0x000000,0x0C0C0D,0x202122,0x060607,0x000001,0x303236,0x313236,
0x010101,0x000000,0x313436,0x393D41,0x010202,0x000000,0x222427,0x363C3F,0x000000,0x000000,0x000000,0x090A0D,
0x45494C,0x1D1F20,0x000000,0x08090B,0x34393A,0x111516,0x000000,0x000000,0x000000,0x000000,0x010000,0x000000,
0x2F3536,0x2F3437,0x000000,0x000001,0x020203,0x2A2E30,0x3C3F42,0x050506,0x000000,0x010101,0x020202,0x000000,
0x1C1F22,0x3F4448,0x080C0E,0x000000,0x000000,0x090809,0x060606,0x000000,0x07080B,0x3A3E41,0x16171A,0x000000,
0x000000,0x000000,0x000000,0x010000,0x020203,0x363A3D,0x404549,0x0E1113,0x000000,0x000000,0x0F0F11,0x1E1F20,
0x020202,0x030305,0x373D40,0x232529,0x000000,0x020202,0x000000,0x0E0F0F,0x3F4346,0x141516,0x000000,0x0B0B0D,
0x373B3D,0x131417,0x000000,0x000000,0x0D1210,0x43494B,0x26282C,0x000000,0x0B0C0F,0x3E4246,0x181B1F,0x000000,
0x000000,0x000000,0x08090B,0x383C42,0x131317,0x000000,0x020204,0x000000,0x141617,0x44484B,0x131618,0x000000,
0x0E0F11,0x424446,0x141618,0x000000,0x010101,0x000000,0x000000,0x000000,0x010101,0x010101,0x000000,0x000000,
0x010101,0x010101,0x010101,0x010101,0x000000,0x010101,0x010101,0x010101,0x010101,0x010101,0x000000,0x000000,
0x010101,0x010101,0x000000,0x000000,0x000000,0x010101,0x010101,0x010101,0x010101,0x010101,0x010101,0x010101,
0x010101,0x010101,0x010101,0x010101,0x010101,0x010101,0x010101,0x010101,0x000000,0x010101,0x010101,0x010101,
0x010101,0x010101,0x010101,0x010101,0x000000,0x010101,0x010101,0x010101,0x010101,0x010101,0x010101,0x010101,
0x010101,0x010101,0x010101,0x010101,0x010101,0x010101,0x000000,0x010101,0x010101,0x010101,0x010101,0x010101,
0x000000,0x010101,0x010101,0x010101,0x010101,0x000000,0x000000,0x000000,0x010101,0x010101,0x010101,0x010101,
0x010101,0x010101,0x000000,0x010101,0x010101,0x010101,0x000000,0x010101,0x010101,0x010101,0x000000,0x000000,
0x010101,0x010101,0x010101,0x010101,0x000000,0x000000,0x010101,0x010101,0x010101,0x010101,0x010101,0x010101,
0x010101,0x010101,0x010101,0x010101,0x010101,0x010101,0x000000,0x010101,0x010101,0x010101,0x010101,0x010101,
0x000000,0x010101,0x010101,0x010101,0x010101,0x010101,0x010101,0x010101,0x010101,0x010101,0x010101,0x010101,
0x000000,0x000000,0x000000,0x000000,0x010101,0x010101,0x010101,0x010101,0x010101,0x010101,0x010101,0x010101,
0x010101,0x010101,0x020202,0x000000,0x0D0F10,0x424649,0x1A1E20,0x000000,0x030202,0x020101,0x000000,0x000000,
0x010102,0x000000,0x0B0B0D,0x3C3E42,0x141517,0x0F1012,0x444547,0x101114,0x000000,0x000000,0x25282B,0x3B4345,
0x080A0A,0x050606,0x040506,0x141518,0x393D40,0x101011,0x000000,0x090A0C,0x373C3E,0x171B1C,0x040505,0x080809,
0x0A090B,0x050506,0x010101,0x000000,0x30383A,0x313538,0x000000,0x020101,0x000000,0x131518,0x3D4144,0x0A0B0D,
0x000000,0x000101,0x010101,0x000000,0x191B1E,0x474C50,0x222628,0x0B0B0C,0x030202,0x000000,0x000000,0x000000,
0x090B0D,0x404548,0x1B1E20,0x040405,0x070708,0x070607,0x040404,0x000000,0x101315,0x484D50,0x191D21,0x000000,
0x030202,0x020101,0x000000,0x000000,0x000000,0x030305,0x3B4244,0x25262B,0x000000,0x020202,0x000000,0x0C0D0D,
0x3D4144,0x151516,0x000000,0x0C0E0F,0x394040,0x151718,0x000000,0x000000,0x000000,0x343A3C,0x323437,0x000000,
0x0A0B0E,0x3E4246,0x191B1F,0x000000,0x020202,0x000000,0x0B0B0C,0x3E4246,0x17171A,0x000000,0x030202,0x030102,
0x000000,0x2D2F32,0x383C3F,0x040506,0x2E3336,0x2E3033,0x000000,0x010102,0x000000,0x000000,0x000000,0x000000,
0x010101,0x010101,0x010101,0x010101,0x010101,0x010101,0x010101,0x010101,0x010101,0x010101,0x010101,0x010101,
0x010101,0x010101,0x010101,0x010101,0x010101,0x010101,0x010101,0x010101,0x010101,0x010101,0x010101,0x010101,
0x010101,0x010101,0x010101,0x010101,0x010101,0x010101,0x000000,0x000000,0x010101,0x010101,0x000000,0x000000,
0x010101,0x010101,0x000000,0x000000,0x000000,0x000000,0x010101,0x010101,0x010101,0x010101,0x010101,0x010101,
0x010101,0x010101,0x000000,0x010101,0x010101,0x010101,0x000000,0x010101,0x010101,0x010101,0x010101,0x010101,
0x010101,0x010101,0x000000,0x000000,0x010101,0x010101,0x000000,0x010101,0x010101,0x000000,0x000000,0x000000,
0x010101,0x010101,0x010101,0x010101,0x010101,0x010101,0x000000,0x010101,0x010101,0x010101,0x000000,0x010101,
0x010101,0x010101,0x010101,0x010101,0x010101,0x010101,0x010101,0x010101,0x000000,0x000000,0x010101,0x010101,
0x010101,0x010101,0x010101,0x010101,0x010101,0x010101,0x010101,0x010101,0x010101,0x010101,0x010101,0x010101,
0x010101,0x010101,0x010101,0x010101,0x000000,0x010101,0x010101,0x010101,0x010101,0x010101,0x010101,0x010101,
0x010101,0x010101,0x010101,0x010101,0x000000,0x000000,0x010101,0x010101,0x010101,0x010101,0x010101,0x010101,
0x010101,0x010101,0x010101,0x010101,0x010101,0x010101,0x020202,0x000000,0x161719,0x404447,0x0B0E10,0x010101,
0x020203,0x010103,0x010102,0x020204,0x010102,0x020101,0x000000,0x202325,0x34373A,0x343537,0x232426,0x000000,
0x040203,0x000000,0x26292C,0x424B4D,0x3A3F42,0x373A3E,0x33373A,0x3C4145,0x2D3134,0x020203,0x000000,0x0B0D0F,
0x3A4144,0x353B3E,0x34373A,0x393B3D,0x44494A,0x202425,0x000000,0x000000,0x31373A,0x323638,0x020202,0x030303,
0x070709,0x2D2F33,0x353A3B,0x030504,0x000000,0x000000,0x010101,0x010101,0x040404,0x272A2D,0x43474B,0x44474A,
0x363A3D,0x202326,0x050607,0x000000,0x0A0C0D,0x3D4347,0x3A4246,0x393E41,0x393D40,0x3F4245,0x1F2022,0x000000,
0x191B1E,0x3E4347,0x0A0D0F,0x010101,0x020203,0x010103,0x010103,0x010103,0x000000,0x030305,0x3C4244,0x26272C,
0x000000,0x020202,0x000000,0x0C0D0D,0x3B3F42,0x131415,0x000000,0x0E1012,0x414B4C,0x1A1F21,0x010203,0x030406,
0x15181A,0x454A4E,0x242728,0x000000,0x0A0A0D,0x3D4145,0x191B1F,0x000000,0x020302,0x000000,0x0B0D0D,0x41474A,
0x17181A,0x000000,0x020302,0x020201,0x010000,0x090B0D,0x3B4043,0x313638,0x383E41,0x0A0B0E,0x000000,0x010101,
0x010101,0x010101,0x000000,0x000000,0x010101,0x010101,0x010101,0x010101,0x010101,0x010101,0x010101,0x010101,
0x010101,0x010101,0x010101,0x010101,0x010101,0x010101,0x010101,0x010101,0x010101,0x010101,0x010101,0x010101,
0x010101,0x010101,0x010101,0x010101,0x010101,0x010101,0x010101,0x010101,0x010101,0x010101,0x010101,0x010101,
0x010101,0x010101,0x010101,0x010101,0x010101,0x010101,0x010101,0x010101,0x010101,0x010101,0x010101,0x010101,
0x010101,0x010101,0x010101,0x010101,0x010101,0x010101,0x000000,0x010101,0x010101,0x010101,0x000000,0x010101,
0x010101,0x010101,0x010101,0x010101,0x010101,0x010101,0x010101,0x010101,0x010101,0x010101,0x000000,0x010101,
0x000000,0x000000,0x010101,0x010101,0x010101,0x010101,0x010101,0x010101,0x010101,0x010101,0x010101,0x010101,
0x000000,0x000000,0x010101,0x010101,0x010101,0x010101,0x010101,0x010101,0x010101,0x010101,0x010101,0x010101,
0x000000,0x010101,0x010101,0x010101,0x010101,0x010101,0x010101,0x010101,0x010101,0x010101,0x010101,0x010101,
0x010101,0x010101,0x010101,0x010101,0x000000,0x010101,0x010101,0x000000,0x010101,0x010101,0x010101,0x010101,
0x010101,0x010101,0x010101,0x010101,0x010101,0x010101,0x010101,0x010101,0x000000,0x000000,0x010101,0x010101,
0x010101,0x010101,0x010101,0x010101,0x000000,0x010101,0x010101,0x010101,0x000000,0x010101,0x020202,0x000000,
0x121214,0x404646,0x101515,0x000000,0x020202,0x010101,0x020202,0x000000,0x010101,0x010101,0x010100,0x040405,
0x323639,0x35373A,0x040405,0x010101,0x010101,0x000000,0x272A2C,0x42484B,0x121719,0x0E0F12,0x0E0F11,0x121417,
0x363A3E,0x212222,0x000000,0x0B0C0E,0x404647,0x1F2324,0x0D0E0E,0x0F0E0F,0x111215,0x0B0C0E,0x010001,0x000000,
0x2E3537,0x414749,0x393E41,0x373B3F,0x363B3F,0x35383B,0x101112,0x000000,0x010100,0x010101,0x010101,0x010101,
0x010000,0x000000,0x08080A,0x171719,0x252729,0x3C4144,0x292D2F,0x000000,0x07080B,0x3C4145,0x252A2C,0x111212,
0x111314,0x111515,0x0A0C0B,0x000000,0x111313,0x394042,0x0C1011,0x000000,0x020204,0x010103,0x000001,0x000000,
0x000000,0x020304,0x3D4243,0x24282B,0x000000,0x030303,0x010101,0x0C0C0D,0x3B3E41,0x121315,0x000000,0x101114,
0x41474B,0x3F4448,0x3C4145,0x3B4043,0x404143,0x2D2E30,0x050506,0x000000,0x08090B,0x3D4144,0x1A1D1F,0x000000,
0x020202,0x000000,0x0C0E0E,0x43484C,0x18191C,0x000000,0x020201,0x010102,0x020102,0x000000,0x1B1F21,0x434D4F,
0x202325,0x000000,0x010101,0x000000,0x000000,0x000000,0x010101,0x010101,0x010101,0x010101,0x010101,0x010101,
0x010101,0x010101,0x010101,0x010101,0x010101,0x010101,0x010101,0x010101,0x010101,0x010101,0x010101,0x000000,
0x010101,0x010101,0x010101,0x000000,0x010101,0x010101,0x000000,0x000000,0x000000,0x010101,0x010101,0x010101,
0x000000,0x010101,0x010101,0x010101,0x010101,0x010101,0x010101,0x010101,0x000000,0x000000,0x000000,0x000000,
0x010101,0x010101,0x010101,0x010101,0x010101,0x010101,0x010101,0x010101,0x000000,0x010101,0x010101,0x010101,
0x000000,0x010101,0x010101,0x010101,0x000000,0x010101,0x010101,0x010101,0x010101,0x010101,0x010101,0x010101,
0x010101,0x010101,0x010101,0x010101,0x010101,0x010101,0x010101,0x010101,0x010101,0x010101,0x010101,0x010101,
0x010101,0x010101,0x010101,0x010101,0x010101,0x010101,0x010101,0x010101,0x010101,0x010101,0x010101,0x010101,
0x010101,0x010101,0x010101,0x010101,0x000000,0x010101,0x010101,0x010101,0x010101,0x010101,0x010101,0x010101,
0x010101,0x010101,0x010101,0x010101,0x010101,0x010101,0x010101,0x010101,0x000000,0x010101,0x010101,0x000000,
0x010101,0x010101,0x010101,0x010101,0x010101,0x010101,0x010101,0x010101,0x010101,0x010101,0x010101,0x010101,
0x010101,0x010101,0x010101,0x010101,0x010101,0x010101,0x010101,0x010101,0x000000,0x010101,0x010101,0x010101,
0x000000,0x010101,0x010101,0x010101,0x040405,0x383C3D,0x2F3434,0x020204,0x000000,0x000000,0x010102,0x0E0E0F,
0x010101,0x010101,0x010101,0x000000,0x2E3235,0x303336,0x000000,0x010101,0x010101,0x000000,0x27292C,0x3F4548,
0x000000,0x000000,0x000000,0x000000,0x282F31,0x333837,0x000000,0x090B0D,0x3E4446,0x111516,0x000000,0x000000,
0x000000,0x000000,0x000000,0x000000,0x313638,0x373C40,0x15181B,0x16191A,0x373B3E,0x292C2E,0x000000,0x010101,
0x010101,0x010101,0x010101,0x010101,0x050505,0x040404,0x000000,0x000000,0x000000,0x212528,0x3B3F41,0x000101,
0x050608,0x3D4246,0x171B1E,0x000000,0x000000,0x000000,0x000000,0x000000,0x040505,0x33383A,0x2A2E30,0x010102,
0x000000,0x000000,0x020205,0x0F0F12,0x000001,0x000001,0x34383A,0x35393C,0x000001,0x000000,0x000000,0x1A1A1B,
0x3C3F43,0x0C0C0D,0x000000,0x0F1113,0x43484C,0x252A2E,0x141719,0x1C1F21,0x3D3E40,0x101012,0x000000,0x000000,
0x08090A,0x3D4144,0x1B1D1F,0x000000,0x020303,0x000000,0x0C0E0E,0x44494C,0x18191C,0x000000,0x020201,0x010102,
0x020203,0x000000,0x0E1112,0x3F474A,0x0F1113,0x000000,0x010101,0x000000,0x010101,0x010101,0x010101,0x010101,
0x010101,0x010101,0x010101,0x010101,0x010101,0x010101,0x010101,0x010101,0x010101,0x010101,0x000000,0x000000,
0x010101,0x010101,0x010101,0x010101,0x010101,0x010101,0x010101,0x000000,0x010101,0x010101,0x010101,0x010101,
0x000000,0x010101,0x010101,0x010101,0x000000,0x010101,0x010101,0x010101,0x010101,0x010101,0x010101,0x010101,
0x010101,0x010101,0x010101,0x010101,0x010101,0x010101,0x010101,0x010101,0x010101,0x010101,0x010101,0x010101,
0x000000,0x010101,0x010101,0x010101,0x000000,0x010101,0x010101,0x010101,0x010101,0x010101,0x010101,0x010101,
0x010101,0x010101,0x010101,0x010101,0x010101,0x010101,0x010101,0x010101,0x010101,0x010101,0x000000,0x010101,
0x010101,0x010101,0x010101,0x010101,0x010101,0x000000,0x000000,0x010101,0x010101,0x010101,0x010101,0x010101,
0x010101,0x010101,0x010101,0x010101,0x010101,0x010101,0x010101,0x010101,0x010101,0x010101,0x010101,0x010101,
0x010101,0x010101,0x000000,0x010101,0x010101,0x000000,0x010101,0x010101,0x010101,0x010101,0x010101,0x010101,
0x010101,0x010101,0x010101,0x010101,0x010101,0x010101,0x000000,0x010101,0x010101,0x010101,0x010101,0x010101,
0x010101,0x010101,0x000000,0x010101,0x010101,0x010101,0x010101,0x010101,0x010101,0x010101,0x010101,0x010101,
0x000000,0x010101,0x000000,0x010101,0x010101,0x010101,0x010101,0x020202,0x000000,0x121314,0x3F4345,0x383C40,
0x232628,0x202325,0x34373A,0x3F4144,0x09090A,0x000000,0x020101,0x000000,0x33373A,0x35383A,0x000000,0x000000,
0x020202,0x000000,0x26282B,0x42484B,0x1F2224,0x212124,0x212225,0x272A2C,0x434A4D,0x262A2A,0x000000,0x0B0E0F,
0x3E4347,0x292D30,0x1D1F20,0x1D2021,0x1F2021,0x1E1F20,0x060606,0x000000,0x34373A,0x323438,0x000000,0x000000,
0x131416,0x454749,0x191A1C,0x000000,0x020202,0x010101,0x020202,0x000000,0x1E2020,0x373A3A,0x1E2122,0x17191C,
0x1C1D1E,0x3A3F42,0x2A2E30,0x000000,0x0A0A0B,0x42474A,0x2F3639,0x222526,0x24262A,0x252629,0x222224,0x060707,
0x000000,0x121413,0x3C3E41,0x343539,0x1E2122,0x1F2222,0x373A3D,0x444649,0x0A0A0B,0x000000,0x17191C,0x464A4D,
0x323537,0x1C1E1F,0x222427,0x3E4043,0x282C2E,0x010101,0x000000,0x0F1111,0x474C4E,0x161A1C,0x000000,0x000000,
0x27282A,0x37383A,0x060708,0x000000,0x090A0C,0x3F4346,0x1C1E20,0x000000,0x020303,0x000000,0x0D0E0F,0x43484C,
0x18191C,0x000000,0x010101,0x010102,0x020203,0x000000,0x101113,0x40464A,0x101214,0x000000,0x010101,0x010101,
0x010101,0x010101,0x010101,0x010101,0x010101,0x010101,0x010101,0x010101,0x010101,0x010101,0x000000,0x010101,
0x010101,0x010101,0x010101,0x010101,0x010101,0x010101,0x000000,0x010101,0x010101,0x000000,0x010101,0x010101,
0x010101,0x010101,0x010101,0x010101,0x010101,0x010101,0x000000,0x010101,0x010101,0x010101,0x000000,0x010101,
0x010101,0x010101,0x010101,0x010101,0x010101,0x010101,0x010101,0x010101,0x010101,0x010101,0x010101,0x010101,
0x010101,0x010101,0x010101,0x010101,0x010101,0x010101,0x010101,0x010101,0x010101,0x010101,0x010101,0x010101,
0x000000,0x010101,0x010101,0x010101,0x010101,0x010101,0x010101,0x010101,0x010101,0x010101,0x010101,0x010101,
0x010101,0x010101,0x010101,0x010101,0x010101,0x010101,0x010101,0x010101,0x010101,0x010101,0x010101,0x010101,
0x010101,0x010101,0x010101,0x010101,0x010101,0x010101,0x010101,0x010101,0x010101,0x010101,0x010101,0x010101,
0x010101,0x010101,0x010101,0x010101,0x010101,0x010101,0x010101,0x010101,0x010101,0x010101,0x010101,0x010101,
0x010101,0x010101,0x010101,0x010101,0x010101,0x010101,0x010101,0x010101,0x010101,0x010101,0x010101,0x010101,
0x010101,0x010101,0x010101,0x020202,0x010101,0x010101,0x010101,0x010101,0x010101,0x010101,0x010101,0x010101,
0x010101,0x010101,0x010101,0x010101,0x010101,0x010101,0x010101,0x010101,0x010101,0x010101,0x010101,0x010101,
0x020201,0x000000,0x101215,0x34393D,0x44484D,0x43474B,0x373B3F,0x15171B,0x020202,0x010101,0x020101,0x000000,
0x2C3033,0x2E3133,0x000000,0x010101,0x020202,0x000000,0x1F2224,0x383F41,0x3B4145,0x404348,0x404448,0x3D4447,
0x2A2F32,0x060607,0x010000,0x0A0B0D,0x32373B,0x34393D,0x353A3D,0x35393B,0x37383D,0x37383C,0x0B0A0E,0x000001,
0x2D2E32,0x2C2D30,0x010101,0x030302,0x000001,0x292A2C,0x363739,0x060709,0x000000,0x020201,0x020202,0x010101,
0x080A0C,0x25292A,0x393E40,0x3C4044,0x3E4142,0x292E31,0x05080A,0x000000,0x0B0B0B,0x373C3E,0x3A4245,0x3E4648,
0x404649,0x414649,0x3D4243,0x090B0D,0x000002,0x000000,0x0F0F10,0x2F3137,0x3E4246,0x414548,0x383D3F,0x171A1A,
0x020202,0x010103,0x000002,0x171B1E,0x3A3E42,0x404448,0x3C4044,0x24282C,0x040607,0x010201,0x000000,0x0F1110,
0x404546,0x181B1B,0x010101,0x030101,0x060608,0x353638,0x202021,0x010101,0x090A0C,0x3A3E41,0x191B1D,0x000000,
0x020303,0x000000,0x0A0C0C,0x3B4043,0x16171A,0x000000,0x020201,0x010102,0x020203,0x000000,0x0E0E11,0x393D42,
0x0E1012,0x000001,0x020102,0x010201,0x010101,0x010101,0x010101,0x010101,0x010101,0x010101,0x010101,0x010101,
0x010101,0x010101,0x010101,0x010101,0x010101,0x010101,0x010101,0x010101,0x010101,0x010101,0x010101,0x010101,
0x010101,0x010101,0x010101,0x010101,0x010101,0x010101,0x010101,0x010101,0x010101,0x010101,0x010101,0x010101,
0x010101,0x010101,0x010101,0x010101,0x010101,0x010101,0x010101,0x010101,0x010101,0x010101,0x010101,0x010101,
0x010101,0x010101,0x010101,0x010101,0x010101,0x010101,0x010101,0x010101,0x010101,0x010101,0x010101,0x010101,
0x010101,0x010101,0x010101,0x010101,0x010101,0x010101,0x010101,0x020202,0x010101,0x010101,0x010101,0x010101,
0x010101,0x010101,0x010101,0x010101,
};

#endif
