#ifndef LOGO_H
#define LOGO_H

const unsigned int logo_width = 256;
const unsigned int logo_height = 256;
const unsigned int logoPixels[65536] = {
0x000000,0x000000,0x000000,0x000000,0x000000,0x000000,0x000000,0x000000,0x000000,0x000000,0x000000,0x000000,
0x000000,0x000000,0x000000,0x000000,0x000000,0x000000,0x000000,0x000000,0x000000,0x000000,0x000000,0x000000,
0x000000,0x000000,0x000000,0x000000,0x000000,0x000000,0x000000,0x000000,0x000000,0x000000,0x000000,0x000000,
0x000000,0x000000,0x000000,0x000000,0x000000,0x000000,0x000000,0x000000,0x000000,0x000000,0x000000,0x000000,
0x000000,0x000000,0x000000,0x000000,0x000000,0x000000,0x000000,0x000000,0x000000,0x000000,0x000000,0x000000,
0x000000,0x000000,0x000000,0x000000,0x000000,0x000000,0x000000,0x000000,0x000000,0x000000,0x000000,0x000000,
0x000000,0x000000,0x000000,0x000000,0x000000,0x000000,0x000000,0x000000,0x000000,0x000000,0x000000,0x000000,
0x000000,0x000000,0x000000,0x000000,0x000000,0x000000,0x000000,0x000000,0x000000,0x000000,0x000000,0x000000,
0x000000,0x000000,0x000000,0x000000,0x000000,0x000000,0x000000,0x000000,0x000000,0x000000,0x000000,0x000000,
0x000000,0x000000,0x000000,0x000000,0x000000,0x000000,0x000000,0x000000,0x000000,0x000000,0x000000,0x000000,
0x000000,0x000000,0x000000,0x000000,0x000000,0x000000,0x000000,0x000000,0x000000,0x000000,0x000000,0x000000,
0x000000,0x000000,0x000000,0x000000,0x000000,0x000000,0x000000,0x000000,0x000000,0x000000,0x000000,0x000000,
0x000000,0x000000,0x000000,0x000000,0x000000,0x000000,0x000000,0x000000,0x000000,0x000000,0x000000,0x000000,
0x000000,0x000000,0x000000,0x000000,0x000000,0x000000,0x000000,0x000000,0x000000,0x000000,0x000000,0x000000,
0x000000,0x000000,0x000000,0x000000,0x000000,0x000000,0x000000,0x000000,0x000000,0x000000,0x000000,0x000000,
0x000000,0x000000,0x000000,0x000000,0x000000,0x000000,0x000000,0x000000,0x000000,0x000000,0x000000,0x000000,
0x000000,0x000000,0x000000,0x000000,0x000000,0x000000,0x000000,0x000000,0x000000,0x000000,0x000000,0x000000,
0x000000,0x000000,0x000000,0x000000,0x000000,0x000000,0x000000,0x000000,0x000000,0x000000,0x000000,0x000000,
0x000000,0x000000,0x000000,0x000000,0x000000,0x000000,0x000000,0x000000,0x000000,0x000000,0x000000,0x000000,
0x000000,0x000000,0x000000,0x000000,0x000000,0x000000,0x000000,0x000000,0x000000,0x000000,0x000000,0x000000,
0x000000,0x000000,0x000000,0x000000,0x000000,0x000000,0x000000,0x000000,0x000000,0x000000,0x000000,0x000000,
0x000000,0x000000,0x000000,0x000000,0x000000,0x000000,0x000000,0x000000,0x000000,0x000000,0x000000,0x000000,
0x000000,0x000000,0x000000,0x000000,0x000000,0x000000,0x000000,0x000000,0x000000,0x000000,0x000000,0x000000,
0x000000,0x000000,0x000000,0x000000,0x000000,0x000000,0x000000,0x000000,0x000000,0x000000,0x000000,0x000000,
0x000000,0x000000,0x000000,0x000000,0x000000,0x000000,0x000000,0x000000,0x000000,0x000000,0x000000,0x000000,
0x000000,0x000000,0x000000,0x000000,0x000000,0x000000,0x000000,0x000000,0x000000,0x000000,0x000000,0x000000,
0x000000,0x000000,0x000000,0x000000,0x000000,0x000000,0x000000,0x000000,0x000000,0x000000,0x000000,0x000000,
0x000000,0x000000,0x000000,0x000000,0x000000,0x000000,0x000000,0x000000,0x000000,0x000000,0x000000,0x000000,
0x000000,0x000000,0x000000,0x000000,0x000000,0x000000,0x000000,0x000000,0x000000,0x000000,0x000000,0x000000,
0x000000,0x000000,0x000000,0x000000,0x000000,0x000000,0x000000,0x000000,0x000000,0x000000,0x000000,0x000000,
0x000000,0x000000,0x000000,0x000000,0x000000,0x000000,0x000000,0x000000,0x000000,0x000000,0x000000,0x000000,
0x000000,0x000000,0x000000,0x000000,0x000000,0x000000,0x000000,0x000000,0x000000,0x000000,0x000000,0x000000,
0x000000,0x000000,0x000000,0x000000,0x000000,0x000000,0x000000,0x000000,0x000000,0x000000,0x000000,0x000000,
0x000000,0x000000,0x000000,0x000000,0x000000,0x000000,0x000000,0x000000,0x000000,0x000000,0x000000,0x000000,
0x000000,0x000000,0x000000,0x000000,0x000000,0x000000,0x000000,0x000000,0x000000,0x000000,0x000000,0x000000,
0x000000,0x000000,0x000000,0x000000,0x000000,0x000000,0x000000,0x000000,0x000000,0x000000,0x000000,0x000000,
0x000000,0x000000,0x000000,0x000000,0x000000,0x000000,0x000000,0x000000,0x000000,0x000000,0x000000,0x000000,
0x000000,0x000000,0x000000,0x000000,0x000000,0x000000,0x000000,0x000000,0x000000,0x000000,0x000000,0x000000,
0x000000,0x000000,0x000000,0x000000,0x000000,0x000000,0x000000,0x000000,0x000000,0x000000,0x000000,0x000000,
0x000000,0x000000,0x000000,0x000000,0x000000,0x000000,0x000000,0x000000,0x000000,0x000000,0x000000,0x000000,
0x000000,0x000000,0x000000,0x000000,0x000000,0x000000,0x000000,0x000000,0x000000,0x000000,0x000000,0x000000,
0x000000,0x000000,0x000000,0x000000,0x000000,0x000000,0x000000,0x000000,0x000000,0x000000,0x000000,0x000000,
0x000000,0x000000,0x000000,0x000000,0x000000,0x000000,0x000000,0x000000,0x000000,0x000000,0x000000,0x000000,
0x000000,0x000000,0x000000,0x000000,0x000000,0x000000,0x000000,0x000000,0x000000,0x000000,0x000000,0x000000,
0x000000,0x000000,0x000000,0x000000,0x000000,0x000000,0x000000,0x000000,0x000000,0x000000,0x000000,0x000000,
0x000000,0x000000,0x000000,0x000000,0x000000,0x000000,0x000000,0x000000,0x000000,0x000000,0x000000,0x000000,
0x000000,0x000000,0x000000,0x000000,0x000000,0x000000,0x000000,0x000000,0x000000,0x000000,0x000000,0x000000,
0x000000,0x000000,0x000000,0x000000,0x000000,0x000000,0x000000,0x000000,0x000000,0x000000,0x000000,0x000000,
0x000000,0x000000,0x000000,0x000000,0x000000,0x000000,0x000000,0x000000,0x000000,0x000000,0x000000,0x000000,
0x000000,0x000000,0x000000,0x000000,0x000000,0x000000,0x000000,0x000000,0x000000,0x000000,0x000000,0x000000,
0x000000,0x000000,0x000000,0x000000,0x000000,0x000000,0x000000,0x000000,0x000000,0x000000,0x000000,0x000000,
0x000000,0x000000,0x000000,0x000000,0x000000,0x000000,0x000000,0x000000,0x000000,0x000000,0x000000,0x000000,
0x000000,0x000000,0x000000,0x000000,0x000000,0x000000,0x000000,0x000000,0x000000,0x000000,0x000000,0x000000,
0x000000,0x000000,0x000000,0x000000,0x000000,0x000000,0x000000,0x000000,0x000000,0x000000,0x000000,0x000000,
0x000000,0x000000,0x000000,0x000000,0x000000,0x000000,0x000000,0x000000,0x000000,0x000000,0x000000,0x000000,
0x000000,0x000000,0x000000,0x000000,0x000000,0x000000,0x000000,0x000000,0x000000,0x000000,0x000000,0x000000,
0x000000,0x000000,0x000000,0x000000,0x000000,0x000000,0x000000,0x000000,0x000000,0x000000,0x000000,0x000000,
0x000000,0x000000,0x000000,0x000000,0x000000,0x000000,0x000000,0x000000,0x000000,0x000000,0x000000,0x000000,
0x000000,0x000000,0x000000,0x000000,0x000000,0x000000,0x000000,0x000000,0x000000,0x000000,0x000000,0x000000,
0x000000,0x000000,0x000000,0x000000,0x000000,0x000000,0x000000,0x000000,0x000000,0x000000,0x000000,0x000000,
0x000000,0x000000,0x000000,0x000000,0x000000,0x000000,0x000000,0x000000,0x000000,0x000000,0x000000,0x000000,
0x000000,0x000000,0x000000,0x000000,0x000000,0x000000,0x000000,0x000000,0x000000,0x000000,0x000000,0x000000,
0x000000,0x000000,0x000000,0x000000,0x000000,0x000000,0x000000,0x000000,0x000000,0x000000,0x000000,0x000000,
0x000000,0x000000,0x000000,0x000000,0x000000,0x000000,0x000000,0x000000,0x000000,0x000000,0x000000,0x000000,
0x000000,0x000000,0x000000,0x000000,0x000000,0x000000,0x000000,0x000000,0x000000,0x000000,0x000000,0x000000,
0x000000,0x000000,0x000000,0x000000,0x000000,0x000000,0x000000,0x000000,0x000000,0x000000,0x000000,0x000000,
0x000000,0x000000,0x000000,0x000000,0x000000,0x000000,0x000000,0x000000,0x000000,0x000000,0x000000,0x000000,
0x000000,0x000000,0x000000,0x000000,0x000000,0x000000,0x000000,0x000000,0x000000,0x000000,0x000000,0x000000,
0x000000,0x000000,0x000000,0x000000,0x000000,0x000000,0x000000,0x000000,0x000000,0x000000,0x000000,0x000000,
0x000000,0x000000,0x000000,0x000000,0x000000,0x000000,0x000000,0x000000,0x000000,0x000000,0x000000,0x000000,
0x000000,0x000000,0x000000,0x000000,0x000000,0x000000,0x000000,0x000000,0x000000,0x000000,0x000000,0x000000,
0x000000,0x000000,0x000000,0x000000,0x000000,0x000000,0x000000,0x000000,0x000000,0x000000,0x000000,0x000000,
0x000000,0x000000,0x000000,0x000000,0x000000,0x000000,0x000000,0x000000,0x000000,0x000000,0x000000,0x000000,
0x000000,0x000000,0x000000,0x000000,0x000000,0x000000,0x000000,0x000000,0x000000,0x000000,0x000000,0x000000,
0x000000,0x000000,0x000000,0x000000,0x000000,0x000000,0x000000,0x000000,0x000000,0x000000,0x000000,0x000000,
0x000000,0x000000,0x000000,0x000000,0x000000,0x000000,0x000000,0x000000,0x000000,0x000000,0x000000,0x000000,
0x000000,0x000000,0x000000,0x000000,0x000000,0x000000,0x000000,0x000000,0x000000,0x000000,0x000000,0x000000,
0x000000,0x000000,0x000000,0x000000,0x000000,0x000000,0x000000,0x000000,0x000000,0x000000,0x000000,0x000000,
0x000000,0x000000,0x000000,0x000000,0x000000,0x000000,0x000000,0x000000,0x000000,0x000000,0x000000,0x000000,
0x000000,0x000000,0x000000,0x000000,0x000000,0x000000,0x000000,0x000000,0x000000,0x000000,0x000000,0x000000,
0x000000,0x000000,0x000000,0x000000,0x000000,0x000000,0x000000,0x000000,0x000000,0x000000,0x000000,0x000000,
0x000000,0x000000,0x000000,0x000000,0x000000,0x000000,0x000000,0x000000,0x000000,0x000000,0x000000,0x000000,
0x000000,0x000000,0x000000,0x000000,0x000000,0x000000,0x000000,0x000000,0x000000,0x000000,0x000000,0x000000,
0x000000,0x000000,0x000000,0x000000,0x000000,0x000000,0x000000,0x000000,0x000000,0x000000,0x000000,0x000000,
0x000000,0x000000,0x000000,0x000000,0x000000,0x000000,0x000000,0x000000,0x000000,0x000000,0x000000,0x000000,
0x000000,0x000000,0x000000,0x000000,0x000000,0x000000,0x000000,0x000000,0x000000,0x000000,0x000000,0x000000,
0x000000,0x000000,0x000000,0x000000,0x000000,0x000000,0x000000,0x000000,0x000000,0x000000,0x000000,0x000000,
0x000000,0x000000,0x000000,0x000000,0x000000,0x000000,0x000000,0x000000,0x000000,0x000000,0x000000,0x000000,
0x000000,0x000000,0x000000,0x000000,0x000000,0x000000,0x000000,0x000000,0x000000,0x000000,0x000000,0x000000,
0x000000,0x000000,0x000000,0x000000,0x000000,0x000000,0x000000,0x000000,0x000000,0x000000,0x000000,0x000000,
0x000000,0x000000,0x000000,0x000000,0x000000,0x000000,0x000000,0x000000,0x000000,0x000000,0x000000,0x000000,
0x000000,0x000000,0x000000,0x000000,0x000000,0x000000,0x000000,0x000000,0x000000,0x000000,0x000000,0x000000,
0x000000,0x000000,0x000000,0x000000,0x000000,0x000000,0x000000,0x000000,0x000000,0x000000,0x000000,0x000000,
0x000000,0x000000,0x000000,0x000000,0x000000,0x000000,0x000000,0x000000,0x000000,0x000000,0x000000,0x000000,
0x000000,0x000000,0x000000,0x000000,0x000000,0x000000,0x000000,0x000000,0x000000,0x000000,0x000000,0x000000,
0x000000,0x000000,0x000000,0x000000,0x000000,0x000000,0x000000,0x000000,0x000000,0x000000,0x000000,0x000000,
0x000000,0x000000,0x000000,0x000000,0x000000,0x000000,0x000000,0x000000,0x000000,0x000000,0x000000,0x000000,
0x000000,0x000000,0x000000,0x000000,0x000000,0x000000,0x000000,0x000000,0x000000,0x000000,0x000000,0x000000,
0x000000,0x000000,0x000000,0x000000,0x000000,0x000000,0x000000,0x000000,0x000000,0x000000,0x000000,0x000000,
0x000000,0x000000,0x000000,0x000000,0x000000,0x000000,0x000000,0x000000,0x000000,0x000000,0x000000,0x000000,
0x000000,0x000000,0x000000,0x000000,0x000000,0x000000,0x000000,0x000000,0x000000,0x000000,0x000000,0x000000,
0x000000,0x000000,0x000000,0x000000,0x000000,0x000000,0x000000,0x000000,0x000000,0x000000,0x000000,0x000000,
0x000000,0x000000,0x000000,0x000000,0x000000,0x000000,0x000000,0x000000,0x000000,0x000000,0x000000,0x000000,
0x000000,0x000000,0x000000,0x000000,0x000000,0x000000,0x000000,0x000000,0x000000,0x000000,0x000000,0x000000,
0x000000,0x000000,0x000000,0x000000,0x000000,0x000000,0x000000,0x000000,0x000000,0x000000,0x000000,0x000000,
0x000000,0x000000,0x000000,0x000000,0x000000,0x000000,0x000000,0x000000,0x000000,0x000000,0x000000,0x000000,
0x000000,0x000000,0x000000,0x000000,0x000000,0x000000,0x000000,0x000000,0x000000,0x000000,0x000000,0x000000,
0x000000,0x000000,0x000000,0x000000,0x000000,0x000000,0x000000,0x000000,0x000000,0x000000,0x000000,0x000000,
0x000000,0x000000,0x000000,0x000000,0x000000,0x000000,0x000000,0x000000,0x000000,0x000000,0x000000,0x000000,
0x000000,0x000000,0x000000,0x000000,0x000000,0x000000,0x000000,0x000000,0x000000,0x000000,0x000000,0x000000,
0x000000,0x000000,0x000000,0x000000,0x000000,0x000000,0x000000,0x000000,0x000000,0x000000,0x000000,0x000000,
0x000000,0x000000,0x000000,0x000000,0x000000,0x000000,0x000000,0x000000,0x000000,0x000000,0x000000,0x000000,
0x000000,0x000000,0x000000,0x000000,0x000000,0x000000,0x000000,0x000000,0x000000,0x000000,0x000000,0x000000,
0x000000,0x000000,0x000000,0x000000,0x000000,0x000000,0x000000,0x000000,0x000000,0x000000,0x000000,0x000000,
0x000000,0x000000,0x000000,0x000000,0x000000,0x000000,0x000000,0x000000,0x000000,0x000000,0x000000,0x000000,
0x000000,0x000000,0x000000,0x000000,0x000000,0x000000,0x000000,0x000000,0x000000,0x000000,0x000000,0x000000,
0x000000,0x000000,0x000000,0x000000,0x000000,0x000000,0x000000,0x000000,0x000000,0x000000,0x000000,0x000000,
0x000000,0x000000,0x000000,0x000000,0x000000,0x000000,0x000000,0x000000,0x000000,0x000000,0x000000,0x000000,
0x000000,0x000000,0x000000,0x000000,0x000000,0x000000,0x000000,0x000000,0x000000,0x000000,0x000000,0x000000,
0x000000,0x000000,0x000000,0x000000,0x000000,0x000000,0x000000,0x000000,0x000000,0x000000,0x000000,0x000000,
0x000000,0x000000,0x000000,0x000000,0x000000,0x000000,0x000000,0x000000,0x000000,0x000000,0x000000,0x000000,
0x000000,0x000000,0x000000,0x000000,0x000000,0x000000,0x000000,0x000000,0x000000,0x000000,0x000000,0x000000,
0x000000,0x000000,0x000000,0x000000,0x000000,0x000000,0x000000,0x000000,0x000000,0x000000,0x000000,0x000000,
0x000000,0x000000,0x000000,0x000000,0x000000,0x000000,0x000000,0x000000,0x000000,0x000000,0x000000,0x000000,
0x000000,0x000000,0x000000,0x000000,0x000000,0x000000,0x000000,0x000000,0x000000,0x000000,0x000000,0x000000,
0x000000,0x000000,0x000000,0x000000,0x000000,0x000000,0x000000,0x000000,0x000000,0x000000,0x000000,0x000000,
0x000000,0x000000,0x000000,0x000000,0x000000,0x000000,0x000000,0x000000,0x000000,0x000000,0x000000,0x000000,
0x000000,0x000000,0x000000,0x000000,0x000000,0x000000,0x000000,0x000000,0x000000,0x000000,0x000000,0x000000,
0x000000,0x000000,0x000000,0x000000,0x000000,0x000000,0x000000,0x000000,0x000000,0x000000,0x000000,0x000000,
0x000000,0x000000,0x000000,0x000000,0x000000,0x000000,0x000000,0x000000,0x000000,0x000000,0x000000,0x000000,
0x000000,0x000000,0x000000,0x000000,0x000000,0x000000,0x000000,0x000000,0x000000,0x000000,0x000000,0x000000,
0x000000,0x000000,0x000000,0x000000,0x000000,0x000000,0x000000,0x000000,0x000000,0x000000,0x000000,0x000000,
0x000000,0x000000,0x000000,0x000000,0x000000,0x000000,0x000000,0x000000,0x000000,0x000000,0x000000,0x000000,
0x000000,0x000000,0x000000,0x000000,0x000000,0x000000,0x000000,0x000000,0x000000,0x000000,0x000000,0x000000,
0x000000,0x000000,0x000000,0x000000,0x000000,0x000000,0x000000,0x000000,0x000000,0x000000,0x000000,0x000000,
0x000000,0x000000,0x000000,0x000000,0x000000,0x000000,0x000000,0x000000,0x000000,0x000000,0x000000,0x000000,
0x000000,0x000000,0x000000,0x000000,0x000000,0x000000,0x000000,0x000000,0x000000,0x000000,0x000000,0x000000,
0x000000,0x000000,0x000000,0x000000,0x000000,0x000000,0x000000,0x000000,0x000000,0x000000,0x000000,0x000000,
0x000000,0x000000,0x000000,0x000000,0x000000,0x000000,0x000000,0x000000,0x000000,0x000000,0x000000,0x000000,
0x000000,0x000000,0x000000,0x000000,0x000000,0x000000,0x000000,0x000000,0x000000,0x000000,0x000000,0x000000,
0x000000,0x000000,0x000000,0x000000,0x000000,0x000000,0x000000,0x000000,0x000000,0x000000,0x000000,0x000000,
0x000000,0x000000,0x000000,0x000000,0x000000,0x000000,0x000000,0x000000,0x000000,0x000000,0x000000,0x000000,
0x000000,0x000000,0x000000,0x000000,0x000000,0x000000,0x000000,0x000000,0x000000,0x000000,0x000000,0x000000,
0x000000,0x000000,0x000000,0x000000,0x000000,0x000000,0x000000,0x000000,0x000000,0x000000,0x000000,0x000000,
0x000000,0x000000,0x000000,0x000000,0x000000,0x000000,0x000000,0x000000,0x000000,0x000000,0x000000,0x000000,
0x000000,0x000000,0x000000,0x000000,0x000000,0x000000,0x000000,0x000000,0x000000,0x000000,0x000000,0x000000,
0x000000,0x000000,0x000000,0x000000,0x000000,0x000000,0x000000,0x000000,0x000000,0x000000,0x000000,0x000000,
0x000000,0x000000,0x000000,0x000000,0x000000,0x000000,0x000000,0x000000,0x000000,0x000000,0x000000,0x000000,
0x000000,0x000000,0x000000,0x000000,0x000000,0x000000,0x000000,0x000000,0x000000,0x000000,0x000000,0x000000,
0x000000,0x000000,0x000000,0x000000,0x000000,0x000000,0x000000,0x000000,0x000000,0x000000,0x000000,0x000000,
0x000000,0x000000,0x000000,0x000000,0x000000,0x000000,0x000000,0x000000,0x000000,0x000000,0x000000,0x000000,
0x000000,0x000000,0x000000,0x000000,0x000000,0x000000,0x000000,0x000000,0x000000,0x000000,0x000000,0x000000,
0x000000,0x000000,0x000000,0x000000,0x000000,0x000000,0x000000,0x000000,0x000000,0x000000,0x000000,0x000000,
0x000000,0x000000,0x000000,0x000000,0x000000,0x000000,0x000000,0x000000,0x000000,0x000000,0x000000,0x000000,
0x000000,0x000000,0x000000,0x000000,0x000000,0x000000,0x000000,0x000000,0x000000,0x000000,0x000000,0x000000,
0x000000,0x000000,0x000000,0x000000,0x000000,0x000000,0x000000,0x000000,0x000000,0x000000,0x000000,0x000000,
0x000000,0x000000,0x000000,0x000000,0x000000,0x000000,0x000000,0x000000,0x000000,0x000000,0x000000,0x000000,
0x000000,0x000000,0x000000,0x000000,0x000000,0x000000,0x000000,0x000000,0x000000,0x000000,0x000000,0x000000,
0x000000,0x000000,0x000000,0x000000,0x000000,0x000000,0x000000,0x000000,0x000000,0x000000,0x000000,0x000000,
0x000000,0x000000,0x000000,0x000000,0x000000,0x000000,0x000000,0x000000,0x000000,0x000000,0x000000,0x000000,
0x000000,0x000000,0x000000,0x000000,0x000000,0x000000,0x000000,0x000000,0x000000,0x000000,0x000000,0x000000,
0x000000,0x000000,0x000000,0x000000,0x000000,0x000000,0x000000,0x000000,0x000000,0x000000,0x000000,0x000000,
0x000000,0x000000,0x000000,0x000000,0x000000,0x000000,0x000000,0x000000,0x000000,0x000000,0x000000,0x000000,
0x000000,0x000000,0x000000,0x000000,0x000000,0x000000,0x000000,0x000000,0x000000,0x000000,0x000000,0x000000,
0x000000,0x000000,0x000000,0x000000,0x000000,0x000000,0x000000,0x000000,0x000000,0x000000,0x000000,0x000000,
0x000000,0x000000,0x000000,0x000000,0x000000,0x000000,0x000000,0x000000,0x000000,0x000000,0x000000,0x000000,
0x000000,0x000000,0x000000,0x000000,0x000000,0x000000,0x000000,0x000000,0x000000,0x000000,0x000000,0x000000,
0x000000,0x000000,0x000000,0x000000,0x000000,0x000000,0x000000,0x000000,0x000000,0x000000,0x000000,0x000000,
0x000000,0x000000,0x000000,0x000000,0x000000,0x000000,0x000000,0x000000,0x000000,0x000000,0x000000,0x000000,
0x000000,0x000000,0x000000,0x000000,0x000000,0x000000,0x000000,0x000000,0x000000,0x000000,0x000000,0x000000,
0x000000,0x000000,0x000000,0x000000,0x000000,0x000000,0x000000,0x000000,0x000000,0x000000,0x000000,0x000000,
0x000000,0x000000,0x000000,0x000000,0x000000,0x000000,0x000000,0x000000,0x000000,0x000000,0x000000,0x000000,
0x000000,0x000000,0x000000,0x000000,0x000000,0x000000,0x000000,0x000000,0x000000,0x000000,0x000000,0x000000,
0x000000,0x000000,0x000000,0x000000,0x000000,0x000000,0x000000,0x000000,0x000000,0x000000,0x000000,0x000000,
0x000000,0x000000,0x000000,0x000000,0x000000,0x000000,0x000000,0x000000,0x000000,0x000000,0x000000,0x000000,
0x000000,0x000000,0x000000,0x000000,0x000000,0x000000,0x000000,0x000000,0x000000,0x000000,0x000000,0x000000,
0x000000,0x000000,0x000000,0x000000,0x000000,0x000000,0x000000,0x000000,0x000000,0x000000,0x000000,0x000000,
0x000000,0x000000,0x000000,0x000000,0x000000,0x000000,0x000000,0x000000,0x000000,0x000000,0x000000,0x000000,
0x000000,0x000000,0x000000,0x000000,0x000000,0x000000,0x000000,0x000000,0x000000,0x000000,0x000000,0x000000,
0x000000,0x000000,0x000000,0x000000,0x000000,0x000000,0x000000,0x000000,0x000000,0x000000,0x000000,0x000000,
0x000000,0x000000,0x000000,0x000000,0x000000,0x000000,0x000000,0x000000,0x000000,0x000000,0x000000,0x000000,
0x000000,0x000000,0x000000,0x000000,0x000000,0x000000,0x000000,0x000000,0x000000,0x000000,0x000000,0x000000,
0x000000,0x000000,0x000000,0x000000,0x000000,0x000000,0x000000,0x000000,0x000000,0x000000,0x000000,0x000000,
0x000000,0x000000,0x000000,0x000000,0x000000,0x000000,0x000000,0x000000,0x000000,0x000000,0x000000,0x000000,
0x000000,0x000000,0x000000,0x000000,0x000000,0x000000,0x000000,0x000000,0x000000,0x000000,0x000000,0x000000,
0x000000,0x000000,0x000000,0x000000,0x000000,0x000000,0x000000,0x000000,0x000000,0x000000,0x000000,0x000000,
0x000000,0x000000,0x000000,0x000000,0x000000,0x000000,0x000000,0x000000,0x000000,0x000000,0x000000,0x000000,
0x000000,0x000000,0x000000,0x000000,0x000000,0x000000,0x000000,0x000000,0x000000,0x000000,0x000000,0x000000,
0x000000,0x000000,0x000000,0x000000,0x000000,0x000000,0x000000,0x000000,0x000000,0x000000,0x000000,0x000000,
0x000000,0x000000,0x000000,0x000000,0x000000,0x000000,0x000000,0x000000,0x000000,0x000000,0x000000,0x000000,
0x000000,0x000000,0x000000,0x000000,0x000000,0x000000,0x000000,0x000000,0x000000,0x000000,0x000000,0x000000,
0x000000,0x000000,0x000000,0x000000,0x000000,0x000000,0x000000,0x000000,0x000000,0x000000,0x000000,0x000000,
0x000000,0x000000,0x000000,0x000000,0x000000,0x000000,0x000000,0x000000,0x000000,0x000000,0x000000,0x000000,
0x000000,0x000000,0x000000,0x000000,0x000000,0x000000,0x000000,0x000000,0x000000,0x000000,0x000000,0x000000,
0x000000,0x000000,0x000000,0x000000,0x000000,0x000000,0x000000,0x000000,0x000000,0x000000,0x000000,0x000000,
0x000000,0x000000,0x000000,0x000000,0x000000,0x000000,0x000000,0x000000,0x000000,0x000000,0x000000,0x000000,
0x000000,0x000000,0x000000,0x000000,0x000000,0x000000,0x000000,0x000000,0x000000,0x000000,0x000000,0x000000,
0x000000,0x000000,0x000000,0x000000,0x000000,0x000000,0x000000,0x000000,0x000000,0x000000,0x000000,0x000000,
0x000000,0x000000,0x000000,0x000000,0x000000,0x000000,0x000000,0x000000,0x000000,0x000000,0x000000,0x000000,
0x000000,0x000000,0x000000,0x000000,0x000000,0x000000,0x000000,0x000000,0x000000,0x000000,0x000000,0x000000,
0x000000,0x000000,0x000000,0x000000,0x000000,0x000000,0x000000,0x000000,0x000000,0x000000,0x000000,0x000000,
0x000000,0x000000,0x000000,0x000000,0x000000,0x000000,0x000000,0x000000,0x000000,0x000000,0x000000,0x000000,
0x000000,0x000000,0x000000,0x000000,0x000000,0x000000,0x000000,0x000000,0x000000,0x000000,0x000000,0x000000,
0x000000,0x000000,0x000000,0x000000,0x000000,0x000000,0x000000,0x000000,0x000000,0x000000,0x000000,0x000000,
0x000000,0x000000,0x000000,0x000000,0x000000,0x000000,0x000000,0x000000,0x000000,0x000000,0x000000,0x000000,
0x000000,0x000000,0x000000,0x000000,0x000000,0x000000,0x000000,0x000000,0x000000,0x000000,0x000000,0x000000,
0x000000,0x000000,0x000000,0x000000,0x000000,0x000000,0x000000,0x000000,0x000000,0x000000,0x000000,0x000000,
0x000000,0x000000,0x000000,0x000000,0x000000,0x000000,0x000000,0x000000,0x000000,0x000000,0x000000,0x000000,
0x000000,0x000000,0x000000,0x000000,0x000000,0x000000,0x000000,0x000000,0x000000,0x000000,0x000000,0x000000,
0x000000,0x000000,0x000000,0x000000,0x000000,0x000000,0x000000,0x000000,0x000000,0x000000,0x000000,0x000000,
0x000000,0x000000,0x000000,0x000000,0x000000,0x000000,0x000000,0x000000,0x000000,0x000000,0x000000,0x000000,
0x000000,0x000000,0x000000,0x000000,0x000000,0x000000,0x000000,0x000000,0x000000,0x000000,0x000000,0x000000,
0x000000,0x000000,0x000000,0x000000,0x000000,0x000000,0x000000,0x000000,0x000000,0x000000,0x000000,0x000000,
0x000000,0x000000,0x000000,0x000000,0x000000,0x000000,0x000000,0x000000,0x000000,0x000000,0x000000,0x000000,
0x000000,0x000000,0x000000,0x000000,0x000000,0x000000,0x000000,0x000000,0x000000,0x000000,0x000000,0x000000,
0x000000,0x000000,0x000000,0x000000,0x000000,0x000000,0x000000,0x000000,0x000000,0x000000,0x000000,0x000000,
0x000000,0x000000,0x000000,0x000000,0x000000,0x000000,0x000000,0x000000,0x000000,0x000000,0x000000,0x000000,
0x000000,0x000000,0x000000,0x000000,0x000000,0x000000,0x000000,0x000000,0x000000,0x000000,0x000000,0x000000,
0x000000,0x000000,0x000000,0x000000,0x000000,0x000000,0x000000,0x000000,0x000000,0x000000,0x000000,0x000000,
0x000000,0x000000,0x000000,0x000000,0x000000,0x000000,0x000000,0x000000,0x000000,0x000000,0x000000,0x000000,
0x000000,0x000000,0x000000,0x000000,0x000000,0x000000,0x000000,0x000000,0x000000,0x000000,0x000000,0x000000,
0x000000,0x000000,0x000000,0x000000,0x000000,0x000000,0x000000,0x000000,0x000000,0x000000,0x000000,0x000000,
0x000000,0x000000,0x000000,0x000000,0x000000,0x000000,0x000000,0x000000,0x000000,0x000000,0x000000,0x000000,
0x000000,0x000000,0x000000,0x000000,0x000000,0x000000,0x000000,0x000000,0x000000,0x000000,0x000000,0x000000,
0x000000,0x000000,0x000000,0x000000,0x000000,0x000000,0x000000,0x000000,0x000000,0x000000,0x000000,0x000000,
0x000000,0x000000,0x000000,0x000000,0x000000,0x000000,0x000000,0x000000,0x000000,0x000000,0x000000,0x000000,
0x000000,0x000000,0x000000,0x000000,0x000000,0x000000,0x000000,0x000000,0x000000,0x000000,0x000000,0x000000,
0x000000,0x000000,0x000000,0x000000,0x000000,0x000000,0x000000,0x000000,0x000000,0x000000,0x000000,0x000000,
0x000000,0x000000,0x000000,0x000000,0x000000,0x000000,0x000000,0x000000,0x000000,0x000000,0x000000,0x000000,
0x000000,0x000000,0x000000,0x000000,0x000000,0x000000,0x000000,0x000000,0x000000,0x000000,0x000000,0x000000,
0x000000,0x000000,0x000000,0x000000,0x000000,0x000000,0x000000,0x000000,0x000000,0x000000,0x000000,0x000000,
0x000000,0x000000,0x000000,0x000000,0x000000,0x000000,0x000000,0x000000,0x000000,0x000000,0x000000,0x000000,
0x000000,0x000000,0x000000,0x000000,0x000000,0x000000,0x000000,0x000000,0x000000,0x000000,0x000000,0x000000,
0x000000,0x000000,0x000000,0x000000,0x000000,0x000000,0x000000,0x000000,0x000000,0x000000,0x000000,0x000000,
0x000000,0x000000,0x000000,0x000000,0x000000,0x000000,0x000000,0x000000,0x000000,0x000000,0x000000,0x000000,
0x000000,0x000000,0x000000,0x000000,0x000000,0x000000,0x000000,0x000000,0x000000,0x000000,0x000000,0x000000,
0x000000,0x000000,0x000000,0x000000,0x000000,0x000000,0x000000,0x000000,0x000000,0x000000,0x000000,0x000000,
0x000000,0x000000,0x000000,0x000000,0x000000,0x000000,0x000000,0x000000,0x000000,0x000000,0x000000,0x000000,
0x000000,0x000000,0x000000,0x000000,0x000000,0x000000,0x000000,0x000000,0x000000,0x000000,0x000000,0x000000,
0x000000,0x000000,0x000000,0x000000,0x000000,0x000000,0x000000,0x000000,0x000000,0x000000,0x000000,0x000000,
0x000000,0x000000,0x000000,0x000000,0x000000,0x000000,0x000000,0x000000,0x000000,0x000000,0x000000,0x000000,
0x000000,0x000000,0x000000,0x000000,0x000000,0x000000,0x000000,0x000000,0x000000,0x000000,0x000000,0x000000,
0x000000,0x000000,0x000000,0x000000,0x000000,0x000000,0x000000,0x000000,0x000000,0x000000,0x000000,0x090808,
0x1F1F1F,0x424242,0x6B6B6C,0x8B8B8B,0x9A9A9B,0x9A9A9B,0x9A9A9A,0x9B9A9B,0x9B9A9A,0x9A9A9A,0x9A9A9A,0x9A9A9A,
0x9A9A9A,0x9A9A9A,0x9A9A9A,0x99999A,0x99999A,0x5B5C5B,0x040404,0x000000,0x000000,0x000000,0x000000,0x000000,
0x000000,0x000000,0x000000,0x000000,0x494849,0x979797,0x9A9A9A,0x9A9A9A,0x9A9A9A,0x9A9A9A,0x9B9A9B,0x9B9A9B,
0x9A9A9A,0x9B9B9B,0x9B9A9B,0x9A9A9A,0x9A9A9A,0x99999A,0x8C8C8C,0x707070,0x4B4B4B,0x282828,0x0D0D0D,0x000000,
0x000000,0x000000,0x000000,0x000000,0x000000,0x000000,0x000000,0x000000,0x000000,0x000000,0x000000,0x000000,
0x000000,0x000000,0x000000,0x000000,0x010000,0x000000,0x000000,0x000000,0x000000,0x000000,0x000000,0x000000,
0x000000,0x000000,0x000000,0x000000,0x000000,0x000000,0x000000,0x000000,0x000000,0x000000,0x000000,0x000000,
0x000000,0x000000,0x000000,0x000000,0x000000,0x000000,0x000000,0x000000,0x000000,0x000000,0x000000,0x000000,
0x000000,0x000000,0x000000,0x000000,0x000000,0x000000,0x000000,0x000000,0x000000,0x000000,0x000000,0x000000,
0x000000,0x000000,0x000000,0x000000,0x000000,0x000000,0x000000,0x000000,0x000000,0x000000,0x000000,0x000000,
0x000000,0x000000,0x000000,0x000000,0x000000,0x000000,0x000000,0x000000,0x000000,0x000000,0x000000,0x000000,
0x000000,0x000000,0x000000,0x000000,0x000000,0x000000,0x000000,0x000000,0x000000,0x000000,0x000000,0x000000,
0x000000,0x000000,0x000000,0x000000,0x000000,0x000000,0x000000,0x000000,0x000000,0x000000,0x000000,0x000000,
0x000000,0x000000,0x000000,0x000000,0x000000,0x000000,0x000000,0x000000,0x000000,0x000000,0x000000,0x000000,
0x000000,0x010000,0x000000,0x000000,0x000000,0x000000,0x000000,0x000000,0x000000,0x000000,0x000000,0x000000,
0x000000,0x000000,0x000000,0x000000,0x000000,0x000000,0x000000,0x000000,0x000000,0x000000,0x000000,0x000000,
0x000000,0x000000,0x000000,0x000000,0x000000,0x000000,0x000000,0x000000,0x000000,0x000000,0x000000,0x000000,
0x000000,0x000000,0x000000,0x000000,0x000000,0x000000,0x000000,0x000000,0x000000,0x000000,0x010000,0x000000,
0x000000,0x000000,0x000000,0x000000,0x000000,0x000000,0x000000,0x000000,0x000000,0x000000,0x000000,0x000000,
0x000000,0x000000,0x000000,0x000000,0x000000,0x000000,0x000000,0x000000,0x010000,0x000000,0x000000,0x000000,
0x000000,0x000000,0x000000,0x000000,0x000000,0x000000,0x000000,0x000000,0x000000,0x000000,0x000000,0x111111,
0x353535,0x646564,0x9B9B9B,0xC8C8C8,0xEAEAE9,0xFBFAFB,0xFFFFFF,0xFFFFFF,0xFFFFFF,0xFFFFFF,0xFFFFFF,0xFFFFFF,
0xFFFFFF,0xFFFFFF,0xFFFFFF,0xFFFFFF,0xFFFFFF,0xFFFFFF,0xFFFFFF,0xFFFFFF,0xFFFFFF,0xFFFFFF,0xB8B8B8,0x4F4F4F,
0x141414,0x040303,0x000000,0x000000,0x010101,0x111111,0x434343,0xA4A4A4,0xF9F9F9,0xFFFFFF,0xFFFFFF,0xFFFFFF,
0xFFFFFF,0xFFFFFF,0xFFFFFF,0xFFFFFF,0xFFFFFF,0xFFFFFF,0xFFFFFF,0xFFFFFF,0xFFFFFF,0xFFFFFF,0xFFFFFF,0xFFFFFF,
0xFFFFFF,0xF1F1F1,0xD1D1D1,0xA6A6A6,0x757675,0x444444,0x171717,0x000001,0x000000,0x000000,0x000000,0x000000,
0x000000,0x000000,0x000000,0x000000,0x000000,0x000000,0x000000,0x000000,0x000000,0x000000,0x000000,0x000000,
0x000000,0x000000,0x000000,0x000000,0x000000,0x000000,0x000000,0x000000,0x000000,0x000000,0x000000,0x000000,
0x000000,0x000000,0x000000,0x000000,0x000000,0x000000,0x000000,0x000000,0x000000,0x000000,0x000000,0x000000,
0x000000,0x000000,0x000000,0x000000,0x000000,0x000000,0x000000,0x000000,0x000000,0x000000,0x000000,0x000000,
0x000000,0x000000,0x000000,0x000000,0x000000,0x000000,0x000000,0x000000,0x000000,0x000000,0x000000,0x000000,
0x000000,0x000000,0x000000,0x000000,0x000000,0x000000,0x000000,0x000000,0x010100,0x010100,0x000000,0x000000,
0x000000,0x010000,0x000000,0x000000,0x000000,0x000000,0x000000,0x000000,0x000000,0x000000,0x000000,0x000000,
0x000000,0x000000,0x000000,0x000000,0x000000,0x000000,0x000000,0x000000,0x000000,0x000000,0x000000,0x000000,
0x000000,0x000000,0x000000,0x000000,0x000000,0x000000,0x000000,0x000000,0x000000,0x000000,0x000000,0x000000,
0x000000,0x000000,0x000000,0x000000,0x000000,0x000000,0x000000,0x000000,0x000000,0x000000,0x010000,0x000000,
0x000000,0x000000,0x000000,0x000000,0x000000,0x000000,0x000000,0x000000,0x000000,0x000000,0x000000,0x000000,
0x000000,0x000000,0x000000,0x000000,0x000000,0x000000,0x000000,0x000000,0x000000,0x000000,0x000000,0x000000,
0x000000,0x000000,0x000000,0x000000,0x000000,0x000000,0x000000,0x000000,0x000000,0x000000,0x000000,0x000000,
0x000000,0x000000,0x000000,0x000000,0x010000,0x000000,0x000000,0x000000,0x000000,0x000000,0x000000,0x000000,
0x000000,0x000000,0x000000,0x000000,0x000000,0x000000,0x000000,0x000000,0x000000,0x010000,0x000000,0x000000,
0x000000,0x000000,0x000000,0x000000,0x010000,0x000000,0x000000,0x000000,0x000000,0x000000,0x000000,0x050605,
0x292929,0x626262,0xA5A5A5,0xD7D8D8,0xF6F6F6,0xFFFFFF,0xFFFFFF,0xFFFFFF,0xFFFFFF,0xFEFEFE,0xFEFDFE,0xFEFEFE,
0xFEFEFE,0xFEFFFF,0xFEFEFE,0xFFFFFF,0xFEFEFE,0xFEFEFE,0xFEFEFE,0xFEFEFE,0xFEFEFE,0xFEFEFE,0xFFFEFF,0xFEFEFE,
0xFEFFFE,0xFFFFFF,0xFFFFFF,0xFCFCFC,0xDDDDDC,0xB9B9B9,0xA0A0A0,0x9A9A9A,0xB1B1B2,0xD9D9D9,0xFAFBFA,0xFFFFFF,
0xFFFFFF,0xFEFEFE,0xFDFDFD,0xFEFDFE,0xFEFDFE,0xFEFEFE,0xFEFEFE,0xFEFEFE,0xFFFEFF,0xFEFEFE,0xFEFEFE,0xFFFEFF,
0xFFFFFF,0xFFFEFF,0xFEFDFE,0xFEFEFE,0xFFFFFF,0xFFFFFF,0xFFFFFF,0xFFFFFF,0xFFFFFF,0xFCFCFC,0xE0E0E0,0xB3B2B3,
0x757575,0x373737,0x0A0B0A,0x000000,0x000000,0x000000,0x000000,0x000000,0x000000,0x000000,0x000000,0x000000,
0x000000,0x000000,0x000000,0x000000,0x000000,0x000000,0x000000,0x010000,0x000000,0x000000,0x000000,0x000000,
0x000000,0x000000,0x000000,0x000000,0x000000,0x000000,0x000000,0x000000,0x000000,0x000000,0x000000,0x010000,
0x000000,0x000000,0x000000,0x000000,0x000000,0x000000,0x000000,0x000000,0x000000,0x000000,0x000000,0x000000,
0x000000,0x000000,0x000000,0x000000,0x010000,0x000000,0x000000,0x000000,0x000000,0x000000,0x000000,0x000000,
0x000000,0x000000,0x000000,0x010000,0x000000,0x000000,0x000000,0x000000,0x000000,0x000000,0x000000,0x000000,
0x000000,0x000000,0x000000,0x000000,0x000000,0x010000,0x000000,0x000000,0x000000,0x000000,0x000000,0x000000,
0x000000,0x000000,0x000000,0x000000,0x000000,0x000000,0x000000,0x000000,0x000000,0x000000,0x000000,0x000000,
0x000000,0x000000,0x000000,0x000000,0x000000,0x000000,0x000000,0x000000,0x000000,0x000000,0x000000,0x000000,
0x000000,0x000000,0x000000,0x000000,0x000000,0x000000,0x000000,0x000000,0x000000,0x000000,0x000000,0x000000,
0x000000,0x000000,0x010100,0x000000,0x000000,0x000000,0x000000,0x000000,0x000000,0x000000,0x000000,0x000000,
0x000000,0x000000,0x000000,0x000000,0x000000,0x000000,0x000000,0x000000,0x000000,0x000000,0x000000,0x000000,
0x000000,0x000000,0x000000,0x000000,0x000000,0x000000,0x000000,0x000000,0x000000,0x000000,0x010000,0x000000,
0x000000,0x000000,0x000000,0x000000,0x000000,0x000000,0x000000,0x000000,0x000000,0x000000,0x000000,0x000000,
0x000000,0x000000,0x000000,0x000000,0x000000,0x000000,0x000000,0x000000,0x000000,0x000000,0x000000,0x000000,
0x000000,0x000000,0x000000,0x000000,0x000000,0x000000,0x000000,0x000000,0x000000,0x000000,0x000000,0x000000,
0x0A0A0A,0x3A3B3B,0x808080,0xC1C1C1,0xEFEFEF,0xFFFFFF,0xFFFFFF,0xFFFFFF,0xFFFFFF,0xFFFEFF,0xFFFFFF,0xFEFEFE,
0xFDFDFE,0xFEFEFE,0xFEFEFE,0xFEFEFE,0xFEFEFE,0xFEFEFE,0xFEFEFE,0xFEFEFE,0xFEFEFE,0xFEFEFE,0xFEFEFE,0xFEFEFE,
0xFEFDFE,0xFEFEFE,0xFEFEFE,0xFEFEFE,0xFFFFFF,0xFEFEFE,0xFDFDFD,0xFEFDFE,0xFFFFFF,0xFFFFFF,0xFFFFFF,0xFFFFFF,
0xFFFFFF,0xFFFFFF,0xFFFFFF,0xFEFEFE,0xFEFEFE,0xFEFEFE,0xFEFDFE,0xFEFEFE,0xFEFEFE,0xFEFEFE,0xFEFDFD,0xFFFFFF,
0xFEFEFE,0xFEFEFE,0xFEFDFE,0xFEFEFE,0xFEFEFE,0xFEFEFE,0xFEFDFE,0xFEFEFE,0xFFFEFF,0xFEFEFE,0xFDFDFD,0xFEFEFE,
0xFFFFFF,0xFFFFFF,0xFFFFFF,0xFFFFFF,0xFFFFFF,0xF7F7F6,0xCDCDCD,0x909190,0x4B4B4A,0x121212,0x000000,0x000000,
0x000000,0x000000,0x000000,0x000000,0x000000,0x000000,0x000000,0x000000,0x000000,0x000000,0x000000,0x000000,
0x000000,0x000000,0x000000,0x000000,0x000000,0x000000,0x000000,0x000000,0x000000,0x000000,0x000000,0x000000,
0x000000,0x000000,0x000000,0x000000,0x000000,0x000000,0x000000,0x000000,0x000000,0x000000,0x000000,0x000000,
0x000000,0x000000,0x000000,0x000000,0x000000,0x000000,0x000000,0x000000,0x000000,0x000000,0x000000,0x000000,
0x000000,0x000000,0x000000,0x000000,0x000000,0x000000,0x000000,0x000000,0x000000,0x000000,0x000000,0x000000,
0x000000,0x000000,0x000000,0x000000,0x000000,0x000000,0x000000,0x000000,0x000000,0x000000,0x000000,0x000000,
0x000000,0x000000,0x000000,0x000000,0x000000,0x000000,0x000000,0x000000,0x000000,0x000000,0x000000,0x000000,
0x000000,0x000000,0x000000,0x000000,0x000000,0x000000,0x000000,0x000000,0x000000,0x000000,0x000000,0x000000,
0x000000,0x000000,0x000000,0x000000,0x000000,0x000000,0x000000,0x000000,0x000000,0x000000,0x000000,0x000000,
0x000000,0x000000,0x000000,0x000000,0x000000,0x000000,0x000000,0x000000,0x000000,0x000000,0x000000,0x000000,
0x000000,0x000000,0x000000,0x000000,0x000000,0x000000,0x000000,0x000000,0x000000,0x000000,0x000000,0x000000,
0x000000,0x000000,0x000000,0x000000,0x000000,0x000000,0x000000,0x000000,0x000000,0x000000,0x000000,0x000000,
0x000000,0x000000,0x000000,0x000000,0x000000,0x000000,0x000000,0x000000,0x000000,0x000000,0x000000,0x000000,
0x000000,0x000000,0x000000,0x000000,0x000000,0x000000,0x000000,0x000000,0x000000,0x000000,0x000000,0x000000,
0x000000,0x000000,0x000000,0x000000,0x000000,0x000000,0x000000,0x000000,0x000000,0x000000,0x000000,0x000000,
0x000000,0x050505,0x343434,0x838383,0xCDCDCD,0xF7F7F8,0xFFFFFF,0xFFFFFF,0xFFFFFF,0xFFFFFF,0xFEFEFF,0xFEFEFE,
0xFEFEFE,0xFEFEFF,0xFEFEFE,0xFEFEFE,0xFEFEFE,0xFFFEFE,0xFEFEFE,0xFEFEFE,0xFEFEFE,0xFFFEFE,0xFEFEFE,0xFEFEFE,
0xFFFEFF,0xFEFEFE,0xFEFEFE,0xFEFEFE,0xFEFDFE,0xFEFEFE,0xFFFFFF,0xFFFFFF,0xFFFFFF,0xFEFEFE,0xFEFDFE,0xFEFDFE,
0xFFFFFF,0xFEFEFE,0xFEFDFE,0xFEFEFE,0xFEFEFE,0xFDFDFD,0xFEFEFE,0xFFFFFF,0xFFFEFF,0xFFFEFF,0xFFFEFF,0xFEFEFE,
0xFEFEFE,0xFFFEFF,0xFEFEFE,0xFEFEFE,0xFFFEFE,0xFEFEFE,0xFEFEFE,0xFEFEFE,0xFEFEFE,0xFEFEFE,0xFEFEFE,0xFEFDFE,
0xFEFEFE,0xFEFEFE,0xFEFEFE,0xFEFEFE,0xFEFEFE,0xFEFDFE,0xFEFDFE,0xFEFEFF,0xFFFFFF,0xFFFFFF,0xFFFFFF,0xFFFFFF,
0xFDFCFD,0xD9D8D9,0x969696,0x474747,0x0D0E0D,0x000000,0x000000,0x000000,0x000000,0x000000,0x000000,0x000000,
0x000000,0x000000,0x000000,0x000000,0x000000,0x000000,0x000000,0x000000,0x000000,0x000000,0x000000,0x000000,
0x000000,0x000000,0x000000,0x000000,0x000000,0x000000,0x000000,0x000000,0x000000,0x000000,0x000000,0x000000,
0x000000,0x000000,0x000000,0x000000,0x000000,0x000000,0x000000,0x000000,0x000000,0x000000,0x000000,0x000000,
0x000000,0x000000,0x000000,0x000000,0x000000,0x000000,0x000000,0x000000,0x000000,0x000000,0x000000,0x000000,
0x000000,0x000000,0x000000,0x000000,0x000000,0x000000,0x000000,0x000000,0x000000,0x000000,0x000000,0x000000,
0x000000,0x000000,0x000000,0x000000,0x000000,0x000000,0x000000,0x000000,0x000000,0x000000,0x000000,0x000000,
0x000000,0x000000,0x000000,0x000000,0x000000,0x000000,0x000000,0x000000,0x000000,0x000000,0x000000,0x000000,
0x000000,0x000000,0x000000,0x000000,0x000000,0x000000,0x000000,0x000000,0x000000,0x000000,0x000000,0x000000,
0x000000,0x000000,0x000000,0x000000,0x000000,0x000000,0x000000,0x000000,0x000000,0x000000,0x000000,0x000000,
0x000000,0x000000,0x000000,0x000000,0x000000,0x000000,0x000000,0x000000,0x000000,0x000000,0x000000,0x000000,
0x000000,0x000000,0x000000,0x000000,0x000000,0x000000,0x000000,0x000000,0x000000,0x000000,0x000000,0x000000,
0x000000,0x000000,0x000000,0x000000,0x000000,0x000000,0x000000,0x000000,0x000000,0x000000,0x000000,0x000000,
0x000000,0x000000,0x000000,0x000000,0x000000,0x000000,0x000000,0x000000,0x000000,0x000000,0x000000,0x000000,
0x000000,0x000000,0x000000,0x000000,0x000000,0x000000,0x000000,0x000000,0x000000,0x000000,0x000000,0x000000,
0x000000,0x000000,0x000000,0x222222,0x727272,0xC2C2C2,0xF4F5F5,0xFFFFFF,0xFFFFFF,0xFFFFFF,0xFEFEFE,0xFEFEFE,
0xFFFEFF,0xFFFFFF,0xFFFEFF,0xFEFEFE,0xFEFEFE,0xFEFEFE,0xFEFDFE,0xFEFEFE,0xFEFEFE,0xFEFEFE,0xFEFEFE,0xFEFEFE,
0xFEFEFE,0xFEFEFE,0xFEFEFE,0xFEFEFE,0xFEFEFE,0xFEFEFE,0xFEFEFE,0xFEFDFE,0xFEFEFE,0xFEFEFE,0xFFFFFF,0xFEFFFE,
0xFEFEFE,0xFEFEFE,0xFDFDFD,0xFEFEFE,0xFFFFFF,0xFEFEFE,0xFEFDFE,0xFEFDFE,0xFEFDFD,0xFEFEFE,0xFEFEFE,0xFFFEFF,
0xFEFDFE,0xFEFEFE,0xFEFEFE,0xFEFEFE,0xFEFEFE,0xFEFEFE,0xFFFEFF,0xFEFEFE,0xFFFEFE,0xFEFEFE,0xFEFEFE,0xFEFEFE,
0xFEFFFF,0xFEFEFE,0xFEFEFE,0xFEFEFE,0xFEFEFE,0xFEFEFE,0xFFFEFF,0xFEFEFF,0xFEFEFE,0xFEFDFE,0xFEFEFE,0xFEFEFE,
0xFFFEFE,0xFEFDFE,0xFEFEFE,0xFFFEFF,0xFFFFFF,0xFFFFFF,0xFFFFFF,0xFCFCFC,0xD1D1D1,0x868687,0x353535,0x030303,
0x000000,0x000000,0x000000,0x000000,0x000000,0x000000,0x000000,0x000000,0x000000,0x000000,0x000000,0x000000,
0x000000,0x000000,0x000000,0x000000,0x000000,0x000000,0x000000,0x000000,0x000000,0x000000,0x000000,0x000000,
0x000000,0x000000,0x000000,0x000000,0x000000,0x000000,0x000000,0x000000,0x000000,0x000000,0x000000,0x000000,
0x000000,0x000000,0x000000,0x000000,0x000000,0x000000,0x000000,0x000000,0x000000,0x000000,0x000000,0x000000,
0x000000,0x000000,0x000000,0x000000,0x000000,0x000000,0x000000,0x000000,0x000000,0x000000,0x000000,0x000000,
0x000000,0x000000,0x000000,0x000000,0x000000,0x000000,0x000000,0x000000,0x000000,0x000000,0x000000,0x000000,
0x000000,0x000000,0x000000,0x000000,0x000000,0x000000,0x000000,0x000000,0x000000,0x000000,0x000000,0x000000,
0x000000,0x000000,0x000000,0x000000,0x000000,0x000000,0x000000,0x000000,0x000000,0x000000,0x000000,0x000000,
0x000000,0x000000,0x000000,0x000000,0x000000,0x000000,0x000000,0x000000,0x000000,0x000000,0x000100,0x000000,
0x000000,0x000000,0x000000,0x000000,0x000000,0x000000,0x000000,0x000000,0x000000,0x000000,0x000000,0x000000,
0x000000,0x000000,0x000000,0x000000,0x000000,0x000000,0x000000,0x000000,0x000000,0x000000,0x000000,0x000000,
0x000000,0x000000,0x000000,0x000000,0x000000,0x000000,0x000000,0x000000,0x000000,0x000000,0x000000,0x000000,
0x000000,0x000000,0x000000,0x000000,0x000000,0x000000,0x000000,0x000000,0x000000,0x000000,0x000000,0x000000,
0x000000,0x010000,0x000000,0x010000,0x000000,0x000000,0x000000,0x000000,0x000000,0x000000,0x000000,0x000000,
0x000000,0x000000,0x000000,0x000000,0x080808,0x424342,0x9D9D9D,0xE9E9E9,0xFFFFFF,0xFFFFFF,0xFFFFFF,0xFEFEFE,
0xFEFEFE,0xFEFEFE,0xFFFEFF,0xFEFDFE,0xFEFEFF,0xFFFEFF,0xFFFEFF,0xFEFEFE,0xFEFEFE,0xFEFEFE,0xFEFEFE,0xFEFEFE,
0xFEFEFF,0xFEFEFE,0xFEFDFE,0xFEFEFE,0xFEFEFE,0xFEFEFE,0xFEFEFE,0xFFFEFE,0xFEFEFE,0xFEFEFE,0xFEFEFE,0xFFFEFF,
0xFFFFFF,0xFFFFFF,0xFFFEFF,0xFEFEFE,0xFEFEFE,0xFDFDFD,0xFEFEFE,0xFFFFFE,0xFFFFFF,0xFEFEFE,0xFDFDFE,0xFDFDFE,
0xFEFEFE,0xFFFEFF,0xFFFFFF,0xFFFEFF,0xFEFDFE,0xFEFEFE,0xFFFEFF,0xFEFEFE,0xFEFEFE,0xFEFEFE,0xFEFEFE,0xFEFEFE,
0xFEFEFE,0xFEFEFE,0xFEFEFE,0xFEFEFE,0xFEFEFE,0xFEFEFE,0xFEFEFE,0xFEFEFE,0xFEFEFE,0xFEFDFE,0xFEFEFE,0xFEFEFE,
0xFEFEFE,0xFEFDFE,0xFEFEFE,0xFEFEFE,0xFEFEFE,0xFEFDFE,0xFEFDFE,0xFEFEFE,0xFEFEFE,0xFEFEFE,0xFFFEFF,0xFFFFFF,
0xFFFFFF,0xFFFFFF,0xF5F5F5,0xBABABA,0x5C5C5C,0x121212,0x000000,0x000000,0x000000,0x000000,0x000000,0x010000,
0x000000,0x000000,0x000000,0x000000,0x000000,0x000000,0x000000,0x000000,0x000000,0x000000,0x000000,0x000000,
0x000000,0x000000,0x000000,0x000000,0x000000,0x000000,0x000000,0x000000,0x000000,0x010100,0x000000,0x000000,
0x000000,0x000000,0x000000,0x000000,0x010000,0x000000,0x000000,0x000000,0x000000,0x000000,0x000000,0x000000,
0x000000,0x000000,0x000000,0x000000,0x000000,0x000000,0x000000,0x000000,0x000000,0x000000,0x000000,0x000000,
0x000000,0x000000,0x000000,0x000000,0x000000,0x000000,0x000000,0x000000,0x000000,0x000000,0x000000,0x000000,
0x000000,0x000000,0x000000,0x000000,0x000000,0x000000,0x000000,0x000000,0x000000,0x000000,0x000000,0x000000,
0x000000,0x000000,0x000000,0x000000,0x000000,0x000000,0x000000,0x000000,0x000000,0x000000,0x000000,0x000000,
0x000000,0x000000,0x000000,0x000000,0x000000,0x000000,0x000000,0x000000,0x000000,0x000000,0x000000,0x000000,
0x000000,0x000000,0x010100,0x000000,0x000000,0x000000,0x000000,0x000000,0x000000,0x000000,0x000000,0x000000,
0x010101,0x000000,0x000000,0x000000,0x000100,0x000000,0x000000,0x000000,0x000000,0x000000,0x000000,0x000000,
0x000000,0x000000,0x000000,0x000000,0x000000,0x000000,0x000000,0x000000,0x000000,0x000000,0x000000,0x000000,
0x000000,0x000000,0x000000,0x000000,0x000000,0x000000,0x000000,0x000000,0x000000,0x000000,0x000000,0x000000,
0x000000,0x000000,0x000000,0x000000,0x000000,0x000000,0x000000,0x000000,0x000000,0x000000,0x000000,0x000000,
0x000000,0x000000,0x000000,0x000000,0x000000,0x000000,0x161616,0x686868,0xC6C6C6,0xFAFAFA,0xFFFFFF,0xFFFFFF,
0xFFFFFF,0xFEFEFE,0xFEFEFE,0xFEFEFE,0xFFFEFF,0xFEFEFE,0xFFFEFF,0xFEFEFE,0xFEFEFE,0xFFFEFF,0xFFFEFF,0xFEFEFE,
0xFEFEFE,0xFEFDFE,0xFEFEFE,0xFEFEFF,0xFEFEFF,0xFEFFFF,0xFEFEFF,0xFEFEFE,0xFEFEFF,0xFFFFFF,0xFEFEFE,0xFFFEFF,
0xFEFEFE,0xFEFEFE,0xFFFFFF,0xFFFFFF,0xFFFFFF,0xFFFFFF,0xFEFEFE,0xFEFEFF,0xFFFEFF,0xFFFFFF,0xFFFFFF,0xFFFFFF,
0xFFFFFF,0xFFFFFF,0xFFFFFF,0xFFFFFF,0xFFFFFF,0xFFFFFF,0xFFFFFF,0xFFFFFF,0xFFFFFF,0xFFFFFF,0xFFFFFF,0xFFFFFF,
0xFEFEFE,0xFEFEFE,0xFFFFFF,0xFFFFFF,0xFEFEFE,0xFEFEFE,0xFEFEFE,0xFEFEFE,0xFEFEFE,0xFEFEFE,0xFEFEFE,0xFEFEFE,
0xFEFEFE,0xFFFDFF,0xFEFEFE,0xFEFEFE,0xFEFEFF,0xFEFEFE,0xFEFEFE,0xFEFEFE,0xFEFDFE,0xFEFEFE,0xFEFEFE,0xFEFEFE,
0xFEFEFE,0xFEFDFE,0xFFFEFF,0xFFFEFF,0xFEFEFE,0xFEFEFE,0xFFFFFF,0xFFFFFF,0xFFFFFF,0xD7D6D6,0x7E7E7E,0x262626,
0x000000,0x000000,0x000000,0x000000,0x000000,0x000000,0x000000,0x000000,0x000000,0x000000,0x000000,0x010000,
0x000000,0x000000,0x000000,0x000000,0x000000,0x000000,0x000000,0x000000,0x000000,0x000000,0x000000,0x000000,
0x000000,0x000000,0x000000,0x000000,0x000000,0x000000,0x000000,0x000000,0x000000,0x000000,0x000000,0x000000,
0x000000,0x000000,0x000000,0x000000,0x000000,0x000000,0x000000,0x000000,0x000000,0x000000,0x000000,0x000000,
0x000000,0x000000,0x000000,0x000000,0x000000,0x000000,0x000000,0x000000,0x000000,0x000000,0x000000,0x000000,
0x000000,0x000000,0x000000,0x000000,0x000000,0x000000,0x000000,0x000000,0x000000,0x000000,0x000000,0x000000,
0x000000,0x000000,0x000000,0x000000,0x000000,0x000000,0x000000,0x000000,0x000000,0x000000,0x000000,0x000000,
0x000000,0x000000,0x000000,0x000000,0x000000,0x000000,0x000000,0x000000,0x000000,0x000000,0x000000,0x000000,
0x000000,0x000000,0x000000,0x000000,0x000000,0x000000,0x000000,0x000000,0x000000,0x000000,0x000000,0x000000,
0x000000,0x000000,0x000000,0x000000,0x000000,0x000000,0x000000,0x000000,0x000000,0x000000,0x000000,0x000000,
0x000000,0x000000,0x000000,0x000000,0x000000,0x000000,0x000000,0x000000,0x000000,0x000000,0x000000,0x000000,
0x000000,0x000000,0x000000,0x000000,0x000000,0x000000,0x000000,0x000000,0x000000,0x000000,0x000000,0x000000,
0x000000,0x000000,0x000000,0x000000,0x000000,0x000000,0x000000,0x000000,0x000000,0x000000,0x000000,0x000000,
0x000000,0x000000,0x000000,0x000000,0x000000,0x000000,0x000000,0x000000,0x222222,0x7E7E7E,0xDBDBDB,0xFFFFFF,
0xFFFFFF,0xFFFFFF,0xFFFEFF,0xFEFEFE,0xFFFEFF,0xFEFEFE,0xFEFEFE,0xFEFEFE,0xFEFEFE,0xFEFEFE,0xFEFEFE,0xFFFEFF,
0xFEFEFE,0xFEFEFE,0xFEFEFE,0xFEFEFE,0xFEFEFE,0xFEFEFE,0xFEFEFE,0xFFFEFF,0xFEFEFF,0xFEFEFE,0xFEFEFF,0xFEFEFE,
0xFEFEFE,0xFFFFFF,0xFFFEFF,0xFEFFFE,0xFFFFFF,0xFFFFFF,0xFFFFFF,0xFFFFFF,0xFFFFFF,0xFFFFFF,0xFFFFFF,0xFDFDFD,
0xF8F7F8,0xF0F0F0,0xEAEAEA,0xE5E5E5,0xE0E0E0,0xDBDCDC,0xDADADA,0xDADADA,0xDDDDDD,0xE2E1E2,0xE5E4E5,0xE8E8E8,
0xEEEEEE,0xF6F6F6,0xFCFCFC,0xFFFFFF,0xFFFFFF,0xFFFFFF,0xFFFFFF,0xFFFFFF,0xFFFFFF,0xFFFFFF,0xFFFFFF,0xFEFDFF,
0xFFFEFF,0xFFFEFF,0xFEFEFE,0xFEFEFE,0xFEFEFE,0xFEFEFE,0xFEFEFE,0xFEFEFE,0xFEFEFE,0xFFFEFF,0xFEFEFE,0xFEFEFE,
0xFEFEFE,0xFFFEFF,0xFFFEFF,0xFEFDFE,0xFEFDFE,0xFFFDFF,0xFEFDFE,0xFEFEFE,0xFFFEFF,0xFFFFFF,0xFFFFFF,0xFEFEFE,
0xFEFEFE,0xFFFFFF,0xFFFFFF,0xEBEBEB,0x9B9B9B,0x363636,0x000000,0x000000,0x000000,0x000000,0x000000,0x010000,
0x010000,0x000000,0x000000,0x000000,0x000000,0x000000,0x000000,0x000000,0x000000,0x000000,0x000000,0x000000,
0x000000,0x000000,0x000000,0x000000,0x000000,0x000000,0x000000,0x000000,0x000000,0x000000,0x000000,0x000000,
0x000000,0x000000,0x000000,0x000000,0x000000,0x000000,0x000000,0x000000,0x000000,0x000000,0x000000,0x000000,
0x000000,0x000000,0x000000,0x000000,0x000000,0x000000,0x000000,0x000000,0x000000,0x000000,0x000000,0x000000,
0x000000,0x000000,0x010000,0x000000,0x000000,0x000000,0x000000,0x000000,0x000000,0x000000,0x000000,0x000000,
0x000000,0x000000,0x000000,0x000000,0x000000,0x000000,0x000000,0x000000,0x000000,0x000000,0x000000,0x000000,
0x000000,0x000000,0x000000,0x000000,0x000000,0x000000,0x000000,0x000000,0x000000,0x000000,0x000000,0x000000,
0x000000,0x000000,0x000000,0x000000,0x000000,0x000000,0x000000,0x000000,0x000000,0x000000,0x000000,0x000000,
0x000000,0x000000,0x000000,0x000000,0x000000,0x000000,0x000000,0x000000,0x000000,0x000000,0x000000,0x000000,
0x000000,0x000000,0x000000,0x000000,0x000000,0x000000,0x000000,0x000000,0x000000,0x000000,0x000000,0x000000,
0x000000,0x000000,0x000000,0x000000,0x000000,0x000000,0x010100,0x000000,0x000000,0x000000,0x000000,0x000000,
0x000000,0x000000,0x000000,0x000000,0x000000,0x000000,0x000000,0x000000,0x000000,0x000000,0x000000,0x000000,
0x000000,0x000000,0x000000,0x000000,0x000000,0x000000,0x000000,0x000000,0x000000,0x000000,0x252526,0x8B8A8B,
0xE7E7E7,0xFFFFFF,0xFFFFFF,0xFFFEFF,0xFEFEFF,0xFFFEFF,0xFFFEFF,0xFEFEFE,0xFEFEFE,0xFEFEFE,0xFEFEFE,0xFEFEFE,
0xFEFEFE,0xFFFEFF,0xFEFEFE,0xFFFEFF,0xFEFEFE,0xFEFEFE,0xFDFDFD,0xFEFDFE,0xFEFEFE,0xFEFEFE,0xFEFEFE,0xFEFEFE,
0xFEFEFE,0xFEFEFE,0xFFFFFF,0xFFFFFF,0xFFFFFF,0xFFFFFF,0xFFFFFF,0xF9F9F9,0xEAEAEA,0xD6D6D6,0xBDBDBD,0xA2A2A2,
0x878888,0x707070,0x575758,0x454545,0x393939,0x2B2B2B,0x232323,0x1E1E1E,0x191919,0x151515,0x141414,0x141414,
0x161616,0x1B1B1B,0x1E1E1E,0x212121,0x282828,0x343535,0x414141,0x545454,0x6D6D6D,0x838483,0x9F9F9F,0xB9B9B9,
0xD3D3D3,0xE8E7E7,0xF8F8F8,0xFFFFFF,0xFFFFFF,0xFFFFFF,0xFFFFFF,0xFFFFFF,0xFFFEFF,0xFEFEFE,0xFEFEFE,0xFEFEFE,
0xFEFEFE,0xFEFEFE,0xFEFEFE,0xFEFEFE,0xFEFEFE,0xFFFEFF,0xFEFEFE,0xFEFEFE,0xFEFEFE,0xFEFEFE,0xFEFEFE,0xFEFEFE,
0xFEFEFE,0xFEFEFE,0xFFFFFF,0xFEFEFE,0xFEFDFE,0xFEFEFE,0xFEFEFE,0xFFFFFF,0xFFFFFF,0xF4F4F4,0xABABAB,0x3E3D3E,
0x000000,0x000000,0x000000,0x000000,0x000000,0x000000,0x000000,0x000000,0x000000,0x000000,0x000000,0x000000,
0x000000,0x000000,0x000000,0x000000,0x000000,0x000000,0x000000,0x000000,0x000000,0x000000,0x000000,0x000000,
0x000000,0x000000,0x000000,0x000000,0x000000,0x010000,0x000000,0x000000,0x000000,0x000000,0x000000,0x000000,
0x000000,0x000000,0x000000,0x000000,0x000000,0x000000,0x000000,0x000000,0x000000,0x000000,0x000000,0x000000,
0x000000,0x000000,0x000000,0x000000,0x000000,0x000000,0x000000,0x000000,0x000000,0x000000,0x000000,0x000000,
0x000000,0x000000,0x000000,0x000000,0x000000,0x000000,0x000000,0x000000,0x000000,0x000000,0x000000,0x000000,
0x000000,0x000000,0x000000,0x000000,0x000000,0x000000,0x000000,0x000000,0x000000,0x000000,0x000000,0x000000,
0x000000,0x000000,0x000000,0x000000,0x000000,0x000000,0x000000,0x000000,0x000000,0x000000,0x000000,0x000000,
0x000000,0x000000,0x000000,0x000000,0x000000,0x000000,0x000000,0x000000,0x000000,0x000000,0x000000,0x000000,
0x010000,0x000000,0x000000,0x000000,0x000000,0x000000,0x000000,0x000000,0x000000,0x000000,0x000000,0x000000,
0x000000,0x000000,0x000000,0x000000,0x000000,0x000000,0x000000,0x000000,0x000000,0x000000,0x000000,0x000000,
0x000000,0x000000,0x000000,0x000000,0x000000,0x000000,0x000000,0x000000,0x000000,0x000000,0x000000,0x000000,
0x000000,0x000000,0x000000,0x000000,0x000000,0x000000,0x000000,0x000000,0x000000,0x000000,0x000000,0x000000,
0x262626,0x929292,0xE9E9E9,0xFFFFFF,0xFFFFFF,0xFFFEFF,0xFEFDFE,0xFEFEFE,0xFEFEFE,0xFFFEFF,0xFEFEFE,0xFEFEFE,
0xFEFEFE,0xFEFEFE,0xFEFEFE,0xFEFEFE,0xFEFEFE,0xFEFEFE,0xFFFEFF,0xFFFEFF,0xFEFEFE,0xFEFEFE,0xFEFEFE,0xFFFEFF,
0xFEFEFE,0xFFFFFF,0xFFFFFF,0xFFFFFF,0xFFFFFF,0xFFFFFF,0xF1F1F1,0xD7D7D7,0xAFAFAF,0x868686,0x5E5E5E,0x3D3D3D,
0x242424,0x0F0F0F,0x030203,0x000000,0x000000,0x000000,0x000000,0x000000,0x000000,0x000000,0x000000,0x000000,
0x000000,0x000000,0x000000,0x000000,0x000000,0x000000,0x000000,0x000000,0x000000,0x000000,0x000000,0x000000,
0x000000,0x000000,0x000000,0x010101,0x0D0D0D,0x212121,0x3A3A3B,0x5E5E5D,0x858585,0xACADAD,0xD4D4D4,0xEFEFEF,
0xFFFFFF,0xFFFFFF,0xFFFFFF,0xFFFFFF,0xFFFFFF,0xFEFEFE,0xFFFEFF,0xFEFDFE,0xFEFDFE,0xFFFEFF,0xFEFEFE,0xFFFEFF,
0xFEFEFE,0xFFFEFF,0xFEFEFE,0xFEFEFE,0xFEFEFE,0xFEFEFE,0xFEFEFE,0xFEFDFE,0xFEFEFE,0xFEFEFE,0xFFFFFF,0xFEFEFE,
0xFEFEFE,0xFFFEFF,0xFFFFFF,0xF8F8F8,0xABABAB,0x3D3D3D,0x000000,0x000000,0x000000,0x000000,0x000000,0x000000,
0x000000,0x000000,0x000000,0x000000,0x000000,0x000000,0x000000,0x000000,0x000000,0x000000,0x000000,0x000000,
0x000000,0x000000,0x000000,0x000000,0x000000,0x000000,0x000000,0x000000,0x000000,0x000000,0x000000,0x000000,
0x000000,0x000000,0x000000,0x000000,0x000000,0x000000,0x000000,0x000000,0x000000,0x000000,0x000000,0x000000,
0x000000,0x000000,0x000000,0x000000,0x000000,0x000000,0x000000,0x000000,0x000000,0x000000,0x000000,0x010100,
0x000000,0x000000,0x000000,0x000000,0x000000,0x000000,0x000000,0x000000,0x000000,0x000000,0x000000,0x000000,
0x000000,0x000000,0x000000,0x000000,0x000000,0x000000,0x000000,0x000000,0x000000,0x000000,0x000000,0x000000,
0x000000,0x000000,0x000000,0x000000,0x000000,0x000000,0x000000,0x000000,0x000000,0x000000,0x000000,0x000000,
0x000000,0x000000,0x000000,0x000000,0x000000,0x000000,0x000000,0x000000,0x000000,0x000000,0x000000,0x000000,
0x000000,0x000000,0x000000,0x000000,0x000000,0x000000,0x000000,0x000000,0x000000,0x000000,0x000000,0x000000,
0x000000,0x000000,0x000000,0x000000,0x000000,0x000000,0x000000,0x000000,0x000000,0x000000,0x000000,0x000000,
0x000000,0x000000,0x000000,0x000000,0x000000,0x000000,0x000000,0x000000,0x000000,0x000000,0x000000,0x000000,
0x000000,0x000000,0x000000,0x000000,0x000000,0x000000,0x000000,0x000000,0x000000,0x000000,0x000000,0x000000,
0x000000,0x000000,0x1E1E1E,0x868585,0xE8E8E9,0xFFFFFF,0xFFFFFF,0xFEFDFE,0xFEFEFE,0xFFFEFF,0xFEFEFE,0xFEFEFE,
0xFEFEFE,0xFEFEFE,0xFEFEFE,0xFEFEFE,0xFEFEFE,0xFEFEFE,0xFEFEFE,0xFEFEFE,0xFEFEFE,0xFEFEFE,0xFEFEFE,0xFFFFFF,
0xFEFEFE,0xFEFEFF,0xFFFFFF,0xFFFFFF,0xFFFFFF,0xFFFFFF,0xECECEC,0xC1C0C0,0x8E8E8D,0x585858,0x2D2D2D,0x0F100F,
0x000000,0x000000,0x000000,0x000000,0x000000,0x000000,0x000000,0x000000,0x000000,0x000000,0x000000,0x000000,
0x000000,0x010000,0x000000,0x000000,0x000000,0x000000,0x000000,0x000000,0x000000,0x000000,0x000000,0x000000,
0x000000,0x000000,0x000000,0x000000,0x000000,0x000000,0x000000,0x000000,0x000000,0x000000,0x000000,0x000000,
0x000000,0x000000,0x0D0D0D,0x2A2A2A,0x555655,0x8D8C8C,0xC2C1C2,0xEBECEC,0xFFFFFF,0xFFFFFF,0xFFFFFF,0xFFFFFF,
0xFEFEFE,0xFEFEFE,0xFFFEFF,0xFEFEFE,0xFEFEFE,0xFEFEFE,0xFEFEFF,0xFEFEFE,0xFEFEFE,0xFEFEFE,0xFEFEFE,0xFEFEFE,
0xFEFEFE,0xFEFEFE,0xFEFEFE,0xFEFEFE,0xFEFDFE,0xFEFDFE,0xFEFEFE,0xFFFFFF,0xFFFFFF,0xF7F7F8,0xA6A6A6,0x323232,
0x000000,0x000000,0x000000,0x000000,0x000000,0x000000,0x000000,0x000000,0x000000,0x000000,0x000000,0x000000,
0x000000,0x000000,0x000000,0x000000,0x000000,0x000000,0x000000,0x000000,0x000000,0x000000,0x000000,0x000000,
0x000000,0x000000,0x000000,0x000000,0x000000,0x000000,0x000000,0x000000,0x010000,0x000000,0x000000,0x000000,
0x000000,0x000000,0x000000,0x000000,0x010100,0x000000,0x000000,0x000000,0x000000,0x000000,0x000000,0x000000,
0x000000,0x000000,0x000000,0x000000,0x000000,0x000000,0x000000,0x000000,0x000000,0x000000,0x000000,0x000000,
0x000000,0x000000,0x000000,0x000000,0x000000,0x000000,0x000000,0x000000,0x000000,0x000000,0x000000,0x000000,
0x000000,0x000000,0x000000,0x000000,0x000000,0x000000,0x000000,0x000000,0x000000,0x000000,0x000000,0x000000,
0x000000,0x000000,0x000000,0x000000,0x000000,0x000000,0x000000,0x000000,0x000000,0x000000,0x000000,0x000000,
0x000000,0x000000,0x000000,0x000000,0x000000,0x000000,0x000000,0x000000,0x000000,0x000000,0x000000,0x000000,
0x000000,0x000000,0x000000,0x000000,0x000000,0x000000,0x000000,0x000000,0x000000,0x000000,0x000000,0x000000,
0x000000,0x000000,0x000000,0x000000,0x000000,0x000000,0x000000,0x000000,0x000000,0x000000,0x000000,0x000000,
0x000000,0x000000,0x000000,0x000000,0x000000,0x000000,0x000000,0x000000,0x000000,0x000000,0x000000,0x000000,
0x000000,0x000000,0x000000,0x000000,0x0F0F10,0x757575,0xE3E3E3,0xFFFFFF,0xFFFFFF,0xFEFEFE,0xFEFDFE,0xFEFDFE,
0xFFFEFF,0xFEFEFE,0xFFFEFF,0xFEFEFE,0xFEFEFE,0xFEFEFE,0xFEFDFE,0xFEFDFE,0xFFFEFF,0xFEFEFE,0xFEFEFE,0xFEFEFE,
0xFEFEFE,0xFEFEFE,0xFEFEFE,0xFFFFFF,0xFFFFFF,0xFFFFFF,0xF7F7F8,0xD1D1D1,0x949494,0x555555,0x242424,0x030303,
0x000000,0x000000,0x000000,0x000000,0x000000,0x000000,0x000000,0x000000,0x000000,0x000000,0x000000,0x000000,
0x000000,0x000000,0x000000,0x000000,0x000000,0x000000,0x000000,0x000000,0x000000,0x000000,0x010100,0x000000,
0x000000,0x000000,0x000000,0x000000,0x000000,0x000000,0x000000,0x000000,0x000000,0x000000,0x000000,0x000000,
0x000000,0x000000,0x000000,0x000000,0x000000,0x000000,0x000000,0x000000,0x000000,0x000000,0x040404,0x242323,
0x535353,0x939393,0xD1D1D1,0xF6F6F6,0xFFFFFF,0xFFFFFF,0xFFFFFF,0xFEFEFE,0xFEFEFE,0xFEFEFE,0xFEFEFF,0xFEFEFE,
0xFEFEFE,0xFEFEFE,0xFEFEFE,0xFFFEFF,0xFFFEFF,0xFEFEFE,0xFEFEFE,0xFEFEFE,0xFEFDFE,0xFEFEFE,0xFFFFFF,0xFFFFFF,
0xFEFEFE,0xFFFFFF,0xFFFFFF,0xF0F0F0,0x939393,0x222222,0x000000,0x000000,0x000000,0x000000,0x000000,0x000000,
0x000000,0x000000,0x000000,0x000000,0x000000,0x000000,0x010101,0x000000,0x000000,0x000000,0x000000,0x000000,
0x000000,0x000000,0x000000,0x000000,0x000000,0x000000,0x000000,0x000000,0x000000,0x000000,0x000000,0x000000,
0x000000,0x010100,0x000000,0x000000,0x000000,0x000000,0x000000,0x000000,0x000000,0x000000,0x000000,0x000000,
0x000000,0x000000,0x000000,0x000000,0x000000,0x000000,0x000000,0x000000,0x000000,0x000000,0x000000,0x000000,
0x000000,0x000000,0x000000,0x000000,0x000000,0x000000,0x000000,0x000000,0x000000,0x000000,0x000000,0x000000,
0x000000,0x000000,0x000000,0x000000,0x000000,0x000000,0x000000,0x000000,0x000000,0x000000,0x000000,0x000000,
0x000000,0x000000,0x000000,0x000000,0x000000,0x000000,0x000000,0x000000,0x000000,0x000000,0x000000,0x000000,
0x000000,0x000000,0x000000,0x000000,0x000000,0x000000,0x000000,0x000000,0x000000,0x000000,0x000000,0x000000,
0x000000,0x010101,0x000000,0x000000,0x000000,0x000000,0x000000,0x000000,0x000000,0x000000,0x000000,0x000000,
0x000000,0x000000,0x000000,0x000000,0x000000,0x000000,0x000000,0x000000,0x000000,0x000000,0x000000,0x000000,
0x000000,0x000000,0x000000,0x000000,0x000000,0x000000,0x000000,0x000000,0x000000,0x000000,0x000000,0x000000,
0x000000,0x000000,0x010000,0x000000,0x000000,0x000000,0x040404,0x565657,0xCECECE,0xFFFFFF,0xFFFFFF,0xFEFEFE,
0xFFFFFF,0xFFFFFF,0xFEFEFF,0xFEFEFE,0xFEFDFE,0xFFFEFF,0xFEFEFE,0xFEFEFE,0xFEFEFE,0xFFFFFF,0xFEFEFF,0xFDFDFD,
0xFEFEFE,0xFFFFFF,0xFFFFFF,0xFEFEFE,0xFFFFFF,0xFFFFFF,0xFFFFFF,0xF3F3F3,0xC3C3C3,0x7F7F7F,0x393939,0x0C0C0C,
0x000000,0x000000,0x000000,0x000000,0x000000,0x000000,0x000000,0x000000,0x000000,0x000000,0x000000,0x000000,
0x000000,0x000000,0x000000,0x000000,0x000000,0x000000,0x000000,0x000000,0x000000,0x000000,0x000000,0x000000,
0x000000,0x000000,0x000000,0x000000,0x000000,0x000000,0x000000,0x000000,0x000000,0x000000,0x000000,0x000000,
0x000000,0x000000,0x000000,0x000000,0x000000,0x000000,0x000000,0x000000,0x000000,0x000000,0x000000,0x000000,
0x000000,0x000000,0x000000,0x000000,0x000000,0x000000,0x0C0C0C,0x373737,0x787878,0xBEBEBE,0xF1F2F1,0xFFFFFF,
0xFFFFFF,0xFFFFFF,0xFFFDFF,0xFDFEFD,0xFEFEFE,0xFFFEFF,0xFEFEFE,0xFFFEFF,0xFFFFFF,0xFEFEFE,0xFEFDFE,0xFEFEFE,
0xFEFEFE,0xFFFEFF,0xFFFFFF,0xFEFDFE,0xFEFDFE,0xFEFDFE,0xFEFEFE,0xFFFFFF,0xFFFFFF,0xE4E4E4,0x727272,0x0E0E0E,
0x000000,0x000000,0x000000,0x000000,0x000000,0x000000,0x000000,0x000000,0x000000,0x000000,0x000000,0x000000,
0x000000,0x000000,0x000000,0x000000,0x000000,0x000000,0x000000,0x000000,0x000000,0x000000,0x000000,0x000000,
0x000000,0x000000,0x000000,0x000000,0x000000,0x000000,0x000000,0x000000,0x000000,0x000000,0x000000,0x000000,
0x000000,0x010000,0x000000,0x000000,0x000000,0x000000,0x000000,0x000000,0x000000,0x000000,0x000000,0x000000,
0x000000,0x000000,0x000000,0x000000,0x010000,0x000000,0x000000,0x000000,0x000000,0x000000,0x000000,0x000000,
0x000000,0x000000,0x000000,0x000000,0x000000,0x000000,0x000000,0x000000,0x000000,0x000000,0x000000,0x000000,
0x000000,0x000000,0x000000,0x000000,0x000000,0x000000,0x000000,0x000000,0x000000,0x000000,0x000000,0x000000,
0x000000,0x000000,0x000000,0x000000,0x000000,0x000000,0x000000,0x000000,0x000000,0x000000,0x000000,0x000000,
0x000000,0x000000,0x000000,0x000000,0x000000,0x000000,0x000000,0x000000,0x000000,0x000000,0x000000,0x000000,
0x000000,0x000000,0x000000,0x000000,0x000000,0x000000,0x000000,0x000000,0x000000,0x000000,0x000000,0x000000,
0x000000,0x000000,0x000000,0x000000,0x000000,0x000000,0x000000,0x000000,0x000000,0x000000,0x000000,0x000000,
0x000000,0x000000,0x000000,0x000000,0x000000,0x000000,0x000000,0x000000,0x000000,0x303030,0xB1B1B1,0xFFFFFF,
0xFFFFFF,0xFEFEFE,0xFDFDFD,0xFDFDFD,0xFEFEFE,0xFFFFFF,0xFFFEFF,0xFEFEFE,0xFFFEFF,0xFEFEFE,0xFEFEFE,0xFEFDFE,
0xFEFEFE,0xFFFFFF,0xFEFEFE,0xFDFDFE,0xFDFDFE,0xFEFEFE,0xFFFFFF,0xFFFFFF,0xF9F8F9,0xC6C7C6,0x767676,0x2E2E2E,
0x050505,0x000000,0x000000,0x000000,0x000000,0x000000,0x000000,0x000000,0x000000,0x000000,0x000000,0x000000,
0x000000,0x000000,0x000000,0x000000,0x000000,0x000000,0x000000,0x000000,0x000000,0x000000,0x000000,0x000000,
0x000000,0x000000,0x000000,0x000000,0x000000,0x000000,0x000000,0x000000,0x000000,0x000000,0x000000,0x000000,
0x000000,0x000000,0x000000,0x000000,0x010000,0x000000,0x000000,0x000000,0x000000,0x000000,0x000000,0x000000,
0x000000,0x000000,0x000000,0x000000,0x000000,0x000000,0x000000,0x000000,0x000000,0x000000,0x000000,0x000000,
0x000000,0x030303,0x2C2C2C,0x727372,0xC1C1C1,0xF6F6F6,0xFFFFFF,0xFFFFFF,0xFEFEFE,0xFEFEFE,0xFEFEFE,0xFEFEFE,
0xFEFEFE,0xFEFDFE,0xFEFDFE,0xFEFEFE,0xFEFEFE,0xFEFFFE,0xFEFEFE,0xFEFDFE,0xFDFDFD,0xFFFEFF,0xFFFEFF,0xFEFEFE,
0xFEFEFE,0xFFFFFF,0xFFFFFF,0xCCCCCC,0x4D4D4D,0x000000,0x000000,0x000000,0x000000,0x000000,0x000000,0x000000,
0x000000,0x000000,0x000000,0x000000,0x000000,0x000000,0x000000,0x010000,0x000000,0x010000,0x010000,0x000000,
0x000000,0x000000,0x010100,0x000000,0x000000,0x000000,0x000000,0x000000,0x000000,0x000000,0x000000,0x000000,
0x000000,0x000000,0x000000,0x000000,0x000000,0x000000,0x000000,0x000000,0x000000,0x000000,0x000000,0x000000,
0x000000,0x000000,0x000000,0x000000,0x000000,0x000000,0x000000,0x000000,0x000000,0x000000,0x000000,0x000000,
0x000000,0x000000,0x000000,0x000000,0x000000,0x000000,0x000000,0x000000,0x000000,0x000000,0x000000,0x000000,
0x000000,0x000000,0x000000,0x000000,0x000000,0x000000,0x000000,0x000000,0x000000,0x000000,0x000000,0x000000,
0x000000,0x000000,0x000000,0x000000,0x000000,0x000000,0x000000,0x000000,0x000000,0x000000,0x000000,0x000000,
0x000000,0x000000,0x000000,0x010000,0x010000,0x000000,0x000000,0x000000,0x000000,0x000000,0x000000,0x000000,
0x000000,0x000000,0x000000,0x000000,0x000000,0x000000,0x000000,0x000000,0x000000,0x000000,0x000000,0x000000,
0x000000,0x000000,0x000000,0x000000,0x000000,0x000000,0x000000,0x000000,0x000000,0x000000,0x000000,0x000000,
0x000000,0x000000,0x000000,0x000000,0x000000,0x000000,0x000000,0x000000,0x000000,0x000000,0x000000,0x0F0F0F,
0x7E7E7E,0xEDEDED,0xFFFFFF,0xFFFFFF,0xFFFFFF,0xFFFFFF,0xFEFEFE,0xFEFEFE,0xFEFEFE,0xFEFEFE,0xFEFEFE,0xFEFEFE,
0xFEFEFE,0xFFFFFF,0xFEFEFE,0xFEFDFE,0xFEFEFE,0xFFFFFF,0xFFFFFF,0xFFFFFF,0xFFFFFF,0xFFFFFF,0xDADADA,0x8C8C8C,
0x3B3C3B,0x070707,0x000000,0x000000,0x000000,0x000000,0x000000,0x000000,0x000000,0x000000,0x000000,0x000000,
0x000000,0x000000,0x000000,0x000000,0x000000,0x000000,0x000000,0x000000,0x000000,0x000000,0x000000,0x000000,
0x000000,0x000000,0x000000,0x000000,0x000000,0x000000,0x000000,0x000000,0x000000,0x000000,0x000000,0x000000,
0x000000,0x000000,0x010000,0x000000,0x000000,0x000000,0x000000,0x000000,0x000000,0x000000,0x000000,0x000000,
0x000000,0x000000,0x000000,0x000000,0x000000,0x000000,0x000000,0x000000,0x000000,0x000000,0x000000,0x000000,
0x000000,0x000000,0x000000,0x000000,0x000000,0x000000,0x000000,0x000000,0x050504,0x363635,0x898989,0xDADADA,
0xFFFFFF,0xFFFFFF,0xFFFFFF,0xFEFEFE,0xFEFEFE,0xFDFDFD,0xFEFEFE,0xFFFEFF,0xFFFFFF,0xFEFEFE,0xFEFEFE,0xFEFDFE,
0xFEFEFE,0xFEFEFE,0xFEFEFE,0xFEFEFE,0xFEFEFE,0xFEFEFE,0xFFFFFF,0xFFFFFF,0xFBFBFB,0x9D9D9D,0x212121,0x000000,
0x000000,0x000000,0x000000,0x000000,0x000000,0x000000,0x000000,0x000000,0x000000,0x000000,0x000000,0x000000,
0x000000,0x000000,0x000000,0x000000,0x000000,0x000000,0x000000,0x000000,0x000000,0x000000,0x000000,0x000000,
0x000000,0x000000,0x000000,0x000000,0x000000,0x000000,0x000000,0x000000,0x000000,0x000000,0x000000,0x000000,
0x000000,0x000000,0x000000,0x010100,0x000000,0x000000,0x000000,0x000000,0x000000,0x000000,0x000000,0x000000,
0x000000,0x000000,0x000000,0x000000,0x000000,0x000000,0x000000,0x000000,0x000000,0x000000,0x000000,0x000000,
0x000000,0x000000,0x000000,0x000000,0x000000,0x000000,0x000000,0x000000,0x000000,0x000000,0x000000,0x000000,
0x000000,0x000000,0x000000,0x000000,0x000000,0x000000,0x000000,0x000000,0x000000,0x000000,0x000000,0x000000,
0x000000,0x010000,0x000000,0x000000,0x000000,0x000000,0x000000,0x000000,0x000000,0x000000,0x000000,0x000000,
0x000000,0x000000,0x000000,0x000000,0x000000,0x000000,0x000000,0x000000,0x000000,0x000000,0x000000,0x000000,
0x000000,0x000000,0x000000,0x000000,0x000000,0x000000,0x000000,0x000000,0x000000,0x000000,0x000000,0x000000,
0x000000,0x000000,0x000000,0x000000,0x000000,0x000000,0x000000,0x000000,0x000000,0x000000,0x000000,0x000000,
0x000000,0x000000,0x3F3F40,0xCACACA,0xFFFFFF,0xFFFFFF,0xFEFDFE,0xFEFDFE,0xFEFEFE,0xFFFEFF,0xFEFEFE,0xFEFEFE,
0xFEFEFE,0xFEFDFE,0xFEFDFE,0xFEFDFE,0xFEFEFE,0xFFFFFF,0xFFFFFF,0xFFFEFF,0xFEFDFE,0xFFFFFF,0xFFFFFF,0xF8F8F8,
0xBABABA,0x5A5A5A,0x131313,0x000000,0x000000,0x000000,0x000000,0x000000,0x000000,0x000000,0x000000,0x000000,
0x000000,0x000000,0x000000,0x000000,0x000000,0x000000,0x000000,0x000000,0x000000,0x000000,0x000000,0x000000,
0x000000,0x000000,0x000000,0x000000,0x000000,0x000000,0x000000,0x000000,0x000000,0x000000,0x000000,0x000000,
0x000000,0x000000,0x000000,0x000000,0x000000,0x000000,0x000000,0x000000,0x000000,0x000000,0x000000,0x000000,
0x000000,0x000000,0x000000,0x000000,0x000000,0x000000,0x000000,0x000000,0x000000,0x000000,0x000000,0x000000,
0x000000,0x000000,0x000000,0x000000,0x000000,0x000000,0x000000,0x000000,0x000000,0x000000,0x000000,0x000000,
0x000000,0x000000,0x000000,0x131313,0x5A5A5A,0xB7B7B7,0xF6F7F7,0xFFFFFF,0xFFFFFF,0xFEFEFE,0xFEFEFE,0xFEFEFE,
0xFEFEFE,0xFEFDFE,0xFEFEFE,0xFEFEFE,0xFFFFFF,0xFEFEFE,0xFEFEFE,0xFEFEFE,0xFDFEFD,0xFFFEFF,0xFFFEFF,0xFEFDFE,
0xFFFFFF,0xFFFFFF,0xE0E0E0,0x5B5B5B,0x000000,0x000000,0x000000,0x000000,0x000000,0x000000,0x000000,0x000000,
0x000000,0x000000,0x000000,0x000000,0x000000,0x000000,0x000000,0x000000,0x000000,0x000000,0x000000,0x000000,
0x000000,0x000000,0x000000,0x000000,0x000000,0x000000,0x000000,0x000000,0x000000,0x000000,0x000000,0x000000,
0x000000,0x000000,0x010000,0x000000,0x000000,0x000000,0x000000,0x000000,0x000000,0x000000,0x000000,0x000000,
0x000000,0x000000,0x000000,0x000000,0x000000,0x000000,0x000000,0x000000,0x000000,0x000000,0x000000,0x000000,
0x000000,0x000000,0x000000,0x000000,0x000000,0x000000,0x000000,0x000000,0x000000,0x000000,0x000000,0x000000,
0x000000,0x000000,0x000000,0x000000,0x000000,0x000000,0x000000,0x000000,0x000000,0x000000,0x000000,0x000000,
0x000000,0x000000,0x000000,0x000000,0x000000,0x000000,0x000000,0x000000,0x000000,0x000000,0x000000,0x000000,
0x000000,0x000000,0x000000,0x000000,0x000000,0x000000,0x000000,0x000000,0x000000,0x000000,0x000000,0x010000,
0x000000,0x000000,0x000000,0x000000,0x000000,0x000000,0x000000,0x000000,0x000000,0x000000,0x000000,0x000000,
0x000000,0x000000,0x000000,0x000000,0x000000,0x000000,0x000000,0x000000,0x000000,0x000000,0x000000,0x000000,
0x000000,0x000000,0x000000,0x000000,0x111010,0x8A8A8A,0xF5F5F5,0xFFFFFF,0xFEFEFE,0xFEFEFE,0xFEFEFE,0xFEFEFE,
0xFEFDFE,0xFEFEFE,0xFFFEFF,0xFEFEFE,0xFFFEFF,0xFEFEFE,0xFEFEFE,0xFEFEFE,0xFEFEFE,0xFFFEFE,0xFFFFFF,0xFFFFFF,
0xFFFFFF,0xEAEAEA,0x989898,0x3B3B3B,0x040403,0x000000,0x000000,0x000000,0x000000,0x000000,0x000000,0x000000,
0x000000,0x000000,0x000000,0x000000,0x000000,0x000000,0x000000,0x000000,0x000000,0x000000,0x000000,0x000000,
0x000000,0x000000,0x000000,0x000000,0x000000,0x000000,0x000000,0x000000,0x000000,0x000000,0x000000,0x000000,
0x000000,0x000000,0x000000,0x000000,0x000000,0x000000,0x000000,0x000000,0x000000,0x000000,0x000000,0x000000,
0x000000,0x000000,0x000000,0x000000,0x000000,0x000000,0x000000,0x000000,0x000000,0x000000,0x000000,0x000000,
0x000000,0x000000,0x000000,0x000000,0x000000,0x000000,0x000000,0x000000,0x000000,0x000000,0x000000,0x000000,
0x000000,0x000000,0x000000,0x000000,0x000000,0x000000,0x000000,0x000000,0x000000,0x010101,0x373838,0x979797,
0xEBEBEB,0xFFFFFF,0xFFFFFF,0xFFFEFE,0xFDFDFD,0xFEFDFE,0xFEFEFE,0xFEFEFE,0xFFFEFF,0xFEFEFE,0xFEFEFE,0xFEFDFE,
0xFEFEFE,0xFFFEFF,0xFEFEFE,0xFEFEFE,0xFFFFFF,0xFEFEFE,0xFFFFFF,0xFCFCFD,0xA1A1A0,0x1E1D1E,0x000000,0x010000,
0x010000,0x010000,0x000000,0x000000,0x000000,0x000000,0x000000,0x010000,0x010000,0x000000,0x000000,0x000000,
0x000000,0x000000,0x000000,0x000000,0x000000,0x000000,0x000000,0x000000,0x000000,0x000000,0x000000,0x000000,
0x000000,0x000000,0x000000,0x000000,0x000000,0x000000,0x000000,0x000000,0x000000,0x000000,0x000000,0x000000,
0x000000,0x000000,0x000000,0x000000,0x000000,0x000000,0x000000,0x000000,0x000000,0x000000,0x000000,0x000000,
0x000000,0x000000,0x000000,0x000000,0x000000,0x000000,0x000000,0x000000,0x000000,0x000000,0x000000,0x000000,
0x000000,0x000000,0x000000,0x000000,0x000000,0x000000,0x000000,0x000000,0x000000,0x000000,0x000000,0x000000,
0x000000,0x000000,0x000000,0x000000,0x000000,0x000000,0x000000,0x000000,0x000000,0x000000,0x000000,0x000000,
0x010000,0x000000,0x000000,0x000000,0x000000,0x000000,0x000000,0x000000,0x000000,0x000000,0x000000,0x000000,
0x000000,0x000000,0x000000,0x000000,0x000000,0x000000,0x000000,0x000000,0x000000,0x000000,0x000000,0x000000,
0x000000,0x000000,0x000000,0x000000,0x000000,0x000000,0x000000,0x000000,0x000000,0x000000,0x000000,0x000000,
0x000000,0x000000,0x000000,0x000000,0x000000,0x000000,0x000000,0x373738,0xC8C7C8,0xFFFFFF,0xFFFFFF,0xFFFFFF,
0xFEFEFE,0xFFFEFF,0xFFFFFF,0xFEFEFE,0xFEFEFE,0xFFFEFF,0xFEFDFE,0xFEFEFE,0xFEFEFE,0xFEFEFE,0xFEFEFF,0xFEFEFF,
0xFDFDFE,0xFFFFFF,0xFFFFFF,0xE5E4E4,0x878787,0x242424,0x000000,0x000000,0x000000,0x010000,0x000000,0x000000,
0x000000,0x000000,0x000000,0x000000,0x000000,0x000000,0x000000,0x000000,0x000000,0x000000,0x000000,0x000000,
0x000000,0x000000,0x000000,0x000000,0x000000,0x000000,0x000000,0x000000,0x000000,0x000000,0x000000,0x000000,
0x000000,0x000000,0x000000,0x000000,0x000000,0x000000,0x000000,0x000000,0x000000,0x000000,0x000000,0x000000,
0x000000,0x000000,0x000000,0x000000,0x000000,0x000000,0x000000,0x000000,0x000000,0x000000,0x000000,0x000000,
0x000000,0x000000,0x000000,0x000000,0x000000,0x000000,0x010000,0x000000,0x000000,0x000000,0x000000,0x000000,
0x000000,0x000000,0x000000,0x000000,0x000000,0x000000,0x000000,0x000000,0x000000,0x000000,0x000000,0x000000,
0x000000,0x000000,0x000000,0x000000,0x252525,0x858585,0xE1E1E1,0xFFFFFF,0xFFFFFF,0xFEFEFE,0xFEFEFE,0xFEFEFE,
0xFDFEFD,0xFEFDFE,0xFEFEFE,0xFEFEFE,0xFEFEFE,0xFEFEFE,0xFEFEFE,0xFFFEFF,0xFFFFFF,0xFEFEFE,0xFDFDFE,0xFDFDFE,
0xFFFFFF,0xDBDBDB,0x4F504F,0x000000,0x010000,0x000000,0x000000,0x000000,0x000000,0x000000,0x000000,0x000000,
0x000000,0x000000,0x000000,0x000000,0x000000,0x000000,0x000000,0x000000,0x000000,0x000000,0x000000,0x000000,
0x000000,0x000000,0x000000,0x000000,0x000000,0x000000,0x000000,0x000000,0x000000,0x000000,0x000000,0x000000,
0x000000,0x000000,0x000000,0x000000,0x000000,0x000000,0x000000,0x000000,0x000000,0x000000,0x000000,0x000000,
0x000000,0x000000,0x000000,0x000000,0x000000,0x000000,0x000000,0x000000,0x000000,0x000000,0x000000,0x000000,
0x000000,0x000000,0x000000,0x000000,0x000000,0x000000,0x000000,0x000000,0x000000,0x000000,0x000000,0x000000,
0x000000,0x000000,0x000000,0x000000,0x000000,0x000000,0x000000,0x000000,0x000000,0x000000,0x000000,0x000000,
0x000000,0x000000,0x000000,0x010000,0x000000,0x000000,0x000000,0x000000,0x000000,0x010100,0x000000,0x000000,
0x000000,0x000000,0x000000,0x000000,0x000000,0x000000,0x000000,0x000000,0x000000,0x000000,0x000000,0x000000,
0x000000,0x000000,0x000000,0x000000,0x000000,0x000000,0x000000,0x000000,0x000000,0x000000,0x000000,0x000000,
0x000000,0x000000,0x000000,0x000000,0x000000,0x000000,0x000000,0x000000,0x000000,0x030303,0x706F70,0xEFEEEF,
0xFFFFFF,0xFEFEFE,0xFFFFFF,0xFFFFFF,0xFEFDFE,0xFEFEFE,0xFEFEFE,0xFFFEFF,0xFFFFFF,0xFFFEFF,0xFDFDFD,0xFEFEFE,
0xFEFDFE,0xFEFEFE,0xFFFFFF,0xFFFFFF,0xFFFFFF,0xDFDFDF,0x797979,0x1D1C1C,0x000000,0x000000,0x000000,0x000000,
0x000000,0x000000,0x000000,0x000000,0x000000,0x000000,0x000000,0x000000,0x000000,0x000000,0x000000,0x000000,
0x000000,0x000000,0x000000,0x000000,0x000000,0x000000,0x000000,0x000000,0x000000,0x000000,0x000000,0x000000,
0x000000,0x000000,0x000000,0x000000,0x000000,0x000000,0x000000,0x000000,0x000000,0x000000,0x000000,0x000000,
0x000000,0x000000,0x000000,0x000000,0x000000,0x000000,0x000000,0x000000,0x000000,0x000000,0x000000,0x000000,
0x000000,0x000000,0x010100,0x000000,0x000000,0x000000,0x010000,0x010000,0x000000,0x000000,0x000000,0x000000,
0x000000,0x000000,0x000000,0x000000,0x000000,0x000000,0x000000,0x000000,0x000000,0x000000,0x000000,0x000000,
0x000000,0x000000,0x000000,0x000000,0x000000,0x000000,0x000000,0x000000,0x000000,0x000000,0x191A1A,0x787878,
0xDFDFDF,0xFFFFFF,0xFFFFFF,0xFFFEFE,0xFDFDFD,0xFEFDFE,0xFEFEFE,0xFEFEFE,0xFFFFFF,0xFEFEFE,0xFEFEFE,0xFFFEFF,
0xFEFEFE,0xFDFDFE,0xFDFDFD,0xFEFEFE,0xFEFEFE,0xFFFFFF,0xFAFAFA,0x8E8E8D,0x0C0C0C,0x000000,0x000000,0x000000,
0x000000,0x000000,0x000000,0x000000,0x000000,0x000000,0x000000,0x000000,0x000000,0x000000,0x000000,0x000000,
0x000000,0x000000,0x000000,0x000000,0x000000,0x000000,0x000000,0x000000,0x000000,0x000000,0x000000,0x010000,
0x000000,0x000000,0x000000,0x000000,0x000000,0x000000,0x000000,0x000000,0x000000,0x000000,0x000000,0x000000,
0x000000,0x000000,0x000000,0x000000,0x000000,0x000000,0x000000,0x000000,0x000000,0x000000,0x000000,0x000000,
0x000000,0x000000,0x000000,0x000000,0x000000,0x000000,0x000000,0x000000,0x000000,0x000000,0x000000,0x000000,
0x000000,0x000000,0x000000,0x000000,0x000000,0x000000,0x000000,0x000000,0x000000,0x000000,0x000000,0x000000,
0x000000,0x000000,0x000000,0x000000,0x000000,0x000000,0x000000,0x000000,0x000000,0x000000,0x000000,0x000000,
0x000000,0x000000,0x000000,0x000000,0x000000,0x010000,0x000000,0x000000,0x000000,0x000000,0x000000,0x000000,
0x000000,0x000000,0x000000,0x000000,0x000000,0x000000,0x000000,0x000000,0x000000,0x000000,0x000000,0x000000,
0x000000,0x000000,0x000000,0x000000,0x010101,0x000000,0x000000,0x000000,0x000000,0x000000,0x000000,0x000000,
0x1E1E1E,0xA7A7A7,0xFFFFFF,0xFFFFFF,0xFEFEFE,0xFEFDFE,0xFFFFFF,0xFFFFFF,0xFEFEFE,0xFEFEFE,0xFEFEFE,0xFEFEFE,
0xFEFEFE,0xFEFEFE,0xFEFEFE,0xFEFEFE,0xFEFEFE,0xFFFFFF,0xFFFFFF,0xE7E6E7,0x838383,0x1B1B1B,0x000000,0x000000,
0x000000,0x000000,0x000000,0x000000,0x000000,0x000000,0x000000,0x000000,0x000000,0x000000,0x000000,0x000000,
0x000000,0x000000,0x000000,0x000000,0x000000,0x000000,0x000000,0x000000,0x000000,0x010100,0x000000,0x000000,
0x000000,0x000000,0x000000,0x000000,0x000000,0x000000,0x000000,0x000000,0x000000,0x000000,0x000000,0x000000,
0x000000,0x000000,0x000000,0x000000,0x000000,0x000000,0x000000,0x000000,0x000000,0x000000,0x000000,0x000000,
0x000000,0x000000,0x000000,0x000000,0x000000,0x000000,0x000000,0x000000,0x000000,0x000000,0x000000,0x000000,
0x000000,0x000000,0x000000,0x000000,0x000000,0x000000,0x000000,0x000000,0x000000,0x000000,0x000000,0x000000,
0x000000,0x000000,0x000000,0x000000,0x000000,0x000000,0x000000,0x000000,0x000000,0x000000,0x000000,0x000000,
0x000000,0x000000,0x000000,0x000000,0x191919,0x7F807F,0xE4E4E4,0xFFFFFF,0xFFFFFF,0xFDFDFD,0xFEFEFE,0xFFFFFF,
0xFEFEFE,0xFEFEFE,0xFEFEFE,0xFEFDFE,0xFDFDFD,0xFEFEFE,0xFEFEFE,0xFEFEFE,0xFEFEFE,0xFEFEFF,0xFFFFFF,0xFFFFFF,
0xBCBCBC,0x2A2B2A,0x000000,0x000000,0x000000,0x000000,0x000000,0x000000,0x000000,0x000000,0x000000,0x000000,
0x000000,0x000000,0x000000,0x000000,0x000000,0x000000,0x000000,0x000000,0x000000,0x000000,0x000000,0x000000,
0x000000,0x000000,0x000000,0x000000,0x000000,0x000000,0x000000,0x000000,0x000000,0x000000,0x000000,0x000000,
0x000000,0x000000,0x000000,0x000000,0x000000,0x000000,0x000000,0x000000,0x000000,0x000000,0x000000,0x000000,
0x000000,0x000000,0x000000,0x000000,0x000000,0x000000,0x000000,0x000000,0x000000,0x000000,0x000000,0x000000,
0x000000,0x000000,0x000000,0x000000,0x000000,0x000000,0x000000,0x000000,0x000000,0x000000,0x000000,0x000000,
0x000000,0x000000,0x000000,0x000000,0x000000,0x000000,0x000000,0x000000,0x000000,0x000000,0x000000,0x000000,
0x000000,0x000000,0x000000,0x000000,0x000000,0x000000,0x000000,0x000000,0x000000,0x000000,0x000000,0x000000,
0x000000,0x000000,0x000000,0x000000,0x000000,0x000000,0x000000,0x000000,0x000000,0x000000,0x000000,0x000000,
0x000000,0x000000,0x000000,0x000000,0x000000,0x000000,0x000000,0x000000,0x000000,0x000000,0x000000,0x000000,
0x000000,0x000000,0x000000,0x3E3E3E,0xD7D7D7,0xFFFFFF,0xFEFDFF,0xFDFDFE,0xFEFEFE,0xFEFEFE,0xFEFEFF,0xFEFEFE,
0xFEFEFE,0xFFFFFF,0xFFFEFF,0xFEFEFE,0xFEFEFE,0xFEFEFE,0xFEFEFE,0xFFFFFF,0xFFFFFF,0xF1F1F1,0x8F8F8F,0x212121,
0x000000,0x000000,0x000000,0x000000,0x000000,0x000000,0x000000,0x000000,0x000000,0x000000,0x000000,0x000000,
0x000000,0x000000,0x000000,0x000000,0x000000,0x000000,0x000000,0x000000,0x000000,0x000000,0x000000,0x000000,
0x000000,0x000000,0x000000,0x000000,0x000000,0x000000,0x000000,0x000000,0x000000,0x000000,0x000000,0x000000,
0x000000,0x000000,0x000000,0x000000,0x000000,0x000000,0x000000,0x000000,0x000000,0x000000,0x000000,0x000000,
0x000000,0x000000,0x000000,0x000000,0x000000,0x000000,0x000000,0x000000,0x000000,0x000000,0x000000,0x000000,
0x000000,0x000000,0x000000,0x010101,0x000000,0x000000,0x000000,0x000000,0x000000,0x000000,0x000000,0x010100,
0x000000,0x000000,0x000000,0x000000,0x000000,0x000000,0x000000,0x000000,0x000000,0x000000,0x000000,0x000000,
0x000000,0x000000,0x000000,0x000000,0x000000,0x000000,0x000000,0x000000,0x000000,0x000000,0x1F201F,0x8F8F8F,
0xF2F2F2,0xFFFFFF,0xFFFFFF,0xFFFEFF,0xFEFEFE,0xFDFDFD,0xFEFDFE,0xFEFEFE,0xFEFEFE,0xFEFEFE,0xFEFEFE,0xFEFEFE,
0xFFFFFF,0xFFFFFE,0xFFFEFF,0xFEFDFE,0xFFFFFF,0xE3E3E3,0x535352,0x000000,0x000000,0x010100,0x000000,0x000000,
0x000000,0x000000,0x000000,0x000000,0x000000,0x000000,0x000000,0x000000,0x000000,0x000000,0x000000,0x000000,
0x000000,0x000000,0x000000,0x000000,0x000000,0x000000,0x000000,0x000000,0x000000,0x000000,0x000000,0x000000,
0x000000,0x000000,0x000000,0x000000,0x000000,0x000000,0x000000,0x000000,0x000000,0x000000,0x000000,0x000000,
0x000000,0x000000,0x000000,0x000000,0x000000,0x000000,0x000000,0x000000,0x000000,0x000000,0x000000,0x000000,
0x000000,0x000000,0x000000,0x000000,0x000000,0x000000,0x000000,0x000000,0x000000,0x000000,0x000000,0x000000,
0x000000,0x000000,0x000000,0x000000,0x000000,0x000000,0x000000,0x000000,0x000000,0x000000,0x000000,0x000000,
0x000000,0x000000,0x000000,0x000000,0x000000,0x000000,0x000000,0x000000,0x000000,0x000000,0x000000,0x000000,
0x000000,0x000000,0x000000,0x000000,0x000000,0x000000,0x000000,0x000000,0x000000,0x000000,0x000000,0x000000,
0x000000,0x000000,0x000000,0x000000,0x000000,0x000000,0x000000,0x000000,0x000000,0x000000,0x000000,0x000000,
0x000000,0x000000,0x000000,0x000000,0x000000,0x000000,0x6B6B6B,0xF0F0F0,0xFFFFFF,0xFFFFFF,0xFFFEFF,0xFEFDFE,
0xFEFDFE,0xFEFEFE,0xFEFDFE,0xFEFEFE,0xFFFFFF,0xFFFEFF,0xFFFFFE,0xFEFEFE,0xFEFEFE,0xFEFEFE,0xFFFFFF,0xFEFEFE,
0xB0B0B0,0x353434,0x000000,0x000000,0x000000,0x000000,0x000000,0x000000,0x000000,0x000000,0x000000,0x000000,
0x000000,0x000000,0x000000,0x000000,0x000000,0x000000,0x000000,0x000000,0x000000,0x000000,0x000000,0x000000,
0x000000,0x000000,0x000000,0x000000,0x000000,0x000000,0x000000,0x000000,0x000000,0x000000,0x000000,0x000000,
0x000000,0x000000,0x000000,0x000000,0x000000,0x000000,0x000000,0x000000,0x000000,0x000000,0x000000,0x000000,
0x000000,0x000000,0x000000,0x000000,0x000000,0x000000,0x000000,0x000000,0x000000,0x000000,0x000000,0x000000,
0x000000,0x000000,0x000000,0x000000,0x000000,0x000000,0x000000,0x000000,0x000000,0x000000,0x000000,0x000000,
0x000000,0x000000,0x000000,0x000000,0x000000,0x000000,0x000000,0x000000,0x000000,0x000000,0x000000,0x000000,
0x000000,0x000000,0x000000,0x000000,0x000000,0x000000,0x000000,0x000000,0x000000,0x000000,0x000000,0x000000,
0x000000,0x000000,0x000000,0x000000,0x343434,0xAEAEAE,0xFEFEFE,0xFFFFFF,0xFEFDFE,0xFDFDFD,0xFEFDFE,0xFEFEFE,
0xFEFEFE,0xFFFEFF,0xFEFEFE,0xFEFEFE,0xFFFFFF,0xFFFFFF,0xFEFDFE,0xFEFDFE,0xFEFDFE,0xFFFFFF,0xF8F8F8,0x838383,
0x080707,0x000000,0x000000,0x000000,0x000000,0x000000,0x000000,0x000000,0x000000,0x000000,0x000000,0x000000,
0x000000,0x000000,0x000000,0x000000,0x000000,0x000000,0x000000,0x000000,0x000000,0x000000,0x000000,0x000000,
0x000000,0x000000,0x000000,0x000000,0x000000,0x000000,0x000000,0x000000,0x000000,0x000000,0x000000,0x000000,
0x000000,0x000000,0x000000,0x000000,0x000000,0x000000,0x000000,0x000000,0x000000,0x000000,0x000000,0x000000,
0x000000,0x000000,0x000000,0x000000,0x000000,0x000000,0x000000,0x000000,0x000000,0x000000,0x000000,0x000000,
0x000000,0x000000,0x000000,0x000000,0x000000,0x000000,0x000000,0x000000,0x000000,0x000000,0x000000,0x000000,
0x000000,0x000000,0x000000,0x000000,0x000000,0x000000,0x000000,0x000000,0x000000,0x000000,0x000000,0x000000,
0x000000,0x000000,0x000000,0x000000,0x000000,0x000000,0x000000,0x000000,0x000000,0x000000,0x000000,0x000000,
0x000000,0x000000,0x000000,0x000000,0x000000,0x000000,0x000000,0x000000,0x000000,0x000000,0x000000,0x000000,
0x000000,0x000000,0x000000,0x000000,0x000000,0x000000,0x000000,0x000000,0x0B0B0B,0x908F91,0xFFFFFF,0xFFFFFF,
0xFDFDFE,0xFEFEFE,0xFFFFFF,0xFEFEFE,0xFEFDFE,0xFEFDFE,0xFEFEFE,0xFEFEFE,0xFEFEFE,0xFFFEFE,0xFEFEFE,0xFFFFFF,
0xFFFFFF,0xFFFFFF,0xD3D3D3,0x555555,0x020202,0x000000,0x000000,0x000000,0x000000,0x000000,0x000000,0x000000,
0x000000,0x000000,0x000000,0x000000,0x000000,0x000000,0x000000,0x000000,0x000000,0x000000,0x000000,0x000000,
0x000000,0x000000,0x000000,0x000000,0x000000,0x000000,0x000000,0x000000,0x000000,0x000000,0x000000,0x000000,
0x000000,0x000000,0x000000,0x000000,0x000000,0x000000,0x000000,0x000000,0x000000,0x000000,0x000000,0x000000,
0x000000,0x000000,0x000000,0x000000,0x000000,0x000000,0x010000,0x000000,0x000000,0x000000,0x000000,0x000000,
0x000000,0x000000,0x000000,0x000000,0x000000,0x000000,0x000000,0x000000,0x000000,0x000000,0x000000,0x000000,
0x000000,0x000000,0x000000,0x000000,0x000000,0x000000,0x000000,0x000000,0x000000,0x000000,0x000000,0x000000,
0x000000,0x000000,0x000000,0x000000,0x000000,0x000000,0x000000,0x000000,0x000000,0x000000,0x000000,0x000000,
0x000000,0x000000,0x000000,0x000000,0x000000,0x000000,0x000000,0x000000,0x000000,0x010101,0x575656,0xD5D5D5,
0xFFFFFF,0xFFFFFF,0xFEFEFE,0xFEFDFE,0xFEFEFE,0xFFFEFF,0xFEFEFE,0xFFFFFF,0xFEFEFE,0xFEFEFE,0xFEFEFE,0xFEFDFE,
0xFEFDFE,0xFEFDFE,0xFFFFFF,0xFFFFFF,0xABABAB,0x161716,0x000000,0x000000,0x000000,0x000000,0x000000,0x000000,
0x000000,0x000000,0x000000,0x000000,0x000000,0x000000,0x000000,0x000000,0x000000,0x000000,0x000000,0x000000,
0x000000,0x000000,0x000000,0x000000,0x000000,0x000000,0x000000,0x000000,0x000000,0x000000,0x000000,0x000000,
0x000000,0x000000,0x000000,0x000000,0x000000,0x000000,0x000000,0x000000,0x000000,0x000000,0x000000,0x000000,
0x000000,0x000000,0x000000,0x000000,0x000000,0x000000,0x000000,0x000000,0x000000,0x000000,0x000000,0x000000,
0x000000,0x000000,0x000000,0x000000,0x000000,0x000000,0x000000,0x000000,0x000000,0x000000,0x000000,0x000000,
0x000000,0x000000,0x000000,0x000000,0x000000,0x000000,0x000000,0x000000,0x000000,0x000000,0x000000,0x000000,
0x000000,0x000000,0x000000,0x000000,0x000000,0x000000,0x000000,0x000000,0x000000,0x000000,0x000000,0x000000,
0x000000,0x000000,0x000000,0x000000,0x000000,0x000000,0x000000,0x000000,0x000000,0x000000,0x000000,0x000000,
0x000000,0x000000,0x000000,0x000000,0x000000,0x000000,0x000000,0x000000,0x000000,0x000000,0x000000,0x1D1D1D,
0xB4B4B5,0xFFFFFF,0xFFFFFF,0xFFFFFF,0xFEFEFE,0xFEFEFE,0xFFFFFF,0xFEFEFE,0xFEFEFE,0xFEFEFE,0xFEFEFE,0xFFFFFF,
0xFEFEFE,0xFEFEFE,0xFFFFFF,0xFFFFFF,0xF2F2F2,0x868687,0x141313,0x000000,0x000000,0x000000,0x000000,0x000000,
0x000000,0x000000,0x000000,0x000000,0x000000,0x000000,0x000000,0x000000,0x000000,0x000000,0x000000,0x000000,
0x000000,0x000000,0x000000,0x000000,0x000000,0x000000,0x000000,0x000000,0x000000,0x000000,0x000000,0x000000,
0x000000,0x000000,0x000000,0x000000,0x000000,0x000000,0x000000,0x000000,0x010100,0x000000,0x000000,0x000000,
0x000000,0x000000,0x000000,0x000000,0x000000,0x000000,0x000000,0x000000,0x000000,0x000000,0x000000,0x000000,
0x000000,0x000000,0x000000,0x000000,0x000000,0x000000,0x000000,0x000000,0x000000,0x000000,0x000000,0x000000,
0x000000,0x000000,0x000000,0x000000,0x000000,0x000000,0x000000,0x000000,0x000000,0x000000,0x000000,0x000000,
0x000000,0x000000,0x000000,0x000000,0x000000,0x000000,0x000000,0x000000,0x000000,0x000000,0x000000,0x000000,
0x000000,0x000000,0x000000,0x000000,0x000000,0x000000,0x000000,0x000000,0x000000,0x000000,0x000000,0x010000,
0x000000,0x000000,0x000000,0x151515,0x898989,0xF4F4F4,0xFFFFFF,0xFEFDFE,0xFDFDFD,0xFEFEFE,0xFFFFFF,0xFFFEFF,
0xFEFEFE,0xFDFEFD,0xFDFDFD,0xFDFDFD,0xFEFDFE,0xFEFEFF,0xFFFFFF,0xFFFFFF,0xFFFFFF,0xCACAC9,0x2E2E2E,0x000000,
0x000000,0x000000,0x000000,0x000000,0x000000,0x000000,0x000000,0x000000,0x000000,0x000000,0x000000,0x000000,
0x000000,0x000000,0x000000,0x000000,0x000000,0x000000,0x000000,0x000000,0x000000,0x000000,0x000000,0x000000,
0x000000,0x000000,0x000000,0x000000,0x000000,0x000000,0x000000,0x000000,0x000000,0x000000,0x000000,0x000000,
0x000000,0x000000,0x000000,0x000000,0x000000,0x000000,0x000000,0x000000,0x000000,0x000000,0x000000,0x000000,
0x000000,0x000000,0x000000,0x000000,0x000000,0x000000,0x000000,0x000000,0x000000,0x000000,0x000000,0x000000,
0x000000,0x000000,0x000000,0x000000,0x000000,0x000000,0x000000,0x000000,0x000000,0x000000,0x000000,0x000000,
0x000000,0x000000,0x000000,0x000000,0x000000,0x000000,0x000000,0x000000,0x000000,0x000000,0x000000,0x000000,
0x000000,0x000000,0x000000,0x000000,0x000000,0x000000,0x000000,0x000000,0x000000,0x000000,0x000000,0x000000,
0x000000,0x000000,0x000000,0x000000,0x000000,0x000000,0x000000,0x000000,0x000000,0x000000,0x000000,0x000000,
0x000000,0x000000,0x2E2E2E,0xD0D0D0,0xFFFFFF,0xFEFEFE,0xFEFDFE,0xFEFEFE,0xFFFFFF,0xFEFEFE,0xFEFDFE,0xFEFEFE,
0xFEFEFE,0xFFFFFF,0xFEFEFE,0xFEFEFE,0xFEFEFE,0xFFFFFF,0xFFFFFF,0xC3C3C3,0x3B3B3B,0x000000,0x000000,0x000000,
0x010100,0x000000,0x000000,0x010000,0x000000,0x000000,0x000000,0x000000,0x000000,0x000000,0x000000,0x000000,
0x000000,0x000000,0x000000,0x000000,0x000000,0x000000,0x000000,0x000000,0x000000,0x000000,0x000000,0x000000,
0x000000,0x000000,0x000000,0x000000,0x000000,0x000000,0x000000,0x000000,0x010000,0x010000,0x000000,0x000000,
0x000000,0x000000,0x000000,0x000000,0x000000,0x000000,0x000000,0x000000,0x000000,0x000000,0x000000,0x000000,
0x000000,0x000000,0x000000,0x010100,0x000000,0x010000,0x000000,0x000000,0x000000,0x000000,0x000000,0x000000,
0x000000,0x000000,0x000000,0x000000,0x000000,0x000000,0x000000,0x000000,0x000000,0x000000,0x000000,0x000000,
0x000000,0x000000,0x000000,0x000000,0x000000,0x000000,0x000000,0x000100,0x000000,0x000000,0x000000,0x000000,
0x000000,0x000000,0x000000,0x000000,0x000000,0x000000,0x000000,0x000000,0x000000,0x000000,0x000000,0x000000,
0x000000,0x000000,0x000000,0x000000,0x000000,0x000000,0x000000,0x000000,0x000000,0x3E3E3E,0xC7C7C7,0xFFFFFF,
0xFFFFFF,0xFEFEFF,0xFEFEFE,0xFEFEFE,0xFEFEFE,0xFEFEFE,0xFDFEFD,0xFEFDFE,0xFEFEFE,0xFEFEFE,0xFFFFFE,0xFEFEFE,
0xFDFDFD,0xFFFFFF,0xE0E0E0,0x3F3F3E,0x000000,0x000000,0x000000,0x000000,0x000000,0x000000,0x000000,0x000000,
0x000000,0x000000,0x000000,0x000000,0x000000,0x000000,0x000000,0x000000,0x000000,0x000000,0x000000,0x000000,
0x000000,0x000000,0x000000,0x010000,0x000000,0x000000,0x000000,0x000000,0x000000,0x000000,0x000000,0x000000,
0x000000,0x000000,0x000000,0x000000,0x000000,0x000000,0x000000,0x000000,0x000000,0x000000,0x000000,0x000000,
0x000000,0x000000,0x000000,0x000000,0x000000,0x000000,0x000000,0x000000,0x000000,0x000000,0x000000,0x000000,
0x000000,0x000000,0x000000,0x000000,0x000000,0x000000,0x000000,0x000000,0x000000,0x000000,0x000000,0x000000,
0x000000,0x000000,0x000000,0x000000,0x000000,0x000000,0x000000,0x000000,0x000000,0x000000,0x000000,0x000000,
0x000000,0x000000,0x000000,0x010000,0x000000,0x000000,0x000000,0x000000,0x000000,0x000000,0x000000,0x000000,
0x000000,0x000000,0x000000,0x000000,0x000000,0x000000,0x000000,0x000000,0x000000,0x000000,0x000000,0x000000,
0x000000,0x000000,0x000000,0x000000,0x000000,0x434344,0xE0E0E0,0xFFFFFF,0xFFFEFE,0xFFFEFF,0xFEFEFE,0xFEFDFE,
0xFEFEFE,0xFEFEFE,0xFEFEFE,0xFFFFFF,0xFFFEFF,0xFEFEFE,0xFEFEFE,0xFEFEFF,0xFFFFFF,0xF4F4F4,0x807F7F,0x0B0B0B,
0x000000,0x000000,0x000000,0x000000,0x000000,0x000000,0x000000,0x000000,0x000000,0x000000,0x000000,0x000000,
0x000000,0x000000,0x000000,0x000000,0x000000,0x000000,0x000000,0x000000,0x000000,0x010000,0x000000,0x000000,
0x000000,0x000000,0x000000,0x000000,0x000000,0x000000,0x000000,0x000000,0x000000,0x000000,0x000000,0x000000,
0x000000,0x000000,0x000000,0x000000,0x010000,0x000000,0x000000,0x000000,0x000000,0x000000,0x000000,0x000000,
0x000000,0x000000,0x000000,0x000000,0x000000,0x000000,0x000000,0x000000,0x000000,0x000000,0x000000,0x000000,
0x000000,0x000000,0x000000,0x000000,0x000000,0x000000,0x000000,0x000000,0x000000,0x000000,0x000000,0x000000,
0x000000,0x000000,0x000000,0x000000,0x000000,0x000000,0x000000,0x000000,0x000000,0x000000,0x000000,0x000000,
0x000000,0x000000,0x000000,0x000000,0x000000,0x000000,0x000000,0x000000,0x000000,0x000000,0x000000,0x000000,
0x010000,0x000000,0x000000,0x000000,0x000000,0x000000,0x000000,0x000000,0x000000,0x000000,0x000000,0x000000,
0x000000,0x000000,0x0E0E0E,0x848484,0xF5F6F5,0xFFFFFF,0xFDFDFD,0xFDFDFD,0xFEFEFE,0xFEFEFE,0xFEFEFE,0xFEFEFE,
0xFEFEFE,0xFFFFFF,0xFFFEFF,0xFFFEFF,0xFEFEFE,0xFEFEFE,0xFFFFFF,0xECECEC,0x525252,0x000000,0x000000,0x000000,
0x000000,0x000000,0x000000,0x000000,0x000000,0x000000,0x000000,0x000000,0x000000,0x000000,0x000000,0x000000,
0x000000,0x000000,0x000000,0x000000,0x000000,0x000000,0x000000,0x010000,0x000000,0x000000,0x000000,0x000000,
0x000000,0x000000,0x000000,0x000000,0x000000,0x000000,0x000000,0x000000,0x000000,0x000000,0x000000,0x000000,
0x000000,0x000000,0x000000,0x000000,0x000000,0x000000,0x000000,0x000000,0x000000,0x000000,0x000000,0x000000,
0x000000,0x000000,0x000000,0x000000,0x000000,0x000000,0x000000,0x000000,0x000000,0x000000,0x000000,0x000000,
0x000000,0x000000,0x000000,0x000000,0x000000,0x000000,0x000000,0x000000,0x000000,0x000000,0x010000,0x010000,
0x000000,0x000000,0x000000,0x000000,0x000000,0x000000,0x000000,0x000000,0x000000,0x000000,0x000000,0x000000,
0x000000,0x000000,0x000000,0x000000,0x000000,0x000000,0x000000,0x000000,0x000000,0x000000,0x000000,0x000000,
0x000000,0x000000,0x000000,0x000000,0x000000,0x000000,0x000000,0x000000,0x555555,0xEEEEEE,0xFFFFFF,0xFEFEFE,
0xFDFDFD,0xFEFEFE,0xFEFEFE,0xFEFDFE,0xFEFEFE,0xFEFEFE,0xFEFEFE,0xFEFEFE,0xFFFFFF,0xFEFEFE,0xFFFFFF,0xFFFFFF,
0xCFCFCF,0x424242,0x000000,0x000000,0x000000,0x000000,0x010000,0x000000,0x000000,0x000000,0x000000,0x000000,
0x000000,0x000000,0x000000,0x000000,0x000000,0x000000,0x000000,0x000000,0x000000,0x000000,0x000000,0x000000,
0x000000,0x000000,0x000000,0x000000,0x000000,0x000000,0x000000,0x000000,0x000000,0x000000,0x000000,0x000000,
0x000000,0x000000,0x000000,0x000000,0x000000,0x000000,0x010100,0x000000,0x000000,0x000000,0x000000,0x000000,
0x000000,0x000000,0x000000,0x000000,0x000000,0x000000,0x000000,0x000000,0x000000,0x000000,0x000000,0x000000,
0x000000,0x000000,0x000000,0x000000,0x000000,0x000000,0x000000,0x000000,0x000000,0x000000,0x000000,0x000000,
0x000000,0x000000,0x000000,0x000000,0x000000,0x000000,0x000000,0x000000,0x000000,0x000000,0x000000,0x000000,
0x000000,0x000000,0x000000,0x000000,0x010000,0x010000,0x000000,0x000000,0x000000,0x000000,0x000000,0x000000,
0x000000,0x000000,0x000000,0x000000,0x000000,0x000000,0x000000,0x000000,0x000000,0x000000,0x000000,0x000000,
0x000000,0x000000,0x000000,0x000000,0x000000,0x010000,0x000000,0x000000,0x424242,0xD1D1D1,0xFFFFFF,0xFFFFFF,
0xFDFDFD,0xFEFEFE,0xFEFEFE,0xFFFEFF,0xFFFFFF,0xFFFFFF,0xFEFEFE,0xFFFDFF,0xFFFFFF,0xFEFEFE,0xFEFDFE,0xFFFFFF,
0xF4F4F4,0x676766,0x000000,0x000000,0x000000,0x000000,0x000000,0x000000,0x000000,0x000000,0x000000,0x000000,
0x000000,0x000000,0x000000,0x000000,0x000000,0x000000,0x000000,0x000000,0x010000,0x000000,0x000000,0x000000,
0x000000,0x000000,0x000000,0x000000,0x000000,0x000000,0x000000,0x000000,0x000000,0x000000,0x000000,0x000000,
0x000000,0x000000,0x000000,0x000000,0x000000,0x000000,0x000000,0x000000,0x000000,0x000000,0x000000,0x000000,
0x000000,0x000000,0x000000,0x000000,0x000000,0x000000,0x000000,0x000000,0x000000,0x000000,0x000000,0x000000,
0x000000,0x000000,0x000000,0x000000,0x000000,0x000000,0x000000,0x000000,0x000000,0x000000,0x000000,0x000000,
0x000000,0x000000,0x000000,0x000000,0x000000,0x000000,0x000000,0x000000,0x000000,0x000000,0x000000,0x000000,
0x000000,0x000000,0x000000,0x000000,0x000000,0x000000,0x000000,0x000000,0x000000,0x000000,0x000000,0x000000,
0x000000,0x000000,0x000000,0x000000,0x000000,0x000000,0x000000,0x000000,0x000000,0x000000,0x000000,0x5E5E5E,
0xF4F3F4,0xFFFFFF,0xFFFEFF,0xFFFFFF,0xFFFEFF,0xFEFEFE,0xFEFDFE,0xFDFDFD,0xFEFEFE,0xFEFEFE,0xFFFFFF,0xFEFEFE,
0xFDFEFF,0xFFFFFF,0xFFFFFF,0x9B9B9B,0x151515,0x000000,0x000000,0x000000,0x000000,0x000000,0x000000,0x010100,
0x000000,0x000000,0x000000,0x000000,0x000000,0x000000,0x000000,0x000000,0x000000,0x010000,0x000000,0x000000,
0x000000,0x000000,0x000000,0x000000,0x000000,0x000000,0x000000,0x000000,0x000000,0x000000,0x000000,0x000000,
0x000000,0x000000,0x000000,0x000000,0x000000,0x000000,0x000000,0x000000,0x000000,0x000000,0x000000,0x000000,
0x000000,0x000000,0x000000,0x000000,0x000000,0x000000,0x000000,0x000000,0x000000,0x000000,0x000000,0x000000,
0x000000,0x000000,0x010100,0x000000,0x000000,0x000000,0x000000,0x000000,0x000000,0x000000,0x000000,0x000000,
0x000000,0x000000,0x000000,0x000000,0x000000,0x000000,0x000000,0x000000,0x000000,0x000000,0x000000,0x000000,
0x000000,0x000000,0x000000,0x000000,0x000000,0x000000,0x000000,0x000000,0x000000,0x000000,0x000000,0x000000,
0x000000,0x000000,0x000000,0x000000,0x000000,0x000000,0x000000,0x000000,0x000000,0x000000,0x000000,0x000000,
0x000000,0x000000,0x000000,0x000000,0x000000,0x000000,0x000000,0x000000,0x000000,0x000000,0x010000,0x000000,
0x000000,0x171717,0x9E9E9E,0xFFFFFF,0xFFFFFF,0xFEFDFE,0xFEFEFE,0xFEFEFE,0xFEFEFE,0xFEFEFE,0xFEFEFE,0xFFFEFF,
0xFEFDFE,0xFEFDFE,0xFEFEFE,0xFFFFFE,0xFFFFFF,0xFBFBFB,0x737372,0x000000,0x000000,0x000000,0x000000,0x000000,
0x000000,0x000000,0x000000,0x000000,0x000000,0x000000,0x000000,0x000000,0x000000,0x000000,0x000000,0x000000,
0x010101,0x000000,0x000000,0x000000,0x000000,0x000000,0x000000,0x000000,0x000000,0x000000,0x000000,0x000000,
0x000000,0x000000,0x000000,0x000000,0x000000,0x000000,0x000000,0x000000,0x000000,0x000000,0x000000,0x000000,
0x000000,0x000000,0x000000,0x000000,0x000000,0x000000,0x000000,0x000000,0x000000,0x000000,0x000000,0x000000,
0x000000,0x000000,0x000000,0x000000,0x000000,0x000000,0x000000,0x000000,0x000000,0x000000,0x000000,0x000000,
0x000000,0x000000,0x000000,0x000000,0x000000,0x000000,0x000000,0x000000,0x000000,0x000000,0x000000,0x000000,
0x000000,0x000000,0x000000,0x000000,0x000000,0x000000,0x000000,0x000000,0x000000,0x000000,0x000000,0x000000,
0x000000,0x000000,0x000000,0x000000,0x000000,0x000000,0x000000,0x000000,0x000000,0x000000,0x000000,0x000000,
0x000000,0x000000,0x6C6B6C,0xF7F7F7,0xFFFFFF,0xFDFDFD,0xFEFDFE,0xFEFEFE,0xFEFEFE,0xFEFEFE,0xFFFEFF,0xFEFEFE,
0xFEFEFF,0xFEFEFE,0xFEFEFE,0xFFFFFF,0xFFFFFF,0xEDECED,0x676667,0x010101,0x000000,0x000000,0x000000,0x000000,
0x000000,0x000000,0x000000,0x000000,0x000000,0x000000,0x000000,0x000000,0x000000,0x000000,0x000000,0x000000,
0x000000,0x000000,0x000000,0x000000,0x000000,0x000000,0x000000,0x000000,0x000000,0x000000,0x020202,0x383838,
0x0F0F0F,0x000000,0x000000,0x000000,0x000000,0x000000,0x000000,0x000000,0x000000,0x010000,0x000000,0x000000,
0x000000,0x000000,0x000000,0x000000,0x000000,0x000000,0x000000,0x000000,0x000000,0x000000,0x000000,0x000000,
0x000000,0x000000,0x000000,0x000000,0x000000,0x000000,0x000000,0x000000,0x000000,0x020202,0x020202,0x000000,
0x000000,0x000000,0x000000,0x000000,0x000000,0x000000,0x000000,0x000000,0x000000,0x000000,0x000000,0x000000,
0x000000,0x000000,0x000000,0x000000,0x000000,0x000000,0x000000,0x000000,0x000000,0x000000,0x000000,0x000000,
0x000000,0x000000,0x000000,0x010100,0x000000,0x000000,0x000000,0x000000,0x000000,0x000000,0x000000,0x000000,
0x000000,0x000000,0x000000,0x000000,0x000000,0x000000,0x000000,0x000000,0x000000,0x010000,0x000000,0x000000,
0x000000,0x000000,0x000000,0x000000,0x000000,0x000000,0x010101,0x676766,0xEDEDED,0xFFFFFF,0xFEFEFE,0xFEFEFE,
0xFEFEFE,0xFFFEFF,0xFEFEFE,0xFEFEFE,0xFEFEFE,0xFEFEFE,0xFEFEFE,0xFFFFFF,0xFEFEFE,0xFFFFFF,0xFCFCFC,0x797A7A,
0x010101,0x000000,0x000000,0x000000,0x000000,0x000000,0x000000,0x000000,0x000000,0x000000,0x000000,0x000000,
0x000000,0x010000,0x000000,0x000000,0x000000,0x000000,0x000000,0x000000,0x000000,0x000000,0x010100,0x000000,
0x000000,0x000000,0x000000,0x000000,0x000000,0x000000,0x000000,0x000000,0x000000,0x000000,0x000000,0x000000,
0x000000,0x000000,0x000000,0x000000,0x000000,0x000000,0x000000,0x000000,0x000000,0x000000,0x000000,0x000000,
0x000000,0x000000,0x000000,0x000000,0x000000,0x000000,0x000000,0x000000,0x000000,0x000000,0x000000,0x000000,
0x000000,0x000000,0x000000,0x000000,0x000000,0x000000,0x000000,0x000000,0x000000,0x000000,0x000000,0x000000,
0x000000,0x000000,0x000000,0x000000,0x000000,0x000000,0x000000,0x000000,0x000000,0x000000,0x000000,0x000000,
0x000000,0x000000,0x000000,0x000000,0x000000,0x000000,0x000000,0x000000,0x000000,0x000000,0x000000,0x000000,
0x000000,0x000000,0x000000,0x000000,0x000000,0x6D6D6E,0xFBFBFB,0xFFFFFF,0xFEFEFE,0xFEFDFE,0xFEFEFE,0xFEFDFE,
0xFEFEFE,0xFEFEFE,0xFFFEFF,0xFEFEFE,0xFFFFFF,0xFEFEFE,0xFDFDFE,0xFFFFFF,0xD5D5D5,0x3B3B3B,0x000000,0x000000,
0x000000,0x000000,0x000000,0x000000,0x010000,0x000000,0x000000,0x000000,0x000000,0x000000,0x000000,0x000000,
0x000000,0x000000,0x000000,0x000000,0x000000,0x000000,0x000000,0x000000,0x000000,0x000000,0x000000,0x000000,
0x000000,0x000000,0x000000,0x353434,0xA7A7A7,0x303130,0x000000,0x000000,0x000000,0x000000,0x000000,0x000000,
0x000000,0x000000,0x000000,0x000000,0x000000,0x000000,0x000000,0x000000,0x000000,0x000000,0x000000,0x000000,
0x000000,0x000000,0x000000,0x000000,0x000000,0x000000,0x000000,0x000000,0x000000,0x000000,0x000000,0x000000,
0x000000,0x070707,0x494949,0x020101,0x000000,0x000000,0x000000,0x000000,0x000000,0x000000,0x000000,0x000000,
0x000000,0x000000,0x000000,0x000000,0x000000,0x000000,0x000000,0x000000,0x000000,0x000000,0x000000,0x000000,
0x000000,0x000000,0x000000,0x000000,0x010101,0x000000,0x000000,0x000000,0x000000,0x000000,0x000000,0x000000,
0x000000,0x000000,0x000000,0x000000,0x000000,0x000000,0x000000,0x000000,0x000000,0x000000,0x000000,0x000000,
0x000000,0x000000,0x000000,0x000000,0x000000,0x000000,0x000000,0x000000,0x000000,0x000000,0x000000,0x000000,
0x3E3D3D,0xD6D6D6,0xFFFFFF,0xFEFEFE,0xFEFDFE,0xFEFEFE,0xFFFFFF,0xFEFEFE,0xFEFEFE,0xFEFEFE,0xFEFEFE,0xFEFEFE,
0xFEFEFE,0xFEFDFD,0xFFFFFF,0xFDFDFD,0x808080,0x020202,0x000000,0x000000,0x000000,0x000000,0x000000,0x000000,
0x000000,0x000000,0x000000,0x000000,0x000000,0x000000,0x000000,0x000000,0x000000,0x000000,0x000000,0x000000,
0x000000,0x000000,0x000000,0x000000,0x000000,0x000000,0x000000,0x000000,0x000000,0x000000,0x000000,0x000000,
0x000000,0x000000,0x000000,0x000000,0x000000,0x000000,0x000000,0x000000,0x000000,0x000000,0x000000,0x000000,
0x000000,0x000000,0x000000,0x000000,0x000000,0x000000,0x000000,0x000000,0x000000,0x000000,0x000000,0x000000,
0x000000,0x000000,0x000000,0x000000,0x000000,0x000000,0x000000,0x000000,0x000000,0x000000,0x000000,0x000000,
0x000000,0x000000,0x000000,0x000000,0x000000,0x000000,0x000000,0x000000,0x000000,0x000000,0x000000,0x000000,
0x000000,0x000000,0x000000,0x000000,0x000000,0x000000,0x000000,0x000000,0x000000,0x000000,0x000000,0x000000,
0x000000,0x000000,0x000000,0x000000,0x000000,0x000000,0x000000,0x000000,0x6F6E6F,0xFAFAFA,0xFFFFFF,0xFEFEFE,
0xFEFEFE,0xFFFEFF,0xFEFEFE,0xFFFDFF,0xFEFEFE,0xFEFEFE,0xFEFEFE,0xFFFEFF,0xFEFFFF,0xFFFFFF,0xFFFFFF,0xABABAB,
0x1B1B1B,0x000000,0x000000,0x000000,0x000000,0x000000,0x000000,0x000000,0x000000,0x000000,0x000000,0x000000,
0x000000,0x000000,0x000000,0x000000,0x000000,0x000000,0x000000,0x000000,0x000000,0x000000,0x000000,0x000000,
0x000000,0x000000,0x000000,0x000000,0x000000,0x000000,0x010000,0x000000,0x6B6A6A,0xEBEAEB,0x737373,0x090908,
0x000000,0x000000,0x000000,0x000100,0x000000,0x000000,0x000000,0x000000,0x000000,0x000000,0x000000,0x000000,
0x000000,0x000000,0x000000,0x000000,0x000000,0x000000,0x000000,0x000000,0x000000,0x000000,0x000000,0x000000,
0x000000,0x000000,0x000000,0x000000,0x000000,0x000000,0x868686,0x4B4A4A,0x000000,0x000000,0x000000,0x000000,
0x000000,0x000000,0x000000,0x000000,0x000000,0x000000,0x000000,0x000000,0x000000,0x000000,0x000000,0x000000,
0x000000,0x000000,0x000000,0x000000,0x000000,0x000000,0x000000,0x000000,0x000001,0x000000,0x000000,0x000000,
0x000000,0x000000,0x000000,0x000000,0x000000,0x000000,0x000000,0x000000,0x000000,0x000000,0x000000,0x000000,
0x000000,0x000000,0x000000,0x000000,0x000000,0x000000,0x000000,0x000000,0x000000,0x000000,0x000000,0x000000,
0x000000,0x000000,0x000100,0x000000,0x000000,0x1E1E1E,0xB5B5B5,0xFFFFFF,0xFFFFFF,0xFEFDFE,0xFEFDFE,0xFEFDFE,
0xFEFEFE,0xFEFEFE,0xFEFEFE,0xFEFEFE,0xFFFEFF,0xFFFEFE,0xFFFFFF,0xFFFFFF,0xFFFFFF,0x7E7E7E,0x000000,0x000000,
0x000000,0x000000,0x000000,0x000000,0x000000,0x000000,0x000000,0x000000,0x000000,0x000000,0x000000,0x000000,
0x000000,0x000000,0x000000,0x000000,0x000000,0x000000,0x000000,0x000000,0x000000,0x000000,0x000000,0x000000,
0x000000,0x000000,0x000000,0x000000,0x000000,0x000000,0x000000,0x000000,0x000000,0x000000,0x000000,0x000000,
0x000000,0x000000,0x000000,0x000000,0x000000,0x000000,0x000000,0x000000,0x000000,0x000000,0x000000,0x000000,
0x000000,0x000000,0x000000,0x000000,0x000000,0x000000,0x000000,0x000000,0x000000,0x000000,0x000000,0x000000,
0x000000,0x000000,0x000000,0x000000,0x000000,0x000000,0x000000,0x000000,0x000000,0x000000,0x000000,0x000000,
0x000000,0x000000,0x000000,0x000000,0x000000,0x000000,0x000000,0x000000,0x000000,0x000000,0x000000,0x000000,
0x000000,0x000000,0x000000,0x000000,0x000000,0x000000,0x000000,0x000000,0x000000,0x000000,0x000000,0x6B6B6B,
0xFAFAFA,0xFFFFFF,0xFEFEFE,0xFEFDFE,0xFEFEFE,0xFFFEFF,0xFEFEFE,0xFFFEFF,0xFEFEFE,0xFEFFFE,0xFEFEFE,0xFDFEFD,
0xFFFFFF,0xFFFFFF,0x8D8D8D,0x070707,0x000000,0x010000,0x000000,0x000000,0x000000,0x000000,0x000000,0x000000,
0x000000,0x000000,0x000000,0x000000,0x000000,0x000000,0x010101,0x000000,0x000000,0x000000,0x000000,0x000000,
0x000000,0x000000,0x000000,0x000000,0x000000,0x000000,0x000000,0x000000,0x000000,0x000000,0x000000,0x000000,
0x010102,0x9D9D9D,0xFFFFFF,0xBABBBA,0x353635,0x000000,0x000000,0x010000,0x000000,0x000000,0x000000,0x000000,
0x000000,0x000000,0x000000,0x000000,0x000000,0x000000,0x000000,0x000000,0x000000,0x000000,0x000000,0x000000,
0x000000,0x000000,0x000000,0x000000,0x010000,0x000000,0x000000,0x000000,0x000000,0x000000,0x505050,0xD2D2D2,
0x171617,0x000000,0x000000,0x000000,0x000000,0x000000,0x000000,0x000000,0x000000,0x000000,0x000000,0x000000,
0x000000,0x000000,0x000000,0x000000,0x000000,0x000000,0x000000,0x000000,0x000000,0x000000,0x000000,0x000000,
0x000000,0x000000,0x000000,0x000000,0x000000,0x000000,0x000000,0x000000,0x000000,0x000000,0x000000,0x000000,
0x000000,0x000000,0x000000,0x000000,0x000000,0x000000,0x000000,0x000000,0x000000,0x000000,0x000000,0x000000,
0x000000,0x000000,0x000000,0x000000,0x000000,0x000000,0x000000,0x000000,0x000000,0x000000,0x0B0C0C,0x949494,
0xFFFFFF,0xFFFFFF,0xFEFDFE,0xFEFEFE,0xFFFFFF,0xFEFEFE,0xFEFEFE,0xFEFEFE,0xFFFFFF,0xFFFFFF,0xFFFEFE,0xFEFEFE,
0xFFFEFF,0xFCFCFC,0x767776,0x000000,0x000000,0x000000,0x000000,0x000000,0x000000,0x000000,0x000000,0x000000,
0x000000,0x000000,0x000000,0x000000,0x000000,0x000000,0x000000,0x000000,0x000000,0x000000,0x000000,0x000000,
0x000000,0x000000,0x000000,0x000000,0x000000,0x000000,0x000000,0x000000,0x000000,0x000000,0x000000,0x000000,
0x000000,0x000000,0x000000,0x000000,0x000000,0x000000,0x000000,0x000000,0x000000,0x000000,0x000000,0x000000,
0x000000,0x000000,0x000000,0x000000,0x000000,0x000000,0x000000,0x000000,0x000000,0x000000,0x000000,0x000000,
0x000000,0x000000,0x000000,0x000000,0x000000,0x000000,0x000000,0x000000,0x000000,0x000000,0x000000,0x000000,
0x010101,0x010000,0x000000,0x000000,0x000000,0x000000,0x000000,0x000000,0x000000,0x010000,0x000000,0x000000,
0x000000,0x000000,0x000000,0x000000,0x000000,0x000000,0x000000,0x000000,0x000000,0x000000,0x000000,0x000000,
0x000000,0x000000,0x616061,0xF8F8F8,0xFFFFFF,0xFFFFFF,0xFEFFFE,0xFEFEFE,0xFEFDFE,0xFEFEFE,0xFEFDFE,0xFFFEFF,
0xFEFEFE,0xFEFEFE,0xFEFEFE,0xFFFFFF,0xF6F5F5,0x717171,0x000000,0x000000,0x000000,0x010000,0x000000,0x000000,
0x000000,0x000000,0x000000,0x000000,0x000000,0x000000,0x000000,0x000000,0x000000,0x000000,0x000000,0x000000,
0x000000,0x000000,0x000000,0x000000,0x000000,0x000000,0x000000,0x000000,0x000000,0x000000,0x000000,0x000000,
0x000000,0x000000,0x000000,0x000000,0x000000,0x151515,0xCACACA,0xFFFFFF,0xEFEFF0,0x868786,0x181817,0x000000,
0x000000,0x000000,0x000000,0x000000,0x000000,0x000000,0x000000,0x000000,0x000000,0x000000,0x000000,0x000000,
0x000000,0x000000,0x000000,0x000000,0x000000,0x000000,0x000000,0x000000,0x000000,0x000000,0x000000,0x000000,
0x000000,0x000000,0x141414,0xE4E3E4,0xABABAB,0x080808,0x000000,0x000000,0x010000,0x000000,0x000000,0x000000,
0x000000,0x000000,0x000000,0x000000,0x000000,0x000000,0x000000,0x000000,0x000000,0x000000,0x000000,0x000000,
0x000000,0x000000,0x000000,0x000000,0x000000,0x000000,0x000000,0x000000,0x000000,0x000000,0x000000,0x000000,
0x000000,0x000000,0x000000,0x000000,0x000000,0x000000,0x000000,0x000000,0x000000,0x000000,0x000000,0x000000,
0x000000,0x000000,0x000000,0x000000,0x000000,0x000000,0x000000,0x000000,0x000000,0x000000,0x000000,0x000000,
0x000000,0x000000,0x000000,0x020202,0x797979,0xFAFAFA,0xFFFFFF,0xFEFEFE,0xFEFEFE,0xFEFEFE,0xFEFEFE,0xFEFEFE,
0xFEFFFE,0xFFFEFF,0xFEFEFE,0xFEFEFE,0xFEFEFE,0xFFFFFF,0xFBFBFB,0x6E6E6D,0x000000,0x000000,0x000000,0x000000,
0x000000,0x000000,0x000000,0x000000,0x000000,0x000000,0x000000,0x000000,0x000000,0x000000,0x000000,0x000000,
0x000000,0x000000,0x000000,0x000000,0x000000,0x000000,0x000000,0x000000,0x000000,0x000000,0x000000,0x000000,
0x000000,0x000000,0x000000,0x000000,0x000000,0x000000,0x000000,0x000000,0x000000,0x000000,0x000000,0x000000,
0x000000,0x000000,0x000000,0x000000,0x000000,0x000000,0x000000,0x000000,0x000000,0x000000,0x000000,0x000000,
0x000000,0x000000,0x000000,0x000000,0x000000,0x000000,0x000000,0x000000,0x000000,0x000000,0x000000,0x000000,
0x000000,0x000000,0x000000,0x000000,0x000000,0x000000,0x000000,0x000000,0x000000,0x000000,0x000000,0x000000,
0x000000,0x010000,0x000000,0x000000,0x000000,0x000000,0x000000,0x000000,0x000000,0x000000,0x000000,0x000000,
0x000000,0x000000,0x000000,0x000000,0x000000,0x515051,0xF3F3F3,0xFFFFFF,0xFEFEFE,0xFEFEFE,0xFFFFFF,0xFEFEFE,
0xFEFEFE,0xFEFEFE,0xFEFEFE,0xFFFFFF,0xFEFEFE,0xFDFDFE,0xFFFFFF,0xEFEFEF,0x575757,0x000000,0x000000,0x000000,
0x000000,0x000000,0x000000,0x000000,0x000000,0x000000,0x000000,0x000000,0x000000,0x000000,0x000000,0x000000,
0x000000,0x000000,0x000000,0x000000,0x000000,0x000000,0x000000,0x000000,0x000000,0x000000,0x000000,0x000000,
0x000000,0x000000,0x000000,0x010000,0x010000,0x000000,0x000000,0x000000,0x000000,0x000000,0x2C2B2B,0xDFDFDF,
0xFFFFFF,0xFFFFFF,0xD8D9D8,0x5E5E5E,0x050505,0x000000,0x000000,0x000000,0x010000,0x000000,0x000000,0x000000,
0x000000,0x000000,0x000000,0x000000,0x000000,0x000000,0x000000,0x000000,0x000000,0x000000,0x000000,0x000000,
0x000000,0x010000,0x000000,0x000000,0x010000,0x000000,0x000000,0x949394,0xFFFFFF,0x8B8C8B,0x000000,0x000000,
0x000000,0x000000,0x000000,0x000000,0x000000,0x000000,0x000000,0x000000,0x000000,0x000000,0x000000,0x010000,
0x010101,0x000000,0x000000,0x000000,0x000000,0x000000,0x000000,0x000000,0x000000,0x000000,0x000000,0x000000,
0x000000,0x000000,0x000000,0x010000,0x000000,0x000000,0x000000,0x000000,0x000000,0x000000,0x000000,0x000000,
0x010000,0x000000,0x000000,0x000000,0x000000,0x000000,0x000000,0x000000,0x000000,0x000000,0x000000,0x000000,
0x000000,0x000000,0x000000,0x000000,0x000000,0x000000,0x000000,0x000000,0x000000,0x5F5F5F,0xF0F0F0,0xFFFFFF,
0xFEFEFF,0xFEFDFE,0xFEFEFE,0xFEFEFE,0xFEFEFE,0xFEFEFE,0xFFFEFF,0xFFFFFF,0xFFFFFF,0xFEFFFF,0xFFFFFF,0xF8F8F8,
0x606060,0x000000,0x000000,0x000000,0x000000,0x000000,0x000000,0x000000,0x000000,0x000000,0x000000,0x000000,
0x000000,0x000000,0x000000,0x000000,0x000000,0x000000,0x000000,0x000000,0x000000,0x000000,0x000000,0x000000,
0x000000,0x000000,0x000000,0x000000,0x000000,0x000000,0x000000,0x000000,0x000000,0x000000,0x000000,0x000000,
0x000000,0x000000,0x000000,0x000000,0x000000,0x000000,0x000000,0x000000,0x000000,0x000000,0x000000,0x000000,
0x000000,0x000000,0x000000,0x000000,0x000000,0x000000,0x000000,0x000000,0x000000,0x000000,0x000000,0x000000,
0x000000,0x000000,0x000000,0x000000,0x000000,0x000000,0x000000,0x000000,0x000000,0x000000,0x000000,0x000000,
0x000000,0x000000,0x000000,0x000000,0x000000,0x000000,0x000000,0x000000,0x000000,0x000000,0x000000,0x000000,
0x000000,0x000000,0x000000,0x000000,0x000000,0x000000,0x000000,0x000000,0x3C3B3C,0xEBEAEB,0xFFFFFF,0xFEFEFE,
0xFFFEFF,0xFEFEFE,0xFEFEFE,0xFEFEFE,0xFEFEFE,0xFEFFFF,0xFFFFFE,0xFFFFFF,0xFEFEFF,0xFFFFFF,0xE5E5E6,0x484848,
0x000000,0x000000,0x000000,0x000000,0x000000,0x000000,0x000000,0x000000,0x000000,0x000000,0x010000,0x000000,
0x000000,0x000000,0x000000,0x000000,0x000000,0x000000,0x000000,0x000000,0x000000,0x000000,0x000000,0x000000,
0x000000,0x000000,0x000000,0x000000,0x000000,0x000000,0x000000,0x000000,0x000000,0x000000,0x000000,0x000000,
0x000000,0x000000,0x000000,0x474647,0xF1F1F1,0xFFFFFF,0xFFFFFF,0xFFFFFF,0xB9BAB9,0x3F3F3F,0x000000,0x000000,
0x000000,0x000000,0x000000,0x000000,0x000000,0x000000,0x000000,0x000000,0x000000,0x000000,0x000000,0x000000,
0x000000,0x000000,0x000000,0x000000,0x000000,0x000000,0x000000,0x000000,0x000000,0x000000,0x000000,0x3A3A3B,
0xF8F8F8,0xFDFDFD,0x717070,0x000000,0x000000,0x000000,0x000000,0x000000,0x000000,0x000000,0x000000,0x000000,
0x000000,0x000000,0x000000,0x000000,0x000000,0x000000,0x000000,0x000000,0x000000,0x000000,0x000000,0x000000,
0x000000,0x000000,0x000000,0x000000,0x000000,0x000000,0x000000,0x000000,0x000000,0x000000,0x000000,0x000000,
0x000000,0x000000,0x000000,0x000000,0x000000,0x000000,0x000000,0x000000,0x000000,0x000000,0x000000,0x000000,
0x000000,0x000000,0x000000,0x000000,0x000000,0x000000,0x000000,0x000000,0x000000,0x000000,0x000000,0x000000,
0x000000,0x000000,0x4C4C4C,0xE9EAEA,0xFFFFFF,0xFEFEFE,0xFEFEFE,0xFFFEFF,0xFEFDFE,0xFFFEFF,0xFEFEFE,0xFEFEFE,
0xFFFFFF,0xFFFFFF,0xFEFEFE,0xFFFFFF,0xF2F2F2,0x4A4A4A,0x000000,0x000000,0x000000,0x000000,0x000000,0x000000,
0x000000,0x000000,0x000000,0x000000,0x000000,0x000000,0x000000,0x000000,0x000000,0x000000,0x000000,0x000000,
0x010000,0x000000,0x000000,0x000000,0x000000,0x000000,0x000000,0x000000,0x000000,0x000000,0x000000,0x000000,
0x000000,0x000000,0x000000,0x000000,0x000000,0x000000,0x000000,0x000000,0x000000,0x000000,0x000000,0x000000,
0x000000,0x000000,0x000000,0x000000,0x000000,0x000000,0x000000,0x000000,0x000000,0x000000,0x000000,0x000000,
0x000000,0x000000,0x000000,0x000000,0x000000,0x000000,0x000000,0x000000,0x000000,0x000000,0x000000,0x000000,
0x000000,0x000000,0x000000,0x000000,0x000000,0x000000,0x000000,0x000000,0x000000,0x000000,0x000000,0x000000,
0x000000,0x000000,0x000000,0x000000,0x000000,0x000000,0x000000,0x000000,0x000000,0x000000,0x000000,0x2B2B2B,
0xDDDDDE,0xFFFFFF,0xFEFEFE,0xFEFEFE,0xFFFEFF,0xFEFEFE,0xFEFDFE,0xFEFEFE,0xFEFEFE,0xFEFEFF,0xFFFFFF,0xFFFFFF,
0xFFFFFF,0xDFDEDF,0x383839,0x000000,0x000000,0x000000,0x000000,0x000000,0x000000,0x000000,0x000000,0x000000,
0x000000,0x000000,0x000000,0x000000,0x000000,0x000000,0x000000,0x000000,0x000000,0x000000,0x000000,0x000000,
0x000000,0x000000,0x000000,0x000000,0x000000,0x000000,0x000000,0x000000,0x000000,0x000000,0x000000,0x000000,
0x000000,0x000000,0x000000,0x000000,0x000000,0x000000,0x000000,0x000000,0x5D5C5D,0xF8F8F8,0xFFFFFF,0xFDFDFE,
0xFFFFFF,0xF8F8F8,0x9D9D9C,0x252525,0x000000,0x000000,0x000000,0x000000,0x000000,0x000000,0x000000,0x000000,
0x000000,0x000000,0x000000,0x000000,0x000000,0x000000,0x000000,0x000000,0x000000,0x000000,0x000000,0x000000,
0x000000,0x000000,0x000000,0x040404,0xB2B2B2,0xFFFFFF,0xF9F9F9,0x707070,0x000000,0x000000,0x000000,0x000000,
0x000000,0x000000,0x000000,0x000000,0x000000,0x000000,0x000000,0x000000,0x000000,0x000000,0x000000,0x000000,
0x000000,0x000000,0x000000,0x000000,0x000000,0x000000,0x000000,0x000000,0x000000,0x000000,0x000000,0x000000,
0x000000,0x000000,0x000000,0x000000,0x000000,0x000000,0x000000,0x000000,0x010000,0x000000,0x000000,0x000000,
0x000000,0x000000,0x000000,0x000000,0x000000,0x000000,0x000000,0x000000,0x000000,0x000000,0x000000,0x000000,
0x000000,0x000000,0x000000,0x000000,0x000000,0x000000,0x000000,0x414141,0xE4E3E4,0xFFFFFF,0xFEFEFE,0xFEFEFE,
0xFEFDFE,0xFEFEFE,0xFEFEFE,0xFEFEFE,0xFFFEFF,0xFEFEFE,0xFEFDFE,0xFEFEFE,0xFFFFFF,0xE8E8E8,0x3A393A,0x000000,
0x000000,0x000000,0x000000,0x000000,0x000000,0x000000,0x000000,0x000000,0x000000,0x000000,0x000000,0x000000,
0x000000,0x000000,0x000000,0x000000,0x000000,0x000000,0x000000,0x000000,0x000000,0x000000,0x000000,0x000000,
0x000000,0x000000,0x000000,0x000000,0x000000,0x000000,0x000000,0x000000,0x000000,0x000000,0x000000,0x000000,
0x000000,0x000000,0x000000,0x000000,0x000000,0x000000,0x000000,0x000000,0x000000,0x000000,0x000000,0x000000,
0x000000,0x000000,0x000000,0x000000,0x000000,0x000000,0x000000,0x000000,0x000000,0x000000,0x000000,0x000000,
0x000000,0x000000,0x000000,0x000000,0x000000,0x000000,0x000000,0x000000,0x000000,0x000000,0x000000,0x000000,
0x000000,0x000000,0x000000,0x000000,0x000000,0x000000,0x000000,0x000000,0x000000,0x000000,0x000000,0x000000,
0x000000,0x000000,0x1A1A1A,0xCDCDCD,0xFFFFFF,0xFFFFFF,0xFEFEFE,0xFEFEFE,0xFEFEFE,0xFEFEFE,0xFEFEFE,0xFEFEFE,
0xFEFEFE,0xFFFFFE,0xFDFDFE,0xFFFFFF,0xDCDCDC,0x333334,0x000000,0x000000,0x000000,0x000000,0x000000,0x000000,
0x000000,0x000000,0x000000,0x000000,0x000000,0x000000,0x000000,0x000000,0x010101,0x000000,0x000000,0x000000,
0x000000,0x000000,0x000000,0x000000,0x000000,0x000000,0x000000,0x000000,0x000000,0x000000,0x000000,0x000000,
0x000000,0x000000,0x000000,0x000000,0x000000,0x000000,0x000000,0x000000,0x000000,0x000000,0x000000,0x000000,
0x000000,0x696969,0xF8F8F8,0xFFFFFF,0xFEFEFE,0xFFFFFF,0xFFFFFF,0xE6E6E6,0x777877,0x121212,0x000000,0x000000,
0x010100,0x000000,0x000000,0x000000,0x000000,0x000000,0x010000,0x000000,0x000000,0x000000,0x000000,0x000000,
0x000000,0x000000,0x000000,0x000000,0x000000,0x000000,0x000000,0x000000,0x3C3B3C,0xF5F5F5,0xFFFFFF,0xFDFDFD,
0x828382,0x050505,0x000000,0x000000,0x000000,0x000000,0x000000,0x000000,0x000000,0x000000,0x000000,0x000000,
0x000000,0x000000,0x000000,0x000000,0x000000,0x000000,0x010000,0x000000,0x000000,0x000000,0x000000,0x000000,
0x000000,0x000000,0x000000,0x000000,0x000000,0x000000,0x000000,0x000000,0x000000,0x000000,0x000000,0x000000,
0x000000,0x000000,0x000000,0x000000,0x000000,0x000000,0x000000,0x000000,0x000000,0x000000,0x000000,0x000000,
0x000000,0x000000,0x000000,0x000000,0x000000,0x000000,0x000000,0x000000,0x000000,0x000000,0x000000,0x000000,
0x3B3B3B,0xE0E0E0,0xFFFFFF,0xFEFEFE,0xFEFEFE,0xFEFEFE,0xFEFEFE,0xFEFEFE,0xFEFEFE,0xFEFEFE,0xFEFEFE,0xFFFFFF,
0xFEFEFE,0xFFFFFF,0xD9D9D9,0x232323,0x000000,0x000000,0x000000,0x000000,0x000000,0x000000,0x000000,0x000000,
0x000000,0x000000,0x000000,0x000000,0x000000,0x000000,0x010000,0x000000,0x000000,0x000000,0x000000,0x000000,
0x000000,0x000000,0x000000,0x000000,0x000000,0x000000,0x000000,0x000000,0x000000,0x000000,0x000000,0x000000,
0x000000,0x000000,0x000000,0x000000,0x000000,0x000000,0x000000,0x000000,0x000000,0x000000,0x000000,0x000000,
0x000000,0x000000,0x000000,0x000000,0x000000,0x000000,0x000000,0x000000,0x000000,0x000000,0x000000,0x000000,
0x000000,0x000000,0x000000,0x000000,0x000000,0x000000,0x000000,0x000000,0x000000,0x000000,0x000000,0x000000,
0x000000,0x000000,0x000000,0x000000,0x000000,0x000000,0x000000,0x000000,0x000000,0x000000,0x000000,0x000000,
0x000000,0x000000,0x000000,0x000000,0x000000,0x080808,0xB0AFB0,0xFFFFFF,0xFEFEFE,0xFEFDFE,0xFEFDFE,0xFEFEFE,
0xFEFEFE,0xFEFEFE,0xFFFEFF,0xFEFEFE,0xFEFEFF,0xFEFEFE,0xFFFFFF,0xDADADA,0x303030,0x000000,0x000000,0x000000,
0x000000,0x000000,0x000000,0x000000,0x000000,0x000000,0x000000,0x000000,0x000000,0x000000,0x000000,0x000000,
0x000000,0x000000,0x000000,0x000000,0x000000,0x000000,0x000000,0x000000,0x000000,0x000000,0x000000,0x000000,
0x000000,0x000000,0x000000,0x000000,0x000000,0x000000,0x000000,0x000000,0x000000,0x000000,0x000000,0x000000,
0x000000,0x000000,0x000000,0x000000,0x000000,0x000000,0x666566,0xF8F8F8,0xFFFFFF,0xFEFEFE,0xFEFDFE,0xFFFFFF,
0xFFFFFF,0xD3D3D3,0x5E5E5E,0x080808,0x000000,0x000000,0x000000,0x000000,0x000000,0x000000,0x000000,0x000000,
0x000000,0x000000,0x000000,0x000000,0x000000,0x000000,0x000000,0x000000,0x000000,0x000000,0x000000,0x000000,
0x000000,0x979798,0xFFFFFF,0xFFFFFF,0xFFFFFF,0xA0A0A0,0x111111,0x000000,0x000000,0x000000,0x000000,0x000000,
0x000000,0x000000,0x000000,0x000000,0x000000,0x000000,0x000000,0x000000,0x000000,0x000000,0x000000,0x000000,
0x000000,0x000000,0x000000,0x000000,0x000000,0x000000,0x000000,0x000000,0x000000,0x000000,0x000000,0x000000,
0x000000,0x000000,0x000000,0x000000,0x000000,0x000000,0x000000,0x000000,0x000000,0x000000,0x000000,0x000000,
0x000000,0x000000,0x000000,0x000000,0x000000,0x000000,0x000000,0x000000,0x000000,0x000000,0x000000,0x000000,
0x000000,0x000000,0x000000,0x000000,0x000000,0x343435,0xDDDDDD,0xFFFFFF,0xFFFEFF,0xFEFEFE,0xFDFDFD,0xFEFEFE,
0xFEFEFE,0xFEFEFE,0xFEFEFE,0xFEFEFE,0xFEFEFE,0xFEFEFE,0xFFFFFF,0xBEBEBE,0x0E0D0E,0x000000,0x000000,0x000000,
0x000000,0x000000,0x000000,0x000000,0x000000,0x000000,0x010000,0x000000,0x010000,0x010000,0x000000,0x000000,
0x000000,0x000000,0x000000,0x000000,0x000000,0x000000,0x000000,0x000000,0x000000,0x000000,0x000000,0x000000,
0x000000,0x000000,0x000000,0x000000,0x000000,0x000000,0x000000,0x000000,0x000000,0x000000,0x000000,0x000000,
0x000000,0x000000,0x000000,0x000000,0x000000,0x000000,0x000000,0x000000,0x000000,0x000000,0x000000,0x000000,
0x000000,0x000000,0x000000,0x000000,0x000000,0x000000,0x000000,0x000000,0x000000,0x000000,0x000000,0x000000,
0x000000,0x000000,0x000000,0x000000,0x000000,0x000000,0x000000,0x000000,0x000000,0x000000,0x000000,0x000000,
0x000000,0x000000,0x000000,0x000000,0x000000,0x000000,0x000000,0x000000,0x000000,0x8A898A,0xFFFFFF,0xFFFEFF,
0xFEFEFE,0xFEFEFE,0xFEFEFE,0xFFFEFF,0xFFFEFF,0xFEFEFE,0xFEFEFE,0xFEFEFE,0xFEFEFF,0xFFFFFF,0xDDDDDD,0x303030,
0x000000,0x000000,0x000000,0x000000,0x000000,0x000000,0x000000,0x000000,0x000000,0x000000,0x000000,0x000000,
0x010000,0x000000,0x000000,0x000000,0x000000,0x000000,0x000000,0x000000,0x000000,0x000000,0x000000,0x000000,
0x000000,0x000000,0x000000,0x000000,0x000000,0x000000,0x000000,0x000000,0x000000,0x000000,0x000000,0x000000,
0x000000,0x000000,0x000000,0x000000,0x000000,0x000000,0x000000,0x000000,0x000000,0x000000,0x000000,0x616161,
0xF3F2F2,0xFFFFFF,0xFDFCFD,0xFDFDFD,0xFDFDFD,0xFFFFFF,0xFFFFFF,0xBEBEBE,0x464746,0x000000,0x000000,0x000000,
0x000000,0x000000,0x000000,0x000000,0x000000,0x000000,0x000000,0x000000,0x000000,0x000000,0x000000,0x000000,
0x000000,0x000000,0x000000,0x000000,0x000000,0x1D1D1D,0xDBDBDB,0xFFFFFF,0xFFFFFF,0xFFFFFF,0xC3C2C2,0x2F2F2F,
0x000000,0x000000,0x000000,0x000000,0x000000,0x000000,0x000000,0x000000,0x000000,0x000000,0x000000,0x000000,
0x000000,0x000000,0x000000,0x000000,0x000000,0x000000,0x000000,0x000000,0x000000,0x000000,0x000000,0x000000,
0x000000,0x000000,0x000000,0x000000,0x000000,0x000000,0x000000,0x000000,0x000000,0x000000,0x000000,0x000000,
0x000000,0x000000,0x000000,0x000000,0x000000,0x000000,0x000000,0x000000,0x000000,0x000000,0x000000,0x000000,
0x000000,0x000000,0x000000,0x000000,0x000000,0x000000,0x000000,0x000000,0x000000,0x000000,0x363636,0xE1E1E1,
0xFFFFFF,0xFEFEFE,0xFEFDFE,0xFFFEFF,0xFEFFFE,0xFEFEFE,0xFEFEFE,0xFEFEFE,0xFEFEFE,0xFFFFFF,0xFFFEFF,0xFFFFFF,
0x989898,0x030303,0x000000,0x000000,0x000000,0x000000,0x000000,0x000000,0x000000,0x000000,0x010000,0x000000,
0x000000,0x000000,0x000000,0x000000,0x000000,0x000000,0x000000,0x000000,0x000000,0x000000,0x000000,0x000000,
0x000000,0x000000,0x000000,0x000000,0x000000,0x000000,0x000000,0x000000,0x000000,0x000000,0x000000,0x000000,
0x000000,0x000000,0x000000,0x000000,0x000000,0x000000,0x000000,0x000000,0x000000,0x000000,0x000000,0x000000,
0x000000,0x000000,0x000000,0x000000,0x000000,0x000000,0x000000,0x000000,0x000000,0x000000,0x000000,0x000000,
0x000000,0x000000,0x000000,0x000000,0x000000,0x000000,0x000000,0x000000,0x000000,0x000000,0x000000,0x000000,
0x000000,0x000000,0x000000,0x000000,0x000000,0x000000,0x000000,0x000000,0x000000,0x000000,0x000000,0x000000,
0x636364,0xFCFCFC,0xFFFFFF,0xFEFEFE,0xFFFEFF,0xFEFEFE,0xFEFEFE,0xFEFEFE,0xFEFEFE,0xFEFEFF,0xFEFEFE,0xFEFEFF,
0xFFFFFF,0xE2E1E2,0x353535,0x000000,0x000000,0x000000,0x000000,0x000000,0x000000,0x000000,0x000000,0x000000,
0x000000,0x000000,0x000000,0x000000,0x000000,0x000000,0x000000,0x000000,0x000000,0x000000,0x000000,0x000000,
0x000000,0x000000,0x000000,0x000000,0x000000,0x000000,0x000000,0x000000,0x000000,0x000000,0x000000,0x000000,
0x000000,0x000000,0x000000,0x000000,0x000000,0x000000,0x000000,0x000000,0x000000,0x000000,0x000000,0x000000,
0x000000,0x000000,0x000000,0x000000,0x4D4D4D,0xE4E4E5,0xFFFFFF,0xFDFDFD,0xFEFEFE,0xFEFFFF,0xFFFFFF,0xFFFFFF,
0xF9F9F9,0xA5A5A4,0x2F2F2F,0x000000,0x000000,0x010100,0x000000,0x000000,0x000000,0x000000,0x000000,0x000000,
0x000000,0x000000,0x000000,0x000000,0x000000,0x000000,0x000000,0x000000,0x000000,0x000000,0x4A494A,0xF5F5F5,
0xFFFFFF,0xFDFDFD,0xFFFFFF,0xE9E9E9,0x6C6C6C,0x060606,0x000000,0x020100,0x010000,0x000000,0x000000,0x000000,
0x000000,0x000000,0x000000,0x000000,0x000000,0x000000,0x000000,0x000000,0x000000,0x010100,0x000000,0x000000,
0x000000,0x000000,0x000000,0x000000,0x010000,0x000000,0x000000,0x000000,0x000000,0x000000,0x000000,0x000000,
0x000000,0x000000,0x000000,0x000000,0x000000,0x000000,0x000000,0x000000,0x000000,0x000000,0x000000,0x000000,
0x000000,0x000000,0x000000,0x000000,0x000000,0x000000,0x000000,0x000000,0x000000,0x000000,0x000000,0x000000,
0x000000,0x000000,0x000000,0x3E3D3D,0xE7E7E7,0xFFFFFF,0xFEFDFE,0xFEFEFE,0xFEFEFE,0xFFFEFF,0xFFFFFF,0xFFFEFF,
0xFEFEFE,0xFEFEFE,0xFEFEFE,0xFFFFFF,0xFEFEFE,0x6F6F6F,0x000000,0x000000,0x000000,0x000000,0x000000,0x000000,
0x000000,0x000000,0x000000,0x000000,0x000000,0x000000,0x010000,0x000000,0x000000,0x000000,0x000000,0x000000,
0x000000,0x000000,0x000000,0x000000,0x010000,0x000100,0x000000,0x000000,0x000000,0x000000,0x000000,0x000000,
0x000000,0x000000,0x000000,0x000000,0x000000,0x000000,0x000000,0x000000,0x000000,0x000000,0x000000,0x000000,
0x000000,0x000000,0x000000,0x000000,0x000000,0x000000,0x000000,0x000000,0x000000,0x000000,0x000000,0x000000,
0x000000,0x000000,0x000000,0x000000,0x000000,0x000000,0x000000,0x000000,0x000000,0x000000,0x000000,0x000000,
0x000000,0x000000,0x000000,0x000000,0x000000,0x000000,0x000000,0x000000,0x000000,0x000000,0x000000,0x000000,
0x000000,0x000000,0x000000,0x3A393A,0xEEEEEF,0xFFFFFF,0xFEFEFE,0xFFFDFF,0xFEFDFE,0xFEFDFE,0xFFFEFF,0xFEFEFE,
0xFEFEFE,0xFFFFFF,0xFFFFFF,0xFFFFFF,0xE9E9E9,0x3E3E3E,0x000000,0x000000,0x000000,0x000000,0x000000,0x000000,
0x000000,0x000000,0x000000,0x000000,0x000000,0x000000,0x010000,0x000000,0x000000,0x000000,0x000000,0x000000,
0x000000,0x000000,0x000000,0x000000,0x000000,0x000000,0x000000,0x000000,0x000000,0x000000,0x000000,0x000000,
0x000000,0x000000,0x000000,0x000000,0x000000,0x000000,0x000000,0x000000,0x000000,0x000000,0x000000,0x000000,
0x000000,0x000000,0x000000,0x000000,0x000000,0x000000,0x000000,0x000000,0x000000,0x303030,0xCDCDCD,0xFFFFFF,
0xFFFFFF,0xFFFFFF,0xFFFFFF,0xFEFDFD,0xFDFEFE,0xFFFFFF,0xEFEFEF,0x949594,0x272726,0x000000,0x000000,0x000000,
0x000000,0x000000,0x000000,0x000000,0x000000,0x000000,0x000000,0x000000,0x000000,0x000000,0x000000,0x000000,
0x000000,0x000000,0x000000,0x6D6C6D,0xFCFBFC,0xFEFEFF,0xFEFEFE,0xFFFFFF,0xFFFFFF,0xB7B7B7,0x383838,0x000000,
0x000000,0x000000,0x000000,0x000000,0x000000,0x000000,0x000000,0x000000,0x000000,0x000000,0x010000,0x010000,
0x000000,0x000000,0x000000,0x000000,0x000000,0x000000,0x000000,0x000000,0x010000,0x000000,0x000000,0x000000,
0x000000,0x000000,0x000000,0x000000,0x000000,0x000000,0x000000,0x000000,0x000000,0x000000,0x000000,0x000000,
0x000000,0x000000,0x000000,0x000000,0x000000,0x000000,0x000000,0x000000,0x000000,0x000000,0x000000,0x000000,
0x000000,0x000000,0x000000,0x000000,0x000000,0x000000,0x000000,0x000000,0x454545,0xECECEC,0xFFFFFF,0xFFFEFF,
0xFEFEFE,0xFEFEFE,0xFFFEFF,0xFEFEFE,0xFEFEFE,0xFEFEFE,0xFEFEFE,0xFEFEFE,0xFFFFFF,0xF2F2F2,0x424242,0x000000,
0x000000,0x000000,0x000000,0x000000,0x000000,0x000000,0x000000,0x000000,0x000000,0x000000,0x000000,0x000000,
0x000000,0x000000,0x000000,0x000000,0x000000,0x000000,0x000000,0x000000,0x000000,0x000000,0x000000,0x000000,
0x000000,0x000000,0x000000,0x000000,0x000000,0x000000,0x000000,0x000000,0x000000,0x000000,0x000000,0x000000,
0x000000,0x000000,0x000000,0x000000,0x000000,0x000000,0x000000,0x000000,0x000000,0x000000,0x000000,0x000000,
0x000000,0x000000,0x000000,0x000000,0x000000,0x000000,0x000000,0x000000,0x000000,0x000000,0x000000,0x000000,
0x000000,0x000000,0x000000,0x000000,0x000000,0x000000,0x000000,0x000000,0x000000,0x000000,0x000000,0x000000,
0x000000,0x000000,0x000000,0x000000,0x000000,0x000000,0x141414,0xCDCCCD,0xFFFFFF,0xFFFFFF,0xFEFDFE,0xFEFDFE,
0xFEFEFE,0xFEFEFE,0xFEFEFE,0xFEFEFE,0xFEFEFF,0xFFFFFE,0xFFFFFF,0xF1F2F2,0x4D4C4D,0x000000,0x000000,0x000000,
0x010000,0x000000,0x000000,0x000000,0x000000,0x000000,0x000000,0x000000,0x000000,0x000000,0x000000,0x000000,
0x000000,0x000000,0x000000,0x000000,0x000000,0x000000,0x000000,0x000000,0x000000,0x000000,0x000000,0x000000,
0x000000,0x000000,0x010100,0x000000,0x000000,0x000000,0x000000,0x000000,0x000000,0x000000,0x000000,0x000000,
0x010000,0x000000,0x000000,0x000000,0x000000,0x000000,0x000000,0x000000,0x000000,0x000000,0x000000,0x000000,
0x000000,0x000000,0x19191A,0xA7A8A8,0xFFFFFF,0xFFFFFF,0xFEFEFE,0xFDFDFD,0xFDFDFD,0xFEFEFE,0xFFFFFF,0xFFFFFF,
0xE8E8E8,0x7F7F7F,0x1B1B1B,0x000000,0x000000,0x000000,0x000000,0x000000,0x000000,0x000000,0x000000,0x000000,
0x000000,0x000000,0x000000,0x000000,0x000000,0x010000,0x000000,0x000000,0x7E7E7E,0xFFFFFF,0xFFFFFF,0xFFFEFF,
0xFFFFFF,0xFFFFFF,0xF3F3F3,0x8C8C8C,0x191919,0x000000,0x000000,0x000000,0x000000,0x000000,0x000000,0x000000,
0x000000,0x000000,0x000000,0x000000,0x000000,0x000000,0x000000,0x000000,0x000000,0x000000,0x000000,0x000000,
0x000000,0x000000,0x000000,0x000000,0x000000,0x000000,0x000000,0x000000,0x000000,0x000000,0x000000,0x000000,
0x000000,0x000000,0x000000,0x000000,0x000000,0x000000,0x000000,0x000000,0x000000,0x000000,0x000000,0x000000,
0x000000,0x000000,0x000000,0x000000,0x000000,0x000000,0x000000,0x000000,0x000000,0x000000,0x000000,0x000000,
0x000000,0x555454,0xF6F6F6,0xFFFFFF,0xFEFEFE,0xFEFEFE,0xFEFDFE,0xFEFDFE,0xFFFEFF,0xFEFEFE,0xFEFEFE,0xFEFEFE,
0xFFFFFF,0xFFFFFF,0xD6D6D6,0x1A1919,0x000000,0x000000,0x000000,0x000000,0x000000,0x000000,0x000000,0x000000,
0x000000,0x000000,0x000000,0x010000,0x000000,0x000000,0x000000,0x000000,0x000000,0x000000,0x000000,0x000000,
0x000000,0x000000,0x000000,0x000000,0x000000,0x000000,0x000000,0x000000,0x000000,0x000000,0x000000,0x000000,
0x000000,0x000000,0x000000,0x000000,0x000000,0x000000,0x000000,0x000000,0x000000,0x000000,0x000000,0x000000,
0x000000,0x000000,0x000000,0x000000,0x000000,0x000000,0x000000,0x000000,0x000000,0x000000,0x000000,0x000000,
0x000000,0x000000,0x000000,0x000000,0x000000,0x000000,0x000000,0x000000,0x000000,0x000000,0x000000,0x000000,
0x000000,0x000000,0x000000,0x000000,0x000000,0x000000,0x000000,0x000000,0x000000,0x020203,0x9E9D9E,0xFFFFFF,
0xFEFEFE,0xFEFEFE,0xFEFEFE,0xFEFEFE,0xFEFEFE,0xFEFEFE,0xFEFDFE,0xFEFEFE,0xFEFEFE,0xFFFFFF,0xFBFBFB,0x656565,
0x000000,0x000000,0x000000,0x000000,0x000000,0x000000,0x000000,0x000000,0x000000,0x000000,0x000000,0x000000,
0x000000,0x000000,0x000000,0x000000,0x000000,0x000000,0x000000,0x000100,0x000000,0x000000,0x000000,0x000000,
0x000000,0x000000,0x000000,0x000000,0x000000,0x000000,0x000000,0x000000,0x000000,0x000000,0x000000,0x000000,
0x000000,0x000000,0x000000,0x000000,0x000000,0x000000,0x000000,0x000000,0x000000,0x000000,0x000000,0x010100,
0x000000,0x000000,0x010000,0x000000,0x000000,0x000000,0x000000,0x030303,0x676767,0xE6E6E6,0xFFFFFF,0xFDFCFD,
0xFEFEFE,0xFFFEFE,0xFFFFFF,0xFEFEFF,0xFFFFFF,0xFFFFFF,0xE0E0E0,0x7A7B7B,0x191919,0x000000,0x000000,0x010000,
0x000000,0x000000,0x000000,0x000000,0x000000,0x000000,0x000000,0x000000,0x000000,0x010000,0x000000,0x000000,
0x020201,0x858585,0xFFFFFF,0xFFFFFF,0xFFFFFF,0xFEFEFE,0xFFFFFF,0xFFFFFF,0xDBDADA,0x696969,0x0B0B0B,0x000000,
0x000000,0x000000,0x000000,0x000000,0x000000,0x000000,0x000000,0x000000,0x000000,0x000000,0x000000,0x000000,
0x000000,0x000000,0x000000,0x000000,0x000000,0x000000,0x000000,0x000000,0x000000,0x000000,0x000000,0x000000,
0x000000,0x000000,0x000000,0x000000,0x000000,0x000000,0x000000,0x000000,0x000000,0x000000,0x000000,0x000000,
0x000000,0x000000,0x000000,0x000000,0x000000,0x000000,0x000000,0x000000,0x000000,0x000000,0x000000,0x000000,
0x000000,0x000000,0x000000,0x000000,0x000000,0x000000,0x696969,0xFBFBFB,0xFFFFFF,0xFFFEFF,0xFEFDFE,0xFEFEFE,
0xFEFEFE,0xFEFEFE,0xFEFEFE,0xFEFEFE,0xFFFFFF,0xFFFFFF,0xFFFFFF,0xA4A4A4,0x040404,0x000000,0x000000,0x000000,
0x000000,0x000000,0x000000,0x000000,0x000000,0x000000,0x000000,0x000000,0x000000,0x000000,0x000000,0x000000,
0x000000,0x000000,0x000000,0x000000,0x000000,0x000000,0x000000,0x000000,0x000000,0x000000,0x000000,0x000000,
0x000000,0x000000,0x000000,0x000000,0x000000,0x000000,0x000000,0x000000,0x000000,0x000000,0x000000,0x000000,
0x000000,0x000000,0x000000,0x000000,0x000000,0x000000,0x000000,0x000000,0x000000,0x000000,0x000000,0x000000,
0x000000,0x000000,0x000000,0x000000,0x000000,0x000000,0x000000,0x000000,0x000000,0x000000,0x000000,0x000000,
0x000000,0x000000,0x000000,0x000000,0x000000,0x000000,0x000000,0x000000,0x000000,0x000000,0x000000,0x000000,
0x000000,0x656465,0xFDFDFD,0xFEFEFE,0xFDFDFD,0xFEFEFE,0xFFFEFF,0xFFFEFF,0xFEFEFE,0xFEFEFE,0xFEFEFE,0xFEFEFE,
0xFFFFFF,0xFFFFFF,0x818081,0x000000,0x000000,0x000000,0x000000,0x000000,0x000000,0x000000,0x000000,0x000000,
0x000000,0x000000,0x000000,0x000000,0x000000,0x000000,0x000000,0x000000,0x000000,0x000000,0x000000,0x000000,
0x000000,0x000000,0x000000,0x000000,0x000000,0x000000,0x000000,0x000000,0x000000,0x000000,0x000000,0x000000,
0x000000,0x000000,0x000000,0x000000,0x000000,0x000000,0x000000,0x000000,0x000000,0x000000,0x000000,0x000000,
0x000000,0x000000,0x000000,0x000000,0x010000,0x000000,0x000000,0x000000,0x000000,0x000000,0x000000,0x000000,
0x000000,0x2B2B2B,0xB5B5B5,0xFFFFFF,0xFFFFFF,0xFFFFFF,0xFEFFFE,0xFDFDFE,0xFDFEFD,0xFEFEFE,0xFFFFFF,0xFFFFFF,
0xDEDEDE,0x818281,0x262525,0x000000,0x000000,0x000000,0x000000,0x000000,0x000000,0x000000,0x000000,0x000000,
0x000000,0x000000,0x000000,0x000000,0x000000,0x020202,0x717171,0xF4F4F3,0xFFFFFF,0xFEFEFE,0xFDFDFD,0xFDFCFD,
0xFFFFFF,0xFFFFFF,0xC7C7C7,0x4D4D4D,0x000000,0x000000,0x000000,0x000000,0x000000,0x000000,0x000000,0x000000,
0x000000,0x000000,0x000000,0x000000,0x000000,0x000000,0x000000,0x000000,0x000000,0x000000,0x000000,0x000000,
0x000000,0x000000,0x000000,0x000000,0x000000,0x000000,0x010100,0x000000,0x000000,0x000000,0x000000,0x000000,
0x000000,0x000000,0x000000,0x000000,0x000000,0x000000,0x000000,0x000000,0x000000,0x000000,0x000000,0x000000,
0x000000,0x000000,0x000000,0x000000,0x000000,0x000000,0x000000,0x000000,0x000000,0x000000,0x000000,0x818080,
0xFFFFFF,0xFFFEFF,0xFEFDFE,0xFEFEFE,0xFEFDFE,0xFEFEFE,0xFFFEFF,0xFEFEFE,0xFEFEFE,0xFEFEFE,0xFFFEFF,0xFEFEFE,
0x6D6D6D,0x000000,0x000000,0x000000,0x000000,0x000000,0x000000,0x000000,0x000000,0x000000,0x000000,0x000000,
0x000000,0x000000,0x000000,0x000000,0x000000,0x000000,0x000000,0x000000,0x000000,0x000000,0x000000,0x000000,
0x000000,0x000000,0x000000,0x000000,0x000000,0x000000,0x000000,0x000000,0x000000,0x000000,0x000000,0x000000,
0x000000,0x000000,0x000000,0x000000,0x000000,0x000000,0x000000,0x000000,0x000000,0x000000,0x000000,0x000000,
0x000000,0x000000,0x000000,0x000000,0x000000,0x000000,0x000000,0x000000,0x000000,0x000000,0x000000,0x000000,
0x010000,0x000000,0x000000,0x000000,0x000000,0x000000,0x000000,0x000000,0x000000,0x000000,0x000000,0x000000,
0x000000,0x000000,0x000000,0x000000,0x2C2C2C,0xE9E9E9,0xFFFFFF,0xFEFDFE,0xFDFCFD,0xFEFDFE,0xFEFEFE,0xFFFEFF,
0xFEFEFE,0xFEFEFE,0xFEFEFE,0xFFFFFF,0xFFFFFF,0xA1A1A1,0x050505,0x000000,0x000000,0x000000,0x000000,0x000000,
0x000000,0x000000,0x000000,0x000000,0x000000,0x000000,0x000000,0x000000,0x000000,0x000000,0x000000,0x000000,
0x000000,0x000000,0x000000,0x000000,0x000000,0x000000,0x000000,0x000000,0x000000,0x000000,0x000000,0x000000,
0x000000,0x000000,0x000000,0x000000,0x000000,0x000000,0x000000,0x000000,0x000000,0x000000,0x000000,0x000000,
0x000000,0x000000,0x000000,0x000000,0x000000,0x000000,0x000000,0x000000,0x000000,0x000000,0x000000,0x000000,
0x000000,0x000000,0x000000,0x000000,0x000000,0x000000,0x080707,0x727272,0xE9E9E9,0xFFFFFF,0xFEFEFF,0xFCFCFD,
0xFEFEFE,0xFEFEFE,0xFDFDFD,0xFDFDFD,0xFFFFFF,0xFFFFFF,0xE9E9E9,0x979797,0x393939,0x050505,0x000000,0x000000,
0x000000,0x000000,0x000000,0x010000,0x010000,0x000000,0x000000,0x000000,0x020101,0x020100,0x000000,0x464545,
0xD7D7D7,0xFFFFFF,0xFEFDFE,0xFEFEFE,0xFFFFFF,0xFFFFFF,0xFFFFFF,0xFBFBFB,0xA4A4A4,0x282828,0x000000,0x000000,
0x000000,0x000000,0x000000,0x000000,0x000000,0x000000,0x000000,0x000000,0x000000,0x000000,0x000000,0x000000,
0x000000,0x000000,0x000000,0x000000,0x000000,0x000000,0x000000,0x000000,0x000000,0x000000,0x000000,0x000000,
0x010000,0x000000,0x000000,0x000000,0x000000,0x010000,0x000000,0x000000,0x000000,0x010000,0x000000,0x000000,
0x000000,0x000000,0x000000,0x000000,0x000000,0x000000,0x000000,0x000000,0x000000,0x000000,0x000000,0x000000,
0x010100,0x000000,0x000000,0x050404,0x9F9F9F,0xFFFFFF,0xFEFEFE,0xFFFEFF,0xFFFEFF,0xFEFDFE,0xFFFEFF,0xFEFEFE,
0xFEFEFE,0xFFFEFF,0xFEFDFE,0xFFFFFF,0xEDEDED,0x313132,0x000000,0x000000,0x000000,0x000000,0x000000,0x000000,
0x000000,0x000000,0x000000,0x000000,0x000000,0x000000,0x000000,0x000000,0x000000,0x000000,0x000000,0x000000,
0x000000,0x000000,0x000000,0x000000,0x000000,0x000000,0x000000,0x000000,0x000000,0x000000,0x000000,0x000000,
0x000000,0x000000,0x000000,0x000000,0x000000,0x000000,0x000000,0x000000,0x000000,0x000000,0x000000,0x000000,
0x000000,0x000000,0x000000,0x000000,0x000000,0x000000,0x000000,0x000000,0x000000,0x000000,0x000000,0x000000,
0x000000,0x000000,0x000000,0x000000,0x000000,0x000000,0x000000,0x000000,0x000000,0x000000,0x000000,0x000000,
0x000000,0x000000,0x000000,0x000000,0x000000,0x000000,0x000000,0x090809,0xBCBBBC,0xFFFFFF,0xFFFFFF,0xFEFEFE,
0xFDFDFD,0xFEFEFE,0xFEFEFE,0xFEFEFE,0xFEFEFE,0xFFFEFF,0xFFFFFF,0xFFFFFF,0xC1C1C1,0x121212,0x000000,0x000000,
0x000000,0x000000,0x000000,0x000000,0x000000,0x000000,0x000000,0x000000,0x000000,0x000000,0x000000,0x000000,
0x000000,0x000000,0x000000,0x000000,0x000000,0x000000,0x000000,0x000000,0x000000,0x000000,0x000000,0x000000,
0x000000,0x000000,0x000000,0x000000,0x000000,0x000000,0x000000,0x000000,0x000000,0x000000,0x000000,0x000000,
0x000000,0x000000,0x000000,0x000000,0x000000,0x000000,0x000000,0x000000,0x000000,0x000000,0x000000,0x000000,
0x000000,0x000000,0x000000,0x000000,0x000000,0x000000,0x000000,0x000000,0x000000,0x000100,0x000000,0x000000,
0x2A2A2A,0xA6A6A7,0xFAF9FA,0xFFFFFF,0xFEFEFE,0xFDFDFD,0xFEFDFE,0xFFFEFF,0xFFFFFF,0xFFFEFF,0xFFFFFF,0xFFFFFF,
0xF7F7F7,0xBFBFBF,0x686867,0x1A1A1A,0x000000,0x000000,0x000000,0x010100,0x010100,0x000000,0x000000,0x010000,
0x010100,0x000000,0x000000,0x000000,0x1C1C1C,0x9B9B9C,0xFAFAFA,0xFFFFFF,0xFFFFFF,0xFFFFFF,0xFFFEFF,0xFEFEFF,
0xFFFFFF,0xE7E7E7,0x727272,0x070707,0x000000,0x000000,0x000000,0x000000,0x000000,0x000000,0x000000,0x000000,
0x000100,0x000000,0x000000,0x000000,0x000000,0x000000,0x000000,0x000000,0x000000,0x000000,0x000000,0x000000,
0x000000,0x000000,0x000000,0x000000,0x000000,0x000000,0x000000,0x000000,0x000000,0x000000,0x000000,0x000000,
0x000000,0x000000,0x000000,0x000000,0x000000,0x000000,0x000000,0x000000,0x000000,0x000000,0x000000,0x000000,
0x000000,0x000000,0x000000,0x000000,0x000000,0x000000,0x000000,0x000000,0x101010,0xBFBFBF,0xFFFFFF,0xFFFEFF,
0xFFFFFF,0xFEFEFE,0xFEFEFE,0xFEFEFE,0xFEFEFE,0xFEFDFE,0xFEFEFE,0xFFFFFF,0xFFFFFF,0xBEBEBE,0x0A0A0A,0x000000,
0x000000,0x000000,0x000000,0x000000,0x000000,0x000000,0x010100,0x000000,0x000000,0x000000,0x000000,0x000000,
0x000000,0x000000,0x000000,0x000000,0x000000,0x000000,0x000000,0x000000,0x000000,0x000000,0x000000,0x000000,
0x000000,0x000000,0x000000,0x000000,0x000000,0x000000,0x000000,0x000000,0x000000,0x000000,0x000000,0x000000,
0x000000,0x000000,0x000000,0x000000,0x000000,0x000000,0x000000,0x000000,0x000000,0x000000,0x000000,0x000000,
0x000000,0x000000,0x000000,0x000000,0x000000,0x000000,0x000000,0x000000,0x000000,0x010000,0x000000,0x000000,
0x000000,0x000000,0x000000,0x000000,0x000000,0x000000,0x000000,0x000000,0x000000,0x000000,0x000000,0x757576,
0xFFFFFF,0xFEFEFE,0xFFFFFF,0xFEFEFE,0xFEFEFE,0xFEFEFE,0xFEFDFE,0xFEFEFE,0xFEFEFE,0xFEFEFE,0xFFFFFF,0xE1E1E1,
0x282828,0x000000,0x000000,0x000000,0x000000,0x000000,0x000000,0x000000,0x000000,0x000000,0x000000,0x000000,
0x000000,0x000000,0x000000,0x010000,0x000000,0x000000,0x000000,0x000000,0x000000,0x000000,0x000000,0x000000,
0x000000,0x000000,0x000000,0x000000,0x000000,0x000000,0x000000,0x000000,0x000000,0x000000,0x000000,0x000000,
0x000000,0x010000,0x000000,0x000000,0x000000,0x000000,0x000000,0x000000,0x000000,0x010000,0x000000,0x000000,
0x000000,0x000000,0x010000,0x000000,0x000000,0x000000,0x000000,0x000000,0x000000,0x000000,0x000000,0x000000,
0x000000,0x000000,0x010100,0x010000,0x000000,0x000000,0x4E4E4E,0xCACACA,0xFFFFFF,0xFFFFFF,0xFFFEFE,0xFEFFFF,
0xFFFFFF,0xFEFEFE,0xFEFDFE,0xFEFFFE,0xFFFFFF,0xFFFFFF,0xFFFFFF,0xE0DFE0,0x979797,0x464646,0x0E0E0E,0x000000,
0x000000,0x000000,0x010100,0x020100,0x000000,0x000000,0x000000,0x000000,0x000000,0x000000,0x4E4E4E,0xCDCDCC,
0xFFFFFF,0xFFFFFF,0xFDFDFD,0xFDFDFE,0xFDFDFE,0xFFFFFF,0xFFFFFF,0xB4B4B4,0x292929,0x000000,0x000000,0x000000,
0x000000,0x000000,0x000000,0x000000,0x000000,0x000000,0x000000,0x000000,0x000000,0x000000,0x000000,0x000000,
0x000000,0x000000,0x000000,0x000000,0x000000,0x000000,0x000000,0x000000,0x000000,0x000000,0x000000,0x000000,
0x000000,0x000000,0x000000,0x000000,0x000000,0x000000,0x000000,0x000000,0x000000,0x000000,0x000000,0x000000,
0x000000,0x000000,0x000000,0x000000,0x000000,0x000000,0x000000,0x000000,0x000000,0x000000,0x000000,0x000000,
0x000000,0x282728,0xE1E1E1,0xFFFFFF,0xFEFEFE,0xFFFFFF,0xFEFEFE,0xFEFEFE,0xFEFEFE,0xFEFEFE,0xFEFEFE,0xFEFEFE,
0xFEFEFE,0xFFFFFF,0x7D7D7D,0x000000,0x000000,0x000000,0x000000,0x000000,0x000000,0x000000,0x000000,0x000000,
0x000000,0x000000,0x000000,0x000000,0x000000,0x000000,0x000000,0x000000,0x000000,0x000000,0x000000,0x000000,
0x000000,0x000000,0x000000,0x000000,0x000000,0x000000,0x000000,0x000000,0x000000,0x000000,0x000000,0x000000,
0x000000,0x000000,0x000000,0x000000,0x000000,0x000000,0x000000,0x000000,0x000000,0x000000,0x000000,0x000000,
0x000000,0x000000,0x000000,0x000000,0x000000,0x000000,0x000000,0x000000,0x000000,0x000000,0x000000,0x000000,
0x000000,0x000000,0x000000,0x000000,0x000000,0x000000,0x000000,0x000000,0x000000,0x000000,0x000000,0x000000,
0x000000,0x000000,0x3A3939,0xF1F1F1,0xFFFFFF,0xFEFDFE,0xFEFEFE,0xFEFEFE,0xFFFEFF,0xFEFEFE,0xFEFDFE,0xFEFEFE,
0xFEFEFE,0xFFFFFF,0xF5F5F5,0x4B4B4B,0x000000,0x000000,0x000000,0x000000,0x000000,0x010100,0x000000,0x000000,
0x000000,0x000000,0x000000,0x000000,0x000000,0x000000,0x000000,0x000000,0x000000,0x000000,0x000000,0x000000,
0x000000,0x000000,0x000000,0x000000,0x000000,0x000000,0x000000,0x000000,0x000000,0x000000,0x000000,0x000000,
0x000000,0x000000,0x000000,0x000000,0x010000,0x000000,0x000000,0x000000,0x000000,0x000000,0x000000,0x000000,
0x000000,0x000000,0x000000,0x000000,0x000000,0x000000,0x000000,0x000000,0x000000,0x000000,0x000000,0x000000,
0x000000,0x000000,0x000000,0x000000,0x000000,0x000000,0x000000,0x000000,0x000000,0x000000,0x000000,0x0C0C0C,
0x696969,0xDBDBDB,0xFFFFFF,0xFFFFFF,0xFEFEFE,0xFDFDFD,0xFFFFFF,0xFFFFFE,0xFEFEFE,0xFDFDFE,0xFDFDFE,0xFFFFFF,
0xFFFFFF,0xFDFDFD,0xD1D1D1,0x838384,0x363636,0x080808,0x000000,0x000000,0x000000,0x000000,0x000000,0x000000,
0x000000,0x000000,0x000000,0x101010,0x737372,0xE2E2E2,0xFFFFFF,0xFFFFFF,0xFDFDFD,0xFDFDFD,0xFEFEFE,0xFFFFFF,
0xE5E5E5,0x5C5C5C,0x000000,0x000000,0x000000,0x000000,0x000000,0x000000,0x000000,0x000000,0x000000,0x000000,
0x000000,0x000000,0x000000,0x000000,0x000000,0x000000,0x000000,0x000000,0x000000,0x000000,0x000000,0x000000,
0x000000,0x000000,0x000000,0x000000,0x000000,0x000000,0x000000,0x000000,0x000000,0x000000,0x000000,0x000000,
0x000000,0x000000,0x000000,0x000000,0x000000,0x000000,0x000000,0x000000,0x000000,0x000000,0x000000,0x000000,
0x000000,0x000000,0x000000,0x000000,0x000000,0x000000,0x4E4E4E,0xF7F7F7,0xFFFFFF,0xFEFEFE,0xFFFEFF,0xFFFEFF,
0xFEFEFE,0xFEFFFE,0xFEFEFE,0xFEFEFE,0xFEFDFE,0xFFFFFF,0xF2F2F2,0x3A3A3A,0x000000,0x000000,0x000000,0x000000,
0x000000,0x000000,0x000000,0x000000,0x000000,0x000000,0x000000,0x000000,0x000000,0x000000,0x000000,0x000000,
0x010000,0x000000,0x000000,0x000000,0x000000,0x000000,0x000000,0x000000,0x000000,0x000000,0x000000,0x000000,
0x000000,0x000000,0x000000,0x000000,0x000000,0x000000,0x000000,0x000000,0x000000,0x000000,0x000000,0x000000,
0x000000,0x000000,0x000000,0x000000,0x000000,0x000000,0x000000,0x000000,0x000000,0x000000,0x000000,0x000000,
0x000000,0x000000,0x000000,0x000000,0x000000,0x000000,0x000000,0x000000,0x000000,0x000000,0x000000,0x000000,
0x000000,0x000000,0x000000,0x000000,0x000000,0x0B0B0B,0xC3C3C3,0xFFFFFF,0xFEFEFE,0xFEFDFE,0xFEFDFE,0xFFFEFF,
0xFEFEFE,0xFEFEFE,0xFEFEFE,0xFEFEFE,0xFFFFFF,0xFFFFFF,0x7F8080,0x000000,0x000000,0x000000,0x000000,0x000000,
0x000000,0x000000,0x000000,0x000000,0x000000,0x000000,0x000000,0x000000,0x000000,0x000000,0x000000,0x000000,
0x000000,0x000000,0x000000,0x000000,0x000000,0x000000,0x000000,0x000000,0x000000,0x000000,0x000000,0x000000,
0x000000,0x000000,0x000000,0x000000,0x000000,0x000000,0x000000,0x000000,0x000000,0x000000,0x000000,0x000000,
0x000000,0x000000,0x000000,0x000000,0x000000,0x000000,0x000000,0x000000,0x000000,0x000000,0x000000,0x000000,
0x000000,0x000000,0x000000,0x000000,0x000000,0x000000,0x000000,0x000000,0x000000,0x000000,0x000000,0x000000,
0x000000,0x000000,0x000000,0x000000,0x000000,0x1A1A19,0x818081,0xE4E4E4,0xFFFFFF,0xFFFFFF,0xFFFFFF,0xFEFEFE,
0xFDFDFD,0xFDFDFD,0xFEFEFE,0xFFFFFF,0xFFFFFF,0xFFFFFF,0xFFFFFF,0xFFFFFF,0xF6F6F6,0xC6C6C6,0x7B7C7B,0x303130,
0x050505,0x000000,0x000000,0x000000,0x000000,0x010100,0x020201,0x000000,0x000000,0x202020,0x949494,0xF6F6F5,
0xFFFFFF,0xFFFFFF,0xFEFDFE,0xFEFEFE,0xFFFFFF,0xFBFBFB,0x838383,0x060606,0x000000,0x000000,0x000000,0x000000,
0x000000,0x000000,0x000000,0x000000,0x000000,0x000000,0x000000,0x000000,0x000000,0x000000,0x000000,0x000000,
0x000000,0x000000,0x000000,0x000000,0x000000,0x000000,0x000000,0x000000,0x000000,0x000000,0x000000,0x000000,
0x000000,0x000000,0x000000,0x000000,0x000000,0x000000,0x000000,0x000000,0x000000,0x000000,0x000000,0x000000,
0x000000,0x000000,0x000000,0x000000,0x000000,0x000000,0x000000,0x000000,0x000000,0x000000,0x000000,0x818182,
0xFFFFFF,0xFFFEFF,0xFEFEFE,0xFEFEFE,0xFEFEFE,0xFFFEFF,0xFEFEFE,0xFEFDFE,0xFEFDFE,0xFFFEFF,0xFFFFFF,0xC1C1C1,
0x0A0A0A,0x000000,0x000000,0x000000,0x000000,0x000000,0x000000,0x000000,0x000000,0x000000,0x000000,0x000000,
0x000000,0x000000,0x000000,0x000000,0x000000,0x000000,0x000000,0x000000,0x000000,0x000000,0x000000,0x000000,
0x000000,0x000000,0x000000,0x000000,0x000000,0x000000,0x000000,0x000000,0x000000,0x000000,0x000000,0x000000,
0x000000,0x000000,0x000000,0x000000,0x000000,0x000000,0x000000,0x000000,0x000000,0x000000,0x000000,0x000000,
0x000000,0x000000,0x000000,0x000000,0x000000,0x000000,0x000000,0x000000,0x000000,0x000000,0x000000,0x000000,
0x000000,0x000000,0x000000,0x000000,0x000000,0x000000,0x000000,0x000000,0x000000,0x757475,0xFFFFFF,0xFFFFFF,
0xFFFFFF,0xFEFEFE,0xFEFEFE,0xFEFEFE,0xFEFDFE,0xFEFEFE,0xFEFEFE,0xFEFFFE,0xFFFFFF,0xB4B4B4,0x080808,0x000000,
0x000000,0x000000,0x000000,0x000000,0x000000,0x000000,0x000000,0x000000,0x000000,0x000000,0x000000,0x000000,
0x000000,0x000000,0x000000,0x000000,0x000000,0x000000,0x000000,0x000000,0x000000,0x000000,0x000000,0x000000,
0x000000,0x000000,0x000000,0x000000,0x000000,0x000000,0x000000,0x000000,0x000000,0x000000,0x000000,0x000000,
0x000000,0x000000,0x000000,0x000000,0x000000,0x000000,0x000000,0x000000,0x000000,0x000000,0x000000,0x000000,
0x000000,0x000000,0x000000,0x000000,0x000000,0x000000,0x000000,0x000000,0x000000,0x000000,0x000000,0x000000,
0x000000,0x000000,0x000000,0x000000,0x000000,0x000000,0x000000,0x000000,0x020100,0x000000,0x000000,0x212020,
0x898989,0xE7E7E7,0xFFFFFF,0xFFFFFF,0xFDFDFD,0xFDFDFE,0xFFFFFF,0xFFFFFF,0xFFFEFF,0xFEFDFE,0xFEFDFE,0xFEFEFE,
0xFFFFFF,0xFFFFFF,0xFFFFFF,0xF1F1F2,0xC2C2C2,0x797979,0x313131,0x060606,0x000000,0x000000,0x000000,0x000000,
0x000000,0x000000,0x000000,0x404040,0xC3C3C3,0xFFFFFF,0xFFFFFF,0xFEFDFE,0xFFFFFF,0xFFFFFF,0xFFFFFF,0xA4A4A4,
0x101010,0x000000,0x000000,0x000000,0x000000,0x000000,0x000000,0x000000,0x000000,0x000000,0x000000,0x000000,
0x000000,0x000000,0x000000,0x000000,0x000000,0x000000,0x000000,0x000000,0x000000,0x000000,0x000000,0x000000,
0x000000,0x000000,0x000000,0x000000,0x000000,0x000000,0x000000,0x000000,0x000000,0x010000,0x000000,0x000000,
0x000000,0x000000,0x000000,0x000000,0x000000,0x000000,0x000000,0x000000,0x000000,0x000000,0x000000,0x000000,
0x000000,0x000000,0x000000,0x090909,0xB7B7B7,0xFFFFFF,0xFEFEFE,0xFEFEFE,0xFFFEFF,0xFEFEFE,0xFEFEFE,0xFEFEFE,
0xFFFEFF,0xFFFFFF,0xFFFFFF,0xFFFFFF,0x757475,0x000000,0x000000,0x000000,0x000000,0x000000,0x000000,0x000000,
0x000000,0x000000,0x000000,0x000000,0x000000,0x000000,0x000000,0x000000,0x000000,0x000000,0x000000,0x000000,
0x000000,0x000000,0x000000,0x000000,0x000000,0x000000,0x000000,0x000000,0x000000,0x000000,0x000000,0x000000,
0x000000,0x000000,0x000000,0x000000,0x000000,0x000000,0x000000,0x000000,0x000000,0x000000,0x000000,0x000000,
0x000000,0x000000,0x000000,0x000000,0x000000,0x000000,0x000000,0x000000,0x000000,0x000000,0x000000,0x000000,
0x000000,0x000000,0x000000,0x000000,0x000000,0x000000,0x000000,0x000000,0x000000,0x000000,0x000000,0x000000,
0x2D2D2D,0xECECEC,0xFFFFFF,0xFEFEFE,0xFEFEFE,0xFFFFFF,0xFEFEFE,0xFEFDFE,0xFEFDFE,0xFEFEFE,0xFFFFFF,0xFFFFFF,
0xE1E2E2,0x242525,0x000000,0x000000,0x000000,0x000000,0x000000,0x000000,0x000000,0x000000,0x000000,0x000000,
0x000000,0x000000,0x000000,0x000000,0x000000,0x000000,0x000000,0x000000,0x000000,0x000000,0x000000,0x000000,
0x000000,0x000000,0x000000,0x010000,0x000000,0x000000,0x000000,0x000000,0x000000,0x000000,0x000000,0x000000,
0x000000,0x000000,0x000000,0x000000,0x000000,0x000000,0x000000,0x000000,0x000000,0x000000,0x000000,0x000000,
0x000000,0x000000,0x000000,0x000000,0x000000,0x000000,0x000000,0x000000,0x000000,0x010000,0x000000,0x000000,
0x000000,0x000000,0x000000,0x000000,0x000000,0x000000,0x000000,0x000000,0x000000,0x000000,0x000000,0x000000,
0x010000,0x000000,0x000000,0x000000,0x000000,0x212121,0x7F7F7F,0xE0E0E1,0xFFFFFF,0xFFFFFF,0xFFFFFF,0xFFFFFE,
0xFEFEFE,0xFDFDFD,0xFEFEFE,0xFFFFFF,0xFFFFFF,0xFEFEFE,0xFDFDFD,0xFFFFFF,0xFFFFFF,0xFFFFFF,0xF3F3F4,0xC5C5C5,
0x7E7E7E,0x353534,0x050505,0x000000,0x000000,0x010000,0x020101,0x000000,0x0C0B0B,0x757575,0xEEEEEE,0xFFFFFF,
0xFEFEFE,0xFDFDFE,0xFDFDFE,0xFFFFFF,0xBAB9B9,0x181818,0x000000,0x000000,0x000000,0x000000,0x000000,0x000000,
0x000000,0x000000,0x000000,0x000000,0x000000,0x000000,0x000000,0x000000,0x000000,0x010000,0x000000,0x000000,
0x000000,0x000000,0x000000,0x000000,0x000000,0x000000,0x000000,0x000000,0x000000,0x000000,0x000000,0x000000,
0x000000,0x000000,0x000000,0x000000,0x000000,0x000000,0x000000,0x000000,0x000000,0x000000,0x000000,0x000000,
0x000000,0x000000,0x000000,0x000000,0x000000,0x000000,0x000000,0x000000,0x282828,0xE5E5E5,0xFFFFFF,0xFEFEFE,
0xFEFDFE,0xFEFEFE,0xFEFEFE,0xFEFEFE,0xFFFFFF,0xFFFEFF,0xFFFEFF,0xFFFFFF,0xEAEAEA,0x2C2C2C,0x000000,0x000000,
0x000000,0x000000,0x000000,0x000000,0x000000,0x000000,0x000000,0x000000,0x000000,0x000000,0x000000,0x000000,
0x000000,0x000000,0x000000,0x000000,0x000000,0x000000,0x000000,0x000000,0x000000,0x000000,0x000000,0x000000,
0x000000,0x000000,0x000000,0x000000,0x000000,0x000000,0x000000,0x000000,0x000000,0x000000,0x000000,0x000000,
0x000000,0x000000,0x000000,0x000000,0x000000,0x000000,0x000000,0x000000,0x000000,0x000000,0x000000,0x000000,
0x000000,0x000000,0x000000,0x000000,0x000000,0x000000,0x000000,0x000000,0x000000,0x000000,0x000000,0x000000,
0x000000,0x000000,0x000000,0x030303,0xADACAD,0xFFFFFF,0xFEFDFE,0xFEFDFE,0xFEFEFE,0xFFFFFF,0xFFFFFF,0xFEFEFE,
0xFEFEFE,0xFEFEFE,0xFFFFFF,0xFCFCFC,0x595959,0x000000,0x000000,0x000000,0x000000,0x000000,0x000000,0x000000,
0x000000,0x000000,0x000000,0x000000,0x000000,0x000000,0x000000,0x000000,0x000000,0x000000,0x000000,0x000000,
0x000000,0x000000,0x000000,0x000000,0x000000,0x000000,0x000000,0x000000,0x000000,0x000000,0x000000,0x000000,
0x000000,0x000000,0x010000,0x000000,0x000000,0x010000,0x000000,0x000000,0x000000,0x000000,0x000000,0x000000,
0x000000,0x000000,0x000000,0x000000,0x000000,0x000000,0x000000,0x000000,0x000000,0x000000,0x000000,0x000000,
0x000000,0x000000,0x000000,0x000000,0x000000,0x000000,0x000000,0x000000,0x000000,0x000000,0x000000,0x000000,
0x000000,0x010100,0x020101,0x010000,0x000000,0x000000,0x000000,0x010100,0x000000,0x000000,0x000000,0x1E1D1D,
0x808080,0xDFDFDF,0xFFFFFF,0xFFFFFF,0xFDFDFD,0xFDFDFD,0xFEFEFE,0xFFFFFF,0xFFFEFF,0xFEFDFE,0xFEFEFE,0xFEFEFE,
0xFEFEFE,0xFEFEFE,0xFFFFFF,0xFFFFFF,0xFFFFFF,0xF3F2F3,0xC0C0C0,0x6F6F6F,0x272727,0x020000,0x000000,0x020000,
0x000000,0x000000,0x3F3F3F,0xDBDBDB,0xFFFFFF,0xFEFDFE,0xFDFDFD,0xFFFFFF,0xFFFFFF,0xBEBEBE,0x171717,0x000000,
0x000000,0x000000,0x000000,0x000000,0x000000,0x000000,0x000000,0x000000,0x000000,0x000000,0x000000,0x000000,
0x000000,0x000000,0x000000,0x000000,0x010000,0x000000,0x000000,0x000000,0x000000,0x000000,0x000000,0x000000,
0x000000,0x000000,0x000000,0x000000,0x000000,0x000000,0x000000,0x000000,0x000000,0x000000,0x000000,0x000000,
0x000000,0x000000,0x010100,0x000000,0x000000,0x000000,0x000000,0x000000,0x000000,0x000000,0x000000,0x000000,
0x000000,0x616161,0xFDFDFD,0xFFFFFE,0xFEFDFE,0xFEFEFE,0xFFFFFF,0xFEFFFE,0xFEFEFE,0xFEFEFE,0xFEFDFE,0xFEFEFE,
0xFFFFFF,0xAFAFAF,0x040504,0x000000,0x000000,0x000000,0x000000,0x000000,0x000000,0x000000,0x010000,0x000000,
0x000000,0x000000,0x000000,0x000000,0x000000,0x000000,0x000000,0x000000,0x000000,0x000000,0x000000,0x000000,
0x000000,0x000000,0x000000,0x000000,0x000000,0x000000,0x000000,0x000000,0x000000,0x000000,0x000000,0x000000,
0x000000,0x000000,0x000000,0x000000,0x000000,0x000000,0x000000,0x000000,0x000000,0x000000,0x000000,0x000000,
0x000000,0x000000,0x000000,0x000000,0x000000,0x000000,0x000000,0x000000,0x000000,0x000000,0x000000,0x000000,
0x000000,0x000000,0x000000,0x000000,0x000000,0x000000,0x000000,0x585757,0xFCFCFC,0xFFFFFF,0xFDFEFD,0xFEFDFE,
0xFFFEFF,0xFFFEFF,0xFFFEFF,0xFEFEFE,0xFEFEFE,0xFFFFFF,0xFFFFFF,0x9C9C9D,0x020202,0x000000,0x000000,0x000000,
0x000000,0x000000,0x000000,0x000000,0x000000,0x000000,0x000000,0x000000,0x000000,0x000000,0x000000,0x000000,
0x000000,0x000000,0x000000,0x000000,0x000000,0x000000,0x000000,0x000000,0x000000,0x000000,0x000000,0x000000,
0x000000,0x000000,0x000000,0x000000,0x000000,0x000000,0x000000,0x000000,0x000000,0x000000,0x000000,0x000000,
0x010000,0x000000,0x010000,0x000000,0x000000,0x000000,0x000000,0x000000,0x000000,0x000000,0x000000,0x000000,
0x000000,0x000000,0x000000,0x000000,0x000000,0x000000,0x000000,0x000000,0x040404,0x070707,0x080707,0x050505,
0x020202,0x000000,0x000000,0x000000,0x000000,0x000000,0x000000,0x000000,0x000000,0x000000,0x000000,0x010000,
0x000000,0x000000,0x000000,0x000000,0x000000,0x1A1A1A,0x757576,0xDEDEDF,0xFFFFFF,0xFFFFFF,0xFEFFFE,0xFEFEFE,
0xFEFEFE,0xFEFEFE,0xFFFFFF,0xFEFEFE,0xFEFDFE,0xFFFFFF,0xFFFFFF,0xFEFEFE,0xFEFDFE,0xFEFCFE,0xFFFFFF,0xFFFFFF,
0xEDEEED,0xB0B0AF,0x585858,0x10100F,0x000000,0x000000,0x000000,0x262626,0xC6C5C5,0xFFFFFF,0xFDFDFD,0xFFFFFF,
0xFEFEFE,0xFFFFFF,0xBBBBBB,0x131313,0x000000,0x000000,0x000000,0x000000,0x000000,0x000000,0x000000,0x000000,
0x000000,0x000000,0x000000,0x000000,0x000000,0x000000,0x000000,0x000000,0x000000,0x000000,0x000000,0x000000,
0x000000,0x000000,0x000000,0x000000,0x000000,0x000000,0x000000,0x010100,0x010000,0x000000,0x000000,0x000000,
0x000000,0x000000,0x000000,0x000000,0x000000,0x000000,0x000000,0x000000,0x000000,0x000000,0x000000,0x000000,
0x000000,0x000000,0x000000,0x000000,0x000000,0x020202,0xA2A1A2,0xFFFFFF,0xFEFEFE,0xFEFEFE,0xFEFEFE,0xFEFEFE,
0xFEFEFE,0xFEFEFE,0xFEFDFE,0xFEFEFE,0xFFFFFF,0xFDFDFD,0x575857,0x000000,0x000000,0x000000,0x000000,0x000000,
0x010000,0x000000,0x000000,0x000000,0x000000,0x000000,0x000000,0x000000,0x000000,0x000000,0x000000,0x000000,
0x000000,0x000000,0x000000,0x000000,0x000000,0x000000,0x000000,0x000000,0x000000,0x000000,0x000000,0x000000,
0x000000,0x000000,0x000000,0x000000,0x000000,0x000000,0x000000,0x000000,0x000000,0x000000,0x000000,0x000000,
0x000000,0x000000,0x000000,0x000000,0x000000,0x000000,0x000000,0x000000,0x000000,0x000000,0x000000,0x000000,
0x000000,0x000000,0x000000,0x000000,0x000000,0x000000,0x000000,0x000000,0x000000,0x000000,0x0F0F0F,0xD2D1D1,
0xFFFFFF,0xFEFEFF,0xFEFDFE,0xFEFDFE,0xFEFEFE,0xFEFEFE,0xFEFEFE,0xFFFEFF,0xFEFEFE,0xFFFFFF,0xDBDBDB,0x1A1A1A,
0x000000,0x000000,0x000000,0x000000,0x000000,0x000000,0x000000,0x000000,0x000000,0x000000,0x000000,0x000000,
0x000000,0x000000,0x000000,0x000000,0x000000,0x000000,0x000000,0x000000,0x000000,0x000000,0x000000,0x000000,
0x000000,0x000000,0x000000,0x000000,0x000000,0x000000,0x000000,0x010000,0x000000,0x000000,0x000000,0x000000,
0x000000,0x000000,0x000000,0x000000,0x000000,0x000000,0x000000,0x000000,0x000000,0x000000,0x000000,0x000000,
0x000000,0x000000,0x000000,0x000000,0x0F100F,0x2B2A2A,0x464545,0x626262,0x7E7E7E,0x9A9A9A,0xABACAC,0xB8B9B9,
0xC7C7C7,0xCCCCCC,0xCBCBCB,0xC6C5C5,0xBEBEBE,0xAEAFAF,0x9F9F9F,0x8B8B8B,0x717171,0x525352,0x323232,0x181918,
0x040404,0x000000,0x000000,0x000000,0x000000,0x000000,0x000000,0x010000,0x010100,0x000000,0x000000,0x1D1D1D,
0x959595,0xFAFAFA,0xFFFFFF,0xFDFDFD,0xFEFEFE,0xFEFEFE,0xFEFEFE,0xFEFEFE,0xFEFEFE,0xFFFFFF,0xFEFEFE,0xFEFDFE,
0xFEFEFE,0xFEFDFE,0xFEFEFE,0xFFFFFF,0xFFFFFF,0xFFFFFF,0xFFFFFF,0xD1D2D2,0x6F6F6F,0x181818,0x000000,0x000000,
0x1A1919,0xBFBEBF,0xFFFFFF,0xFFFFFF,0xFEFEFE,0xFEFEFE,0xFFFFFF,0xA9A9A9,0x090909,0x000000,0x000000,0x000000,
0x000000,0x010000,0x000000,0x000000,0x000000,0x000000,0x000000,0x000000,0x000000,0x000000,0x000000,0x000000,
0x000000,0x000000,0x000000,0x000000,0x000000,0x000000,0x000000,0x000000,0x000000,0x000000,0x000000,0x000000,
0x010000,0x000000,0x000000,0x000000,0x000000,0x000000,0x000000,0x000000,0x000000,0x000000,0x000000,0x000000,
0x000000,0x000000,0x000000,0x000000,0x000000,0x000000,0x000000,0x000000,0x000000,0x000000,0x201F20,0xDFDFDF,
0xFFFFFF,0xFFFFFF,0xFEFEFE,0xFEFEFE,0xFEFDFE,0xFEFEFE,0xFEFEFE,0xFEFEFE,0xFFFFFF,0xFFFFFF,0xD0D0D0,0x111110,
0x000000,0x000000,0x000000,0x000000,0x000000,0x000000,0x000000,0x000000,0x000000,0x000000,0x000000,0x000000,
0x000000,0x000000,0x000000,0x000000,0x000000,0x000000,0x000000,0x000000,0x000000,0x000000,0x000000,0x000000,
0x000000,0x000000,0x000000,0x000000,0x000000,0x000000,0x000000,0x000000,0x000000,0x000000,0x000000,0x000000,
0x000000,0x000000,0x000000,0x000000,0x000000,0x000000,0x000000,0x000000,0x000000,0x000000,0x000000,0x000000,
0x000000,0x000000,0x000000,0x000000,0x000000,0x000000,0x000000,0x000000,0x000000,0x000000,0x000000,0x000000,
0x000000,0x000000,0x717172,0xFFFFFF,0xFFFFFF,0xFEFFFF,0xFEFEFE,0xFEFEFE,0xFDFEFD,0xFEFDFE,0xFEFEFE,0xFFFFFF,
0xFFFFFF,0xFCFCFC,0x565657,0x000000,0x000000,0x000000,0x000000,0x000000,0x000000,0x000000,0x000000,0x000000,
0x000000,0x000000,0x000000,0x000000,0x000000,0x000000,0x000000,0x000000,0x000000,0x000000,0x000000,0x000000,
0x000000,0x000000,0x000000,0x000000,0x000000,0x000000,0x000000,0x000000,0x000000,0x000000,0x000000,0x000000,
0x000000,0x000000,0x000000,0x000000,0x000000,0x000000,0x000000,0x000000,0x000000,0x000000,0x000000,0x000000,
0x000000,0x000000,0x000000,0x000000,0x161616,0x454545,0x7D7E7E,0xB0B0B0,0xD5D5D4,0xEDEDEE,0xFCFDFC,0xFFFFFF,
0xFFFFFF,0xFFFFFF,0xFFFFFF,0xFFFFFF,0xFFFFFF,0xFFFFFF,0xFFFFFF,0xFFFFFF,0xFFFFFF,0xFFFFFF,0xFFFFFF,0xFFFFFF,
0xFFFFFF,0xFFFFFF,0xF2F2F3,0xDEDEDF,0xC2C2C2,0x969696,0x5F5F5F,0x2B2B2B,0x0B0B0B,0x000000,0x000000,0x000000,
0x000000,0x000000,0x000000,0x000000,0x000000,0x595959,0xEEEEEE,0xFEFEFE,0xFEFEFE,0xFEFEFE,0xFEFEFE,0xFEFEFE,
0xFEFEFE,0xFEFEFE,0xFEFEFE,0xFEFEFE,0xFEFEFE,0xFEFEFE,0xFFFEFF,0xFFFEFE,0xFFFFFE,0xFEFEFE,0xFFFEFF,0xFFFFFF,
0xFFFFFF,0xDDDDDD,0x7B7B7B,0x151414,0x000000,0x1B1B1B,0xCFCFCF,0xFFFFFF,0xFEFEFE,0xFEFDFE,0xFFFEFF,0xFFFFFF,
0x8C8C8C,0x000000,0x000000,0x000000,0x010000,0x010000,0x000000,0x000000,0x000000,0x000000,0x000000,0x000000,
0x000000,0x000000,0x000000,0x000000,0x000000,0x000000,0x000000,0x000000,0x000000,0x000000,0x000000,0x000000,
0x000000,0x000000,0x000000,0x000000,0x000000,0x000000,0x000000,0x000000,0x000000,0x000000,0x000000,0x000000,
0x000000,0x000000,0x000000,0x000000,0x000000,0x000000,0x000000,0x000000,0x000000,0x000000,0x000000,0x000000,
0x000000,0x000000,0x000000,0x5C5D5D,0xFDFDFD,0xFFFFFF,0xFEFEFE,0xFEFEFE,0xFEFDFE,0xFEFEFE,0xFEFEFE,0xFEFFFE,
0xFEFFFE,0xFFFFFF,0xFFFFFF,0x757575,0x000000,0x000000,0x000000,0x000000,0x000000,0x000000,0x000000,0x000000,
0x000101,0x000000,0x000000,0x000000,0x000000,0x000000,0x000000,0x000000,0x000000,0x000000,0x000000,0x000000,
0x000000,0x000000,0x000000,0x000000,0x000000,0x000000,0x000000,0x000000,0x000000,0x000000,0x000000,0x000000,
0x000000,0x000000,0x000000,0x000000,0x000000,0x000000,0x000000,0x000000,0x000000,0x000000,0x000000,0x000000,
0x000000,0x000000,0x000000,0x000000,0x000000,0x000000,0x000000,0x000000,0x000000,0x000000,0x010000,0x000000,
0x000000,0x000000,0x000000,0x000000,0x000000,0x1F1F1F,0xE2E2E2,0xFFFFFF,0xFEFDFE,0xFFFFFF,0xFFFFFF,0xFFFFFF,
0xFEFEFE,0xFEFDFE,0xFEFEFE,0xFFFFFF,0xFFFFFF,0xA7A8A8,0x030303,0x000000,0x000000,0x000000,0x000000,0x000000,
0x000000,0x000000,0x000000,0x010000,0x000000,0x000000,0x000000,0x000000,0x000000,0x000000,0x000000,0x000000,
0x000000,0x000000,0x000000,0x000000,0x000000,0x000000,0x000000,0x000000,0x000000,0x000000,0x000000,0x000000,
0x000000,0x000000,0x000000,0x000000,0x000000,0x000000,0x000000,0x000000,0x000000,0x000000,0x000000,0x000000,
0x000000,0x000000,0x000000,0x000000,0x000000,0x1D1D1D,0x5E5F5E,0xA6A7A7,0xE2E3E3,0xFFFFFF,0xFFFFFF,0xFFFFFF,
0xFFFFFF,0xFFFFFF,0xFFFFFF,0xFFFFFF,0xFFFFFF,0xFFFFFF,0xFFFFFF,0xFFFFFF,0xFFFFFF,0xFFFFFF,0xFEFDFE,0xFDFDFD,
0xFEFEFE,0xFFFFFF,0xFFFFFF,0xFFFFFF,0xFEFEFE,0xFDFDFE,0xFDFDFF,0xFFFFFF,0xFFFFFF,0xFFFFFF,0xFFFFFF,0xF0F0F0,
0xCDCECE,0x949595,0x555554,0x1C1C1C,0x000000,0x000000,0x000000,0x000000,0x000000,0x000000,0x7F7F7F,0xFFFFFF,
0xFEFEFE,0xFEFEFE,0xFEFEFE,0xFEFEFE,0xFEFEFE,0xFEFEFE,0xFEFEFE,0xFEFEFE,0xFEFEFE,0xFFFEFF,0xFFFFFF,0xFFFEFF,
0xFFFEFF,0xFEFEFE,0xFEFEFE,0xFDFDFE,0xFDFDFE,0xFFFFFF,0xFFFFFF,0xD4D4D4,0x565656,0x000000,0x2B2A2D,0xE3E3E3,
0xFFFFFF,0xFDFCFD,0xFEFEFE,0xFFFFFF,0xFBFBFB,0x606061,0x000000,0x000000,0x000000,0x000000,0x000000,0x000000,
0x000000,0x000000,0x000000,0x000000,0x000000,0x000000,0x000000,0x000000,0x000000,0x000000,0x000000,0x000000,
0x000000,0x000000,0x000000,0x000000,0x000000,0x000000,0x000000,0x000000,0x000000,0x000000,0x000000,0x000000,
0x000000,0x000000,0x000000,0x000000,0x000000,0x010100,0x000000,0x000000,0x000000,0x000000,0x000000,0x000000,
0x000000,0x000000,0x000000,0x000000,0x000000,0x000000,0x000000,0x050505,0xB0AFB0,0xFFFFFF,0xFEFEFE,0xFEFDFE,
0xFEFDFE,0xFEFEFE,0xFFFFFF,0xFFFFFF,0xFEFEFE,0xFFFEFF,0xFFFFFF,0xE2E2E2,0x1F1F1E,0x000000,0x000000,0x000000,
0x000000,0x000000,0x000000,0x000000,0x000000,0x000000,0x000000,0x000000,0x000000,0x000000,0x000000,0x000000,
0x000000,0x000000,0x000000,0x000000,0x000000,0x000000,0x000000,0x000000,0x000000,0x000000,0x000000,0x000000,
0x000000,0x000000,0x000000,0x000000,0x000000,0x000000,0x000000,0x000000,0x000000,0x000000,0x000000,0x000000,
0x000000,0x000000,0x000000,0x000000,0x000000,0x000000,0x000000,0x000000,0x000000,0x000000,0x000000,0x000000,
0x000000,0x000000,0x000000,0x000000,0x000000,0x000000,0x000000,0x000000,0x000000,0x908F90,0xFFFFFF,0xFEFEFE,
0xFEFDFE,0xFEFEFE,0xFFFEFF,0xFFFFFF,0xFEFEFE,0xFEFEFE,0xFEFEFE,0xFFFFFF,0xE9E9E9,0x262726,0x000000,0x000000,
0x000000,0x000000,0x000000,0x000000,0x000000,0x000000,0x000000,0x000000,0x000000,0x000000,0x000000,0x000000,
0x000000,0x000000,0x000000,0x000000,0x000000,0x000000,0x000000,0x000000,0x000000,0x000000,0x000000,0x000000,
0x000000,0x000000,0x000000,0x000000,0x000000,0x000000,0x000000,0x000000,0x000000,0x000000,0x000000,0x000000,
0x000000,0x000000,0x000000,0x010000,0x000000,0x000000,0x080808,0x4B4B4B,0xABABAB,0xE6E6E6,0xF4F4F4,0xE5E5E5,
0xCACACA,0xAFAFAF,0x9D9D9C,0x929292,0x858585,0x7C7C7C,0x7F8080,0x8B8C8B,0x999999,0xACABAB,0xC4C4C4,0xE0DFDF,
0xF4F4F5,0xFFFFFF,0xFFFFFF,0xFFFFFF,0xFFFFFF,0xFFFFFF,0xFEFFFF,0xFEFEFE,0xFDFDFD,0xFEFDFE,0xFFFEFF,0xFFFFFF,
0xFEFDFE,0xFEFEFE,0xFFFFFF,0xFFFFFF,0xFFFFFF,0xFFFFFF,0xFFFFFF,0xE4E3E4,0xB0B0B0,0x6B6B6B,0x2F2F2F,0x0B0C0C,
0x010101,0x050505,0x818181,0xFFFFFF,0xFEFEFE,0xFEFEFE,0xFEFDFE,0xFEFEFE,0xFEFEFE,0xFEFEFE,0xFEFEFE,0xFFFEFF,
0xFEFEFE,0xFFFEFF,0xFFFEFF,0xFFFEFF,0xFEFEFE,0xFEFEFE,0xFEFEFE,0xFEFEFE,0xFEFEFE,0xFEFEFF,0xFFFFFF,0xFFFFFF,
0xFCFCFC,0xA7A7A7,0x1C1C1B,0x4C4B4C,0xF8F8F8,0xFEFEFE,0xFEFEFE,0xFFFEFF,0xFFFFFF,0xEDEDED,0x363636,0x000000,
0x000000,0x000000,0x000000,0x000000,0x000000,0x000000,0x000000,0x000000,0x000000,0x000000,0x000000,0x000000,
0x000000,0x000000,0x000000,0x000000,0x000000,0x000000,0x000000,0x010000,0x000000,0x000000,0x000000,0x000000,
0x000000,0x000000,0x000000,0x000000,0x000000,0x000000,0x000000,0x000000,0x010000,0x000000,0x000000,0x000000,
0x000000,0x000000,0x000000,0x000000,0x000000,0x000000,0x000000,0x000000,0x000000,0x000000,0x000000,0x000000,
0x2E2D2E,0xEDECED,0xFFFFFF,0xFDFDFD,0xFEFEFE,0xFFFFFF,0xFFFFFF,0xFFFFFF,0xFEFDFE,0xFEFEFE,0xFEFEFE,0xFFFFFF,
0x8E8E8E,0x000000,0x000000,0x000000,0x000000,0x000000,0x000000,0x000000,0x000000,0x000000,0x000000,0x000000,
0x000000,0x000000,0x000000,0x000000,0x000000,0x000000,0x000000,0x000000,0x000000,0x000000,0x000000,0x000000,
0x000000,0x000000,0x000000,0x000000,0x000000,0x000000,0x000000,0x000000,0x000000,0x000000,0x000000,0x000000,
0x000000,0x000000,0x000000,0x000000,0x000000,0x000000,0x000000,0x000000,0x000000,0x000000,0x000000,0x000000,
0x000000,0x000000,0x000000,0x000000,0x000000,0x000000,0x000000,0x000000,0x000000,0x000000,0x000000,0x000000,
0x2F2E2F,0xEFEFF0,0xFFFFFF,0xFEFEFE,0xFEFEFE,0xFEFEFE,0xFEFDFE,0xFEFEFE,0xFEFEFE,0xFFFFFF,0xFFFFFF,0xFFFFFF,
0x737373,0x000000,0x000000,0x000000,0x000000,0x000000,0x000000,0x000000,0x000000,0x000000,0x000000,0x000000,
0x000000,0x000000,0x000000,0x000000,0x000000,0x000000,0x000000,0x000000,0x000000,0x000000,0x000000,0x000000,
0x000000,0x010000,0x000000,0x000000,0x000000,0x000000,0x000000,0x000000,0x000000,0x000000,0x000000,0x000000,
0x000000,0x000000,0x000000,0x000000,0x000000,0x000000,0x000000,0x000000,0x121111,0x545455,0x9C9D9C,0xA7A7A7,
0x808080,0x525252,0x2C2C2C,0x161515,0x060606,0x000000,0x000000,0x000000,0x000000,0x000000,0x000000,0x000000,
0x000000,0x000000,0x040404,0x181817,0x343433,0x5B5B5B,0x8D8D8D,0xC9CAC9,0xF6F6F6,0xFFFFFF,0xFFFFFF,0xFDFDFE,
0xFDFDFD,0xFDFDFD,0xFFFEFF,0xFFFFFF,0xFEFEFE,0xFEFDFE,0xFEFEFE,0xFEFDFE,0xFEFDFE,0xFEFEFE,0xFFFFFF,0xFFFFFF,
0xFFFFFF,0xFFFFFF,0xF3F3F3,0xCECECE,0xBBBABA,0xC8C8C8,0xF7F7F7,0xFFFFFF,0xFEFEFE,0xFEFDFE,0xFEFEFE,0xFFFEFF,
0xFFFEFF,0xFEFEFE,0xFEFEFE,0xFEFEFE,0xFEFEFE,0xFEFFFF,0xFEFFFE,0xFEFEFE,0xFFFEFF,0xFEFEFE,0xFEFEFE,0xFEFDFE,
0xFEFEFE,0xFEFEFE,0xFFFFFF,0xFEFDFE,0xFEFCFE,0xFFFFFF,0xDDDDDC,0x494849,0x888888,0xFFFFFF,0xFFFFFF,0xFFFEFF,
0xFEFEFE,0xFFFFFF,0xC7C6C6,0x0F0F0F,0x000000,0x000000,0x000000,0x000000,0x000000,0x000000,0x000000,0x000000,
0x000000,0x000000,0x000000,0x000000,0x000000,0x000000,0x000000,0x000000,0x000000,0x000000,0x000000,0x000000,
0x000000,0x000000,0x000000,0x000000,0x000000,0x000000,0x000000,0x000000,0x000000,0x000000,0x000000,0x000000,
0x000000,0x000000,0x000000,0x000000,0x000000,0x000000,0x000000,0x000000,0x000000,0x000000,0x000000,0x000000,
0x000000,0x000000,0x000000,0x000000,0x000000,0x7A7A7B,0xFFFFFF,0xFFFFFE,0xFEFEFE,0xFEFEFE,0xFFFEFF,0xFEFEFE,
0xFDFDFD,0xFEFDFE,0xFFFEFF,0xFFFFFF,0xEEEEEE,0x2E2D2E,0x000000,0x000000,0x000000,0x000000,0x000000,0x000000,
0x000000,0x000000,0x000000,0x000000,0x000000,0x000000,0x000000,0x000000,0x000000,0x000000,0x000000,0x000000,
0x000000,0x000000,0x000000,0x000000,0x000000,0x000000,0x000000,0x000000,0x000000,0x000000,0x000000,0x000000,
0x000000,0x000000,0x000000,0x000000,0x000000,0x000000,0x000000,0x000000,0x000000,0x000000,0x000000,0x000000,
0x000000,0x000000,0x000000,0x000000,0x000000,0x010000,0x000000,0x000000,0x000000,0x000000,0x000000,0x000000,
0x000000,0x000000,0x000000,0x000000,0x9F9F9F,0xFFFFFF,0xFFFFFF,0xFFFEFF,0xFEFDFE,0xFFFEFF,0xFEFEFE,0xFEFEFE,
0xFEFEFE,0xFFFFFE,0xFFFFFF,0xCACACA,0x0D0D0D,0x000000,0x000000,0x000000,0x000000,0x000000,0x000000,0x000000,
0x000000,0x000000,0x000000,0x000000,0x000000,0x000000,0x000000,0x000000,0x000000,0x000000,0x000000,0x000000,
0x000000,0x000000,0x000000,0x000000,0x000000,0x000000,0x000000,0x000000,0x000000,0x000000,0x000000,0x000000,
0x000000,0x000000,0x000000,0x000000,0x000000,0x000000,0x000000,0x000000,0x000000,0x000000,0x010101,0x282727,
0x595858,0x474747,0x1A1A1A,0x000000,0x000000,0x000000,0x000000,0x000000,0x000000,0x000000,0x000000,0x000000,
0x000000,0x000000,0x000000,0x020100,0x010100,0x000000,0x000000,0x010000,0x000000,0x000000,0x000000,0x080808,
0x353535,0x818180,0xD0D0D0,0xFAFAFB,0xFFFFFF,0xFEFEFE,0xFFFFFF,0xFFFFFF,0xFEFEFE,0xFEFDFE,0xFEFDFE,0xFEFEFE,
0xFEFEFE,0xFEFDFE,0xFEFEFE,0xFEFEFE,0xFEFDFE,0xFEFFFE,0xFFFFFF,0xFFFFFF,0xFFFFFF,0xFFFFFF,0xFFFFFF,0xFFFEFF,
0xFEFEFE,0xFEFDFE,0xFFFEFF,0xFEFEFE,0xFEFEFE,0xFEFEFE,0xFFFEFF,0xFEFEFE,0xFFFEFE,0xFEFEFE,0xFEFDFE,0xFEFEFE,
0xFEFEFE,0xFEFEFE,0xFEFEFE,0xFEFEFE,0xFEFEFE,0xFEFEFE,0xFFFEFF,0xFEFDFE,0xFEFDFE,0xFFFFFF,0xFFFFFF,0xF3F3F3,
0x878787,0xDADADA,0xFFFFFF,0xFEFEFE,0xFFFFFF,0xFEFEFE,0xFFFFFF,0x8B8B8B,0x000000,0x000000,0x000000,0x010000,
0x000000,0x000000,0x000000,0x000000,0x000000,0x000000,0x000000,0x000000,0x000000,0x000000,0x000000,0x000000,
0x000000,0x000000,0x000000,0x000000,0x000000,0x000000,0x000000,0x000000,0x000000,0x010000,0x000000,0x000000,
0x000000,0x000000,0x000000,0x000000,0x000000,0x000000,0x000000,0x000000,0x000000,0x010101,0x000000,0x000000,
0x000000,0x000000,0x000000,0x000000,0x000000,0x000000,0x000000,0x000000,0x000000,0x0F0E0F,0xCFCFD0,0xFFFFFF,
0xFEFEFE,0xFEFFFE,0xFEFEFE,0xFEFEFE,0xFEFEFE,0xFEFEFE,0xFFFEFF,0xFFFEFF,0xFFFFFF,0x9E9E9E,0x000000,0x000000,
0x000000,0x000000,0x000000,0x000000,0x000000,0x000000,0x000000,0x000000,0x000000,0x000000,0x000000,0x000000,
0x000000,0x000000,0x000000,0x000000,0x000000,0x000000,0x000000,0x000000,0x000000,0x000000,0x000000,0x000000,
0x000000,0x000000,0x000000,0x000000,0x000000,0x000000,0x000000,0x000000,0x000000,0x000000,0x000000,0x000000,
0x000000,0x000000,0x000000,0x000000,0x000000,0x000000,0x000000,0x000000,0x000000,0x000000,0x000000,0x000000,
0x000000,0x000000,0x000000,0x000000,0x000000,0x000000,0x000000,0x343333,0xF3F3F3,0xFFFFFF,0xFFFFFF,0xFEFEFE,
0xFEFEFE,0xFEFEFE,0xFEFEFE,0xFEFDFE,0xFEFEFE,0xFFFFFF,0xFAFAFA,0x4D4D4D,0x000000,0x000000,0x000000,0x000000,
0x000000,0x000000,0x000000,0x000000,0x000000,0x000000,0x000000,0x000000,0x000000,0x000000,0x000000,0x000000,
0x000000,0x000000,0x000000,0x000000,0x000000,0x000000,0x000000,0x000000,0x000000,0x000000,0x000000,0x000000,
0x000000,0x000000,0x000000,0x000000,0x000000,0x000000,0x000000,0x000000,0x000000,0x000000,0x000000,0x000000,
0x000000,0x000000,0x010101,0x0A0A09,0x030202,0x000000,0x000000,0x000000,0x000000,0x000000,0x000000,0x000000,
0x010001,0x000000,0x000000,0x000000,0x000000,0x000000,0x000000,0x000000,0x000000,0x000000,0x000000,0x000000,
0x000000,0x000000,0x000000,0x020101,0x050505,0x0A0A0A,0x242424,0x6B6C6C,0xD4D4D4,0xFFFFFF,0xFFFFFF,0xFEFEFE,
0xFEFEFE,0xFEFEFE,0xFFFEFF,0xFEFEFF,0xFEFEFE,0xFEFDFE,0xFFFDFF,0xFEFEFE,0xFEFEFE,0xFEFEFE,0xFEFEFE,0xFEFDFE,
0xFEFEFE,0xFFFFFF,0xFFFFFF,0xFEFDFE,0xFEFEFE,0xFEFEFE,0xFFFFFF,0xFFFEFF,0xFEFEFE,0xFFFEFF,0xFFFEFE,0xFEFEFE,
0xFFFEFE,0xFEFEFE,0xFEFEFE,0xFEFDFE,0xFEFDFE,0xFEFEFE,0xFEFEFE,0xFEFEFE,0xFEFFFE,0xFEFEFE,0xFEFEFE,0xFEFDFE,
0xFFFEFF,0xFEFFFF,0xFEFFFF,0xFFFFFF,0xFAFAFA,0xEBEBEB,0xFEFEFE,0xFEFDFE,0xFEFEFE,0xFEFEFE,0xFEFDFE,0xF9F9F9,
0x565656,0x000000,0x010100,0x000000,0x000000,0x000000,0x000000,0x000000,0x000000,0x000000,0x000000,0x000000,
0x000000,0x000000,0x000000,0x000000,0x000000,0x000000,0x000000,0x000000,0x000000,0x000000,0x000000,0x000000,
0x000000,0x010100,0x000000,0x000000,0x000000,0x000000,0x000000,0x000000,0x000000,0x000000,0x000000,0x000000,
0x000000,0x000000,0x000000,0x000000,0x000000,0x000000,0x000000,0x000000,0x000000,0x000000,0x000000,0x000000,
0x000000,0x000000,0x535252,0xFCFCFC,0xFFFFFF,0xFEFEFE,0xFEFEFE,0xFEFEFE,0xFEFEFE,0xFEFEFE,0xFEFEFE,0xFEFEFE,
0xFFFFFF,0xF2F2F2,0x343433,0x000000,0x000000,0x000000,0x000000,0x000000,0x000000,0x000000,0x000000,0x000000,
0x000000,0x000000,0x000000,0x000000,0x000000,0x000000,0x000000,0x000000,0x000000,0x000000,0x000000,0x000000,
0x000000,0x000000,0x000000,0x000000,0x000000,0x000000,0x000000,0x000000,0x000000,0x000000,0x000000,0x000000,
0x000000,0x000000,0x000000,0x000000,0x000000,0x000000,0x000000,0x000000,0x000000,0x000000,0x000000,0x000000,
0x000000,0x000000,0x000000,0x000000,0x000000,0x000000,0x000000,0x000000,0x000000,0x000000,0x000000,0x9E9E9E,
0xFFFFFF,0xFEFEFE,0xFEFEFE,0xFEFEFE,0xFEFEFE,0xFEFEFE,0xFEFEFE,0xFEFEFE,0xFEFEFF,0xFFFFFF,0xAAAAAB,0x020202,
0x000000,0x000000,0x000000,0x000000,0x000000,0x000000,0x000000,0x000000,0x000000,0x000000,0x000000,0x000000,
0x000000,0x000000,0x000000,0x000000,0x000000,0x000000,0x000000,0x000000,0x000000,0x000000,0x000000,0x000000,
0x000000,0x000000,0x000000,0x000000,0x000000,0x000000,0x000000,0x000000,0x000000,0x000000,0x000000,0x000000,
0x000000,0x000000,0x000000,0x000000,0x000000,0x000000,0x000000,0x000000,0x010000,0x000000,0x000000,0x000000,
0x000000,0x000000,0x000000,0x000000,0x000000,0x000000,0x000000,0x000000,0x010000,0x010000,0x000000,0x000000,
0x000000,0x000000,0x070707,0x242424,0x4A4B4A,0x6E6F6E,0x969696,0xB7B7B7,0xCACACB,0xDADADA,0xE1E2E1,0xDDDDDD,
0xEBEBEB,0xFEFEFE,0xFEFEFE,0xFEFDFE,0xFEFEFE,0xFEFEFE,0xFEFEFE,0xFFFFFF,0xFEFEFE,0xFDFDFD,0xFEFEFE,0xFFFFFE,
0xFEFEFE,0xFEFEFE,0xFEFDFE,0xFEFDFE,0xFEFDFE,0xFEFEFE,0xFFFEFF,0xFEFDFE,0xFEFDFE,0xFEFEFE,0xFEFEFE,0xFEFEFE,
0xFEFEFE,0xFEFDFE,0xFEFDFE,0xFEFEFE,0xFFFEFE,0xFEFEFE,0xFEFEFE,0xFEFEFE,0xFEFEFE,0xFEFEFE,0xFEFEFE,0xFEFEFE,
0xFEFEFE,0xFEFEFE,0xFEFEFE,0xFEFDFE,0xFEFEFE,0xFFFFFF,0xFEFDFE,0xFEFDFE,0xFFFFFF,0xFFFFFF,0xFEFDFD,0xFEFDFE,
0xFEFDFE,0xFDFDFD,0xFEFDFE,0xFFFFFF,0xE7E7E7,0x323232,0x000000,0x000000,0x000000,0x000000,0x000000,0x000000,
0x000000,0x000000,0x000000,0x000000,0x000000,0x000000,0x000000,0x000000,0x000000,0x000000,0x000000,0x000000,
0x000000,0x000000,0x000000,0x000000,0x000000,0x000000,0x000000,0x000000,0x000000,0x000000,0x000000,0x000000,
0x000000,0x000000,0x000000,0x000000,0x000000,0x000000,0x000000,0x000000,0x000000,0x000000,0x000000,0x000000,
0x000000,0x000000,0x000000,0x000000,0x000000,0x000000,0x040404,0xB2B1B2,0xFFFFFF,0xFEFEFE,0xFEFEFE,0xFEFEFE,
0xFFFFFF,0xFEFEFE,0xFEFEFE,0xFFFEFF,0xFFFEFE,0xFFFFFF,0xA1A1A1,0x010101,0x000000,0x000000,0x000000,0x000000,
0x000000,0x000000,0x000000,0x000000,0x000000,0x000000,0x000000,0x000000,0x000000,0x000000,0x000000,0x000000,
0x000000,0x000000,0x000000,0x000000,0x000000,0x000000,0x000000,0x000000,0x000000,0x000000,0x000000,0x000000,
0x000000,0x000000,0x000000,0x000000,0x000000,0x000000,0x000000,0x000000,0x000000,0x000000,0x000000,0x000000,
0x000000,0x000000,0x000000,0x000000,0x000000,0x000000,0x000000,0x000000,0x000000,0x000000,0x000000,0x000000,
0x000000,0x000000,0x2C2C2C,0xEFEFF0,0xFFFFFF,0xFEFEFE,0xFEFEFE,0xFEFEFE,0xFEFEFE,0xFEFEFE,0xFEFFFF,0xFEFEFE,
0xFFFFFF,0xF1F1F1,0x313131,0x000000,0x000000,0x000000,0x000000,0x000000,0x000000,0x000000,0x000000,0x000000,
0x000000,0x000000,0x000000,0x000000,0x000000,0x000000,0x000000,0x000000,0x000000,0x000000,0x000000,0x000000,
0x000000,0x000000,0x000000,0x000000,0x000000,0x000000,0x000000,0x000000,0x000000,0x000000,0x000000,0x000000,
0x000000,0x000000,0x000000,0x000000,0x000000,0x000000,0x000000,0x000000,0x000000,0x000000,0x000000,0x000000,
0x000000,0x000000,0x000000,0x000000,0x000000,0x000000,0x000000,0x000000,0x000000,0x000000,0x000000,0x000000,
0x000000,0x000000,0x000000,0x111111,0x474646,0x8C8D8C,0xC6C6C6,0xEDEDED,0xFCFCFC,0xFFFFFF,0xFFFFFF,0xFFFFFF,
0xFFFFFF,0xFFFFFF,0xFFFFFF,0xFFFFFF,0xFFFFFF,0xFEFEFF,0xFEFEFE,0xFEFDFE,0xFEFEFE,0xFEFEFE,0xFEFEFE,0xFEFEFE,
0xFFFEFE,0xFEFEFE,0xFFFEFE,0xFFFFFF,0xFEFEFE,0xFEFDFE,0xFEFEFE,0xFFFEFF,0xFEFEFE,0xFEFEFE,0xFEFEFE,0xFEFEFE,
0xFEFEFE,0xFEFEFE,0xFEFEFE,0xFEFDFD,0xFEFEFE,0xFFFEFE,0xFEFEFE,0xFEFEFE,0xFEFEFE,0xFEFEFE,0xFEFEFE,0xFEFDFE,
0xFEFEFE,0xFEFEFE,0xFEFEFE,0xFEFEFE,0xFEFEFE,0xFEFDFE,0xFEFEFE,0xFEFEFE,0xFEFEFE,0xFFFEFF,0xFEFDFE,0xFEFDFE,
0xFEFEFE,0xFFFFFF,0xFEFDFE,0xFDFDFD,0xFDFEFD,0xFEFEFE,0xFFFEFF,0xFEFEFE,0xFFFFFF,0xCBCCCC,0x141314,0x000000,
0x000000,0x000000,0x000000,0x000000,0x000000,0x000000,0x000000,0x000000,0x000000,0x000000,0x000000,0x000000,
0x000000,0x000000,0x000000,0x000000,0x000000,0x000000,0x000000,0x000000,0x000000,0x000000,0x000000,0x000000,
0x000000,0x000000,0x000000,0x000000,0x000000,0x000000,0x000000,0x000000,0x000000,0x000000,0x000000,0x000000,
0x000000,0x000000,0x000000,0x000000,0x000000,0x000000,0x000000,0x000000,0x000000,0x000000,0x000000,0x39393A,
0xF5F5F6,0xFFFFFF,0xFEFEFE,0xFEFEFE,0xFEFEFE,0xFEFFFE,0xFEFEFE,0xFEFEFE,0xFFFEFE,0xFFFFFF,0xF3F3F3,0x343334,
0x000000,0x000000,0x000000,0x000000,0x000000,0x000000,0x000000,0x000000,0x000000,0x000000,0x000000,0x000000,
0x000000,0x000000,0x000000,0x000000,0x000000,0x000000,0x000000,0x000000,0x000000,0x000000,0x000000,0x000000,
0x000000,0x000000,0x000000,0x000000,0x000000,0x000000,0x000000,0x000000,0x000000,0x000000,0x000000,0x000000,
0x000000,0x000000,0x000000,0x000000,0x000000,0x000000,0x000000,0x000000,0x000000,0x000000,0x000000,0x000000,
0x000000,0x000000,0x000000,0x000000,0x000000,0x000000,0x969596,0xFFFFFF,0xFFFFFF,0xFFFEFF,0xFEFDFE,0xFEFEFE,
0xFEFEFE,0xFEFEFE,0xFEFEFE,0xFEFEFE,0xFFFFFF,0x969696,0x000000,0x000000,0x000000,0x000000,0x000000,0x000000,
0x000000,0x000000,0x000000,0x000000,0x000000,0x000000,0x000000,0x000000,0x000000,0x000000,0x000000,0x000000,
0x000000,0x000000,0x000000,0x000000,0x000000,0x000000,0x000000,0x000000,0x000000,0x000000,0x000000,0x000000,
0x010101,0x000000,0x000000,0x000000,0x000000,0x000000,0x000000,0x000000,0x000000,0x000000,0x000000,0x000000,
0x000000,0x000000,0x000000,0x000000,0x000000,0x000000,0x000000,0x000000,0x000000,0x000000,0x000000,0x000000,
0x000000,0x010000,0x000000,0x000000,0x050505,0x424141,0x959695,0xD8D8D9,0xFCFBFC,0xFFFFFF,0xFFFFFF,0xFFFFFF,
0xFEFDFE,0xFEFDFE,0xFEFEFF,0xFFFFFE,0xFFFFFE,0xFEFDFE,0xFEFEFE,0xFEFEFE,0xFFFEFF,0xFEFEFE,0xFEFDFE,0xFEFEFE,
0xFEFEFE,0xFEFEFE,0xFEFDFE,0xFEFEFE,0xFEFEFE,0xFEFEFE,0xFEFEFE,0xFEFEFE,0xFFFEFF,0xFEFEFE,0xFEFEFE,0xFEFEFE,
0xFEFEFE,0xFEFEFE,0xFEFEFE,0xFEFEFE,0xFEFEFE,0xFEFEFE,0xFEFEFE,0xFEFEFE,0xFEFEFE,0xFFFEFF,0xFEFEFE,0xFFFEFE,
0xFEFDFE,0xFEFEFE,0xFEFEFE,0xFEFEFE,0xFEFEFE,0xFFFEFF,0xFEFEFE,0xFEFDFE,0xFEFEFE,0xFEFEFE,0xFEFEFE,0xFFFEFE,
0xFEFEFE,0xFEFEFE,0xFEFEFE,0xFEFEFE,0xFEFEFE,0xFEFEFE,0xFEFEFE,0xFDFDFD,0xFEFEFE,0xFEFFFE,0xFFFEFF,0xFFFFFF,
0xFFFFFF,0xFFFFFF,0xAAA9AA,0x090909,0x000000,0x000000,0x000000,0x000000,0x000000,0x000000,0x000000,0x000000,
0x000000,0x000000,0x000000,0x000000,0x000000,0x000000,0x000000,0x000000,0x000000,0x000000,0x000000,0x000000,
0x000000,0x000000,0x000000,0x000000,0x000000,0x000000,0x000000,0x000000,0x000000,0x000000,0x010000,0x000000,
0x000000,0x000000,0x000000,0x000000,0x000000,0x000000,0x000000,0x000000,0x000000,0x000000,0x000000,0x000000,
0x000000,0x000000,0x000000,0x000000,0xA0A0A1,0xFFFFFF,0xFEFEFE,0xFFFFFF,0xFEFEFE,0xFEFFFE,0xFEFEFE,0xFEFEFE,
0xFEFEFE,0xFEFEFE,0xFFFFFF,0x9B9B9B,0x000000,0x000000,0x000000,0x000000,0x000000,0x000000,0x000000,0x000000,
0x000000,0x000000,0x000000,0x000000,0x000000,0x000000,0x000000,0x000000,0x000000,0x000000,0x000000,0x000000,
0x000000,0x000000,0x000000,0x000000,0x000000,0x000000,0x000000,0x000000,0x000000,0x000000,0x000000,0x000000,
0x000000,0x000000,0x000000,0x000000,0x000000,0x000000,0x000000,0x000000,0x000000,0x000000,0x000000,0x000000,
0x000000,0x000000,0x000000,0x000000,0x000000,0x000000,0x000000,0x000000,0x000000,0x282727,0xECECEC,0xFFFFFF,
0xFEFEFE,0xFEFEFE,0xFEFEFE,0xFEFEFE,0xFFFEFF,0xFEFDFE,0xFEFEFE,0xFFFFFF,0xECECEC,0x282728,0x000000,0x000000,
0x000000,0x000000,0x000000,0x000000,0x000000,0x000000,0x010000,0x000000,0x000000,0x000000,0x000001,0x000000,
0x000000,0x000000,0x000000,0x000000,0x000000,0x000000,0x000000,0x000000,0x000000,0x000000,0x000000,0x000000,
0x000000,0x000000,0x000000,0x000000,0x000000,0x000000,0x000000,0x000000,0x000000,0x000000,0x000000,0x000000,
0x000000,0x000000,0x000000,0x000000,0x000000,0x000000,0x000000,0x000000,0x000000,0x000000,0x000000,0x000000,
0x000000,0x000000,0x000000,0x000000,0x000000,0x000000,0x0F0F0F,0x5B5B5B,0xC0C0C0,0xFBFBFB,0xFFFFFF,0xFFFFFF,
0xFEFDFE,0xFFFFFF,0xFFFEFF,0xFEFEFE,0xFEFEFE,0xFEFEFE,0xFEFEFE,0xFEFEFE,0xFDFDFD,0xFEFDFE,0xFEFEFE,0xFEFEFE,
0xFEFEFE,0xFEFDFE,0xFEFDFE,0xFEFDFE,0xFEFEFE,0xFEFEFE,0xFEFDFE,0xFEFEFE,0xFEFEFE,0xFEFEFE,0xFEFEFE,0xFDFDFD,
0xFEFEFE,0xFEFEFE,0xFEFEFE,0xFEFFFF,0xFEFEFE,0xFDFDFD,0xFEFEFE,0xFEFEFE,0xFEFEFE,0xFEFEFE,0xFEFDFE,0xFEFDFD,
0xFEFEFE,0xFFFEFF,0xFFFEFE,0xFFFEFE,0xFEFDFE,0xFEFEFE,0xFEFEFE,0xFEFEFE,0xFFFFFF,0xFFFFFF,0xFEFDFE,0xFEFDFE,
0xFEFEFE,0xFEFEFE,0xFEFEFE,0xFEFFFF,0xFEFFFF,0xFEFEFE,0xFEFEFE,0xFEFEFE,0xFEFEFE,0xFFFEFF,0xFEFEFE,0xFEFDFE,
0xFFFEFF,0xFFFFFF,0xFEFEFE,0xFEFEFE,0xFEFEFE,0xFEFEFF,0xFFFFFF,0x9E9E9E,0x080808,0x000000,0x000000,0x000000,
0x000000,0x000000,0x000000,0x000000,0x000000,0x000000,0x000000,0x000000,0x000000,0x000000,0x000000,0x010000,
0x000000,0x000000,0x000000,0x000000,0x000000,0x000000,0x000000,0x000000,0x000000,0x000000,0x000000,0x000000,
0x000000,0x000000,0x000000,0x000000,0x000000,0x000000,0x000000,0x000000,0x000000,0x000000,0x000000,0x000000,
0x000000,0x000000,0x000000,0x000000,0x000000,0x000000,0x000000,0x000000,0x2D2C2D,0xEFEFEF,0xFFFFFF,0xFEFEFE,
0xFFFFFF,0xFEFEFE,0xFEFEFE,0xFEFEFE,0xFEFEFE,0xFEFEFE,0xFFFFFF,0xECECEC,0x262626,0x000000,0x000000,0x000000,
0x000000,0x000000,0x000000,0x000000,0x000000,0x000000,0x000000,0x000000,0x000000,0x000000,0x000000,0x000000,
0x000000,0x000000,0x000000,0x000000,0x000000,0x000000,0x000000,0x000000,0x000000,0x000000,0x000000,0x000000,
0x000000,0x000000,0x000000,0x000000,0x000000,0x000000,0x000000,0x000000,0x000000,0x000000,0x000000,0x000000,
0x000000,0x000000,0x000000,0x000000,0x000000,0x000000,0x000000,0x000000,0x000000,0x000000,0x000000,0x000000,
0x000000,0x858485,0xFFFFFF,0xFEFEFE,0xFEFDFE,0xFFFEFF,0xFEFEFE,0xFEFEFE,0xFFFFFE,0xFFFFFF,0xFFFFFF,0xFFFFFF,
0x8B8B8B,0x000000,0x000000,0x000000,0x000000,0x000000,0x000000,0x000000,0x000000,0x000000,0x000000,0x000000,
0x000000,0x000000,0x000000,0x000000,0x000000,0x000000,0x000000,0x000000,0x000000,0x000000,0x000000,0x000000,
0x000000,0x000000,0x000000,0x000000,0x010000,0x000000,0x000000,0x000000,0x000000,0x000000,0x000000,0x000000,
0x000000,0x000000,0x000000,0x000000,0x000000,0x000000,0x000000,0x000000,0x000000,0x000000,0x000000,0x000000,
0x000000,0x000000,0x000000,0x000000,0x010000,0x010000,0x000000,0x000000,0x0A0A0A,0x656465,0xD2D2D2,0xFFFFFF,
0xFFFFFF,0xFFFFFF,0xFFFFFF,0xFEFFFE,0xFEFDFE,0xFFFEFF,0xFFFDFF,0xFEFDFE,0xFEFEFE,0xFEFEFE,0xFEFEFE,0xFEFEFE,
0xFEFEFE,0xFDFDFD,0xFFFFFE,0xFFFEFF,0xFEFEFE,0xFEFEFE,0xFEFEFE,0xFEFEFE,0xFEFEFE,0xFEFEFE,0xFEFEFE,0xFEFEFE,
0xFFFEFE,0xFFFEFF,0xFEFEFE,0xFDFDFD,0xFDFEFD,0xFEFEFE,0xFFFEFF,0xFEFEFE,0xFEFDFE,0xFEFDFE,0xFEFDFE,0xFFFEFF,
0xFFFEFF,0xFEFEFE,0xFEFEFE,0xFEFEFE,0xFEFEFE,0xFEFEFE,0xFEFEFE,0xFEFEFE,0xFEFEFE,0xFFFEFF,0xFFFEFE,0xFEFEFE,
0xFEFEFF,0xFEFEFE,0xFEFEFE,0xFEFEFE,0xFEFEFE,0xFEFEFE,0xFFFFFF,0xFFFFFF,0xFEFEFE,0xFEFEFE,0xFEFDFE,0xFDFEFD,
0xFEFDFE,0xFEFDFE,0xFEFEFE,0xFEFDFE,0xFFFEFF,0xFFFEFF,0xFEFEFE,0xFDFDFD,0xFEFDFE,0xFEFEFE,0xFFFFFF,0xFFFFFF,
0xA0A0A0,0x0B0B0B,0x000000,0x000000,0x000000,0x000000,0x000000,0x000000,0x000000,0x000000,0x000000,0x000000,
0x000000,0x000000,0x000000,0x000000,0x000000,0x000000,0x000000,0x000000,0x000000,0x000000,0x000000,0x000000,
0x010000,0x000000,0x000000,0x000000,0x000000,0x000000,0x000000,0x000000,0x000000,0x000000,0x000000,0x000000,
0x000000,0x000000,0x000000,0x000000,0x000000,0x000000,0x000000,0x000000,0x000000,0x000000,0x000000,0x000000,
0x000000,0x929292,0xFFFFFF,0xFEFEFE,0xFEFEFE,0xFEFEFE,0xFEFEFE,0xFEFEFE,0xFEFEFE,0xFEFEFE,0xFFFFFF,0xFFFFFF,
0x848483,0x000000,0x000000,0x000000,0x000000,0x000000,0x010000,0x000000,0x000000,0x000000,0x000000,0x000000,
0x000000,0x000000,0x000000,0x000000,0x000000,0x000000,0x000000,0x000000,0x000000,0x000000,0x000000,0x000000,
0x000000,0x000000,0x000000,0x000000,0x000000,0x000000,0x000000,0x000000,0x000000,0x000000,0x000000,0x000000,
0x000000,0x000000,0x000000,0x000000,0x000000,0x000000,0x000000,0x000000,0x000000,0x000000,0x000000,0x000000,
0x000000,0x000000,0x000000,0x000000,0x161617,0xDCDCDD,0xFFFFFF,0xFFFFFF,0xFFFEFF,0xFEFEFE,0xFEFEFE,0xFFFEFE,
0xFEFEFE,0xFEFEFE,0xFFFFFF,0xEBEBEB,0x232423,0x000000,0x000000,0x000000,0x000000,0x010000,0x000000,0x000000,
0x000000,0x000000,0x010000,0x000000,0x000000,0x000000,0x000000,0x000000,0x000000,0x000000,0x000000,0x000000,
0x000000,0x000000,0x000000,0x000000,0x000000,0x000000,0x000000,0x000000,0x000000,0x000000,0x000000,0x000000,
0x010000,0x010000,0x000000,0x000000,0x000000,0x000000,0x000000,0x000000,0x000000,0x000000,0x000000,0x000000,
0x000000,0x000000,0x000000,0x000000,0x000000,0x000000,0x000000,0x000000,0x000000,0x000000,0x000000,0x4B4B4C,
0xC5C5C5,0xFFFFFF,0xFFFFFF,0xFEFEFE,0xFEFDFE,0xFEFDFE,0xFEFEFE,0xFFFFFF,0xFFFFFF,0xFEFEFE,0xFEFEFE,0xFEFEFE,
0xFEFEFE,0xFFFEFF,0xFEFEFE,0xFEFFFE,0xFEFEFE,0xFEFDFD,0xFEFEFE,0xFEFEFE,0xFEFDFD,0xFEFEFE,0xFFFFFF,0xFEFEFE,
0xFEFEFE,0xFFFEFF,0xFEFEFE,0xFEFEFE,0xFFFEFE,0xFFFFFF,0xFEFEFE,0xFEFDFD,0xFEFDFE,0xFEFDFE,0xFFFEFE,0xFEFEFE,
0xFEFEFE,0xFEFEFE,0xFEFDFE,0xFEFEFE,0xFEFDFE,0xFEFEFE,0xFFFFFF,0xFFFEFF,0xFEFEFE,0xFEFEFE,0xFEFDFE,0xFEFEFE,
0xFEFEFE,0xFEFEFE,0xFEFEFE,0xFEFEFE,0xFEFDFE,0xFFFEFF,0xFFFEFE,0xFEFEFE,0xFEFEFE,0xFFFFFF,0xFFFEFF,0xFEFEFE,
0xFEFDFE,0xFEFDFE,0xFEFEFE,0xFEFEFE,0xFEFEFE,0xFEFEFE,0xFFFEFF,0xFFFEFF,0xFEFEFE,0xFEFEFE,0xFEFEFE,0xFFFFFE,
0xFFFEFF,0xFEFEFE,0xFEFEFE,0xFFFFFF,0xFFFFFF,0xB8B8B7,0x252525,0x000000,0x000000,0x000000,0x010101,0x000000,
0x000000,0x000000,0x000000,0x000000,0x000000,0x000000,0x000000,0x000000,0x000000,0x000000,0x000000,0x010100,
0x000000,0x000000,0x000000,0x000000,0x000000,0x000000,0x000000,0x000000,0x000000,0x010000,0x000000,0x000000,
0x000000,0x000000,0x000000,0x000000,0x000000,0x000000,0x000000,0x000000,0x000000,0x010000,0x000000,0x000000,
0x000000,0x000000,0x000000,0x000000,0x000000,0x292829,0xEEEEEE,0xFFFFFF,0xFEFEFE,0xFEFEFE,0xFEFEFE,0xFEFEFE,
0xFEFEFE,0xFFFEFF,0xFEFEFE,0xFFFFFF,0xDDDDDD,0x171717,0x000000,0x000000,0x000000,0x000000,0x000000,0x000000,
0x000000,0x000000,0x000000,0x000000,0x000000,0x000000,0x000000,0x000000,0x000000,0x000000,0x000000,0x000000,
0x000000,0x000000,0x000000,0x000000,0x000000,0x000000,0x000000,0x000000,0x000000,0x000000,0x000000,0x000000,
0x000000,0x000000,0x000000,0x000000,0x000000,0x000000,0x000000,0x000000,0x000000,0x000000,0x000000,0x000000,
0x000000,0x000000,0x000000,0x000000,0x000000,0x000000,0x000000,0x000000,0x6B6A6B,0xFFFFFF,0xFEFEFF,0xFFFEFF,
0xFEFFFE,0xFEFEFE,0xFEFEFE,0xFEFEFE,0xFEFEFE,0xFEFEFE,0xFFFFFF,0x949494,0x000000,0x000000,0x000000,0x000000,
0x000000,0x000000,0x000000,0x000000,0x000000,0x000000,0x000000,0x000000,0x000000,0x000000,0x000000,0x000000,
0x000000,0x000000,0x000000,0x000000,0x000000,0x000000,0x000000,0x000000,0x000000,0x000000,0x000000,0x000000,
0x000000,0x000000,0x000000,0x000000,0x000000,0x000000,0x000000,0x000000,0x000000,0x000000,0x000000,0x000000,
0x000000,0x000000,0x000000,0x000000,0x000000,0x000000,0x000000,0x000000,0x000000,0x000000,0x010000,0x000000,
0x000000,0x1B1B1B,0x9E9E9E,0xFCFCFC,0xFFFFFF,0xFFFFFF,0xFFFFFE,0xFFFEFF,0xFEFDFE,0xFDFDFD,0xFDFDFD,0xFFFEFF,
0xFFFFFF,0xFFFFFE,0xFEFFFF,0xFEFEFE,0xFEFEFE,0xFEFDFE,0xFFFEFE,0xFEFEFE,0xFFFEFE,0xFFFEFE,0xFFFEFF,0xFEFEFF,
0xFFFEFE,0xFEFEFE,0xFFFFFF,0xFEFEFE,0xFEFEFE,0xFEFEFE,0xFEFEFE,0xFEFEFE,0xFEFEFE,0xFEFEFE,0xFFFFFF,0xFFFFFF,
0xFFFEFF,0xFEFEFE,0xFEFDFE,0xFEFEFE,0xFFFFFF,0xFFFFFF,0xFFFFFF,0xFEFDFE,0xFEFDFE,0xFEFDFE,0xFEFEFE,0xFFFEFF,
0xFEFEFE,0xFEFEFE,0xFFFEFE,0xFEFDFE,0xFEFDFE,0xFEFEFE,0xFEFEFE,0xFFFFFE,0xFEFDFE,0xFFFEFE,0xFEFEFE,0xFEFEFE,
0xFEFEFE,0xFFFEFF,0xFFFEFF,0xFEFEFE,0xFEFDFE,0xFEFDFE,0xFFFFFF,0xFFFFFF,0xFFFFFF,0xFEFEFE,0xFEFEFE,0xFEFDFE,
0xFEFDFE,0xFEFEFE,0xFFFFFF,0xFFFFFE,0xFFFFFF,0xFEFEFE,0xFEFDFE,0xFDFDFE,0xFEFEFE,0xFFFFFF,0xD2D2D2,0x181818,
0x000000,0x000000,0x000000,0x000000,0x000000,0x000000,0x000000,0x000000,0x000000,0x000000,0x000000,0x000000,
0x000000,0x000000,0x000000,0x000000,0x000000,0x000000,0x000000,0x000000,0x000000,0x000000,0x000000,0x000000,
0x000000,0x010000,0x000000,0x000000,0x000000,0x000000,0x000000,0x000000,0x000000,0x000000,0x000000,0x000000,
0x000000,0x000000,0x000000,0x000000,0x000000,0x000000,0x000000,0x000000,0x000000,0x000000,0x949494,0xFFFFFF,
0xFEFEFE,0xFEFEFE,0xFEFEFE,0xFEFEFE,0xFEFEFE,0xFEFEFE,0xFEFDFE,0xFFFEFF,0xFFFFFF,0x686868,0x000000,0x000000,
0x000000,0x000000,0x000000,0x000000,0x000000,0x000000,0x000000,0x000000,0x000000,0x000000,0x000000,0x000000,
0x000000,0x000000,0x000000,0x000000,0x000000,0x000000,0x000000,0x000000,0x000000,0x000000,0x000000,0x000000,
0x000000,0x000000,0x000000,0x000000,0x000000,0x000000,0x000000,0x000000,0x000000,0x000000,0x000000,0x000000,
0x000000,0x000000,0x000000,0x000000,0x000000,0x000000,0x000000,0x000000,0x000000,0x000000,0x000000,0x0A0909,
0xC8C8C8,0xFFFFFF,0xFEFEFE,0xFEFDFE,0xFEFEFE,0xFFFEFF,0xFEFDFE,0xFEFEFE,0xFFFFFF,0xFFFFFF,0xEEEEEE,0x2C2C2C,
0x000000,0x000000,0x000000,0x000000,0x000000,0x000000,0x000000,0x000000,0x000000,0x000000,0x000000,0x000000,
0x000000,0x000000,0x000000,0x000000,0x000000,0x000000,0x000000,0x000000,0x000000,0x000000,0x000000,0x000000,
0x000000,0x000000,0x000000,0x000000,0x000000,0x000000,0x000000,0x000101,0x000000,0x000000,0x000000,0x000000,
0x000000,0x000000,0x000000,0x000000,0x000000,0x010000,0x000000,0x000000,0x000000,0x000000,0x000000,0x000000,
0x000000,0x000000,0x000000,0x000000,0x545454,0xD9D9DA,0xFFFFFF,0xFFFFFF,0xFFFEFF,0xFFFFFF,0xFFFFFF,0xFFFFFF,
0xFFFFFF,0xFEFDFE,0xFDFCFD,0xFEFDFE,0xFFFEFF,0xFFFFFF,0xFFFFFF,0xFFFEFE,0xFEFEFE,0xFEFDFE,0xFEFDFD,0xFEFDFE,
0xFEFEFE,0xFEFEFE,0xFEFEFE,0xFFFEFF,0xFFFEFF,0xFEFEFE,0xFEFEFE,0xFEFEFE,0xFDFDFE,0xFEFEFE,0xFFFFFF,0xFFFFFF,
0xFFFFFF,0xFFFFFF,0xFFFFFF,0xFFFFFF,0xFFFFFF,0xFFFFFF,0xFFFFFF,0xFFFFFF,0xFFFFFF,0xFFFFFF,0xFFFFFF,0xFFFFFF,
0xFEFEFF,0xFDFDFD,0xFEFEFE,0xFFFEFE,0xFEFEFE,0xFEFEFE,0xFFFEFE,0xFEFEFE,0xFEFDFD,0xFEFEFE,0xFEFEFE,0xFFFEFE,
0xFEFDFE,0xFEFEFE,0xFEFEFF,0xFEFEFE,0xFEFEFE,0xFEFEFE,0xFFFDFE,0xFEFEFE,0xFBFAFB,0xF4F4F4,0xFFFFFF,0xFFFFFF,
0xFFFFFF,0xFFFFFF,0xFEFEFE,0xFDFDFD,0xFDFDFE,0xFEFDFE,0xFEFEFE,0xFEFEFE,0xFFFFFF,0xFEFEFE,0xFEFDFE,0xFEFDFE,
0xFEFEFE,0xFFFFFF,0xFFFFFF,0x7A7A7A,0x000000,0x000000,0x000000,0x000000,0x000000,0x000000,0x000000,0x000000,
0x000000,0x000000,0x000000,0x000000,0x000000,0x000000,0x000000,0x000000,0x000000,0x000000,0x000000,0x000000,
0x000000,0x000000,0x000000,0x000000,0x000000,0x000000,0x000000,0x010000,0x000000,0x000000,0x000000,0x000000,
0x000000,0x000000,0x000000,0x010100,0x000000,0x010100,0x000000,0x000000,0x000000,0x010000,0x000000,0x000000,
0x000000,0x000000,0x2F2F2F,0xF2F2F2,0xFFFFFF,0xFEFFFF,0xFEFEFE,0xFEFEFE,0xFEFEFE,0xFEFDFE,0xFFFEFF,0xFFFFFF,
0xFFFFFF,0xC3C3C3,0x070707,0x000000,0x000000,0x000000,0x000000,0x000000,0x000000,0x000000,0x000000,0x000000,
0x000000,0x000000,0x000000,0x000000,0x000000,0x000000,0x000000,0x000000,0x000000,0x000000,0x000000,0x000000,
0x000000,0x000000,0x000000,0x000000,0x000000,0x000000,0x000000,0x000000,0x000000,0x000000,0x000000,0x000000,
0x000000,0x000000,0x000000,0x000000,0x000000,0x000000,0x000000,0x000000,0x000000,0x000000,0x000000,0x000000,
0x000000,0x000000,0x000000,0x414142,0xF9F9F9,0xFFFFFF,0xFEFEFE,0xFEFEFE,0xFEFDFE,0xFEFEFE,0xFEFEFE,0xFFFFFE,
0xFFFFFF,0xFFFFFF,0xA0A0A0,0x000000,0x000000,0x000000,0x000000,0x000000,0x000000,0x000000,0x000000,0x000000,
0x000000,0x000000,0x000000,0x000000,0x000000,0x000000,0x000000,0x000000,0x000000,0x000000,0x000000,0x000000,
0x000000,0x000000,0x000000,0x000000,0x000000,0x000000,0x000000,0x000000,0x000000,0x000000,0x000000,0x000000,
0x000000,0x000000,0x000000,0x000000,0x000000,0x000000,0x000000,0x000000,0x000000,0x010000,0x000000,0x000000,
0x000000,0x000000,0x000000,0x000000,0x000000,0x000000,0x0D0D0D,0x949394,0xFDFDFD,0xFFFFFF,0xFFFFFF,0xFFFFFF,
0xFFFFFF,0xFBFAFC,0xE7E7E8,0xCECECE,0xC4C3C4,0xF8F7F8,0xFEFEFE,0xFEFDFE,0xFEFDFE,0xFFFEFF,0xFFFEFE,0xFEFDFE,
0xFFFEFE,0xFFFEFF,0xFEFDFE,0xFEFDFE,0xFEFEFE,0xFFFEFE,0xFEFEFE,0xFFFEFF,0xFEFEFE,0xFEFEFE,0xFEFEFF,0xFEFEFE,
0xFFFFFF,0xFFFFFF,0xFFFFFF,0xFCFCFC,0xE4E4E4,0xC1C1C1,0x9B9B9B,0x7D7E7D,0x6B6B6B,0x5B5B5B,0x515251,0x515151,
0x5B5C5B,0x707070,0x858585,0xACACAC,0xECECEC,0xFDFDFD,0xFEFDFE,0xFEFEFE,0xFEFDFE,0xFFFEFF,0xFEFEFF,0xFEFEFE,
0xFEFEFE,0xFEFEFE,0xFEFEFE,0xFEFEFE,0xFEFEFE,0xFEFEFE,0xFFFEFF,0xFEFEFE,0xFEFEFE,0xFEFEFE,0xFDFDFD,0xFFFFFF,
0xF3F3F3,0x929292,0x525252,0x676767,0x939393,0xCCCCCB,0xFBFBFB,0xFFFFFF,0xFFFFFF,0xFEFEFE,0xFDFDFE,0xFDFDFD,
0xFEFEFE,0xFFFEFF,0xFFFEFF,0xFEFEFF,0xFFFFFF,0xFEFEFE,0xFFFFFF,0xCFCFCF,0x0C0C0C,0x000000,0x000000,0x000000,
0x000000,0x000000,0x000000,0x000000,0x000000,0x000000,0x000000,0x000000,0x000000,0x000000,0x000000,0x000000,
0x000000,0x000000,0x000000,0x000000,0x000000,0x000000,0x000000,0x000000,0x000000,0x000000,0x000000,0x000000,
0x000000,0x000000,0x000000,0x000000,0x000000,0x000000,0x000000,0x000000,0x000000,0x000000,0x000000,0x000000,
0x000000,0x000000,0x000000,0x000000,0x000000,0x000000,0x010101,0xABAAAB,0xFFFFFF,0xFEFEFF,0xFEFEFE,0xFEFEFE,
0xFEFDFE,0xFEFEFE,0xFFFEFF,0xFEFEFE,0xFFFFFF,0xF9F9F9,0x3F4040,0x000000,0x000000,0x010000,0x000000,0x000000,
0x000000,0x000000,0x000000,0x000000,0x000000,0x000000,0x000000,0x000000,0x000000,0x000000,0x000000,0x000000,
0x000000,0x000000,0x000000,0x000000,0x000000,0x000000,0x000000,0x000000,0x000000,0x000000,0x000000,0x000000,
0x000000,0x000000,0x000000,0x000000,0x000000,0x000000,0x000000,0x000000,0x000000,0x000000,0x000000,0x000000,
0x000000,0x000000,0x000000,0x000000,0x000000,0x000000,0x000000,0x989898,0xFFFFFF,0xFFFFFF,0xFFFFFF,0xFEFEFE,
0xFEFEFE,0xFEFEFE,0xFEFDFE,0xFEFEFE,0xFFFFFF,0xFAFAFA,0x404040,0x000000,0x000000,0x000000,0x000000,0x000000,
0x000000,0x000000,0x000000,0x000000,0x000000,0x000000,0x000000,0x000000,0x000000,0x000000,0x000000,0x000000,
0x000000,0x000000,0x000000,0x000000,0x000000,0x000000,0x000000,0x000000,0x000000,0x000000,0x000000,0x000000,
0x000000,0x000000,0x000000,0x000000,0x000000,0x000000,0x000000,0x000000,0x000000,0x000000,0x000000,0x000000,
0x000000,0x000000,0x000000,0x000000,0x000000,0x000000,0x000000,0x020101,0x000000,0x212121,0xBBBBBB,0xFFFFFF,
0xFFFFFF,0xFFFFFF,0xF0F0F0,0xB9B9BA,0x7C7C7C,0x434343,0x181818,0x202021,0xB2B2B2,0xFDFDFD,0xFFFFFF,0xFEFEFE,
0xFEFDFE,0xFEFDFE,0xFEFEFE,0xFEFEFE,0xFFFFFF,0xFFFEFF,0xFEFEFE,0xFEFEFE,0xFEFDFE,0xFFFEFF,0xFFFEFF,0xFEFEFE,
0xFFFEFF,0xFEFEFE,0xFFFFFF,0xFFFFFF,0xF6F6F6,0xC4C4C5,0x7E7E7E,0x424242,0x1B1A1A,0x040303,0x000000,0x000000,
0x000000,0x000000,0x000000,0x000000,0x000000,0x151515,0x666666,0xBABABA,0xF4F4F3,0xFFFFFF,0xFEFDFE,0xFEFDFE,
0xFEFEFE,0xFEFEFE,0xFEFEFE,0xFFFEFF,0xFFFEFF,0xFEFEFE,0xFFFEFF,0xFFFEFF,0xFEFEFE,0xFEFEFE,0xFEFDFE,0xFFFEFF,
0xFEFEFE,0xFEFEFE,0xFEFEFE,0xFFFEFE,0xFFFFFF,0xF8F8F8,0xA4A5A4,0x1A1A1A,0x000000,0x0A0A09,0x474747,0xB0B0B0,
0xFDFDFD,0xFFFFFF,0xFDFDFE,0xFDFDFD,0xFDFDFD,0xFEFEFE,0xFFFFFF,0xFFFFFF,0xFFFFFF,0xFEFDFE,0xFFFFFF,0xF6F6F6,
0x323132,0x000000,0x000000,0x000000,0x000000,0x000000,0x000000,0x000000,0x000000,0x000000,0x000000,0x000000,
0x000000,0x000000,0x000000,0x000000,0x000000,0x000000,0x000000,0x000000,0x000000,0x000000,0x000000,0x000000,
0x000000,0x000000,0x000000,0x000000,0x000000,0x000000,0x000000,0x000000,0x000000,0x000000,0x000000,0x000000,
0x000000,0x000000,0x000000,0x000000,0x000000,0x000000,0x000000,0x000000,0x000000,0x000000,0x000000,0x474748,
0xFBFBFB,0xFFFEFF,0xFEFDFE,0xFEFEFE,0xFEFEFE,0xFEFEFE,0xFFFEFF,0xFEFEFE,0xFEFEFE,0xFFFFFF,0x989898,0x000000,
0x000000,0x000000,0x000000,0x000000,0x000000,0x000000,0x000000,0x000000,0x000000,0x000000,0x000000,0x000000,
0x000000,0x000000,0x000000,0x000000,0x000000,0x000000,0x000000,0x000000,0x000000,0x000000,0x000000,0x000000,
0x000000,0x000000,0x000000,0x000000,0x000000,0x000000,0x000000,0x000000,0x000000,0x000000,0x000000,0x000000,
0x000000,0x000000,0x000000,0x000000,0x000000,0x000000,0x000000,0x000000,0x000000,0x000000,0x1E1D1D,0xE3E3E3,
0xFFFFFF,0xFEFDFE,0xFEFEFE,0xFFFFFF,0xFEFEFE,0xFEFEFE,0xFEFEFE,0xFDFDFE,0xFFFFFF,0xC4C4C4,0x080808,0x000000,
0x000000,0x000000,0x000000,0x000000,0x010000,0x000000,0x000000,0x000000,0x000000,0x000000,0x000000,0x000000,
0x000000,0x010000,0x000000,0x000000,0x000000,0x000000,0x000000,0x000000,0x000000,0x000000,0x000000,0x000000,
0x000000,0x000000,0x000000,0x000000,0x000000,0x000000,0x000000,0x000000,0x000000,0x000000,0x000000,0x000000,
0x000000,0x000000,0x000000,0x000000,0x000000,0x000000,0x000000,0x000000,0x000000,0x000000,0x000000,0x000000,
0x353535,0xD7D6D7,0xFFFFFF,0xF8F8F8,0xC5C5C5,0x727272,0x2A2A2A,0x040302,0x000000,0x000000,0x2C2B2C,0xC7C7C8,
0xFFFFFF,0xFFFFFF,0xFFFFFF,0xFEFEFE,0xFDFEFD,0xFEFDFE,0xFEFEFE,0xFEFEFE,0xFEFEFE,0xFFFEFF,0xFFFEFF,0xFFFEFF,
0xFEFEFE,0xFEFEFE,0xFEFDFE,0xFEFEFE,0xFFFFFF,0xFFFFFF,0xDCDCDC,0x858585,0x343434,0x070606,0x000000,0x000000,
0x000000,0x010000,0x010100,0x000000,0x000000,0x000000,0x000000,0x2D2D2D,0x909090,0xE4E4E5,0xFFFFFF,0xFFFFFF,
0xFFFFFF,0xFFFFFF,0xFEFEFE,0xFEFDFE,0xFEFEFE,0xFEFDFE,0xFEFEFE,0xFEFDFE,0xFEFEFE,0xFEFEFE,0xFEFEFE,0xFEFDFE,
0xFEFDFE,0xFEFEFE,0xFEFEFE,0xFEFDFE,0xFFFEFF,0xFEFEFE,0xFEFDFE,0xFEFEFE,0xFFFFFF,0xFFFFFF,0xFFFFFF,0xDBDBDB,
0x3C3C3C,0x000000,0x000000,0x010101,0x5B5A5A,0xE7E7E7,0xFFFFFF,0xFEFEFF,0xFEFEFE,0xFEFEFE,0xFFFFFF,0xFFFFFF,
0xFFFFFF,0xFEFDFE,0xFFFFFF,0xFDFDFD,0x494848,0x000000,0x000000,0x000000,0x000000,0x000000,0x000000,0x000000,
0x000000,0x000000,0x000000,0x000000,0x000000,0x000000,0x000000,0x000000,0x000000,0x000000,0x000000,0x000000,
0x000000,0x010000,0x000000,0x000000,0x000000,0x000000,0x000000,0x000000,0x000000,0x000000,0x000000,0x000000,
0x000000,0x010000,0x000000,0x000000,0x000000,0x000000,0x000000,0x000000,0x010000,0x000000,0x000000,0x000000,
0x000000,0x000000,0x000000,0x080808,0xC5C4C5,0xFFFFFF,0xFEFEFE,0xFEFDFE,0xFFFEFF,0xFFFFFF,0xFFFFFF,0xFEFEFE,
0xFEFDFE,0xFFFFFF,0xE3E3E3,0x1A1919,0x000000,0x000000,0x000000,0x000000,0x000000,0x000000,0x000000,0x000000,
0x000000,0x000000,0x000000,0x000000,0x000000,0x000000,0x000000,0x000000,0x000000,0x000000,0x000000,0x000000,
0x000000,0x000000,0x000000,0x000000,0x000000,0x000000,0x000000,0x000000,0x000000,0x000000,0x000000,0x000000,
0x000000,0x000000,0x000000,0x000000,0x000000,0x000000,0x000000,0x000000,0x000000,0x000000,0x000000,0x000000,
0x000000,0x000000,0x686768,0xFFFFFF,0xFEFEFE,0xFEFDFE,0xFEFEFE,0xFFFEFF,0xFFFEFF,0xFEFEFE,0xFEFEFE,0xFDFDFE,
0xFFFFFF,0x666666,0x000000,0x000100,0x000000,0x000000,0x000000,0x000000,0x010000,0x000000,0x000000,0x000000,
0x000000,0x000000,0x000000,0x000000,0x000000,0x000000,0x000000,0x000000,0x000000,0x000000,0x000000,0x000000,
0x000000,0x000000,0x000000,0x000000,0x000000,0x000000,0x000000,0x000000,0x000000,0x000000,0x000000,0x000000,
0x000000,0x000000,0x000000,0x000000,0x000000,0x000000,0x000000,0x000000,0x000000,0x000000,0x000000,0x010100,
0x000000,0x000000,0x000000,0x3E3E3F,0xECEBEC,0xFCFCFC,0xA7A7A7,0x3F4040,0x060606,0x000000,0x000000,0x000000,
0x000000,0x525252,0xE6E5E6,0xFFFFFF,0xFEFEFE,0xFDFDFD,0xFEFDFE,0xFEFEFE,0xFFFEFF,0xFFFEFF,0xFEFEFE,0xFFFEFF,
0xFFFEFF,0xFEFEFE,0xFEFEFE,0xFFFEFF,0xFFFFFF,0xFEFEFF,0xFFFFFF,0xFFFFFF,0xD8D8D8,0x6F6F70,0x151515,0x000000,
0x000000,0x000000,0x010100,0x000000,0x000000,0x010000,0x030201,0x020100,0x000000,0x1A1A1A,0x8F8F8F,0xF0F0F0,
0xFFFFFF,0xFFFFFF,0xFEFDFE,0xFDFDFD,0xFEFEFE,0xFFFFFE,0xFFFFFF,0xFEFEFE,0xFFFEFF,0xFFFFFF,0xFFFEFF,0xFEFEFE,
0xFFFEFF,0xFEFEFE,0xFEFEFE,0xFEFEFE,0xFEFDFE,0xFEFEFE,0xFEFEFE,0xFEFEFE,0xFEFEFE,0xFFFEFF,0xFEFEFE,0xFEFEFE,
0xFEFDFE,0xFEFDFF,0xFEFEFE,0xFFFFFF,0xDDDDDD,0x1E1E1E,0x000000,0x000000,0x000000,0x3C3C3C,0xE7E7E7,0xFFFFFF,
0xFFFFFF,0xFFFFFF,0xFEFEFE,0xFDFDFD,0xFEFDFE,0xFFFFFF,0xFFFFFF,0xFAF9F9,0x3E3E3D,0x000000,0x000000,0x000000,
0x000000,0x000000,0x000000,0x000000,0x000000,0x000000,0x000000,0x000000,0x000000,0x000000,0x000000,0x000000,
0x000000,0x000000,0x000000,0x000000,0x000000,0x000000,0x000000,0x000000,0x000000,0x000000,0x000000,0x000000,
0x000000,0x000000,0x000000,0x000000,0x000000,0x000000,0x000000,0x000000,0x000000,0x000000,0x000000,0x000000,
0x000000,0x000000,0x000000,0x000000,0x000000,0x000000,0x000000,0x000000,0x656465,0xFFFFFF,0xFFFFFF,0xFEFEFE,
0xFEFEFE,0xFEFEFE,0xFEFEFE,0xFEFEFE,0xFEFEFE,0xFFFFFF,0xFFFFFF,0x60605F,0x000000,0x000000,0x000000,0x000000,
0x000000,0x000000,0x000000,0x000000,0x000000,0x000000,0x000000,0x000000,0x000000,0x000000,0x000000,0x000000,
0x000000,0x000000,0x000000,0x000000,0x000000,0x000000,0x000000,0x000000,0x000000,0x000000,0x000000,0x000000,
0x000000,0x000000,0x000000,0x000000,0x000000,0x000000,0x000000,0x000000,0x000000,0x000000,0x000000,0x000000,
0x000000,0x000000,0x000000,0x000000,0x000000,0x030303,0xB7B7B8,0xFFFFFF,0xFFFEFF,0xFEFEFE,0xFEFDFE,0xFEFDFE,
0xFEFEFE,0xFFFFFF,0xFFFFFF,0xFFFFFF,0xE1E2E1,0x181818,0x000000,0x000000,0x000000,0x000000,0x000000,0x000000,
0x000000,0x000000,0x000000,0x000000,0x000000,0x000000,0x000000,0x000000,0x000000,0x000000,0x000000,0x000000,
0x000000,0x000000,0x000000,0x000000,0x000000,0x000000,0x000000,0x000000,0x000000,0x000000,0x000000,0x000000,
0x000000,0x000000,0x000000,0x000000,0x000000,0x000000,0x000000,0x000000,0x000000,0x000000,0x000000,0x000000,
0x000000,0x000000,0x000000,0x000100,0x010101,0x000000,0x3F3E3F,0xE0E0E1,0xAFAFAE,0x3C3C3C,0x000000,0x000000,
0x000000,0x000000,0x000000,0x000000,0x6F6F70,0xF6F6F7,0xFFFFFF,0xFFFFFF,0xFEFFFE,0xFEFEFE,0xFEFDFE,0xFFFEFF,
0xFFFFFF,0xFFFFFF,0xFEFEFE,0xFEFDFE,0xFEFDFE,0xFEFDFE,0xFEFFFE,0xFFFFFF,0xFFFEFF,0xFFFFFF,0xECEDED,0x7F7F7F,
0x141414,0x000000,0x000000,0x000000,0x000000,0x000000,0x010101,0x010100,0x000000,0x010000,0x020100,0x020100,
0x575757,0xDAD9DA,0xFFFFFF,0xFFFFFF,0xFFFFFF,0xFFFEFF,0xFEFEFE,0xFDFDFD,0xFDFDFD,0xFEFEFF,0xFFFFFF,0xFEFFFE,
0xFEFEFE,0xFFFEFF,0xFFFFFF,0xFEFEFE,0xFDFDFD,0xFEFEFE,0xFEFEFE,0xFEFEFE,0xFEFDFE,0xFEFEFE,0xFEFEFE,0xFFFEFE,
0xFFFEFF,0xFFFFFF,0xFEFEFE,0xFEFEFE,0xFEFDFE,0xFDFDFD,0xFEFEFE,0xFFFFFF,0xFFFFFF,0x838382,0x000000,0x000000,
0x010000,0x000000,0x434343,0xE2E1E2,0xFFFFFF,0xFFFFFF,0xFFFFFF,0xFDFDFE,0xFEFDFE,0xFFFFFF,0xFFFFFF,0xF3F3F3,
0x262525,0x000000,0x000000,0x010000,0x000000,0x000000,0x000000,0x000000,0x000000,0x000000,0x000000,0x000000,
0x000000,0x000000,0x000000,0x000000,0x000000,0x000000,0x000000,0x000000,0x000000,0x000000,0x000000,0x000000,
0x000000,0x000000,0x000000,0x000000,0x000000,0x000000,0x000000,0x000000,0x010000,0x000000,0x000000,0x000000,
0x000000,0x000000,0x000000,0x000000,0x000000,0x000000,0x000000,0x000000,0x000000,0x000000,0x000000,0x000000,
0x191919,0xE3E3E4,0xFFFFFF,0xFEFEFE,0xFEFEFE,0xFEFEFE,0xFEFEFE,0xFFFFFF,0xFFFEFF,0xFFFEFF,0xFFFFFF,0xB1B1B1,
0x020202,0x000000,0x000000,0x000000,0x000000,0x000000,0x000000,0x000000,0x000000,0x000000,0x000000,0x000000,
0x000000,0x000000,0x000000,0x000000,0x000000,0x000000,0x000000,0x000000,0x000000,0x000000,0x000000,0x000000,
0x000000,0x000000,0x000000,0x000000,0x000000,0x000000,0x000000,0x000000,0x000000,0x000000,0x000000,0x000000,
0x000000,0x000000,0x000000,0x000000,0x000000,0x000000,0x000000,0x000000,0x000000,0x282828,0xEEEEEF,0xFFFFFF,
0xFFFFFF,0xFEFEFE,0xFEFEFE,0xFEFDFE,0xFEFEFE,0xFEFEFE,0xFFFEFF,0xFFFFFF,0x979897,0x000000,0x000000,0x000000,
0x000000,0x000000,0x000000,0x000000,0x000000,0x000000,0x000000,0x010000,0x000000,0x000000,0x000000,0x000000,
0x000000,0x000000,0x000000,0x000000,0x000000,0x000000,0x000000,0x000000,0x000000,0x000000,0x000000,0x000000,
0x000000,0x000000,0x000000,0x000000,0x000000,0x000000,0x000000,0x000000,0x000000,0x000000,0x000000,0x010000,
0x000000,0x000000,0x000000,0x000000,0x000000,0x000000,0x000000,0x000000,0x010000,0x333334,0xA9A9AA,0x4D4D4D,
0x000000,0x000000,0x010000,0x020101,0x020101,0x000000,0x0A0A0A,0x919091,0xFFFEFF,0xFFFFFF,0xFEFEFE,0xFEFEFE,
0xFFFFFF,0xFEFEFE,0xFEFEFE,0xFFFEFF,0xFFFEFF,0xFFFFFF,0xFEFEFE,0xFEFEFE,0xFEFEFE,0xFEFDFE,0xFDFDFE,0xFEFDFF,
0xFFFFFF,0xB8B8B8,0x2E2E2E,0x000000,0x000000,0x000000,0x000000,0x010000,0x000000,0x000000,0x000000,0x000000,
0x010101,0x000000,0x080707,0x8B8B8C,0xFDFDFD,0xFFFFFF,0xFCFCFD,0xFDFDFD,0xFEFEFE,0xFEFFFF,0xFFFFFF,0xFFFEFF,
0xFEFEFE,0xFFFEFE,0xFFFFFF,0xFFFFFF,0xFFFFFF,0xF8F8F8,0xE9EAE9,0xFAFAFA,0xFFFFFF,0xFEFEFE,0xFEFEFE,0xFEFEFE,
0xFEFEFE,0xFEFEFE,0xFEFEFE,0xFFFEFE,0xFFFEFE,0xFEFEFE,0xFEFEFE,0xFFFEFF,0xFEFEFE,0xFFFEFF,0xFEFEFE,0xFEFEFE,
0xFFFFFF,0xE2E2E2,0x1F1F1F,0x000000,0x010100,0x010000,0x000000,0x272727,0x9F9F9F,0xD4D4D4,0xEFEFEF,0xFFFFFF,
0xFEFEFE,0xFFFFFF,0xFFFFFF,0xFCFCFC,0x858585,0x020202,0x000000,0x010101,0x000000,0x000000,0x000000,0x000000,
0x000000,0x000000,0x000000,0x000000,0x000000,0x000000,0x000000,0x000000,0x000000,0x000000,0x000000,0x000000,
0x000000,0x000000,0x000000,0x000000,0x000000,0x000000,0x000000,0x000000,0x000000,0x000000,0x000000,0x000000,
0x000000,0x000000,0x000000,0x000000,0x000000,0x000000,0x000000,0x000000,0x000000,0x000000,0x000000,0x000000,
0x000000,0x000000,0x000000,0x000000,0x000000,0x979697,0xFFFFFF,0xFEFEFE,0xFEFDFE,0xFFFEFF,0xFEFEFE,0xFEFEFE,
0xFFFEFF,0xFEFEFE,0xFFFFFF,0xEFEEEF,0x292929,0x000000,0x000000,0x000000,0x000000,0x000000,0x000000,0x000000,
0x000000,0x000000,0x000000,0x000000,0x000000,0x000000,0x000000,0x000000,0x000000,0x000000,0x000000,0x000000,
0x000000,0x000000,0x000000,0x000000,0x000000,0x000000,0x000000,0x000000,0x000000,0x000000,0x000000,0x000000,
0x000000,0x000000,0x000000,0x000000,0x000000,0x000000,0x000000,0x000000,0x000000,0x000000,0x000000,0x000000,
0x000000,0x6F6F70,0xFFFFFF,0xFEFEFE,0xFEFEFE,0xFEFEFE,0xFEFEFE,0xFEFEFE,0xFEFEFE,0xFEFEFE,0xFFFFFF,0xFAFAFA,
0x414141,0x000000,0x000000,0x000000,0x000000,0x000000,0x000000,0x000000,0x000000,0x000000,0x000000,0x000000,
0x000000,0x010000,0x000000,0x000000,0x000000,0x000000,0x000000,0x000000,0x000000,0x000000,0x000000,0x010000,
0x000000,0x000000,0x000000,0x000000,0x000000,0x000000,0x000000,0x000000,0x000000,0x000000,0x000000,0x000000,
0x000000,0x000000,0x000000,0x000000,0x000000,0x000000,0x000000,0x000000,0x000000,0x000000,0x000000,0x000000,
0x0E0E0E,0x4F4E4F,0x141414,0x000000,0x000000,0x000000,0x000000,0x020101,0x000000,0x1C1C1C,0xB1B1B1,0xFFFFFF,
0xFFFFFF,0xFEFEFE,0xFDFDFD,0xFEFEFE,0xFEFEFE,0xFFFFFF,0xFFFEFF,0xFEFEFE,0xFFFEFF,0xFFFEFF,0xFEFEFE,0xFFFFFF,
0xFFFFFF,0xFFFEFF,0xFFFFFF,0xF7F7F7,0x7C7C7C,0x080808,0x000000,0x010000,0x010001,0x010000,0x010000,0x010101,
0x010100,0x000000,0x000000,0x000000,0x000000,0x121212,0xAAAAAA,0xFFFFFF,0xFFFFFF,0xFFFFFF,0xFEFDFE,0xFDFDFE,
0xFDFDFE,0xFEFEFE,0xFFFFFF,0xFFFFFF,0xFFFFFF,0xF7F7F7,0xCFCFD0,0x9D9D9D,0x676767,0x4D4D4E,0xA4A3A4,0xF9F9F9,
0xFFFEFF,0xFEFEFE,0xFEFDFE,0xFEFEFE,0xFEFEFE,0xFEFEFE,0xFEFEFE,0xFEFDFE,0xFEFEFE,0xFEFDFE,0xFFFEFF,0xFFFFFF,
0xFFFEFF,0xFFFFFF,0xFEFEFE,0xFDFDFE,0xFDFDFE,0xFFFFFF,0xB9B9B9,0x20201F,0x000000,0x000000,0x000000,0x000000,
0x000000,0x161616,0xBDBCBD,0xFFFFFF,0xFFFFFF,0xFEFDFE,0xFEFDFE,0xFFFFFF,0xFFFFFF,0x949494,0x0A0A0A,0x000000,
0x000000,0x000000,0x000000,0x000000,0x000000,0x000000,0x000000,0x000000,0x000000,0x000000,0x000000,0x000000,
0x000000,0x000000,0x000000,0x000000,0x000000,0x000000,0x000000,0x000000,0x000000,0x000000,0x000000,0x000000,
0x000000,0x000000,0x000000,0x000000,0x000000,0x000000,0x000000,0x000000,0x000000,0x000000,0x000000,0x000000,
0x000000,0x000000,0x000000,0x000000,0x000000,0x000000,0x000000,0x000000,0x000000,0x404040,0xF9F9F9,0xFFFEFF,
0xFEFEFE,0xFEFEFE,0xFEFEFE,0xFEFEFE,0xFEFEFE,0xFEFDFE,0xFEFEFE,0xFFFFFF,0x737373,0x000000,0x000000,0x000000,
0x000000,0x000000,0x000000,0x000000,0x000000,0x000000,0x000000,0x000000,0x000000,0x000000,0x000000,0x000000,
0x000000,0x000000,0x000000,0x000000,0x000000,0x000000,0x000000,0x000000,0x000000,0x000000,0x000000,0x000000,
0x000000,0x000000,0x000000,0x000000,0x000000,0x000000,0x000000,0x000000,0x000000,0x000000,0x000000,0x000000,
0x000000,0x000000,0x000000,0x000000,0x050404,0xBDBCBD,0xFFFFFF,0xFEFEFE,0xFEFEFE,0xFEFEFE,0xFEFEFE,0xFEFEFE,
0xFEFEFE,0xFEFEFE,0xFFFFFF,0xC8C8C8,0x0A0909,0x000000,0x000000,0x000000,0x000000,0x000000,0x000000,0x000000,
0x000000,0x000000,0x000000,0x000000,0x000000,0x000000,0x000000,0x000000,0x000000,0x000000,0x000000,0x000000,
0x000000,0x000000,0x000000,0x010000,0x000000,0x000000,0x000000,0x000000,0x000000,0x000000,0x000000,0x000000,
0x000000,0x000000,0x000000,0x000000,0x000000,0x000000,0x000000,0x000000,0x000000,0x000000,0x000000,0x000000,
0x000000,0x000000,0x000000,0x000000,0x030303,0x010000,0x010000,0x010100,0x000000,0x000000,0x000000,0x000000,
0x2B2B2B,0xCDCDCD,0xFFFFFF,0xFFFFFF,0xFEFEFE,0xFFFEFF,0xFFFDFE,0xFEFDFE,0xFFFEFF,0xFEFEFE,0xFEFEFE,0xFFFEFF,
0xFFFEFF,0xFEFDFE,0xFFFEFF,0xFEFEFE,0xFFFFFF,0xFFFFFF,0xF0F0F0,0x585858,0x000000,0x000000,0x000000,0x000000,
0x000000,0x000000,0x000000,0x010000,0x010000,0x010100,0x000100,0x000000,0x0B0B0B,0xAEAEAF,0xFFFFFF,0xFFFFFF,
0xFEFFFF,0xFEFEFF,0xFFFFFF,0xFDFDFE,0xFDFDFE,0xFFFFFF,0xFFFFFF,0xD9D9D9,0x898989,0x383838,0x0B0B0B,0x000000,
0x202020,0xBDBDBD,0xFFFFFF,0xFEFEFE,0xFEFDFE,0xFEFEFE,0xFEFEFE,0xFEFEFE,0xFEFEFE,0xFEFEFE,0xFFFEFF,0xFEFEFE,
0xFEFDFE,0xFEFDFE,0xFEFEFE,0xFEFEFE,0xFFFEFF,0xFFFEFF,0xFFFEFF,0xFDFDFD,0xFEFDFE,0xFFFFFF,0xFFFFFF,0xE1E1E1,
0x8F8F8F,0x525252,0x3B3B3B,0x454546,0x727272,0xC2C2C3,0xFDFDFD,0xFFFFFF,0xFFFFFF,0xFEFDFE,0xFEFDFE,0xFEFEFE,
0xFFFFFF,0xFFFFFF,0xAAAAAA,0x141414,0x000000,0x000000,0x000000,0x010000,0x000100,0x000000,0x000000,0x000000,
0x000000,0x000000,0x000000,0x000000,0x000000,0x000000,0x000000,0x000000,0x000000,0x000000,0x000000,0x000000,
0x000000,0x000000,0x000000,0x000000,0x000000,0x000000,0x000000,0x000000,0x000000,0x000000,0x000000,0x000000,
0x000000,0x000000,0x000000,0x000000,0x000000,0x000000,0x000000,0x000000,0x000000,0x000000,0x000000,0x000000,
0x000000,0x0A0A0A,0xCDCCCD,0xFFFFFF,0xFEFEFE,0xFEFEFE,0xFFFEFF,0xFEFEFE,0xFEFEFE,0xFEFEFE,0xFEFEFE,0xFFFFFF,
0xBDBCBC,0x040404,0x000000,0x000000,0x000000,0x000000,0x000000,0x000000,0x000000,0x000000,0x000000,0x000000,
0x000000,0x000000,0x000000,0x000000,0x000000,0x000000,0x000000,0x000000,0x000000,0x000000,0x000000,0x000000,
0x000000,0x000000,0x000000,0x000000,0x000000,0x000000,0x000000,0x000000,0x000000,0x000000,0x000000,0x000000,
0x000000,0x000000,0x000000,0x000000,0x000000,0x000000,0x000000,0x000000,0x2A292A,0xF0EFF0,0xFFFFFF,0xFEFEFE,
0xFEFEFE,0xFEFEFE,0xFEFDFE,0xFEFEFE,0xFFFFFE,0xFFFFFF,0xFFFFFF,0x767676,0x000000,0x000000,0x000000,0x000000,
0x000000,0x000000,0x000000,0x000000,0x000000,0x000000,0x000000,0x000000,0x000000,0x000000,0x000000,0x000000,
0x000000,0x000000,0x000000,0x000000,0x000000,0x000000,0x000000,0x000000,0x000000,0x000000,0x000000,0x000000,
0x000000,0x000000,0x000000,0x000000,0x000000,0x000000,0x000000,0x000000,0x000000,0x000000,0x000000,0x000000,
0x000000,0x000000,0x000000,0x000000,0x000000,0x000000,0x000000,0x000000,0x000000,0x000000,0x000000,0x010000,
0x020101,0x010000,0x000000,0x424142,0xE0E0E0,0xFFFFFF,0xFFFEFF,0xFFFEFF,0xFFFEFF,0xFFFEFF,0xFEFEFE,0xFEFEFE,
0xFEFEFE,0xFEFEFE,0xFFFEFF,0xFEFDFE,0xFEFDFE,0xFEFEFE,0xFEFEFE,0xFDFDFE,0xFFFFFF,0xEEEEEE,0x4E4E4E,0x000000,
0x020100,0x000000,0x000000,0x000000,0x000000,0x010000,0x000000,0x000100,0x000100,0x020201,0x030201,0x040404,
0x9A999A,0xFFFFFF,0xFEFEFF,0xFFFFFF,0xFFFEFE,0xFFFFFF,0xFFFFFF,0xFFFFFF,0xFCFCFD,0xBDBDBE,0x595959,0x121211,
0x000000,0x000000,0x000000,0x383839,0xDDDCDD,0xFFFFFF,0xFFFFFF,0xFEFEFE,0xFEFDFE,0xFEFEFE,0xFEFEFE,0xFFFEFF,
0xFFFEFF,0xFFFEFF,0xFFFEFF,0xFEFEFE,0xFEFDFE,0xFEFDFE,0xFFFEFF,0xFEFEFE,0xFEFEFE,0xFEFEFE,0xFFFEFF,0xFEFEFE,
0xFEFEFE,0xFFFFFF,0xFFFFFF,0xFFFFFF,0xFFFFFF,0xFFFFFF,0xF8F8F8,0xFCFCFC,0xFFFFFF,0xFFFFFF,0xFDFDFE,0xFEFEFE,
0xFFFFFF,0xFEFEFE,0xFDFDFD,0xFEFEFE,0xFFFFFF,0xFFFFFF,0xFFFFFF,0xCACAC9,0x383838,0x000000,0x000000,0x000000,
0x000000,0x000000,0x000000,0x000000,0x000000,0x000000,0x000000,0x000000,0x000000,0x000000,0x000000,0x000000,
0x000000,0x000000,0x000000,0x000000,0x000000,0x000000,0x000000,0x000000,0x000000,0x010100,0x000000,0x000000,
0x000000,0x000000,0x000000,0x000000,0x000000,0x000000,0x000000,0x000000,0x000000,0x000000,0x000000,0x000000,
0x000000,0x000000,0x000000,0x000000,0x000000,0x000000,0x7D7C7D,0xFFFFFF,0xFFFEFF,0xFEFEFE,0xFEFEFE,0xFEFEFE,
0xFEFEFE,0xFEFEFE,0xFEFEFE,0xFFFFFF,0xEEEEED,0x262626,0x000000,0x000000,0x000000,0x000000,0x000000,0x000000,
0x000000,0x000000,0x000000,0x000000,0x000000,0x000000,0x000000,0x000000,0x000000,0x000000,0x000000,0x000000,
0x000000,0x000000,0x000000,0x000000,0x000000,0x000000,0x000000,0x000000,0x000000,0x000000,0x000000,0x000000,
0x000000,0x000000,0x000000,0x000000,0x000000,0x000000,0x000000,0x000000,0x000000,0x000000,0x000000,0x000000,
0x656465,0xFFFFFF,0xFFFFFF,0xFEFDFE,0xFEFEFE,0xFFFEFF,0xFEFEFE,0xFFFEFF,0xFFFFFE,0xFFFFFF,0xF4F4F4,0x2D2E2E,
0x000000,0x000000,0x000000,0x000000,0x000000,0x000000,0x000000,0x000000,0x000000,0x000000,0x000000,0x000000,
0x000000,0x000000,0x000000,0x000000,0x000000,0x000000,0x000000,0x000000,0x000000,0x000000,0x000000,0x000000,
0x000000,0x000000,0x000000,0x000000,0x000000,0x000000,0x000000,0x000000,0x000000,0x000000,0x000000,0x000000,
0x000000,0x000000,0x000000,0x000000,0x000000,0x000000,0x000000,0x000000,0x000000,0x000000,0x000000,0x000000,
0x000000,0x000000,0x000000,0x010000,0x030201,0x000000,0x595959,0xEBEBEB,0xFFFFFF,0xFDFDFD,0xFEFDFE,0xFEFEFE,
0xFEFEFE,0xFFFFFF,0xFEFEFE,0xFEFEFE,0xFEFEFE,0xFEFEFE,0xFEFEFE,0xFFFFFF,0xFEFEFE,0xFEFEFF,0xFFFFFE,0xFFFFFF,
0xF2F2F3,0x515151,0x000000,0x000000,0x000000,0x000000,0x000000,0x000000,0x000000,0x000000,0x000000,0x000000,
0x010000,0x040302,0x000000,0x727272,0xFFFFFF,0xFFFEFF,0xFDFDFD,0xFEFEFE,0xFFFFFF,0xFFFFFF,0xFFFFFF,0xC8C8C8,
0x515150,0x050505,0x000000,0x000000,0x030201,0x000000,0x272727,0xDCDBDC,0xFFFFFF,0xFEFEFE,0xFFFEFF,0xFEFEFE,
0xFEFEFE,0xFEFEFE,0xFEFEFE,0xFFFEFF,0xFEFEFE,0xFEFEFE,0xFEFEFE,0xFEFEFE,0xFEFEFE,0xFEFEFE,0xFFFFFF,0xFEFEFE,
0xFEFDFE,0xFEFEFE,0xFEFFFF,0xFFFFFF,0xFFFFFF,0xFFFEFF,0xFEFEFE,0xFEFDFE,0xFEFDFE,0xFEFEFE,0xFFFFFF,0xFFFFFF,
0xFFFFFF,0xFFFFFF,0xFEFEFE,0xFEFEFE,0xFEFEFE,0xFFFFFF,0xFEFEFE,0xFEFEFE,0xFEFDFE,0xFEFEFE,0xFDFDFE,0xFFFFFF,
0xEFEFEF,0x7E7F7E,0x161615,0x000000,0x000000,0x000000,0x010100,0x010000,0x000000,0x000000,0x000000,0x000000,
0x000000,0x000000,0x000000,0x000000,0x000000,0x000000,0x000000,0x000000,0x000000,0x000000,0x000000,0x000000,
0x000000,0x000000,0x000000,0x000000,0x000000,0x000000,0x010000,0x000000,0x000000,0x000000,0x000000,0x000000,
0x000000,0x000000,0x000000,0x000000,0x000000,0x000000,0x000000,0x000000,0x000000,0x000000,0x333334,0xF5F5F5,
0xFFFFFF,0xFEFEFE,0xFFFEFF,0xFEFEFE,0xFFFEFF,0xFFFFFF,0xFEFEFE,0xFFFFFF,0xFFFFFF,0x636463,0x000000,0x000000,
0x000000,0x000000,0x000000,0x000000,0x000000,0x000000,0x000000,0x000000,0x000000,0x000000,0x000000,0x000000,
0x000000,0x000000,0x000000,0x000000,0x000000,0x000000,0x000000,0x000000,0x000000,0x000000,0x000000,0x000000,
0x000000,0x000000,0x000000,0x000000,0x000000,0x000000,0x000000,0x000000,0x000000,0x000000,0x000000,0x000000,
0x000000,0x000000,0x000000,0x000000,0xA8A8A9,0xFFFFFF,0xFEFEFE,0xFEFEFE,0xFEFEFE,0xFEFEFE,0xFEFDFE,0xFEFEFE,
0xFEFEFE,0xFFFFFF,0xC3C3C3,0x070606,0x000000,0x000000,0x000000,0x000000,0x000000,0x000000,0x000000,0x000000,
0x000000,0x000000,0x000000,0x000000,0x000000,0x000000,0x000000,0x000000,0x000000,0x000000,0x000000,0x000000,
0x000000,0x000000,0x000000,0x000000,0x000000,0x000000,0x000000,0x000000,0x000000,0x010000,0x000000,0x000000,
0x000000,0x000000,0x000000,0x000000,0x000000,0x000000,0x000000,0x000000,0x000000,0x000000,0x000000,0x000000,
0x000000,0x000000,0x000000,0x000000,0x010000,0x000000,0x000000,0x000000,0x000000,0x727272,0xF9F9F9,0xFFFFFF,
0xFEFEFE,0xFDFDFD,0xFEFDFE,0xFEFEFE,0xFEFEFE,0xFEFDFE,0xFFFFFF,0xFEFEFE,0xFEFEFE,0xFEFEFE,0xFEFDFE,0xFEFEFE,
0xFEFEFF,0xFEFEFE,0xFFFFFF,0xFEFEFE,0x6E6E6E,0x000000,0x000000,0x000000,0x000000,0x000000,0x000000,0x000000,
0x000000,0x000000,0x000000,0x000000,0x000000,0x000000,0x383838,0xF1F0F1,0xFFFFFF,0xFEFEFE,0xFDFDFE,0xFDFDFE,
0xFFFFFF,0xE7E7E7,0x6F6F6F,0x0D0D0C,0x000000,0x000000,0x000000,0x000000,0x010100,0x0A0A0A,0xBBBABB,0xFFFFFF,
0xFEFEFF,0xFFFFFF,0xFFFFFF,0xFEFDFE,0xFEFEFE,0xFFFEFF,0xFEFEFE,0xFDFDFD,0xFEFDFE,0xFEFEFE,0xFEFEFE,0xFEFEFE,
0xFEFEFE,0xFFFFFF,0xFFFFFF,0xFEFEFE,0xFEFDFD,0xFEFEFE,0xFFFFFF,0xFEFEFE,0xFEFEFE,0xFDFDFE,0xFDFDFD,0xFDFEFD,
0xFEFEFE,0xFEFEFE,0xFFFFFF,0xFFFEFF,0xFFFFFF,0xFEFFFE,0xFEFEFE,0xFEFDFE,0xFEFDFE,0xFEFEFE,0xFFFFFF,0xFEFEFE,
0xFEFDFE,0xFEFEFE,0xFEFDFE,0xFEFEFE,0xFFFFFF,0xFFFFFF,0xDADADA,0x8C8C8C,0x555555,0x232322,0x000000,0x000000,
0x060606,0x0B0B0B,0x000000,0x000000,0x000000,0x000000,0x010000,0x010000,0x000000,0x000000,0x000000,0x000000,
0x000000,0x000000,0x000000,0x000000,0x000000,0x010000,0x000000,0x010000,0x000000,0x000000,0x010000,0x000000,
0x000000,0x000000,0x000000,0x000000,0x000000,0x000000,0x000000,0x000000,0x000000,0x000000,0x000000,0x000000,
0x000000,0x000000,0x070707,0xC6C6C7,0xFFFFFF,0xFEFEFE,0xFEFEFE,0xFFFEFF,0xFEFEFE,0xFEFDFE,0xFEFEFE,0xFEFEFE,
0xFFFFFF,0xAAAAAA,0x020201,0x000000,0x000000,0x000000,0x000000,0x000000,0x000000,0x000000,0x000000,0x000000,
0x000000,0x000000,0x000000,0x000000,0x000000,0x000000,0x000000,0x000000,0x000000,0x000000,0x000000,0x000000,
0x000000,0x000000,0x000000,0x000000,0x000000,0x000000,0x000000,0x000000,0x000000,0x000000,0x000000,0x000000,
0x000000,0x000000,0x000000,0x000000,0x000000,0x000000,0x000000,0x141414,0xDDDDDE,0xFFFFFF,0xFFFFFF,0xFFFFFF,
0xFEFEFE,0xFEFEFE,0xFEFEFE,0xFEFEFE,0xFEFEFF,0xFFFFFF,0x7A7A7A,0x000000,0x000000,0x010000,0x000000,0x000000,
0x000000,0x000000,0x000000,0x000000,0x000000,0x000000,0x000000,0x000000,0x000000,0x000000,0x000101,0x000000,
0x000000,0x000000,0x000000,0x000000,0x000000,0x000000,0x000000,0x000000,0x000000,0x000000,0x000000,0x000000,
0x000000,0x000000,0x000000,0x000000,0x000000,0x000000,0x000000,0x000000,0x000000,0x000000,0x000000,0x000000,
0x000000,0x000000,0x000000,0x000000,0x000000,0x000000,0x000000,0x000000,0x010000,0x000000,0x000000,0x020102,
0x818182,0xFEFEFE,0xFFFFFF,0xFFFFFF,0xFEFEFE,0xFEFDFE,0xFEFDFE,0xFEFEFE,0xFEFEFE,0xFEFDFE,0xFEFEFE,0xFEFEFE,
0xFEFEFE,0xFEFEFE,0xFEFDFE,0xFEFFFE,0xFEFEFE,0xFFFFFF,0xFFFFFF,0xA5A5A5,0x040404,0x000000,0x000000,0x000000,
0x000000,0x000000,0x000000,0x010000,0x010000,0x000000,0x000000,0x000000,0x000000,0x060606,0xB9B9B9,0xFFFFFF,
0xFEFEFE,0xFDFDFE,0xFEFEFF,0xFFFFFF,0xB2B2B1,0x292929,0x000000,0x000000,0x010101,0x000000,0x000000,0x000000,
0x000000,0x434444,0xFEFEFE,0xFFFFFF,0xFEFEFF,0xFEFEFE,0xFEFEFE,0xFEFDFE,0xFEFDFE,0xFEFEFE,0xFEFEFE,0xFEFDFE,
0xFDFDFE,0xFEFEFF,0xFFFFFF,0xFFFFFF,0xFFFFFF,0xFFFFFF,0xFEFEFE,0xFDFDFD,0xFFFFFF,0xFFFFFF,0xFFFFFF,0xFFFFFF,
0xFFFEFF,0xFDFDFE,0xFDFDFD,0xFEFEFE,0xFEFEFE,0xFFFFFF,0xFFFFFF,0xFEFEFE,0xFFFEFF,0xFEFEFE,0xFEFEFE,0xFEFEFE,
0xFFFDFF,0xFFFEFF,0xFFFFFF,0xFFFEFF,0xFEFEFE,0xFFFEFF,0xFEFEFE,0xFDFDFD,0xFEFEFE,0xFFFFFF,0xFFFFFF,0xFFFFFF,
0xFFFFFF,0xE9E9E9,0x959595,0x8B8B8B,0xC7C7C7,0xC1C2C1,0x191919,0x000000,0x000000,0x010000,0x000000,0x000000,
0x000000,0x000000,0x000000,0x000000,0x000000,0x000000,0x000000,0x000000,0x000000,0x000000,0x000000,0x000000,
0x000000,0x000000,0x000000,0x000000,0x000000,0x000000,0x000000,0x000000,0x000000,0x000000,0x000000,0x000000,
0x000000,0x000000,0x000000,0x000000,0x000000,0x000000,0x000000,0x7E7E7E,0xFFFFFF,0xFFFEFF,0xFEFEFE,0xFFFEFF,
0xFFFEFF,0xFEFDFE,0xFEFDFE,0xFEFEFE,0xFFFFFF,0xE0E0E0,0x171717,0x000000,0x000000,0x000000,0x000000,0x000000,
0x000000,0x000000,0x000000,0x000000,0x000000,0x000000,0x000000,0x000000,0x000000,0x000000,0x000000,0x000000,
0x000000,0x000000,0x000000,0x000000,0x000000,0x000000,0x000000,0x000000,0x000000,0x000000,0x000000,0x000000,
0x000000,0x000000,0x000000,0x000000,0x000000,0x000000,0x000000,0x000000,0x000000,0x000000,0x000000,0x464546,
0xFBFBFB,0xFFFFFF,0xFFFEFF,0xFEFEFE,0xFEFEFE,0xFEFEFE,0xFEFEFE,0xFEFEFE,0xFFFFFF,0xF7F7F8,0x373736,0x000000,
0x000000,0x000000,0x000000,0x000000,0x000000,0x000000,0x000000,0x000000,0x000000,0x000000,0x000000,0x000000,
0x000000,0x000000,0x000000,0x000000,0x000000,0x000000,0x000000,0x000000,0x000000,0x000000,0x000000,0x000000,
0x000000,0x000000,0x000000,0x000000,0x000000,0x000000,0x000000,0x000000,0x000000,0x000000,0x000000,0x000000,
0x000000,0x000000,0x000000,0x000000,0x000000,0x000000,0x000000,0x000000,0x000000,0x000000,0x000000,0x000000,
0x000000,0x000000,0x080708,0x908F90,0xFFFFFF,0xFFFFFF,0xFFFEFF,0xFEFEFE,0xFEFEFE,0xFEFEFE,0xFEFEFE,0xFEFEFE,
0xFEFDFE,0xFEFEFE,0xFEFEFE,0xFEFEFE,0xFEFEFE,0xFEFEFE,0xFEFEFE,0xFFFFFF,0xFEFEFE,0xFFFFFF,0xDEDEDE,0x1D1D1D,
0x000000,0x000000,0x000000,0x000000,0x000000,0x000000,0x000000,0x000000,0x000000,0x000000,0x000000,0x000000,
0x000000,0x515152,0xFCFCFC,0xFFFFFF,0xFEFEFF,0xFFFFFF,0xFAF9FA,0x7F7F7F,0x060606,0x000000,0x010000,0x000000,
0x010000,0x010100,0x000000,0x000000,0x000000,0x5C5C5C,0xFFFFFF,0xFFFFFF,0xFFFFFE,0xFEFEFD,0xFDFDFD,0xFEFEFE,
0xFEFEFE,0xFEFEFE,0xFEFEFE,0xFEFEFE,0xFEFEFE,0xFFFFFF,0xFBFBFB,0xC3C3C4,0x858585,0x5F5F5F,0x494949,0x474747,
0x5E5E5E,0x868686,0xB5B5B4,0xDEDEDE,0xFAFAFA,0xFFFFFF,0xFFFFFF,0xFFFFFF,0xFFFFFF,0xFFFFFF,0xFFFFFF,0xFEFEFE,
0xFEFEFE,0xFEFEFE,0xFEFEFE,0xFEFDFE,0xFEFEFE,0xFFFEFF,0xFFFEFF,0xFEFEFE,0xFEFEFE,0xFEFFFE,0xFFFFFF,0xFEFEFE,
0xFEFEFE,0xFFFFFF,0xFFFEFE,0xFEFDFE,0xFDFEFE,0xFFFFFF,0xFFFFFF,0xFFFFFF,0xFFFFFF,0xFFFFFF,0x616160,0x000000,
0x000000,0x000000,0x000000,0x000000,0x000000,0x000000,0x000000,0x000000,0x000000,0x000000,0x000000,0x000000,
0x000000,0x000000,0x000000,0x000000,0x000000,0x000000,0x000000,0x000000,0x000000,0x000000,0x000000,0x000000,
0x000000,0x000000,0x000000,0x000000,0x000000,0x000000,0x000000,0x000000,0x000000,0x000000,0x000000,0x393839,
0xF7F7F8,0xFFFFFF,0xFEFFFE,0xFFFEFF,0xFEFEFE,0xFEFEFE,0xFEFEFE,0xFEFDFE,0xFFFFFF,0xFCFCFC,0x474747,0x000000,
0x000000,0x000000,0x000000,0x000000,0x000000,0x000000,0x000000,0x000000,0x000000,0x000000,0x000000,0x000000,
0x000000,0x000000,0x000000,0x000000,0x000000,0x000000,0x000000,0x000000,0x000000,0x000000,0x000000,0x000000,
0x000000,0x000000,0x000000,0x000000,0x000000,0x000000,0x000000,0x000000,0x000000,0x000000,0x000000,0x000000,
0x000000,0x000000,0x000000,0x848384,0xFFFFFF,0xFFFEFF,0xFEFDFE,0xFEFEFE,0xFEFEFE,0xFEFEFE,0xFEFEFE,0xFEFEFE,
0xFFFFFF,0xCECECE,0x0A0A0A,0x000000,0x000000,0x000000,0x000000,0x000000,0x000000,0x000000,0x000000,0x000000,
0x000000,0x000000,0x000000,0x000000,0x000000,0x000000,0x000000,0x000000,0x010000,0x000000,0x000000,0x000000,
0x000000,0x000000,0x000000,0x000000,0x000000,0x000000,0x000000,0x000000,0x000000,0x000000,0x000000,0x000000,
0x000000,0x000000,0x000000,0x000000,0x000000,0x000000,0x000000,0x000000,0x000000,0x000000,0x000000,0x000000,
0x000000,0x000000,0x000000,0x000000,0x000000,0x0A0A0B,0x9F9F9F,0xFFFFFF,0xFFFFFF,0xFEFDFE,0xFEFDFE,0xFEFEFE,
0xFEFEFE,0xFFFEFF,0xFEFEFE,0xFEFEFE,0xFEFEFE,0xFEFEFE,0xFEFEFE,0xFEFEFE,0xFEFEFE,0xFEFEFE,0xFEFDFE,0xFEFEFE,
0xFFFFFF,0xFFFFFF,0x6A6A6A,0x000000,0x000000,0x000000,0x000000,0x000000,0x000000,0x000000,0x000000,0x000000,
0x000000,0x000000,0x000000,0x000000,0x080808,0xC0BFC0,0xFFFFFF,0xFEFEFF,0xFFFFFF,0xF1F1F1,0x5C5B5C,0x000000,
0x000000,0x000000,0x000000,0x000000,0x000000,0x010000,0x000000,0x000000,0x000000,0x2B2B2B,0xF3F3F3,0xFFFFFF,
0xFEFDFE,0xFCFDFE,0xFCFCFD,0xFEFEFE,0xFEFEFE,0xFFFFFF,0xFEFEFE,0xFEFEFE,0xFFFFFF,0xFDFDFD,0x717171,0x030303,
0x000000,0x000000,0x000000,0x000000,0x000000,0x000000,0x000000,0x161615,0x434342,0x838383,0xC6C6C6,0xF6F6F6,
0xFFFFFF,0xFFFFFF,0xFFFFFF,0xFEFEFE,0xFEFEFE,0xFEFDFE,0xFEFEFE,0xFEFEFE,0xFFFEFF,0xFFFEFF,0xFFFEFF,0xFEFDFE,
0xFEFEFE,0xFEFEFE,0xFFFFFF,0xFEFEFE,0xFEFEFE,0xFFFFFF,0xFEFEFE,0xFDFDFD,0xFEFEFE,0xFFFFFF,0xFEFEFF,0xFEFFFF,
0x888788,0xADACAC,0x999998,0x000000,0x000000,0x000000,0x000000,0x000000,0x000000,0x000000,0x000000,0x000000,
0x000000,0x000000,0x000000,0x000000,0x000000,0x000000,0x000000,0x000000,0x000000,0x000000,0x000000,0x000000,
0x000000,0x000000,0x000000,0x000000,0x000000,0x000000,0x000000,0x000000,0x000000,0x000000,0x000000,0x000000,
0x000000,0x000000,0x000000,0x0C0B0C,0xD0D0D1,0xFFFFFF,0xFFFEFF,0xFFFEFE,0xFFFEFF,0xFFFEFF,0xFEFEFE,0xFFFEFF,
0xFFFFFF,0xFFFFFF,0x868686,0x000000,0x000000,0x000000,0x000000,0x000000,0x000000,0x000000,0x000000,0x000000,
0x000000,0x000000,0x000000,0x000000,0x000000,0x000000,0x000000,0x000000,0x000000,0x000000,0x000000,0x000000,
0x000000,0x000000,0x000000,0x000000,0x000000,0x000000,0x000000,0x000000,0x000000,0x000000,0x000000,0x000000,
0x000000,0x000000,0x000000,0x000000,0x000000,0x000000,0x050405,0xBDBCBD,0xFFFFFF,0xFEFDFE,0xFEFDFE,0xFEFEFE,
0xFEFEFE,0xFEFEFE,0xFEFEFE,0xFEFEFE,0xFFFFFF,0x939493,0x000000,0x000000,0x000000,0x000000,0x000000,0x000000,
0x000000,0x000000,0x000000,0x000000,0x000000,0x000000,0x000000,0x000000,0x000000,0x000000,0x000000,0x000000,
0x000000,0x010100,0x000000,0x000000,0x000000,0x000000,0x000000,0x000000,0x000000,0x010000,0x000000,0x000000,
0x000000,0x000000,0x000000,0x000000,0x000000,0x010000,0x000000,0x000000,0x000000,0x000000,0x000000,0x000000,
0x000000,0x010000,0x000000,0x000000,0x000000,0x000000,0x000000,0x000000,0x0A0A0A,0xA1A0A2,0xFFFFFF,0xFFFFFF,
0xFEFEFF,0xFEFEFE,0xFEFDFE,0xFEFEFE,0xFEFEFE,0xFEFEFE,0xFFFEFF,0xFEFEFE,0xFFFEFF,0xFEFDFE,0xFEFEFE,0xFEFEFE,
0xFFFEFF,0xFEFEFE,0xFDFDFE,0xFEFEFF,0xFFFFFF,0xD2D2D2,0x0F0F0F,0x000000,0x000000,0x000000,0x000000,0x000000,
0x000000,0x000000,0x000000,0x000000,0x000000,0x000000,0x000000,0x000000,0x434242,0xF9F9F9,0xFEFEFF,0xFFFFFF,
0xEFEFEF,0x505050,0x000000,0x000000,0x000000,0x000000,0x000000,0x000000,0x000000,0x000000,0x000000,0x000000,
0x010000,0x010101,0x696969,0xE4E5E5,0xFFFFFF,0xFFFFFF,0xFEFEFF,0xFEFEFE,0xFEFEFE,0xFFFFFF,0xFFFEFE,0xFEFDFE,
0xFFFEFF,0xFEFEFE,0x9B9B9B,0x070707,0x000000,0x010100,0x000000,0x000000,0x010000,0x020100,0x000000,0x000000,
0x000000,0x000000,0x070707,0x353635,0x828281,0xD2D2D2,0xFDFDFD,0xFFFFFF,0xFFFFFF,0xFDFDFD,0xFEFEFE,0xFFFFFF,
0xFFFEFF,0xFEFEFE,0xFEFEFE,0xFEFDFE,0xFEFDFE,0xFEFEFE,0xFFFEFF,0xFEFEFE,0xFEFEFE,0xFEFEFE,0xFEFEFE,0xFEFEFE,
0xFEFEFE,0xFEFEFE,0xFEFDFE,0xFFFEFE,0xB6B5B5,0xB0AFB0,0xE2E3E2,0x1B1B1B,0x000000,0x010000,0x010000,0x000000,
0x000000,0x000000,0x000000,0x000000,0x000000,0x000000,0x000000,0x000000,0x000000,0x000000,0x000000,0x000000,
0x000000,0x000000,0x000000,0x000000,0x000000,0x000000,0x000000,0x000000,0x000000,0x000000,0x000000,0x000000,
0x000000,0x000000,0x000000,0x000000,0x000000,0x000000,0x000000,0x000000,0x929293,0xFFFFFF,0xFEFEFE,0xFEFEFE,
0xFEFEFE,0xFEFDFE,0xFEFEFE,0xFFFDFF,0xFEFEFE,0xFFFFFF,0xBCBDBC,0x040504,0x000000,0x000000,0x000000,0x000000,
0x000000,0x000000,0x000000,0x000000,0x000000,0x000000,0x000000,0x000000,0x000000,0x000000,0x000000,0x000000,
0x000000,0x000000,0x000000,0x000000,0x000000,0x000000,0x000000,0x000000,0x000000,0x000000,0x000000,0x000000,
0x000000,0x000000,0x000000,0x000000,0x000000,0x000000,0x000000,0x000000,0x000000,0x000000,0x1C1C1C,0xE6E6E6,
0xFFFFFF,0xFEFDFE,0xFEFDFE,0xFEFEFE,0xFEFEFE,0xFEFEFE,0xFEFEFE,0xFFFFFF,0xFDFEFD,0x525353,0x000000,0x000000,
0x000000,0x000000,0x000000,0x000000,0x010000,0x000000,0x000000,0x000000,0x000000,0x000000,0x000000,0x000000,
0x000000,0x000000,0x000000,0x000000,0x000000,0x000000,0x010101,0x000000,0x000000,0x000000,0x000000,0x000000,
0x000000,0x000000,0x000000,0x000000,0x000000,0x000000,0x000000,0x010000,0x000000,0x000000,0x000000,0x000000,
0x000000,0x000000,0x000000,0x010000,0x000000,0x000000,0x000000,0x000000,0x000000,0x000000,0x000000,0x070707,
0x9D9D9E,0xFFFFFF,0xFEFEFF,0xFFFEFF,0xFFFEFF,0xFEFEFE,0xFFFDFF,0xFEFEFE,0xFEFEFE,0xFEFEFE,0xFFFFFF,0xFFFEFF,
0xFFFEFF,0xFEFEFE,0xFFFEFE,0xFFFEFE,0xFEFEFE,0xFEFEFE,0xFEFEFE,0xFEFEFE,0xFFFFFF,0x777777,0x000000,0x000000,
0x000000,0x000000,0x000000,0x000000,0x000000,0x000000,0x000000,0x000000,0x000000,0x000000,0x000000,0x000000,
0x929293,0xFFFFFF,0xFFFFFF,0xF4F4F4,0x515151,0x000000,0x000000,0x000000,0x000000,0x000000,0x000000,0x000000,
0x000000,0x000000,0x000000,0x000000,0x000000,0x010100,0x000000,0x1D1D1D,0x686868,0xBCBCBD,0xF9F9F9,0xFFFFFF,
0xFFFFFF,0xFEFEFE,0xFEFEFE,0xFEFEFE,0xFFFEFF,0xFEFDFE,0xFFFFFF,0x9E9E9E,0x0A0909,0x000000,0x000000,0x000000,
0x010100,0x010000,0x000000,0x000000,0x000000,0x000000,0x000000,0x000000,0x000000,0x0E0E0E,0x4B4B4B,0xA5A6A5,
0xEBEBEB,0xFFFFFF,0xFFFFFF,0xFFFFFF,0xFFFFFF,0xFFFFFF,0xFEFEFE,0xFEFEFE,0xFEFEFE,0xFEFEFE,0xFEFEFE,0xFEFEFE,
0xFEFEFE,0xFFFFFF,0xFFFEFF,0xFFFEFF,0xFFFFFF,0xFEFEFE,0xFEFDFE,0xFEFDFE,0xFFFFFF,0xFFFFFF,0xFFFFFF,0x767676,
0x000000,0x000000,0x000000,0x000000,0x000000,0x000000,0x000000,0x000000,0x000000,0x000000,0x000000,0x000000,
0x000000,0x000000,0x000000,0x000000,0x000000,0x000000,0x000000,0x000000,0x000000,0x000000,0x000000,0x000000,
0x000000,0x000000,0x000000,0x000000,0x000000,0x000000,0x000000,0x000000,0x000000,0x000000,0x000000,0x000000,
0x525253,0xFEFEFE,0xFFFFFF,0xFEFEFE,0xFEFEFE,0xFEFEFE,0xFFFEFF,0xFEFEFE,0xFEFEFE,0xFFFFFF,0xE4E4E4,0x1C1C1C,
0x000000,0x000000,0x000000,0x000000,0x000000,0x000000,0x000000,0x000000,0x000000,0x000000,0x000000,0x000000,
0x000000,0x000000,0x000000,0x000000,0x000000,0x000000,0x000000,0x000000,0x000000,0x000000,0x000000,0x000000,
0x000000,0x000000,0x000000,0x000000,0x000000,0x000000,0x000000,0x000000,0x000000,0x000000,0x000000,0x000000,
0x000000,0x000000,0x464647,0xFCFBFC,0xFFFFFF,0xFFFFFF,0xFFFEFF,0xFEFEFE,0xFEFEFE,0xFEFEFE,0xFEFEFE,0xFFFFFF,
0xE9E9E9,0x1F1F1F,0x000000,0x000000,0x000000,0x000000,0x000000,0x000000,0x000000,0x000000,0x000000,0x000000,
0x000000,0x000000,0x000000,0x000000,0x000000,0x000000,0x000000,0x000000,0x000000,0x000000,0x000000,0x000000,
0x000000,0x000000,0x000000,0x000000,0x000000,0x000000,0x000000,0x000000,0x000000,0x000000,0x000000,0x000000,
0x010000,0x000000,0x000000,0x000000,0x000000,0x000000,0x000000,0x000000,0x000000,0x000000,0x000000,0x000000,
0x000000,0x000000,0x040404,0x959495,0xFFFFFF,0xFFFFFF,0xFEFDFE,0xFFFEFF,0xFEFEFE,0xFEFEFE,0xFEFDFE,0xFDFEFE,
0xFEFDFE,0xFEFDFE,0xFEFEFE,0xFEFDFD,0xFEFDFE,0xFEFDFE,0xFFFEFE,0xFFFEFF,0xFEFEFE,0xFEFEFE,0xFFFFFF,0xFFFFFF,
0xF0F0F0,0x2A2A2A,0x000000,0x000000,0x000000,0x000000,0x000000,0x000000,0x000000,0x000000,0x000000,0x000000,
0x000000,0x000000,0x000000,0x0B0B0B,0xD1D0D1,0xFFFFFF,0xFEFDFE,0x6E6F6F,0x000000,0x000000,0x000000,0x010000,
0x000000,0x000000,0x000000,0x000000,0x000000,0x000000,0x000000,0x000000,0x000000,0x000000,0x000000,0x000000,
0x000000,0x050505,0x3F3F3F,0xA7A7A7,0xF6F6F6,0xFFFFFF,0xFDFDFD,0xFEFEFE,0xFFFFFF,0xFEFEFE,0xFEFEFF,0xFFFFFF,
0x9B9C9B,0x060606,0x000000,0x000000,0x000000,0x010000,0x000000,0x000000,0x000000,0x000000,0x000000,0x000000,
0x010000,0x000000,0x000000,0x000000,0x262626,0x7E7E7E,0xD8D8D8,0xFFFFFF,0xFFFFFF,0xFEFDFF,0xFDFDFE,0xFFFFFF,
0xFEFEFE,0xFEFEFE,0xFEFEFE,0xFEFEFE,0xFEFEFE,0xFEFEFE,0xFEFEFE,0xFEFEFE,0xFFFFFF,0xFFFFFF,0xFFFFFF,0xFFFFFF,
0xFFFEFF,0xFEFDFE,0xFFFFFF,0xBABABA,0x040303,0x000000,0x000000,0x000000,0x000000,0x000000,0x010100,0x010000,
0x000000,0x000000,0x000000,0x000000,0x000000,0x000000,0x000000,0x000000,0x000000,0x000000,0x000000,0x000000,
0x000000,0x000000,0x000000,0x000000,0x000000,0x000000,0x000000,0x000000,0x000000,0x000000,0x000000,0x000000,
0x000000,0x000000,0x000000,0x000000,0x201F20,0xE9E8E8,0xFFFFFF,0xFDFEFD,0xFEFEFE,0xFFFEFF,0xFFFEFF,0xFEFEFE,
0xFEFEFE,0xFFFFFF,0xFDFDFD,0x484847,0x000000,0x000000,0x000000,0x000000,0x000000,0x000000,0x000000,0x000000,
0x000000,0x000000,0x000000,0x000000,0x000000,0x000000,0x000000,0x000000,0x000000,0x000000,0x000000,0x000000,
0x000000,0x000000,0x000000,0x000000,0x000000,0x000000,0x000000,0x000000,0x000000,0x000000,0x000000,0x000000,
0x000000,0x000000,0x000000,0x000000,0x000000,0x000000,0x7D7D7D,0xFFFFFF,0xFEFEFF,0xFEFEFE,0xFFFEFF,0xFEFEFE,
0xFEFEFE,0xFEFEFE,0xFEFEFE,0xFFFFFF,0xBEBDBD,0x040303,0x000000,0x000000,0x000000,0x000000,0x000000,0x000000,
0x000000,0x000000,0x000000,0x000000,0x000000,0x000000,0x000000,0x000000,0x000000,0x000000,0x000000,0x000000,
0x000000,0x000000,0x000000,0x000000,0x000000,0x000000,0x000000,0x010000,0x000000,0x000000,0x000000,0x000000,
0x000000,0x000000,0x000000,0x000000,0x000000,0x000000,0x000000,0x000000,0x000000,0x000000,0x000000,0x000000,
0x000000,0x000000,0x000000,0x000000,0x000000,0x000000,0x848384,0xFFFFFF,0xFEFEFF,0xFDFEFD,0xFDFDFD,0xFDFDFD,
0xFEFDFE,0xFEFEFE,0xFFFDFF,0xFEFEFE,0xFEFEFE,0xFEFEFE,0xFEFEFE,0xFEFEFE,0xFEFEFE,0xFEFEFE,0xFEFEFE,0xFEFEFE,
0xFEFEFE,0xFEFEFE,0xFFFEFF,0xFFFFFF,0xBCBDBC,0x030303,0x000000,0x000000,0x000000,0x000000,0x000000,0x000000,
0x000000,0x000000,0x000000,0x000000,0x000000,0x000000,0x000000,0x2C2C2C,0xF0F0F1,0xFFFFFF,0xA1A1A2,0x030303,
0x000000,0x000000,0x010000,0x000000,0x000000,0x000000,0x000000,0x000000,0x000000,0x000000,0x000000,0x000000,
0x000000,0x000000,0x000000,0x000000,0x000000,0x010000,0x000000,0x000000,0x3B3B3B,0xB5B5B5,0xFFFEFF,0xFFFFFF,
0xFFFFFF,0xFFFFFF,0xFFFFFF,0xFFFFFF,0xFFFFFF,0x818181,0x000000,0x000000,0x000000,0x000000,0x000000,0x000000,
0x000000,0x010100,0x000000,0x000000,0x000000,0x010000,0x000000,0x000000,0x000000,0x000000,0x141414,0x636363,
0xC6C6C6,0xFBFBFC,0xFFFFFF,0xFFFFFF,0xFFFFFE,0xFEFEFE,0xFEFEFE,0xFFFFFF,0xFEFEFE,0xFEFEFE,0xFDFDFD,0xFEFDFE,
0xFFFEFF,0xFFFFFF,0xFFFFFF,0xFFFFFF,0xFEFDFE,0xFEFCFD,0xFFFFFF,0xBFC0BF,0x040404,0x000000,0x000000,0x000000,
0x000000,0x000000,0x000000,0x000000,0x000000,0x000000,0x000000,0x000000,0x000000,0x000000,0x000000,0x000000,
0x000000,0x000000,0x000000,0x000000,0x000000,0x000000,0x000000,0x000000,0x000000,0x000000,0x000000,0x000000,
0x000000,0x000000,0x000000,0x000000,0x000000,0x000000,0x000000,0x000000,0x030303,0xBCBBBC,0xFFFFFF,0xFFFEFF,
0xFFFEFF,0xFEFEFE,0xFFFEFF,0xFEFEFE,0xFEFEFE,0xFFFFFF,0xFFFFFF,0x7A7A7A,0x000000,0x000000,0x000000,0x000000,
0x000000,0x000000,0x000000,0x000000,0x000000,0x000000,0x000000,0x000000,0x000000,0x000000,0x000000,0x000000,
0x000000,0x000000,0x000000,0x000000,0x000000,0x000000,0x000000,0x000000,0x000000,0x000000,0x000000,0x000000,
0x000000,0x000000,0x000000,0x000000,0x000000,0x000000,0x000000,0x000000,0x000000,0x010101,0xADADAD,0xFFFFFF,
0xFEFEFE,0xFEFEFE,0xFEFEFE,0xFEFEFE,0xFEFDFE,0xFEFDFE,0xFFFEFF,0xFFFFFF,0x808080,0x000000,0x000000,0x000000,
0x000000,0x000000,0x000000,0x000000,0x000000,0x000000,0x000000,0x000000,0x000000,0x000000,0x000000,0x000000,
0x000000,0x000000,0x000000,0x000000,0x000000,0x000000,0x000000,0x000000,0x000000,0x000000,0x000000,0x000000,
0x000000,0x000000,0x000000,0x000000,0x000000,0x000000,0x000000,0x000000,0x000000,0x000000,0x000000,0x000000,
0x000000,0x000000,0x000000,0x000000,0x000000,0x000000,0x000000,0x000000,0x000000,0x707070,0xFDFDFD,0xFFFFFF,
0xFEFEFE,0xFEFEFE,0xFEFEFF,0xFDFDFD,0xFEFDFE,0xFFFFFF,0xFFFFFF,0xFEFEFF,0xFEFEFE,0xFEFEFE,0xFEFEFE,0xFFFEFE,
0xFEFEFE,0xFEFEFE,0xFEFEFE,0xFEFEFE,0xFEFEFE,0xFEFDFE,0xFEFDFE,0xFFFFFF,0x838483,0x000000,0x000000,0x000000,
0x000000,0x000000,0x000000,0x000000,0x000000,0x000000,0x000000,0x000000,0x000000,0x000000,0x000000,0x525252,
0xFEFEFE,0xDBDBDC,0x1B1B1B,0x000000,0x000000,0x000000,0x000000,0x000000,0x000000,0x000000,0x000000,0x000000,
0x000000,0x000000,0x000000,0x000000,0x000000,0x000000,0x000000,0x000000,0x000000,0x000000,0x000000,0x000000,
0x000000,0x050505,0x676767,0xE8E8E8,0xFFFFFF,0xFEFEFE,0xFEFEFE,0xFEFEFE,0xFFFFFF,0xF9F9F9,0x575757,0x000000,
0x020101,0x000000,0x000000,0x010000,0x010000,0x000000,0x000000,0x000000,0x000000,0x010100,0x000000,0x000000,
0x000000,0x010000,0x000000,0x000000,0x080808,0x4A4B4A,0xB8B8B8,0xFFFFFF,0xFEFEFF,0xFDFDFD,0xFEFEFE,0xFFFFFF,
0xFFFFFF,0xFEFEFE,0xFEFDFE,0xFDFDFE,0xFDFDFE,0xFEFEFE,0xFFFFFF,0xFFFEFF,0xFFFFFF,0xFEFEFE,0xFFFFFF,0x919191,
0x000000,0x000000,0x000000,0x000000,0x000000,0x000000,0x000000,0x000000,0x000000,0x000000,0x000000,0x000000,
0x000000,0x000000,0x000000,0x000000,0x000000,0x000000,0x000000,0x000000,0x000000,0x000000,0x000000,0x000000,
0x000000,0x000000,0x000000,0x000000,0x000000,0x000000,0x000000,0x000000,0x000000,0x000000,0x000000,0x000000,
0x000000,0x828283,0xFFFFFF,0xFFFEFF,0xFFFEFF,0xFEFEFE,0xFEFEFE,0xFEFEFE,0xFEFEFE,0xFFFFFF,0xFFFFFF,0xAFAFAF,
0x010101,0x000000,0x000000,0x000000,0x000000,0x000000,0x000000,0x000000,0x000000,0x000000,0x000000,0x000000,
0x000000,0x000000,0x000000,0x000000,0x000000,0x000000,0x000000,0x000000,0x000000,0x000000,0x000000,0x000000,
0x000000,0x000000,0x000000,0x000000,0x000000,0x000000,0x000000,0x000000,0x000000,0x000000,0x000000,0x000000,
0x000000,0x0C0C0C,0xD1D0D1,0xFFFFFF,0xFEFEFE,0xFEFEFE,0xFEFEFE,0xFEFEFE,0xFEFEFE,0xFEFEFE,0xFFFEFF,0xFCFCFC,
0x484848,0x000000,0x000000,0x000000,0x000000,0x000000,0x000000,0x000000,0x000000,0x000000,0x000000,0x000000,
0x000000,0x000000,0x000000,0x000000,0x000000,0x000000,0x000000,0x000000,0x000000,0x000000,0x000000,0x000000,
0x000000,0x000000,0x000000,0x000000,0x000000,0x000000,0x000000,0x000000,0x000000,0x000000,0x000000,0x000000,
0x000000,0x000000,0x000000,0x000000,0x000000,0x000000,0x000000,0x000000,0x000000,0x000000,0x000000,0x000000,
0x525252,0xF7F7F7,0xFFFFFF,0xFDFDFE,0xFEFEFF,0xFFFFFF,0xFFFFFF,0xFFFFFF,0xF5F5F5,0xEDECED,0xFFFFFF,0xFEFEFE,
0xFEFEFE,0xFEFEFE,0xFEFEFE,0xFEFEFE,0xFEFEFE,0xFEFEFE,0xFEFDFE,0xFFFEFE,0xFEFDFE,0xFEFEFE,0xFFFEFE,0xFFFFFF,
0x5A5A5A,0x000000,0x010000,0x000000,0x000000,0x010100,0x010000,0x000000,0x000000,0x000000,0x000000,0x010000,
0x010000,0x000000,0x000000,0x797879,0xFFFFFF,0x616161,0x000000,0x000000,0x000000,0x000000,0x000000,0x000000,
0x000000,0x000000,0x000000,0x000000,0x000000,0x000000,0x000000,0x000000,0x000000,0x000000,0x000000,0x000000,
0x000000,0x000000,0x000000,0x000000,0x000000,0x000000,0x000000,0x2F2F2F,0xC1C1C1,0xFFFFFF,0xFEFEFE,0xFEFEFE,
0xFDFDFD,0xFFFFFF,0xE4E4E4,0x2D2D2D,0x000000,0x000000,0x000000,0x000000,0x000000,0x000000,0x000000,0x000000,
0x000000,0x010000,0x000000,0x000000,0x000000,0x000000,0x010000,0x010001,0x000000,0x000000,0x282728,0xF4F4F5,
0xFFFFFF,0xFDFDFD,0xFEFFFE,0xFEFEFE,0xFFFFFF,0xFFFFFF,0xFFFFFF,0xFFFFFF,0xFFFFFF,0xFCFCFD,0xFDFDFD,0xFEFEFE,
0xFFFFFF,0xFFFFFF,0xECECEC,0x303030,0x000000,0x000000,0x000000,0x000000,0x000000,0x000000,0x010100,0x000000,
0x000000,0x000000,0x000000,0x000000,0x000000,0x000000,0x000000,0x000000,0x000000,0x000000,0x000000,0x000000,
0x000000,0x000000,0x000000,0x000000,0x000000,0x000000,0x000000,0x000000,0x000000,0x000000,0x000000,0x000000,
0x000000,0x000000,0x000000,0x000000,0x000000,0x4A4A4B,0xFDFDFD,0xFFFFFF,0xFEFEFE,0xFEFEFE,0xFEFEFE,0xFEFEFE,
0xFEFEFE,0xFFFFFF,0xFFFFFF,0xD5D5D5,0x0F0F0F,0x000000,0x000000,0x000000,0x000000,0x000000,0x000000,0x000000,
0x000000,0x000000,0x000000,0x000000,0x000000,0x000000,0x000000,0x000000,0x000000,0x000000,0x000000,0x000000,
0x000000,0x000000,0x000000,0x000000,0x000000,0x000000,0x000000,0x000000,0x000000,0x000000,0x000000,0x000000,
0x000000,0x000000,0x000000,0x000000,0x000000,0x282828,0xF0F0F1,0xFFFFFF,0xFFFFFF,0xFFFFFF,0xFFFFFF,0xFEFEFE,
0xFFFEFF,0xFFFEFF,0xFFFFFF,0xE8E8E8,0x1F1F1F,0x000000,0x000000,0x000000,0x000000,0x000000,0x000000,0x000000,
0x000000,0x000000,0x000000,0x000000,0x000000,0x000000,0x000000,0x000000,0x000000,0x000000,0x000000,0x000000,
0x000000,0x000000,0x010000,0x000000,0x000000,0x000000,0x000000,0x000000,0x000000,0x000000,0x000000,0x000000,
0x000000,0x000000,0x000000,0x000000,0x000000,0x000000,0x000000,0x000000,0x000000,0x000000,0x000000,0x000000,
0x000000,0x000000,0x000000,0x323132,0xE7E7E7,0xFFFFFF,0xFEFEFF,0xFCFCFE,0xFEFEFF,0xFFFFFF,0xFFFFFF,0xBABABA,
0x4A4A4A,0xC5C4C5,0xFFFFFF,0xFEFDFE,0xFEFEFE,0xFEFEFE,0xFEFEFE,0xFEFEFE,0xFEFEFE,0xFFFEFF,0xFEFEFE,0xFEFDFE,
0xFFFEFF,0xFEFEFF,0xFFFFFF,0xF9F9F9,0x414141,0x000000,0x010000,0x000000,0x000000,0x000000,0x000000,0x000000,
0x000000,0x000000,0x000000,0x000000,0x010000,0x010000,0x000000,0x999898,0xCDCDCD,0x0B0B0B,0x010000,0x000000,
0x000000,0x000000,0x000000,0x000000,0x000000,0x000000,0x000000,0x000000,0x000000,0x000000,0x000000,0x000000,
0x000000,0x000000,0x000000,0x000000,0x000000,0x000000,0x000000,0x000000,0x000000,0x000000,0x010000,0x000000,
0x100F10,0x9E9D9E,0xFFFFFF,0xFFFFFF,0xFEFEFE,0xFEFEFE,0xFFFFFF,0xC0C0C1,0x0C0C0C,0x000000,0x000000,0x000000,
0x000000,0x000000,0x000000,0x000000,0x000000,0x000000,0x000000,0x000000,0x000000,0x010000,0x010101,0x010100,
0x010000,0x000000,0x030202,0x616161,0xECECEC,0xFEFEFF,0xFDFDFE,0xFFFFFF,0xFFFFFF,0xF7F7F7,0xCBCBCB,0x8E8E8E,
0x9B9C9C,0xFDFDFD,0xFCFCFD,0xFDFDFD,0xFFFFFF,0xFCFCFC,0x656465,0x000000,0x010000,0x000000,0x000000,0x000000,
0x000000,0x000000,0x000000,0x010000,0x000000,0x000000,0x000000,0x000000,0x000000,0x000000,0x000000,0x000000,
0x000000,0x000000,0x000000,0x010000,0x000000,0x000000,0x000000,0x000000,0x000000,0x000000,0x000000,0x000000,
0x000000,0x000000,0x000000,0x000000,0x000000,0x000000,0x000000,0x000000,0x000000,0x212122,0xEAEAEA,0xFFFFFF,
0xFEFDFE,0xFEFEFE,0xFEFEFE,0xFEFEFE,0xFEFFFE,0xFEFEFE,0xFFFFFF,0xEDEDED,0x272726,0x000000,0x000000,0x000000,
0x000000,0x000000,0x000000,0x000000,0x000000,0x000000,0x000000,0x000000,0x000000,0x000000,0x000000,0x000000,
0x000000,0x000000,0x000000,0x000000,0x000000,0x000000,0x000000,0x000000,0x000000,0x000000,0x000000,0x000000,
0x000000,0x000000,0x000000,0x000000,0x000000,0x000000,0x000000,0x000000,0x000000,0x4C4C4C,0xFEFEFE,0xFFFFFF,
0xFFFEFF,0xFEFDFE,0xFEFEFE,0xFEFEFE,0xFFFEFF,0xFEFEFE,0xFFFFFF,0xC6C6C5,0x050605,0x000000,0x000000,0x000000,
0x000000,0x000000,0x000000,0x000000,0x000000,0x000000,0x000000,0x000000,0x000000,0x000000,0x000000,0x000000,
0x000000,0x000000,0x000000,0x000000,0x000000,0x000000,0x000000,0x000000,0x000000,0x000000,0x000000,0x000000,
0x000000,0x000000,0x000000,0x000000,0x000000,0x000000,0x000000,0x000000,0x000000,0x000000,0x010000,0x000000,
0x000000,0x000000,0x000000,0x000000,0x000000,0x000000,0x161616,0xCBCBCB,0xFFFFFF,0xFEFDFE,0xFFFFFF,0xFFFFFF,
0xFFFFFF,0xD6D6D6,0x5D5D5D,0x040404,0x3C3B3C,0xF9F8F9,0xFFFFFF,0xFEFDFE,0xFEFEFE,0xFEFEFE,0xFEFEFE,0xFEFEFE,
0xFEFDFE,0xFFFFFF,0xFEFEFE,0xFEFDFE,0xFFFEFF,0xFEFEFF,0xFFFFFF,0xF5F5F5,0x363635,0x000000,0x000000,0x000000,
0x000000,0x000000,0x000000,0x000000,0x000000,0x000000,0x000000,0x000000,0x000000,0x010000,0x000000,0x9D9C9D,
0x646464,0x000000,0x000000,0x000000,0x000000,0x000000,0x000000,0x000000,0x000000,0x000000,0x000000,0x000000,
0x000000,0x000000,0x000000,0x000000,0x000000,0x000000,0x000000,0x000000,0x000000,0x000000,0x000000,0x000000,
0x000000,0x000000,0x000000,0x000000,0x000000,0x060606,0x8E8E8E,0xFFFFFF,0xFFFFFF,0xFEFDFE,0xFFFEFF,0xFFFFFF,
0x797979,0x000000,0x000000,0x000000,0x000000,0x000000,0x000000,0x030303,0x272828,0x272727,0x030303,0x000000,
0x010000,0x010000,0x000000,0x000000,0x000000,0x000000,0x000000,0x000000,0x555455,0xFDFDFD,0xFFFFFF,0xE5E4E3,
0x908F8F,0x393939,0x0B0A0A,0x000000,0x807F7F,0xFFFFFF,0xFDFDFF,0xFFFEFF,0xFBFBFB,0x787878,0x000000,0x000000,
0x000000,0x000000,0x000000,0x000000,0x000000,0x000000,0x000000,0x000000,0x000000,0x000000,0x000000,0x000000,
0x000000,0x000000,0x000000,0x000000,0x000000,0x000000,0x000000,0x000000,0x000000,0x000000,0x000000,0x000000,
0x000000,0x000000,0x000000,0x000000,0x000000,0x000000,0x000000,0x000000,0x000000,0x010000,0x000000,0x000000,
0x000000,0x080809,0xCACACB,0xFFFFFF,0xFEFEFE,0xFEFEFE,0xFEFEFE,0xFEFEFE,0xFEFEFE,0xFEFDFE,0xFEFDFE,0xFEFDFD,
0x4D4C4C,0x000000,0x000000,0x000000,0x000000,0x000000,0x000000,0x000000,0x000000,0x000000,0x000000,0x000000,
0x000000,0x000000,0x000000,0x000000,0x000000,0x000000,0x000000,0x000000,0x000000,0x000000,0x000000,0x000000,
0x000000,0x000000,0x000000,0x000000,0x000000,0x000000,0x000000,0x000000,0x000000,0x000000,0x000000,0x000000,
0x000000,0x717071,0xFFFFFF,0xFFFEFF,0xFEFDFE,0xFEFDFE,0xFEFEFE,0xFEFEFE,0xFEFEFE,0xFEFEFE,0xFFFFFF,0x9B9B9A,
0x000000,0x000000,0x000000,0x000000,0x000000,0x000000,0x010000,0x000000,0x000000,0x000000,0x000000,0x000000,
0x000000,0x000000,0x000000,0x000000,0x000000,0x000000,0x000000,0x000000,0x000000,0x000000,0x000000,0x000000,
0x000000,0x000000,0x000000,0x000000,0x000000,0x000000,0x000000,0x000000,0x010000,0x000000,0x000000,0x000000,
0x000000,0x000000,0x000000,0x000000,0x000000,0x000000,0x000000,0x000000,0x000000,0x030203,0xA2A1A2,0xFFFFFF,
0xFEFDFE,0xFEFDFE,0xFFFFFF,0xF6F6F6,0x898988,0x151515,0x000000,0x000000,0xA09FA0,0xFFFFFF,0xFFFFFF,0xFEFEFE,
0xFEFEFE,0xFEFEFE,0xFEFEFE,0xFEFEFE,0xFEFEFE,0xFFFFFE,0xFEFEFE,0xFEFDFE,0xFEFDFE,0xFEFDFE,0xFFFDFF,0xF5F3F4,
0x353535,0x000000,0x000000,0x000000,0x000000,0x000000,0x000000,0x000000,0x000000,0x000000,0x000000,0x000000,
0x000000,0x000000,0x000000,0x6C6C6D,0x1C1C1C,0x000000,0x000000,0x010000,0x000000,0x000000,0x000000,0x000000,
0x010100,0x000000,0x000000,0x000000,0x000000,0x000000,0x000000,0x000000,0x000000,0x000000,0x000000,0x000000,
0x000000,0x000000,0x000000,0x000000,0x000000,0x000000,0x000000,0x000000,0x000000,0x000000,0x030303,0x8B8B8B,
0xFFFFFF,0xFEFDFD,0xFEFDFE,0xFFFEFF,0xEFEFEF,0x383839,0x000000,0x010100,0x010000,0x010100,0x010100,0x000000,
0x090909,0x383838,0x656666,0x3A3B3B,0x000000,0x000000,0x000000,0x000000,0x000000,0x000000,0x010000,0x000000,
0x666566,0xF4F4F4,0x909090,0x202020,0x000000,0x000000,0x000000,0x242424,0xE6E6E6,0xFFFFFF,0xFFFFFF,0xF0F0F0,
0x646465,0x000000,0x000000,0x000000,0x000000,0x000000,0x000000,0x000000,0x000000,0x000000,0x000000,0x000000,
0x000000,0x000000,0x000000,0x000000,0x000000,0x000000,0x000000,0x000000,0x000000,0x000000,0x000000,0x000000,
0x000000,0x000000,0x000000,0x000000,0x000000,0x000000,0x000000,0x000000,0x000000,0x000000,0x000000,0x000000,
0x000000,0x000000,0x000000,0x000000,0x000000,0x000000,0xA09FA0,0xFFFFFF,0xFEFEFE,0xFEFEFE,0xFEFEFE,0xFEFEFE,
0xFDFDFD,0xFEFDFE,0xFEFEFF,0xFFFFFF,0x737373,0x000000,0x000000,0x000000,0x000000,0x000000,0x000000,0x000000,
0x000000,0x000000,0x000000,0x000000,0x000000,0x000000,0x000000,0x000000,0x000000,0x000000,0x000000,0x000000,
0x000000,0x000000,0x000000,0x000000,0x000000,0x000000,0x000000,0x000000,0x000000,0x000000,0x000000,0x000000,
0x000000,0x000000,0x000000,0x000000,0x000000,0x919191,0xFFFFFF,0xFDFCFE,0xFDFDFE,0xFEFEFE,0xFEFEFE,0xFEFEFE,
0xFEFEFE,0xFFFFFF,0xFFFFFF,0x6A6A6A,0x000000,0x000000,0x000000,0x000000,0x000000,0x000000,0x000000,0x000000,
0x000000,0x000000,0x000000,0x000000,0x000000,0x000000,0x000000,0x000000,0x000000,0x000000,0x000000,0x000000,
0x000000,0x000000,0x000000,0x000000,0x000000,0x000000,0x000000,0x000000,0x000000,0x000000,0x000000,0x000000,
0x000000,0x000000,0x000000,0x000000,0x000000,0x000000,0x000000,0x000000,0x000000,0x000000,0x000000,0x000000,
0x000000,0x666667,0xFDFDFD,0xFFFFFF,0xFEFDFE,0xFFFFFF,0xD4D4D4,0x474747,0x000000,0x000000,0x010000,0x1F1F1F,
0xE6E6E7,0xFFFFFF,0xFFFFFF,0xFEFEFE,0xFEFEFE,0xFEFDFE,0xFEFEFE,0xFEFEFE,0xFEFDFE,0xFFFFFF,0xFEFEFE,0xFEFEFE,
0xFEFDFE,0xFEFDFE,0xFFFEFF,0xF9F8F9,0x424241,0x000000,0x010000,0x000000,0x000000,0x000000,0x000000,0x000000,
0x000000,0x000000,0x000000,0x000000,0x000000,0x000000,0x010000,0x141415,0x020202,0x010000,0x000000,0x000000,
0x000000,0x000000,0x000000,0x000000,0x000000,0x000000,0x000000,0x000000,0x000000,0x000000,0x000000,0x000000,
0x000000,0x000000,0x000000,0x000000,0x000000,0x000000,0x000000,0x000000,0x000000,0x000000,0x000000,0x000000,
0x000000,0x000000,0x000000,0x050506,0x999899,0xFFFFFF,0xFFFFFF,0xFEFEFE,0xFFFFFF,0xC7C7C7,0x111110,0x010100,
0x000000,0x010100,0x000000,0x000000,0x000000,0x000000,0x161616,0x888988,0x989898,0x202020,0x000000,0x000000,
0x000000,0x010100,0x000000,0x0A0A0A,0x717071,0x373737,0x000000,0x000000,0x000000,0x000000,0x070707,0xACACAD,
0xFFFFFF,0xFFFFFF,0xC9C9C9,0x3E3E3F,0x000000,0x000000,0x000000,0x000000,0x000000,0x000000,0x010000,0x000000,
0x000000,0x000000,0x000000,0x000000,0x000000,0x000000,0x000000,0x000000,0x000000,0x000000,0x000000,0x000000,
0x000000,0x000000,0x000000,0x000000,0x000000,0x000000,0x000000,0x000000,0x000000,0x000000,0x010000,0x000000,
0x000000,0x000000,0x000000,0x000000,0x000000,0x000000,0x010000,0x000000,0x000000,0x000000,0x737273,0xFFFFFF,
0xFFFFFF,0xFEFEFE,0xFEFEFE,0xFEFEFE,0xFEFDFE,0xFEFEFE,0xFFFFFF,0xFFFFFF,0x959595,0x000000,0x000000,0x000000,
0x000000,0x000000,0x000000,0x000000,0x000000,0x000000,0x000000,0x000000,0x000000,0x000000,0x000000,0x000000,
0x000000,0x000000,0x000000,0x000000,0x000000,0x000000,0x000000,0x000000,0x000000,0x000000,0x000000,0x000000,
0x000000,0x000000,0x000000,0x000000,0x000000,0x000000,0x000000,0x000000,0x000000,0xA5A5A6,0xFFFFFF,0xFEFDFE,
0xFEFEFE,0xFEFEFE,0xFEFEFE,0xFEFEFE,0xFEFEFE,0xFFFFFF,0xFBFBFB,0x414040,0x000000,0x000000,0x000000,0x000000,
0x000000,0x000000,0x000000,0x000000,0x000000,0x000000,0x000000,0x000000,0x000000,0x000000,0x000000,0x000000,
0x000000,0x000000,0x000000,0x000000,0x000000,0x000000,0x000000,0x000000,0x000000,0x000000,0x000000,0x000000,
0x000000,0x000000,0x000000,0x000000,0x000000,0x000000,0x000000,0x000000,0x000000,0x000000,0x000000,0x000000,
0x000000,0x000000,0x000000,0x000000,0x2F2E2F,0xEAEAEA,0xFFFFFF,0xFFFFFF,0xFFFFFF,0xA6A5A6,0x1A1A1B,0x000000,
0x000000,0x000000,0x000000,0x646465,0xFFFFFF,0xFEFEFF,0xFEFDFE,0xFEFDFE,0xFEFEFE,0xFEFDFE,0xFEFEFE,0xFEFEFE,
0xFDFDFD,0xFEFEFE,0xFEFEFE,0xFEFEFE,0xFFFEFF,0xFFFFFF,0xFFFFFF,0xFFFFFF,0x5F5F5F,0x000000,0x010000,0x000000,
0x000000,0x000000,0x000000,0x000000,0x000000,0x000000,0x000000,0x000000,0x000000,0x000000,0x010000,0x000000,
0x000000,0x000000,0x000000,0x000000,0x000000,0x000000,0x000000,0x000000,0x000000,0x000000,0x000000,0x000000,
0x000000,0x000000,0x000000,0x000000,0x000000,0x000000,0x000000,0x000000,0x000000,0x000000,0x000000,0x000000,
0x000000,0x000000,0x000000,0x000000,0x000000,0x000000,0x000000,0x000000,0x0C0C0C,0xB4B4B4,0xFFFFFF,0xFFFFFF,
0xFFFFFF,0xFFFFFF,0x7D7D7C,0x000000,0x000000,0x000000,0x000000,0x000000,0x000000,0x000000,0x000000,0x030303,
0x7D7D7D,0xDBDCDC,0x575757,0x000000,0x000000,0x010101,0x000000,0x010101,0x000000,0x000000,0x010100,0x000000,
0x000000,0x020202,0x8A8A8B,0xFFFFFF,0xD4D4D4,0x6F706F,0x0F0F0F,0x000000,0x000000,0x000000,0x000000,0x000000,
0x000000,0x000000,0x010000,0x000000,0x000000,0x000000,0x000000,0x000000,0x000000,0x000000,0x000000,0x000000,
0x000000,0x000000,0x000000,0x000000,0x010000,0x000000,0x000000,0x000000,0x000000,0x000000,0x000000,0x000000,
0x000000,0x000000,0x000000,0x000000,0x000000,0x000000,0x000000,0x000000,0x000000,0x000000,0x000000,0x000000,
0x000000,0x000000,0x474747,0xFDFDFD,0xFFFFFF,0xFEFEFE,0xFEFEFE,0xFEFEFE,0xFEFEFE,0xFEFEFE,0xFEFEFE,0xFFFFFF,
0xB4B4B3,0x000000,0x000000,0x000000,0x000000,0x000000,0x000000,0x000000,0x000000,0x000000,0x000000,0x000000,
0x000000,0x000000,0x000000,0x000000,0x000000,0x000000,0x000000,0x000000,0x000000,0x000000,0x000000,0x000000,
0x000000,0x000000,0x000000,0x000000,0x000000,0x000000,0x000000,0x000000,0x000000,0x000000,0x000000,0x000000,
0x000000,0xACACAC,0xFFFFFF,0xFFFFFF,0xFFFEFF,0xFFFEFF,0xFEFDFE,0xFEFEFE,0xFEFEFE,0xFFFFFF,0xEBEBEB,0x242323,
0x000000,0x010100,0x000000,0x000000,0x000000,0x000000,0x000000,0x010000,0x000000,0x000000,0x000000,0x000000,
0x000000,0x000000,0x010000,0x000000,0x000000,0x000000,0x000000,0x000000,0x000000,0x000000,0x000000,0x000000,
0x000000,0x000000,0x010000,0x000000,0x000000,0x000000,0x000000,0x000000,0x000000,0x000000,0x000000,0x000000,
0x000000,0x000000,0x000000,0x000000,0x000000,0x000000,0x000000,0x060606,0xB6B5B6,0xFFFFFF,0xFFFFFF,0xF8F8F8,
0x797979,0x050505,0x000000,0x020101,0x000000,0x000000,0x000000,0xAAA9AB,0xFFFFFF,0xFEFEFE,0xFEFDFE,0xFEFEFE,
0xFEFEFE,0xFEFEFE,0xFEFEFE,0xFEFEFE,0xFEFEFE,0xFEFEFE,0xFEFEFE,0xFEFEFE,0xFFFEFF,0xFFFFFF,0xFFFEFF,0xFFFFFF,
0x878788,0x000000,0x000000,0x000000,0x000000,0x000000,0x000000,0x000000,0x000000,0x000000,0x000000,0x000000,
0x000000,0x000000,0x000000,0x010000,0x000000,0x000000,0x000000,0x000000,0x000000,0x000000,0x000000,0x000000,
0x000000,0x000000,0x000000,0x000000,0x000000,0x000000,0x000000,0x000000,0x000000,0x000000,0x000000,0x000000,
0x000000,0x000000,0x000000,0x000000,0x000000,0x000000,0x000000,0x000000,0x000000,0x000000,0x000000,0x000000,
0x000000,0x1C1C1C,0xD3D3D3,0xFFFFFF,0xFEFDFE,0xFEFEFF,0xEDECED,0x313030,0x000000,0x000000,0x000000,0x000000,
0x000000,0x010000,0x000000,0x000000,0x000000,0x656465,0xEFEFEF,0x8D8D8D,0x0C0C0C,0x000000,0x000000,0x000000,
0x000000,0x000000,0x010000,0x000000,0x020202,0x4D4C4D,0x9A9A9A,0x545454,0x101010,0x000000,0x000000,0x010100,
0x000000,0x000000,0x000000,0x000000,0x000000,0x000000,0x000000,0x000000,0x000000,0x000000,0x000000,0x000000,
0x000000,0x000000,0x000000,0x000000,0x000000,0x000000,0x000000,0x000000,0x000000,0x000000,0x000000,0x000000,
0x000000,0x000000,0x000000,0x000000,0x000000,0x000000,0x000000,0x000000,0x000000,0x000000,0x000000,0x000000,
0x000000,0x000000,0x000000,0x000000,0x000000,0x000000,0x242424,0xEDEDED,0xFFFFFF,0xFEFEFE,0xFEFEFE,0xFEFEFE,
0xFFFDFF,0xFEFEFE,0xFEFEFE,0xFFFEFF,0xE5E5E5,0x727272,0x000000,0x000000,0x000000,0x000000,0x000000,0x000000,
0x000000,0x000000,0x000000,0x000000,0x000000,0x000000,0x000000,0x000000,0x000000,0x000000,0x000000,0x000000,
0x000000,0x000000,0x000000,0x000000,0x000000,0x000000,0x000000,0x000000,0x000000,0x000000,0x000000,0x000000,
0x000000,0x000000,0x000000,0x000000,0x000000,0xAEAEAE,0xFFFFFF,0xFEFFFF,0xFEFDFF,0xFEFDFE,0xFEFDFE,0xFEFDFE,
0xFEFEFE,0xFFFFFF,0xD5D5D4,0x0D0E0D,0x000000,0x000000,0x000000,0x000000,0x000000,0x000000,0x000000,0x000000,
0x000000,0x000000,0x000000,0x000000,0x000000,0x000000,0x000000,0x000000,0x000000,0x000000,0x000000,0x000000,
0x000000,0x000000,0x000000,0x000000,0x000000,0x000000,0x000000,0x000000,0x000000,0x000000,0x000000,0x000000,
0x000000,0x000000,0x000000,0x000000,0x000000,0x000000,0x000000,0x000000,0x000000,0x000000,0x000000,0x5F5F60,
0xFDFDFD,0xFFFFFF,0xF1F1F1,0x5F5F5F,0x000000,0x000000,0x000000,0x000000,0x010000,0x000000,0x181718,0xE1E1E2,
0xFFFFFF,0xFEFEFE,0xFEFEFF,0xFEFEFE,0xFEFEFE,0xFEFEFE,0xFEFEFE,0xFEFEFE,0xFEFDFD,0xFEFEFE,0xFEFEFE,0xFEFEFE,
0xFEFEFE,0xFEFEFE,0xFEFDFE,0xFFFFFF,0xC0C0C0,0x050505,0x000000,0x000000,0x000000,0x000000,0x000000,0x000000,
0x000000,0x000000,0x000000,0x000000,0x000000,0x000000,0x000000,0x000000,0x000000,0x000000,0x000000,0x000000,
0x000000,0x000000,0x000000,0x000000,0x000000,0x000000,0x000000,0x000000,0x000000,0x000000,0x000000,0x000000,
0x000000,0x000000,0x000000,0x000000,0x000000,0x000000,0x000000,0x000000,0x000000,0x000000,0x000000,0x000000,
0x000000,0x000000,0x000000,0x000000,0x000000,0x000000,0x424242,0xF2F2F3,0xFEFEFF,0xFEFDFE,0xFFFFFF,0xB5B4B5,
0x070707,0x000000,0x000000,0x000000,0x000000,0x010100,0x010101,0x010100,0x000000,0x000000,0x545354,0xF2F2F3,
0xBCBCBC,0x222222,0x000000,0x000000,0x000000,0x000000,0x010100,0x010100,0x020202,0x0E0E0E,0x000000,0x000000,
0x000000,0x000000,0x010100,0x000000,0x000000,0x000000,0x000000,0x000000,0x000000,0x000000,0x000000,0x000000,
0x000000,0x010000,0x000000,0x000000,0x000000,0x000000,0x000000,0x000000,0x000000,0x000000,0x000000,0x000000,
0x000000,0x000000,0x000000,0x000000,0x000000,0x000000,0x000000,0x000000,0x000000,0x000000,0x000000,0x000000,
0x000000,0x000000,0x000000,0x000000,0x000000,0x000000,0x000000,0x000000,0x000000,0x000000,0x100F0F,0xD4D4D5,
0xFFFFFF,0xFEFEFE,0xFEFEFE,0xFEFDFE,0xFEFEFE,0xFEFEFE,0xFEFEFE,0xFFFEFF,0xFFFFFF,0xBBBBBC,0x000000,0x000000,
0x000000,0x000000,0x000000,0x000000,0x000000,0x000000,0x000000,0x000000,0x000000,0x000000,0x000000,0x000000,
0x000000,0x000000,0x000000,0x000000,0x000000,0x000000,0x000000,0x000000,0x000000,0x000000,0x000000,0x000000,
0x000000,0x000000,0x000000,0x000000,0x000000,0x000000,0x000000,0x000000,0x000000,0xADADAE,0xFFFFFF,0xFEFEFE,
0xFEFDFD,0xFEFEFF,0xFFFEFF,0xFFFDFF,0xFEFEFE,0xFFFFFF,0xB6B6B6,0x010000,0x000000,0x000000,0x000000,0x000000,
0x000000,0x000000,0x010001,0x000000,0x000000,0x000000,0x000000,0x000000,0x000000,0x000000,0x000000,0x000000,
0x000000,0x000000,0x000000,0x000000,0x000000,0x000000,0x000000,0x000000,0x000000,0x000000,0x000000,0x000000,
0x000000,0x000000,0x000000,0x000000,0x000000,0x000000,0x000000,0x000000,0x000000,0x000000,0x000000,0x000000,
0x000000,0x000000,0x1D1C1C,0xDDDDDD,0xFFFFFF,0xE7E8E8,0x4A4949,0x000000,0x010100,0x000000,0x000000,0x000000,
0x010000,0x000000,0x4A4849,0xFDFDFD,0xFFFFFF,0xFEFDFE,0xFEFDFE,0xFEFEFE,0xFEFEFE,0xFEFEFE,0xFEFEFE,0xFFFEFF,
0xFFFDFF,0xFFFEFF,0xFEFDFE,0xFEFEFE,0xFEFEFE,0xFEFDFE,0xFEFDFE,0xFFFFFF,0xF4F3F4,0x343333,0x000000,0x010000,
0x000000,0x000000,0x000000,0x000000,0x000000,0x000000,0x000000,0x000000,0x010000,0x000000,0x000000,0x000000,
0x000000,0x000000,0x000000,0x000000,0x000000,0x000000,0x000000,0x000000,0x000000,0x000000,0x000000,0x000000,
0x000000,0x000000,0x000000,0x000000,0x000000,0x000000,0x000000,0x000000,0x000000,0x000000,0x000000,0x000000,
0x000000,0x000100,0x000000,0x000000,0x000000,0x000000,0x000000,0x000000,0x000000,0x000000,0x000000,0x888888,
0xFFFFFF,0xFFFFFF,0xFFFFFF,0xFEFEFE,0x60605F,0x000000,0x000000,0x000000,0x000000,0x000000,0x010101,0x010000,
0x000000,0x000000,0x000000,0x414141,0xE6E6E6,0xE1E1E1,0x504F50,0x000000,0x000000,0x010100,0x010000,0x010000,
0x000000,0x000000,0x000000,0x000000,0x000000,0x000000,0x010000,0x000000,0x000000,0x000000,0x010000,0x000000,
0x000000,0x000000,0x000000,0x000000,0x000000,0x000000,0x000000,0x000000,0x000000,0x000000,0x000000,0x000000,
0x000000,0x000000,0x000000,0x000000,0x000000,0x000000,0x000000,0x000000,0x000000,0x000000,0x000000,0x000000,
0x000000,0x000000,0x000000,0x000000,0x000000,0x000000,0x000000,0x000000,0x000000,0x010100,0x000000,0x000000,
0x000000,0x000000,0x010101,0xB4B5B5,0xFFFFFF,0xFEFEFE,0xFFFEFF,0xFEFEFE,0xFEFEFE,0xFEFDFE,0xFEFEFE,0xFEFEFE,
0xFFFFFF,0xB7B6B7,0x000000,0x000000,0x000000,0x000000,0x000000,0x000000,0x000000,0x000000,0x000000,0x000000,
0x000000,0x000000,0x000000,0x000000,0x000000,0x000000,0x000000,0x000000,0x000000,0x000000,0x000000,0x000000,
0x000000,0x000000,0x000000,0x000000,0x000000,0x000000,0x000000,0x000000,0x000000,0x000000,0x000000,0x000000,
0x000000,0xADADAD,0xFFFFFF,0xFEFEFE,0xFEFEFE,0xFEFEFE,0xFEFEFE,0xFEFDFE,0xFEFEFE,0xFFFFFF,0x979797,0x000000,
0x000000,0x000000,0x000000,0x000000,0x000000,0x000000,0x000000,0x000000,0x000000,0x010000,0x000000,0x000000,
0x000000,0x000000,0x000000,0x000000,0x000000,0x000000,0x000000,0x000000,0x010000,0x000000,0x000000,0x000000,
0x000000,0x000000,0x000000,0x000000,0x000000,0x000000,0x000000,0x000000,0x000000,0x000000,0x000000,0x000000,
0x000000,0x000000,0x000000,0x000000,0x000000,0x000000,0x8A8A8B,0xFFFFFF,0xE6E6E6,0x414242,0x000000,0x000000,
0x000000,0x010100,0x000000,0x000000,0x000000,0x000000,0x7F7F7F,0xFFFFFF,0xFEFEFF,0xFEFEFE,0xFEFDFE,0xFEFDFE,
0xFEFEFE,0xFEFEFE,0xFEFEFE,0xFEFEFE,0xFEFDFE,0xFEFEFE,0xFEFDFE,0xFFFEFF,0xFFFFFF,0xFEFEFE,0xFDFDFD,0xFFFEFF,
0xFFFFFF,0x898A8A,0x000000,0x000000,0x000000,0x000000,0x000000,0x000000,0x000000,0x000000,0x000000,0x000000,
0x000000,0x000000,0x000000,0x000000,0x000000,0x000000,0x000000,0x000000,0x000000,0x000000,0x000000,0x010100,
0x000000,0x000000,0x000000,0x000000,0x000000,0x000000,0x000000,0x000000,0x000000,0x000000,0x000000,0x000000,
0x000000,0x000000,0x000000,0x000000,0x000000,0x000000,0x000000,0x000000,0x000000,0x000000,0x000000,0x000000,
0x000000,0x000000,0x000000,0x171818,0xD9D9DA,0xFFFFFF,0xFDFDFE,0xFFFFFF,0xD7D7D7,0x171717,0x000000,0x000000,
0x000000,0x000000,0x000000,0x000000,0x010100,0x010100,0x010101,0x000000,0x2D2C2C,0xCCCBCC,0xFFFFFF,0x969696,
0x1C1C1C,0x000000,0x000000,0x000000,0x000000,0x000000,0x000000,0x000000,0x010001,0x010000,0x000000,0x000000,
0x000000,0x000000,0x000000,0x000000,0x000000,0x000000,0x000000,0x000000,0x000000,0x000000,0x000000,0x000000,
0x000000,0x000000,0x000000,0x000000,0x000000,0x000000,0x000000,0x000000,0x000000,0x000000,0x000000,0x000000,
0x000000,0x010000,0x000000,0x000000,0x000000,0x000000,0x000000,0x000000,0x000000,0x000000,0x000000,0x000000,
0x000000,0x000000,0x000000,0x000000,0x000000,0x000000,0x000000,0x929292,0xFFFFFF,0xFEFEFE,0xFFFEFF,0xFEFEFE,
0xFEFEFE,0xFEFEFE,0xFEFEFE,0xFFFDFF,0xFFFFFF,0xB7B7B7,0x000000,0x000000,0x000000,0x000000,0x000000,0x000000,
0x000000,0x000000,0x000000,0x000000,0x000000,0x000000,0x000000,0x000000,0x000000,0x000000,0x000000,0x000000,
0x000000,0x000000,0x000000,0x000000,0x000000,0x000000,0x000000,0x000000,0x000000,0x000000,0x000000,0x000000,
0x000000,0x000000,0x000000,0x000000,0x000000,0xADADAD,0xFFFFFF,0xFEFEFE,0xFEFFFE,0xFFFEFE,0xFEFEFE,0xFEFDFE,
0xFEFDFE,0xFFFFFF,0x797A79,0x000000,0x000000,0x000000,0x000000,0x000000,0x000000,0x000000,0x000000,0x000000,
0x000000,0x000000,0x000000,0x000000,0x000000,0x000000,0x000000,0x000000,0x000000,0x000000,0x000000,0x000000,
0x000000,0x000000,0x000000,0x000000,0x000000,0x000000,0x000000,0x000000,0x000000,0x000000,0x000000,0x000000,
0x000000,0x000000,0x000000,0x000000,0x000000,0x000000,0x000000,0x010000,0x000000,0x252526,0xECECED,0xEDEDED,
0x444443,0x000000,0x000000,0x000000,0x000000,0x010000,0x010100,0x000000,0x000000,0x000000,0xA9A9AA,0xFFFFFF,
0xFEFEFE,0xFFFEFF,0xFEFEFE,0xFEFDFE,0xFEFEFE,0xFEFEFE,0xFEFEFE,0xFEFEFE,0xFEFEFE,0xFEFDFE,0xFEFDFE,0xFEFEFE,
0xFEFEFE,0xFEFEFE,0xFEFEFE,0xFEFEFE,0xFFFFFF,0xE3E3E4,0x1D1D1D,0x000000,0x000000,0x010100,0x000000,0x000000,
0x000000,0x000000,0x000000,0x000000,0x000000,0x000000,0x000000,0x000000,0x000000,0x010100,0x000100,0x000000,
0x000000,0x010100,0x000000,0x000000,0x000000,0x000000,0x000000,0x000000,0x000000,0x000000,0x010101,0x000000,
0x000000,0x000000,0x000000,0x000000,0x000000,0x000000,0x000000,0x000000,0x000000,0x000000,0x000000,0x000000,
0x000000,0x000000,0x000000,0x000000,0x000000,0x000000,0x010000,0x000000,0x707070,0xFFFFFF,0xFDFDFE,0xFDFDFD,
0xFFFFFF,0x848484,0x000000,0x000000,0x020100,0x000000,0x000000,0x000000,0x010100,0x000000,0x000000,0x000000,
0x000000,0x161616,0x9F9F9F,0xFFFFFF,0xE2E2E2,0x6C6C6C,0x141414,0x000000,0x000000,0x010100,0x010100,0x010000,
0x010100,0x000000,0x000000,0x000000,0x000000,0x010000,0x000000,0x000000,0x000000,0x000000,0x000000,0x000000,
0x000000,0x000000,0x000000,0x000000,0x000000,0x000000,0x000000,0x000000,0x000000,0x000000,0x000000,0x000000,
0x000000,0x000000,0x000000,0x000000,0x000000,0x000000,0x000000,0x000000,0x000000,0x000000,0x000000,0x000000,
0x000000,0x000000,0x000000,0x000000,0x000000,0x000000,0x000000,0x000000,0x000000,0x000000,0x000000,0x757576,
0xFFFFFF,0xFEFEFE,0xFEFEFE,0xFDFDFD,0xFFFEFF,0xFEFEFE,0xFFFEFF,0xFEFEFE,0xFFFFFF,0xB7B7B7,0x000000,0x000000,
0x000000,0x000000,0x000000,0x000000,0x000000,0x000000,0x000000,0x000000,0x000000,0x000000,0x000000,0x000000,
0x000000,0x000000,0x000000,0x000000,0x000000,0x000000,0x000000,0x000000,0x000000,0x000000,0x000000,0x000000,
0x000000,0x000000,0x000000,0x000000,0x000000,0x000000,0x000000,0x000000,0x000000,0xADADAD,0xFFFFFF,0xFEFEFE,
0xFEFEFE,0xFEFFFF,0xFEFEFE,0xFEFEFE,0xFEFEFE,0xFFFFFF,0x5D5D5D,0x000000,0x000000,0x010000,0x000000,0x000000,
0x000000,0x010000,0x000000,0x000000,0x000000,0x000000,0x000000,0x000000,0x000000,0x000000,0x000000,0x000000,
0x010000,0x000000,0x000000,0x000000,0x000000,0x000000,0x000000,0x000000,0x000000,0x000000,0x000000,0x000000,
0x000000,0x000000,0x000000,0x000000,0x000000,0x000000,0x000000,0x000000,0x000000,0x000000,0x000000,0x010000,
0x000000,0x979697,0xF7F7F7,0x4F4F4F,0x000000,0x020101,0x000000,0x000000,0x000000,0x000000,0x000000,0x010100,
0x000000,0x090908,0xCDCDCE,0xFFFFFF,0xFEFEFE,0xFEFEFE,0xFEFEFE,0xFEFEFE,0xFEFDFE,0xFEFEFE,0xFEFEFE,0xFEFEFE,
0xFEFEFE,0xFEFEFE,0xFEFEFE,0xFEFEFE,0xFEFDFE,0xFEFDFE,0xFEFDFE,0xFFFEFF,0xFFFFFF,0xFFFFFF,0x8A8A89,0x000000,
0x000000,0x010000,0x000000,0x000000,0x000000,0x000000,0x000000,0x000000,0x000000,0x000000,0x010100,0x000000,
0x000000,0x000000,0x000000,0x000000,0x000000,0x000000,0x000000,0x000000,0x000000,0x000000,0x000000,0x000000,
0x000000,0x000000,0x000000,0x010000,0x010000,0x000000,0x000000,0x000000,0x000000,0x000000,0x000000,0x000000,
0x000000,0x000000,0x000000,0x000000,0x000000,0x000000,0x000000,0x000000,0x000000,0x000000,0x000000,0x000000,
0x161616,0xDAD9DA,0xFFFFFF,0xFDFDFD,0xFFFFFF,0xEBEBEC,0x2C2C2C,0x000000,0x000000,0x101010,0x101010,0x000000,
0x000000,0x000000,0x000000,0x000000,0x010101,0x000000,0x010101,0x565656,0xDBDBDB,0xFFFFFF,0xDDDEDD,0x868686,
0x383737,0x0A0A0A,0x000000,0x000000,0x000000,0x000000,0x000000,0x000000,0x000000,0x000000,0x000000,0x000000,
0x000000,0x010000,0x010000,0x000000,0x000000,0x000000,0x000000,0x000000,0x000000,0x000000,0x000000,0x000000,
0x010000,0x000000,0x000000,0x000000,0x000000,0x000000,0x000000,0x000000,0x000000,0x000000,0x000000,0x000000,
0x000000,0x000000,0x000000,0x000000,0x000000,0x000000,0x000000,0x000000,0x000000,0x000000,0x000000,0x000000,
0x000000,0x000000,0x000000,0x575757,0xFFFFFF,0xFEFEFE,0xFEFDFE,0xFEFEFE,0xFFFEFF,0xFEFEFE,0xFEFEFE,0xFEFEFE,
0xFFFFFF,0xB7B7B7,0x000000,0x000000,0x000000,0x000000,0x000000,0x000000,0x000000,0x000000,0x000000,0x000000,
0x000000,0x000000,0x000000,0x000000,0x000000,0x000000,0x000000,0x000000,0x000000,0x000000,0x000000,0x000000,
0x000000,0x000000,0x000000,0x000000,0x000000,0x000000,0x000000,0x000000,0x000000,0x000000,0x000000,0x000000,
0x000000,0xAEAEAE,0xFFFFFF,0xFEFEFE,0xFEFEFE,0xFEFEFE,0xFEFEFE,0xFEFDFE,0xFFFFFF,0xFCFCFC,0x434343,0x000000,
0x000000,0x000000,0x000000,0x000000,0x000000,0x000000,0x000000,0x000000,0x000000,0x000000,0x000000,0x000000,
0x000000,0x000000,0x000000,0x000000,0x000000,0x000000,0x000000,0x000000,0x000000,0x000000,0x000000,0x000000,
0x000000,0x000000,0x000000,0x000000,0x000000,0x000000,0x000000,0x000000,0x000000,0x000000,0x000000,0x000000,
0x000000,0x000000,0x000000,0x000000,0x262526,0xEDEDED,0x6D6D6D,0x000000,0x000000,0x000000,0x000000,0x010000,
0x000000,0x000000,0x000000,0x000000,0x000000,0x1D1D1D,0xE6E6E6,0xFFFFFF,0xFEFDFE,0xFEFEFE,0xFEFEFE,0xFEFEFE,
0xFEFEFE,0xFEFEFE,0xFEFEFE,0xFEFEFE,0xFEFEFE,0xFEFEFE,0xFEFEFE,0xFEFDFE,0xFEFDFE,0xFFFEFE,0xFEFEFE,0xFFFDFF,
0xFEFEFE,0xFEFEFF,0xF0F0F0,0x3A3A3A,0x000000,0x010000,0x000000,0x000000,0x000000,0x000000,0x000000,0x000000,
0x000000,0x000000,0x010000,0x000000,0x000000,0x000000,0x000000,0x000000,0x000000,0x000000,0x000000,0x000000,
0x000000,0x000000,0x000000,0x000000,0x000000,0x000000,0x000000,0x010000,0x000000,0x000000,0x000000,0x000000,
0x000000,0x000000,0x000000,0x000000,0x000000,0x000000,0x000000,0x000000,0x000000,0x000000,0x000000,0x000000,
0x000000,0x000000,0x010100,0x000000,0x000000,0x8B8A8B,0xFFFFFF,0xFFFFFE,0xFFFFFF,0xFFFFFF,0xACADAD,0x2A2A2A,
0x6B6B6B,0xA8A8A9,0x1C1C1C,0x010000,0x000000,0x000000,0x000000,0x010100,0x010101,0x010000,0x000000,0x000000,
0x171717,0x868585,0xEAEAEA,0xFFFFFF,0xFCFCFC,0xCDCDCD,0x909090,0x5B5B5B,0x383838,0x232424,0x171717,0x0F0F0F,
0x070706,0x000000,0x000000,0x000000,0x000000,0x000000,0x000000,0x000000,0x000000,0x000000,0x000000,0x000000,
0x000000,0x000000,0x000000,0x000000,0x010000,0x000000,0x000000,0x000000,0x000000,0x000000,0x000000,0x000000,
0x000000,0x000000,0x000000,0x000000,0x000000,0x000000,0x000000,0x000000,0x000000,0x000000,0x000000,0x000000,
0x010000,0x000000,0x000000,0x000000,0x000000,0x000000,0x000000,0x3E3E3E,0xFBFBFB,0xFFFFFF,0xFEFDFE,0xFEFEFE,
0xFEFEFF,0xFEFEFE,0xFEFEFE,0xFEFEFE,0xFFFFFF,0xB6B6B6,0x000000,0x000000,0x000000,0x000000,0x000000,0x000000,
0x000000,0x000000,0x000000,0x000000,0x000000,0x000000,0x000000,0x000000,0x000000,0x000000,0x000000,0x000000,
0x000000,0x000000,0x000000,0x000000,0x000000,0x000000,0x000000,0x000000,0x000000,0x000000,0x000000,0x000000,
0x000000,0x000000,0x000000,0x000000,0x000000,0xAEAEAE,0xFFFFFF,0xFEFEFE,0xFEFEFE,0xFDFDFD,0xFEFDFE,0xFEFEFE,
0xFFFFFF,0xF4F4F4,0x323232,0x000000,0x000000,0x000000,0x000000,0x000000,0x000000,0x000000,0x000000,0x000000,
0x000000,0x000000,0x000000,0x000000,0x000000,0x000000,0x000000,0x000000,0x000000,0x000000,0x000000,0x000000,
0x000000,0x000000,0x000000,0x000000,0x000000,0x000000,0x000000,0x000000,0x000000,0x000000,0x000000,0x000000,
0x000000,0x000000,0x000000,0x000000,0x000000,0x000000,0x010000,0x000000,0x808081,0x979697,0x020202,0x010101,
0x000000,0x000000,0x000000,0x000000,0x000000,0x000000,0x000000,0x000000,0x000000,0x323232,0xF4F4F4,0xFFFFFF,
0xFEFDFE,0xFEFDFE,0xFEFDFE,0xFEFDFE,0xFEFEFE,0xFEFEFE,0xFEFEFE,0xFEFEFE,0xFEFEFE,0xFEFEFE,0xFEFEFE,0xFEFEFE,
0xFEFEFE,0xFFFEFE,0xFEFEFE,0xFEFDFE,0xFEFEFE,0xFEFDFE,0xFFFFFF,0xCDCDCD,0x181818,0x000000,0x000000,0x000000,
0x000000,0x000000,0x000000,0x000000,0x010000,0x000000,0x000000,0x000000,0x000000,0x000000,0x000000,0x000000,
0x000000,0x000000,0x000000,0x000000,0x000000,0x000000,0x000000,0x000000,0x000000,0x000000,0x000000,0x000000,
0x000000,0x000000,0x000000,0x000000,0x000000,0x000000,0x000000,0x000000,0x000000,0x000000,0x000000,0x000000,
0x000000,0x000000,0x000000,0x000000,0x000000,0x000000,0x000000,0x000000,0x000000,0x4A4A4B,0xFCFCFC,0xFFFFFF,
0xFEFEFE,0xFFFFFF,0xFEFEFE,0xF1F1F1,0xFCFCFC,0x565656,0x000000,0x010000,0x000000,0x080708,0x323233,0x020202,
0x010100,0x000000,0x000000,0x000000,0x000000,0x000000,0x202020,0x6F6F6F,0xBEBFBF,0xF4F4F4,0xFFFFFF,0xFFFFFF,
0xFDFDFD,0xF0F1F0,0xE6E6E6,0xD9DAD9,0xC9C9C9,0xBCBBBB,0xB9B9B9,0xB1B1B1,0x9E9E9E,0x898988,0x6E6E6F,0x4D4D4D,
0x292929,0x0B0B0B,0x000000,0x000000,0x000000,0x010101,0x010100,0x000000,0x000000,0x000000,0x000000,0x000000,
0x000000,0x000000,0x000000,0x010000,0x000000,0x000000,0x000000,0x000000,0x000000,0x000000,0x000000,0x000000,
0x000000,0x000000,0x000000,0x000000,0x010000,0x000000,0x000000,0x000000,0x000000,0x000000,0x000000,0x292929,
0xF2F2F2,0xFFFFFF,0xFEFEFE,0xFEFEFE,0xFEFEFE,0xFEFEFE,0xFEFEFE,0xFDFDFD,0xFFFFFF,0xB7B6B7,0x000000,0x000000,
0x000000,0x000000,0x000000,0x000000,0x000000,0x000000,0x000000,0x000000,0x000000,0x000000,0x000000,0x000000,
0x000000,0x000000,0x000000,0x000000,0x000000,0x000000,0x000000,0x000000,0x000000,0x000000,0x000000,0x000000,
0x000000,0x000000,0x000000,0x000000,0x000000,0x000000,0x000000,0x000000,0x000000,0xAEAEAE,0xFFFFFF,0xFFFEFE,
0xFFFEFE,0xFDFEFD,0xFEFEFE,0xFEFEFE,0xFFFFFF,0xE9EAE9,0x232423,0x000000,0x000000,0x000000,0x000000,0x000000,
0x000000,0x000000,0x000000,0x000100,0x000000,0x000000,0x000000,0x000000,0x000000,0x000000,0x000000,0x000000,
0x000000,0x000000,0x000000,0x000000,0x000000,0x000000,0x010000,0x000000,0x000000,0x000000,0x000000,0x000000,
0x000000,0x000000,0x000000,0x000000,0x000000,0x000000,0x000000,0x000000,0x000000,0x000000,0x010000,0x161516,
0x959596,0x111112,0x000000,0x010101,0x000000,0x000000,0x000000,0x000000,0x000000,0x000000,0x000000,0x000000,
0x000000,0x444444,0xFDFDFD,0xFFFFFF,0xFEFEFE,0xFEFEFE,0xFEFEFE,0xFEFEFE,0xFEFEFE,0xFFFEFE,0xFEFDFE,0xFFFEFF,
0xFEFEFE,0xFEFEFE,0xFEFEFE,0xFEFEFE,0xFEFEFE,0xFEFDFE,0xFEFDFE,0xFFFEFF,0xFEFEFE,0xFEFEFE,0xFFFFFF,0xFFFFFF,
0xAAAAAA,0x080808,0x000000,0x000000,0x000000,0x000000,0x000000,0x000000,0x000000,0x000000,0x000000,0x000000,
0x000000,0x000000,0x010000,0x000000,0x010101,0x000000,0x000000,0x000000,0x000000,0x000000,0x000000,0x000000,
0x000000,0x000000,0x000000,0x000000,0x000000,0x000000,0x000000,0x010000,0x000000,0x000000,0x000000,0x000000,
0x000000,0x000000,0x000000,0x000000,0x000000,0x000000,0x000000,0x000000,0x000000,0x000000,0x000000,0x000000,
0x000000,0x282828,0xF0F0F1,0xFEFEFF,0xFDFDFD,0xFFFFFF,0xFFFFFF,0xFFFFFF,0xD9D9D8,0x383837,0x0D0D0D,0x040404,
0x3B3B3B,0xB2B2B3,0x535354,0x000000,0x000000,0x000000,0x000000,0x000000,0x000000,0x010000,0x000000,0x000000,
0x040404,0x282928,0x5E5E5D,0x908F90,0xB5B5B5,0xD0D1D0,0xE0E0E0,0xE8E9E9,0xF1F2F2,0xFAFAFA,0xFBFBFB,0xFDFCFC,
0xFFFFFF,0xFFFFFF,0xFFFFFF,0xFFFFFF,0xF5F5F5,0xD4D4D4,0x949594,0x444545,0x0A0A0A,0x000000,0x000000,0x000000,
0x000000,0x000000,0x000000,0x000000,0x000000,0x000000,0x000000,0x000000,0x000000,0x000000,0x000000,0x000000,
0x000000,0x000000,0x000000,0x000000,0x000000,0x000000,0x000000,0x000000,0x000000,0x000000,0x000000,0x000000,
0x000000,0x000000,0x000000,0x1D1D1D,0xE6E6E6,0xFFFFFF,0xFFFFFF,0xFEFEFE,0xFEFDFD,0xFEFEFE,0xFEFEFE,0xFEFEFE,
0xFFFFFF,0xB7B7B8,0x000000,0x000000,0x000000,0x000000,0x000000,0x000000,0x000000,0x000000,0x000000,0x000000,
0x000000,0x000000,0x000000,0x000000,0x000000,0x000000,0x000000,0x000000,0x000000,0x000000,0x000000,0x000000,
0x000000,0x000000,0x000000,0x000000,0x000000,0x000000,0x000000,0x000000,0x000000,0x000000,0x000000,0x000000,
0x000000,0xAEADAE,0xFFFFFF,0xFEFEFE,0xFFFEFE,0xFFFEFF,0xFFFFFF,0xFFFEFF,0xFFFFFF,0xDFDFDF,0x161616,0x000000,
0x000000,0x000000,0x000000,0x000000,0x000000,0x000000,0x000000,0x000000,0x000000,0x000000,0x000000,0x000000,
0x000000,0x000000,0x000000,0x000000,0x000000,0x000000,0x000000,0x000000,0x000000,0x000000,0x000000,0x000000,
0x000000,0x000000,0x000000,0x000000,0x000000,0x000000,0x000000,0x000000,0x000000,0x000000,0x000000,0x000000,
0x000000,0x000000,0x000000,0x3F3F40,0x363636,0x000000,0x000000,0x000000,0x000000,0x000000,0x000000,0x000000,
0x000000,0x000000,0x000000,0x000000,0x000000,0x585757,0xFFFFFF,0xFEFEFE,0xFEFEFE,0xFFFFFF,0xFEFEFE,0xFEFDFE,
0xFFFFFF,0xFEFEFE,0xFEFEFE,0xFEFEFE,0xFEFEFE,0xFEFDFD,0xFFFEFF,0xFEFEFE,0xFEFDFE,0xFEFDFE,0xFEFEFE,0xFEFEFE,
0xFEFEFE,0xFEFEFE,0xFFFFFF,0xFFFFFF,0xFFFFFF,0x919091,0x030303,0x000000,0x000000,0x000000,0x000000,0x000000,
0x000000,0x000000,0x000000,0x000000,0x000000,0x000000,0x000000,0x000000,0x000000,0x000000,0x000000,0x000000,
0x000000,0x000000,0x000000,0x000000,0x000000,0x000000,0x000000,0x000000,0x000000,0x000000,0x000000,0x000000,
0x000000,0x000000,0x000000,0x000000,0x000000,0x000000,0x000000,0x000000,0x000000,0x000000,0x000000,0x000000,
0x000000,0x000000,0x000000,0x1D1E1E,0x525252,0x9F9F9F,0xFBFBFC,0xFDFDFF,0xFEFFFF,0xFFFFFF,0xFEFFFE,0xFEFDFE,
0xFDFDFD,0xF5F5F5,0xD3D3D3,0xC4C4C4,0xF7F7F7,0x949494,0x030303,0x020201,0x000000,0x000000,0x000000,0x000000,
0x010000,0x000000,0x010000,0x010000,0x000000,0x000000,0x000000,0x000000,0x000000,0x0B0B0A,0x151515,0x1C1D1D,
0x272726,0x323232,0x333333,0x323232,0x373737,0x444444,0x575757,0x6C6C6C,0x8E8F8E,0xBFBFBF,0xEFEFEF,0xFFFFFF,
0xCBCBCB,0x4D4D4D,0x000000,0x000000,0x010000,0x000000,0x000000,0x000000,0x000000,0x000000,0x000000,0x000000,
0x000000,0x000000,0x000000,0x000000,0x000000,0x000000,0x000000,0x000000,0x000000,0x000000,0x010100,0x000000,
0x000000,0x000000,0x000000,0x000000,0x000000,0x000000,0x000000,0x121111,0xD8D8D8,0xFFFFFF,0xFEFEFE,0xFEFEFE,
0xFEFEFE,0xFEFDFE,0xFEFEFE,0xFEFEFE,0xFFFFFF,0xB7B7B7,0x000000,0x000000,0x000000,0x000000,0x000000,0x000000,
0x000000,0x000000,0x000000,0x000000,0x000000,0x000000,0x000000,0x000000,0x000000,0x000000,0x000000,0x000000,
0x000000,0x000000,0x000000,0x000000,0x000000,0x000000,0x000000,0x000000,0x000000,0x000000,0x000000,0x000000,
0x000000,0x000000,0x000000,0x000000,0x000000,0xADADAD,0xFFFFFF,0xFEFEFE,0xFEFEFE,0xFFFEFF,0xFFFFFF,0xFEFEFE,
0xFFFFFF,0xD7D7D7,0x0F0F0F,0x000000,0x000000,0x000000,0x000000,0x000000,0x000000,0x000000,0x000000,0x000000,
0x000000,0x000000,0x000000,0x000000,0x000000,0x000000,0x000000,0x000000,0x000000,0x010100,0x010100,0x000000,
0x000000,0x000000,0x000000,0x000000,0x000000,0x000000,0x000000,0x000000,0x000000,0x000000,0x000000,0x000000,
0x000000,0x000000,0x000000,0x000000,0x000000,0x000000,0x000000,0x141414,0x030202,0x020101,0x000000,0x000000,
0x000000,0x000000,0x000000,0x000000,0x000000,0x000000,0x010000,0x000000,0x000000,0x676767,0xFFFFFF,0xFDFDFE,
0xFEFEFE,0xFEFEFE,0xFFFFFF,0xFEFEFE,0xFFFFFF,0xFEFEFE,0xFEFEFE,0xFEFEFE,0xFEFEFE,0xFEFDFD,0xFEFEFE,0xFEFEFE,
0xFEFEFE,0xFFFEFF,0xFFFEFF,0xFEFEFE,0xFEFEFE,0xFEFEFE,0xFEFEFE,0xFDFEFD,0xFEFDFD,0xFFFEFF,0x939393,0x0B0B0B,
0x000000,0x010100,0x000000,0x010000,0x000000,0x000000,0x000000,0x000000,0x000000,0x000000,0x000000,0x000000,
0x000000,0x000000,0x000000,0x000000,0x010100,0x000000,0x000000,0x010000,0x000000,0x000000,0x000000,0x000000,
0x000000,0x000000,0x000000,0x000000,0x000000,0x000000,0x000000,0x000000,0x000000,0x010100,0x000000,0x000000,
0x000000,0x000000,0x000000,0x000000,0x000000,0x000000,0x000000,0x101010,0x8E8D8D,0xFFFFFF,0xFFFFFF,0xFFFFFF,
0xFFFFFF,0xFEFEFE,0xFEFEFE,0xFDFDFD,0xFEFEFE,0xFFFFFF,0xFFFFFF,0xFFFFFF,0xC8C9C8,0x090909,0x000000,0x020201,
0x000000,0x000000,0x000000,0x000000,0x000000,0x000000,0x000000,0x000000,0x000000,0x000000,0x000000,0x000000,
0x000000,0x000000,0x000000,0x000000,0x000000,0x000000,0x000000,0x000000,0x000000,0x000000,0x000000,0x000000,
0x000000,0x030202,0x20201F,0x606060,0xC3C4C4,0xFBFAFA,0x8C8C8C,0x080708,0x000000,0x000000,0x000000,0x000000,
0x000000,0x000000,0x010000,0x000000,0x000000,0x000000,0x000000,0x000000,0x000000,0x000000,0x000000,0x000000,
0x000000,0x000000,0x000000,0x000000,0x000000,0x000000,0x000000,0x000000,0x000000,0x000000,0x000000,0x0B0B0B,
0xCDCDCD,0xFFFFFF,0xFDFDFD,0xFEFEFE,0xFFFEFF,0xFEFDFE,0xFEFEFE,0xFEFFFE,0xFFFFFF,0xB6B7B7,0x000000,0x000000,
0x000000,0x000000,0x000000,0x000000,0x000000,0x000000,0x000000,0x000000,0x000000,0x000000,0x000000,0x000000,
0x000000,0x000000,0x000000,0x000000,0x000000,0x000000,0x000000,0x000000,0x000000,0x000000,0x000000,0x000000,
0x000000,0x000000,0x000000,0x000000,0x000000,0x000000,0x000000,0x000000,0x000000,0xADADAD,0xFFFFFF,0xFFFEFF,
0xFEFEFE,0xFEFEFE,0xFEFEFE,0xFEFEFE,0xFFFFFF,0xC9C8C8,0x070707,0x000000,0x000000,0x000000,0x000000,0x000000,
0x000000,0x000000,0x000000,0x000000,0x000000,0x000000,0x000000,0x000000,0x000000,0x000000,0x000000,0x000000,
0x000000,0x000000,0x010100,0x000000,0x000000,0x000000,0x000000,0x000000,0x000000,0x000000,0x000000,0x000000,
0x000000,0x010000,0x000000,0x000000,0x000000,0x000000,0x000000,0x000000,0x000000,0x000000,0x000000,0x000000,
0x000000,0x000000,0x000000,0x000000,0x000000,0x000000,0x000000,0x000000,0x000000,0x000000,0x000000,0x000000,
0x000000,0x6E6E6E,0xFFFFFF,0xFEFDFE,0xFEFEFE,0xFEFEFE,0xFEFEFE,0xFFFFFE,0xFEFEFE,0xFEFEFE,0xFEFEFE,0xFEFEFE,
0xFEFEFE,0xFEFEFE,0xFEFEFE,0xFEFEFE,0xFEFEFE,0xFFFEFF,0xFEFEFE,0xFEFEFE,0xFFFEFF,0xFEFEFE,0xFEFEFE,0xFEFEFE,
0xFDFDFD,0xFDFDFE,0xFFFFFF,0xAFAFAF,0x181717,0x000000,0x000000,0x000000,0x000000,0x000000,0x000000,0x000000,
0x000000,0x010000,0x000000,0x000000,0x000000,0x000000,0x000000,0x000000,0x000000,0x000000,0x000000,0x000000,
0x000000,0x000000,0x000000,0x000000,0x000000,0x000000,0x000000,0x000000,0x000000,0x000000,0x010000,0x000000,
0x000000,0x000000,0x000000,0x000000,0x000000,0x000000,0x000000,0x000000,0x000000,0x000000,0x000000,0x000000,
0x000000,0x5A5B5A,0xDFDFDF,0xFFFFFF,0xFFFFFF,0xFFFFFF,0xFFFFFF,0xFFFFFF,0xFFFFFF,0xFFFFFF,0xFDFDFE,0xFFFFFF,
0xA1A2A1,0x000000,0x000000,0x000000,0x000000,0x000000,0x000000,0x000000,0x000000,0x000000,0x000000,0x000000,
0x000000,0x010000,0x000000,0x000000,0x000000,0x000000,0x000000,0x000000,0x000000,0x000000,0x000000,0x000000,
0x000000,0x000000,0x000000,0x000000,0x010000,0x020100,0x000000,0x000000,0x040404,0x646464,0xF3F3F3,0x8B8A8B,
0x000101,0x000000,0x000000,0x000000,0x000000,0x000000,0x000000,0x000000,0x000000,0x000000,0x000000,0x000000,
0x000000,0x000000,0x000000,0x000000,0x000000,0x000000,0x000000,0x000000,0x000000,0x000000,0x000000,0x000000,
0x000000,0x000000,0x000000,0x060606,0xC1C0C0,0xFFFFFF,0xFDFEFD,0xFEFEFE,0xFFFEFF,0xFEFEFE,0xFEFEFE,0xFFFFFF,
0xFFFFFF,0xB9B9BA,0x000000,0x000000,0x000000,0x000000,0x000000,0x000000,0x000000,0x000000,0x000000,0x000000,
0x000000,0x000000,0x000000,0x000000,0x000000,0x000000,0x000000,0x000000,0x000000,0x000000,0x000000,0x000000,
0x000000,0x000000,0x000000,0x000000,0x000000,0x000000,0x000000,0x000000,0x000000,0x000000,0x000000,0x000000,
0x000000,0xAEAEAD,0xFFFFFF,0xFFFEFF,0xFFFEFF,0xFEFEFE,0xFEFEFE,0xFEFDFE,0xFFFFFF,0xBDBDBD,0x020202,0x000000,
0x000000,0x010000,0x000000,0x000000,0x000000,0x000000,0x000000,0x000000,0x000000,0x000000,0x000000,0x000000,
0x000000,0x000000,0x000000,0x000000,0x000000,0x000000,0x000000,0x000000,0x000000,0x000000,0x000000,0x000000,
0x000000,0x000000,0x000000,0x000000,0x000000,0x000000,0x000000,0x000000,0x000000,0x000000,0x000000,0x000000,
0x000000,0x000000,0x000000,0x000000,0x000000,0x000000,0x000000,0x000000,0x000000,0x000000,0x000000,0x000000,
0x000000,0x000000,0x000000,0x000000,0x000000,0x6D6D6D,0xFFFFFF,0xFFFEFE,0xFEFFFE,0xFFFFFF,0xFEFEFE,0xFEFEFE,
0xFEFEFE,0xFEFEFE,0xFEFEFE,0xFEFDFE,0xFEFEFE,0xFFFFFF,0xFEFEFE,0xFEFEFE,0xFEFEFE,0xFEFEFE,0xFEFEFE,0xFEFEFE,
0xFEFDFE,0xFEFEFE,0xFEFEFE,0xFEFEFE,0xFEFEFE,0xFEFEFE,0xFFFFFF,0xFFFFFF,0xCDCDCD,0x383939,0x000000,0x000000,
0x000000,0x000000,0x000000,0x000000,0x000000,0x000000,0x000000,0x000000,0x000000,0x000000,0x000000,0x000000,
0x000000,0x000000,0x000000,0x000000,0x000000,0x000000,0x000000,0x000000,0x000000,0x000000,0x000000,0x000000,
0x000000,0x000000,0x000000,0x000000,0x000000,0x000000,0x000000,0x000000,0x000000,0x000000,0x000000,0x000000,
0x000000,0x000000,0x000000,0x000000,0x000000,0x000000,0x1B1B1B,0x636463,0x909191,0x939393,0x838382,0x6E6F6E,
0x757575,0xD2D1D2,0xFFFFFF,0xFBFBFB,0x565656,0x000000,0x000000,0x000000,0x000000,0x000000,0x000000,0x000000,
0x010000,0x000000,0x000000,0x000000,0x000000,0x000000,0x000000,0x000000,0x000000,0x000000,0x000000,0x000000,
0x000000,0x000000,0x000000,0x000000,0x000000,0x000000,0x000000,0x000000,0x000000,0x010000,0x010000,0x000000,
0x000000,0x000000,0x4E4D4E,0xECEBEC,0x3A3A3A,0x000000,0x000000,0x000000,0x000000,0x000000,0x000000,0x000000,
0x000000,0x000000,0x000000,0x000000,0x000000,0x000000,0x010000,0x000000,0x000000,0x000000,0x000000,0x000000,
0x000000,0x000000,0x000000,0x000000,0x000000,0x000000,0x000000,0x010101,0xB4B3B4,0xFFFFFF,0xFEFEFE,0xFEFEFE,
0xFFFEFF,0xFFFFFF,0xFEFEFE,0xFEFEFE,0xFFFFFF,0x959595,0x000000,0x000000,0x000000,0x000000,0x000000,0x000000,
0x000000,0x000000,0x000000,0x000000,0x000000,0x000000,0x000000,0x000000,0x000000,0x000000,0x000000,0x000000,
0x000000,0x000000,0x000000,0x000000,0x000000,0x000000,0x000000,0x000000,0x000000,0x000000,0x000000,0x000000,
0x000000,0x000000,0x000000,0x000000,0x000000,0xACABAB,0xFFFFFF,0xFEFEFE,0xFEFEFE,0xFEFEFE,0xFEFDFE,0xFEFEFE,
0xFFFFFF,0xB8B7B8,0x000000,0x000000,0x000000,0x000000,0x000000,0x000000,0x000000,0x000000,0x000000,0x000000,
0x000000,0x000000,0x000000,0x000000,0x000000,0x000000,0x000000,0x000000,0x000000,0x000000,0x000000,0x000000,
0x000000,0x000000,0x000000,0x000000,0x000000,0x000000,0x000000,0x000000,0x000000,0x000000,0x000000,0x000000,
0x000000,0x000000,0x000000,0x000000,0x000000,0x000000,0x000000,0x000000,0x000000,0x000000,0x000000,0x000000,
0x000000,0x000000,0x000000,0x000000,0x000000,0x000000,0x000000,0x000000,0x000000,0x6B6C6C,0xFFFFFF,0xFFFFFF,
0xFFFFFE,0xFEFFFF,0xFFFEFE,0xFEFEFE,0xFEFEFE,0xFEFEFE,0xFEFEFE,0xFEFDFE,0xFEFEFE,0xFEFEFE,0xFFFEFF,0xFFFEFE,
0xFEFEFE,0xFEFEFE,0xFDFEFD,0xFEFEFE,0xFFFEFE,0xFFFDFF,0xFEFEFE,0xFFFEFF,0xFFFEFF,0xFFFFFF,0xFFFFFF,0xFEFDFE,
0xFFFFFF,0xEEEEEE,0x727271,0x090909,0x000000,0x010000,0x010000,0x010000,0x000000,0x000000,0x000000,0x000000,
0x000000,0x000000,0x000000,0x000000,0x000000,0x000000,0x000000,0x000000,0x000000,0x000000,0x000000,0x000000,
0x000000,0x000000,0x000000,0x000000,0x000000,0x000000,0x000000,0x000000,0x000000,0x000000,0x000000,0x000000,
0x000000,0x000000,0x000000,0x000000,0x000000,0x000000,0x000000,0x000000,0x000000,0x000000,0x000000,0x000000,
0x000000,0x000000,0x000000,0x000000,0x000000,0x353535,0xD9D9D8,0x646464,0x010101,0x010000,0x000000,0x010100,
0x000000,0x000000,0x000000,0x000000,0x000000,0x000000,0x000000,0x000000,0x000000,0x000000,0x000000,0x000000,
0x000000,0x000000,0x000000,0x000000,0x000000,0x000000,0x000000,0x000000,0x000000,0x000000,0x000000,0x000000,
0x000000,0x000000,0x000000,0x000000,0x000000,0x000000,0x000000,0xADACAC,0x878787,0x000000,0x000000,0x000000,
0x000000,0x000000,0x000000,0x000000,0x000000,0x000000,0x000000,0x000000,0x000000,0x000000,0x000000,0x000000,
0x000000,0x000000,0x000000,0x000000,0x000000,0x000000,0x000000,0x000000,0x000000,0x000000,0x000000,0x000000,
0xAAAAAA,0xFFFFFF,0xFFFFFF,0xFFFFFF,0xFEFEFE,0xFFFFFF,0xFEFEFE,0xFFFFFF,0xD8D8D8,0x1B1B1B,0x000000,0x000000,
0x000000,0x000000,0x000000,0x000000,0x000000,0x000000,0x000000,0x000000,0x000000,0x000000,0x000000,0x000000,
0x000000,0x000000,0x000000,0x000000,0x000000,0x000000,0x000000,0x000000,0x000000,0x000000,0x000000,0x000000,
0x000000,0x000000,0x000000,0x000000,0x000000,0x000000,0x000000,0x000000,0x000000,0x696969,0xFFFFFF,0xFEFDFE,
0xFEFDFE,0xFEFDFE,0xFEFDFE,0xFFFEFF,0xFFFFFF,0xB0B0B0,0x000000,0x000000,0x000000,0x000000,0x000000,0x000000,
0x000000,0x000000,0x000000,0x000000,0x000000,0x000000,0x000000,0x000000,0x000000,0x000000,0x000000,0x000000,
0x000000,0x000000,0x010000,0x000000,0x000000,0x000000,0x000000,0x000000,0x000000,0x000000,0x000000,0x000000,
0x000000,0x000000,0x000000,0x000000,0x000000,0x000000,0x000000,0x000000,0x000000,0x000000,0x000000,0x000000,
0x000000,0x000000,0x000000,0x000000,0x000000,0x000000,0x000000,0x000000,0x000000,0x000000,0x000000,0x000000,
0x000000,0x626262,0xFFFFFF,0xFFFFFF,0xFFFFFF,0xFEFFFF,0xFEFEFE,0xFDFEFD,0xFDFDFE,0xFEFEFE,0xFEFEFE,0xFEFEFE,
0xFEFEFE,0xFEFEFE,0xFEFEFE,0xFEFEFE,0xFEFEFE,0xFEFEFE,0xFEFEFE,0xFEFEFE,0xFFFEFE,0xFEFEFE,0xFEFEFE,0xFEFEFE,
0xFEFEFE,0xFFFEFF,0xFEFEFE,0xFEFEFE,0xFEFEFE,0xFFFFFF,0xFFFFFF,0xC2C2C1,0x444444,0x000000,0x000000,0x020100,
0x000000,0x000000,0x000000,0x000000,0x000000,0x010000,0x000000,0x000000,0x000000,0x000000,0x000000,0x000000,
0x000000,0x000000,0x000000,0x000000,0x000000,0x000000,0x000000,0x000000,0x000000,0x000000,0x000000,0x000000,
0x000000,0x000000,0x000000,0x000000,0x000000,0x000000,0x000000,0x000000,0x000000,0x000000,0x000000,0x000000,
0x000000,0x000000,0x000000,0x000000,0x000000,0x000000,0x000000,0x010000,0x000000,0x040404,0x161616,0x000000,
0x000000,0x000000,0x000000,0x000000,0x000000,0x000000,0x000000,0x000000,0x000000,0x000000,0x000000,0x000000,
0x000000,0x000000,0x000000,0x000000,0x000000,0x000000,0x000000,0x000000,0x000000,0x000000,0x000000,0x000000,
0x000000,0x000000,0x000000,0x000000,0x000000,0x010000,0x000000,0x000000,0x000000,0x010000,0x000000,0x848484,
0x949594,0x000000,0x000000,0x000000,0x010000,0x000000,0x000000,0x000000,0x010000,0x000000,0x000000,0x000000,
0x000000,0x000000,0x000000,0x000000,0x000000,0x000000,0x000000,0x000000,0x000000,0x000000,0x000000,0x000000,
0x000000,0x000000,0x000000,0x000000,0xA4A4A4,0xFFFFFF,0xFFFFFF,0xFEFEFE,0xFEFDFE,0xFEFDFE,0xFEFEFE,0xFEFEFE,
0x636363,0x000000,0x000000,0x000000,0x000000,0x000000,0x000000,0x000000,0x000000,0x000000,0x000000,0x000000,
0x000000,0x000000,0x000000,0x000000,0x000000,0x000000,0x000000,0x000000,0x000000,0x000000,0x000000,0x000000,
0x000000,0x000000,0x000000,0x000000,0x000000,0x000000,0x000000,0x000000,0x000000,0x000000,0x000000,0x000000,
0x000000,0x141415,0xDBDBDC,0xFFFFFF,0xFEFDFD,0xFEFEFE,0xFEFEFE,0xFFFEFF,0xFFFFFF,0xACADAC,0x000000,0x000000,
0x000000,0x000000,0x000000,0x000000,0x000000,0x000000,0x000000,0x000000,0x000000,0x000000,0x000000,0x010100,
0x010101,0x000000,0x000000,0x000000,0x000000,0x000000,0x000000,0x000000,0x000000,0x000000,0x000000,0x000000,
0x000000,0x010000,0x000000,0x000000,0x000000,0x000000,0x000000,0x000000,0x000000,0x000000,0x000000,0x000000,
0x000000,0x000000,0x000000,0x000000,0x000000,0x000000,0x000000,0x000000,0x000000,0x000000,0x000000,0x000000,
0x000000,0x000000,0x000000,0x000000,0x000000,0x575757,0xFFFFFF,0xFFFFFF,0xFEFEFE,0xFEFDFE,0xFEFDFE,0xFDFEFD,
0xFEFEFE,0xFEFEFE,0xFEFEFE,0xFEFEFE,0xFEFDFE,0xFEFEFE,0xFEFEFE,0xFEFEFE,0xFEFEFE,0xFFFFFE,0xFEFEFE,0xFEFEFE,
0xFEFEFE,0xFEFEFE,0xFEFEFE,0xFEFDFE,0xFEFEFE,0xFEFEFE,0xFEFEFE,0xFFFFFF,0xFEFEFE,0xFDFDFD,0xFEFEFE,0xFFFFFF,
0xF8F7F7,0xA0A0A0,0x313131,0x000000,0x000000,0x000000,0x000000,0x010000,0x010000,0x000000,0x000000,0x000000,
0x000000,0x000000,0x000000,0x000000,0x000000,0x000000,0x000000,0x000000,0x000000,0x000000,0x000000,0x000000,
0x000000,0x000000,0x000000,0x000000,0x000000,0x000000,0x000000,0x000000,0x000000,0x000000,0x000000,0x000000,
0x000000,0x000000,0x000000,0x000000,0x000000,0x000000,0x000000,0x000000,0x000000,0x000000,0x000000,0x000000,
0x000000,0x000000,0x000000,0x000000,0x000000,0x000000,0x000000,0x000000,0x000000,0x000000,0x000000,0x000000,
0x000000,0x000000,0x000000,0x000000,0x000000,0x000000,0x000000,0x000000,0x000000,0x000000,0x000000,0x000000,
0x000000,0x000000,0x000000,0x000000,0x000000,0x000000,0x000000,0x000000,0x000000,0x000000,0x010101,0x000000,
0x000000,0x000000,0x000000,0xA6A6A6,0x5E5E5E,0x000000,0x000000,0x000000,0x000000,0x000000,0x000000,0x000000,
0x000000,0x000000,0x000000,0x000000,0x000000,0x000000,0x000000,0x000000,0x000000,0x000000,0x000000,0x000000,
0x000000,0x000000,0x000000,0x000000,0x000000,0x000000,0x000000,0x000000,0xA1A2A1,0xFFFFFF,0xFEFEFE,0xFEFDFE,
0xFDFDFD,0xFDFDFD,0xFFFFFF,0xD9D9D9,0x131313,0x000000,0x000000,0x000000,0x000000,0x000000,0x000000,0x000000,
0x000000,0x000000,0x000000,0x000000,0x000000,0x000000,0x000000,0x000000,0x000000,0x000000,0x000000,0x000000,
0x000000,0x000000,0x000000,0x000000,0x000000,0x000000,0x000000,0x000000,0x000000,0x000000,0x000000,0x000000,
0x000000,0x000000,0x000000,0x000000,0x000000,0x000000,0x9E9E9F,0xFFFFFF,0xFEFEFE,0xFFFFFF,0xFFFFFF,0xFFFEFF,
0xFFFFFF,0xABACAB,0x000000,0x000000,0x000000,0x000000,0x000000,0x000000,0x000000,0x000000,0x000000,0x010000,
0x000000,0x000000,0x000000,0x000000,0x000000,0x000000,0x000000,0x000000,0x000000,0x000000,0x000000,0x000000,
0x000000,0x000000,0x000000,0x000000,0x000000,0x000000,0x000000,0x000000,0x000000,0x000000,0x000000,0x000000,
0x000000,0x000000,0x000000,0x000000,0x000000,0x000000,0x000000,0x000000,0x000000,0x000000,0x000000,0x000000,
0x000000,0x010000,0x000000,0x000000,0x000000,0x000000,0x000000,0x000000,0x000000,0x494848,0xFEFEFE,0xFFFFFF,
0xFDFCFE,0xFEFDFD,0xFEFEFE,0xFEFDFE,0xFFFFFF,0xFFFFFF,0xFEFEFE,0xFEFDFD,0xFDFDFD,0xFEFEFE,0xFEFEFE,0xFEFEFE,
0xFEFEFE,0xFFFEFE,0xFEFEFE,0xFEFEFE,0xFEFEFE,0xFEFEFE,0xFEFEFE,0xFEFDFE,0xFEFEFE,0xFEFEFE,0xFEFEFE,0xFEFEFE,
0xFFFFFF,0xFEFEFE,0xFFFFFF,0xFEFDFE,0xFFFFFF,0xFFFFFF,0xF1F1F1,0x989898,0x313131,0x000000,0x000000,0x000000,
0x010100,0x010100,0x000000,0x000000,0x000000,0x000000,0x000000,0x000000,0x000000,0x000000,0x000000,0x000000,
0x000000,0x000000,0x010000,0x000000,0x000000,0x000000,0x000000,0x000000,0x000000,0x000000,0x000000,0x010100,
0x010100,0x000000,0x000000,0x000000,0x000000,0x000000,0x000000,0x000000,0x000000,0x000000,0x000000,0x000000,
0x000000,0x000000,0x000000,0x000000,0x000000,0x000000,0x000000,0x000000,0x010100,0x000000,0x000000,0x000000,
0x000000,0x000000,0x000000,0x000000,0x000000,0x000000,0x000000,0x000000,0x000000,0x000000,0x000000,0x000000,
0x000000,0x000000,0x000000,0x000000,0x000000,0x000000,0x000000,0x000000,0x000000,0x000000,0x000000,0x000000,
0x000000,0x000000,0x000000,0x020101,0x020201,0x000000,0x3B3B3B,0xA8A8A8,0x0E0D0E,0x000000,0x000000,0x000000,
0x000000,0x000000,0x000000,0x000000,0x000000,0x000000,0x000000,0x000000,0x000000,0x000000,0x000000,0x000000,
0x000000,0x000000,0x000000,0x000000,0x000000,0x000000,0x000000,0x000000,0x000000,0x000000,0x000000,0x000000,
0x9B9B9B,0xFFFFFF,0xFEFDFE,0xFDFDFD,0xFDFDFD,0xFEFEFE,0xFFFFFF,0x999999,0x000000,0x010000,0x000000,0x000000,
0x000000,0x000000,0x000000,0x000000,0x000000,0x000000,0x000000,0x000000,0x000000,0x000000,0x000000,0x000000,
0x000000,0x000000,0x000000,0x000000,0x000000,0x000000,0x000000,0x000000,0x000000,0x000000,0x000000,0x000000,
0x000000,0x000000,0x000000,0x000000,0x000000,0x000000,0x000000,0x000000,0x000000,0x000000,0x6F6F6F,0xFFFFFF,
0xFFFFFF,0xFFFFFF,0xFFFEFF,0xFEFEFF,0xFFFFFF,0xA9AAA9,0x000000,0x000000,0x000000,0x000000,0x010000,0x000000,
0x000000,0x000000,0x000000,0x000000,0x000000,0x000000,0x000000,0x000000,0x000000,0x000000,0x000000,0x000000,
0x010000,0x000000,0x000000,0x000000,0x000000,0x000000,0x000000,0x000000,0x000000,0x000000,0x000000,0x000000,
0x000000,0x000000,0x000000,0x000000,0x010100,0x000000,0x000000,0x000000,0x000000,0x000000,0x000000,0x000000,
0x000000,0x000000,0x000000,0x000000,0x000000,0x000000,0x000000,0x000000,0x000000,0x000000,0x000000,0x000000,
0x000000,0x363635,0xF6F5F6,0xFEFDFF,0xFDFDFE,0xFDFCFD,0xFEFDFE,0xFFFFFF,0xFFFFFF,0xFFFFFF,0xFEFEFE,0xFEFDFE,
0xFEFEFE,0xFEFDFE,0xFEFEFE,0xFEFEFE,0xFEFEFE,0xFEFEFE,0xFEFEFE,0xFEFEFE,0xFFFEFE,0xFEFEFE,0xFEFEFE,0xFEFEFE,
0xFEFDFE,0xFEFEFE,0xFEFEFE,0xFEFEFE,0xFEFDFE,0xFEFEFE,0xFFFFFF,0xFEFDFE,0xFFFFFF,0xFEFFFF,0xFFFFFF,0xFFFFFF,
0xF3F3F3,0xADADAD,0x4E4E4E,0x0E0E0E,0x000000,0x000000,0x000000,0x000000,0x000000,0x000000,0x000000,0x000000,
0x000000,0x000000,0x000000,0x000000,0x000000,0x000000,0x000000,0x000000,0x000000,0x000000,0x000000,0x010000,
0x020202,0x161616,0x101010,0x000000,0x000000,0x000000,0x000000,0x000000,0x000000,0x000000,0x000000,0x000000,
0x000000,0x000000,0x010000,0x000000,0x000000,0x000000,0x000000,0x000000,0x000000,0x000000,0x000000,0x000000,
0x000000,0x000000,0x000000,0x000000,0x000000,0x000000,0x000000,0x000000,0x000000,0x000000,0x010000,0x000000,
0x000000,0x000000,0x000000,0x000000,0x000000,0x000000,0x000000,0x000000,0x000000,0x000000,0x000000,0x000000,
0x000000,0x000000,0x000000,0x000000,0x000000,0x000000,0x000000,0x000000,0x010000,0x313031,0x818182,0x1E1F1F,
0x000000,0x000000,0x000000,0x000000,0x000000,0x000000,0x000000,0x000000,0x000000,0x000000,0x000000,0x000000,
0x000000,0x010100,0x000000,0x000000,0x000000,0x000000,0x000000,0x000000,0x000000,0x000000,0x000000,0x000000,
0x000000,0x000000,0x000000,0x000000,0x969696,0xFFFFFF,0xFEFEFE,0xFEFEFE,0xFFFEFF,0xFFFFFF,0xFFFFFF,0x696969,
0x000000,0x000000,0x000000,0x000000,0x000000,0x000000,0x000000,0x000000,0x000000,0x000000,0x000000,0x000000,
0x000000,0x000000,0x000000,0x000000,0x000000,0x000000,0x000000,0x000000,0x000000,0x000000,0x000000,0x000000,
0x000000,0x000000,0x000000,0x000000,0x000000,0x000000,0x000000,0x000000,0x000000,0x000000,0x000000,0x000000,
0x000000,0x000000,0x565657,0xFFFFFF,0xFFFFFF,0xFEFEFE,0xFDFDFE,0xFDFDFE,0xFFFFFF,0xAAAAAA,0x000000,0x000000,
0x000000,0x000000,0x000000,0x000000,0x000000,0x000000,0x000000,0x000000,0x000000,0x000000,0x000000,0x000000,
0x000000,0x000000,0x000000,0x000000,0x000000,0x000000,0x000000,0x000000,0x000000,0x000000,0x000000,0x000000,
0x000000,0x000000,0x000000,0x000001,0x000000,0x000000,0x000000,0x000000,0x000000,0x000000,0x000000,0x000000,
0x000000,0x000000,0x000000,0x000000,0x000000,0x000000,0x000000,0x000000,0x000000,0x010000,0x000000,0x000000,
0x000000,0x000000,0x000000,0x000000,0x000000,0x1E1E1E,0xE6E5E7,0xFFFEFF,0xFDFCFD,0xFDFDFE,0xFFFFFF,0xCECECE,
0xF1F1F1,0xFFFFFF,0xFEFDFE,0xFEFEFE,0xFEFEFE,0xFEFEFE,0xFEFEFE,0xFFFFFF,0xFEFEFE,0xFEFEFE,0xFEFEFE,0xFEFEFE,
0xFEFEFE,0xFEFEFE,0xFEFEFE,0xFEFEFE,0xFEFEFE,0xFEFEFE,0xFEFEFE,0xFEFEFE,0xFEFEFE,0xFEFDFE,0xFEFEFE,0xFEFEFE,
0xFFFFFF,0xFEFDFE,0xFDFDFD,0xFEFEFE,0xFFFFFF,0xFFFFFF,0xFFFEFF,0xD4D4D4,0x808080,0x30302F,0x050505,0x000000,
0x000000,0x000000,0x000000,0x010100,0x000000,0x000000,0x000000,0x000000,0x000000,0x000000,0x000000,0x000000,
0x000000,0x000000,0x000000,0x000000,0x020202,0x282727,0x6C6B6B,0x8C8C8C,0x626262,0x2C2C2B,0x080707,0x000000,
0x000000,0x000000,0x010000,0x000000,0x000000,0x010000,0x000000,0x000000,0x000000,0x000000,0x000000,0x000000,
0x000000,0x000000,0x000000,0x000000,0x000000,0x000000,0x000000,0x000000,0x000000,0x000000,0x000000,0x000000,
0x000000,0x000000,0x000000,0x000000,0x000000,0x000000,0x000000,0x000000,0x000000,0x000000,0x000000,0x000000,
0x000000,0x000100,0x000000,0x000000,0x010000,0x000000,0x000000,0x000000,0x000000,0x000000,0x000000,0x070707,
0x343434,0x4D4C4D,0x0C0C0C,0x000000,0x010000,0x000000,0x000000,0x000000,0x000000,0x000000,0x000000,0x000000,
0x000000,0x000000,0x000000,0x000000,0x000000,0x000000,0x000000,0x000000,0x000000,0x000000,0x000000,0x000000,
0x000000,0x000000,0x000000,0x000000,0x000000,0x000000,0x000000,0x000000,0x989797,0xFFFFFF,0xFEFDFE,0xFEFEFF,
0xFEFEFE,0xFFFFFF,0xFEFEFE,0x4D4D4D,0x000000,0x000000,0x000000,0x000000,0x000000,0x000000,0x000000,0x000000,
0x000000,0x000000,0x000000,0x000000,0x000000,0x000000,0x000000,0x000000,0x000000,0x000000,0x000000,0x000000,
0x000000,0x000000,0x000000,0x000000,0x000000,0x000000,0x000000,0x000000,0x000000,0x000000,0x000000,0x000000,
0x000000,0x000000,0x000000,0x000000,0x000000,0x000000,0x525253,0xFEFEFF,0xFFFFFF,0xFEFEFE,0xFDFDFD,0xFDFDFE,
0xFFFFFF,0xB0B0B0,0x000000,0x000000,0x000000,0x000000,0x000000,0x000000,0x000000,0x000000,0x000000,0x000000,
0x000000,0x000000,0x000000,0x000000,0x000000,0x000000,0x000000,0x000000,0x000000,0x000000,0x000000,0x000000,
0x000000,0x000000,0x000000,0x000000,0x000000,0x000000,0x000000,0x000000,0x000000,0x000000,0x000000,0x000000,
0x000000,0x000000,0x000000,0x000000,0x000000,0x000000,0x000000,0x000000,0x000000,0x000000,0x000000,0x000000,
0x000000,0x000000,0x000000,0x000000,0x000000,0x000000,0x000000,0x000000,0x000000,0x080808,0xCCCCCD,0xFFFFFF,
0xFEFDFE,0xFFFFFF,0xFDFDFD,0x595959,0xBDBDBD,0xFFFFFF,0xFDFDFD,0xFDFDFD,0xFEFEFE,0xFEFDFE,0xFEFEFE,0xFEFEFE,
0xFEFEFE,0xFEFEFE,0xFEFEFE,0xFEFEFE,0xFEFEFE,0xFEFEFE,0xFEFEFE,0xFEFEFE,0xFEFEFE,0xFEFDFE,0xFEFEFE,0xFEFDFE,
0xFFFEFE,0xFEFEFE,0xFEFDFE,0xFEFEFE,0xFFFEFF,0xFFFEFF,0xFEFEFE,0xFFFEFF,0xFEFDFE,0xFEFEFE,0xFFFFFF,0xFFFFFF,
0xFFFFFF,0xF3F3F3,0xC5C5C5,0x7B7B7B,0x373737,0x0E0E0E,0x000000,0x000000,0x000000,0x000000,0x000000,0x000000,
0x000000,0x000000,0x000000,0x000000,0x000000,0x010000,0x000000,0x000000,0x020100,0x010000,0x030302,0x303030,
0x979797,0xE3E3E3,0xD0D0D0,0x818181,0x363636,0x080807,0x000000,0x000000,0x000000,0x010000,0x000000,0x000000,
0x000000,0x000000,0x000000,0x000000,0x000000,0x000000,0x000000,0x000000,0x000000,0x000000,0x000000,0x000000,
0x000000,0x000000,0x000000,0x000000,0x000000,0x000000,0x000000,0x000000,0x000000,0x000000,0x000000,0x000000,
0x000000,0x000000,0x000000,0x000000,0x000000,0x000000,0x000000,0x000000,0x000000,0x000000,0x000000,0x000000,
0x000000,0x000000,0x000000,0x070707,0x0B0B0B,0x000000,0x000000,0x000000,0x000000,0x000000,0x000000,0x000000,
0x000000,0x000000,0x000000,0x000000,0x000000,0x000000,0x000000,0x000000,0x000000,0x000000,0x000000,0x000100,
0x000000,0x000000,0x000000,0x000000,0x000000,0x000000,0x000000,0x000000,0x000000,0x000000,0x000000,0x000000,
0x9B9A9B,0xFFFFFF,0xFEFEFE,0xFEFEFE,0xFDFEFE,0xFEFDFE,0xFEFEFE,0x4B4B4B,0x000000,0x000000,0x000000,0x000000,
0x000000,0x000000,0x000000,0x000000,0x000000,0x000000,0x000000,0x000000,0x000000,0x000000,0x000000,0x000000,
0x000000,0x000000,0x000000,0x000000,0x000000,0x000000,0x000000,0x000000,0x000000,0x000000,0x000000,0x000000,
0x000000,0x000000,0x000000,0x000000,0x000000,0x000000,0x000000,0x000000,0x000000,0x000000,0x676768,0xFFFFFF,
0xFFFFFF,0xFFFEFE,0xFEFDFE,0xFEFEFF,0xFFFFFF,0xB3B3B3,0x000000,0x000000,0x000000,0x000000,0x000000,0x000000,
0x000000,0x000000,0x000000,0x000000,0x000000,0x000000,0x000000,0x000000,0x000000,0x000000,0x000000,0x000000,
0x000000,0x000000,0x000000,0x000000,0x000000,0x000000,0x000000,0x000000,0x000000,0x000000,0x000000,0x000000,
0x000000,0x000000,0x000000,0x000000,0x000000,0x000000,0x000000,0x000000,0x000000,0x000000,0x000000,0x000000,
0x000000,0x000000,0x000000,0x000000,0x000000,0x000000,0x000000,0x000000,0x000000,0x000000,0x000000,0x000000,
0x000000,0x000000,0xAAA9AB,0xFFFFFF,0xFFFFFF,0xFFFFFF,0xE9E9E9,0x191819,0x6E6E6E,0xFFFFFF,0xFDFDFD,0xFEFEFE,
0xFEFEFE,0xFFFEFF,0xFEFEFE,0xFEFEFE,0xFEFEFE,0xFEFEFE,0xFEFEFE,0xFEFEFE,0xFEFEFE,0xFEFEFE,0xFFFEFE,0xFEFEFE,
0xFEFEFE,0xFEFFFE,0xFEFEFE,0xFEFEFE,0xFEFEFE,0xFDFEFD,0xFEFEFE,0xFEFEFE,0xFEFDFE,0xFEFEFE,0xFFFEFF,0xFEFDFE,
0xFEFEFE,0xFFFFFF,0xFEFFFE,0xFEFDFE,0xFEFDFE,0xFFFFFF,0xFFFFFF,0xFFFFFF,0xF7F7F7,0xD5D5D5,0x9B9C9C,0x595959,
0x272727,0x090909,0x000000,0x000000,0x000000,0x000000,0x000000,0x000000,0x000000,0x000000,0x000000,0x000000,
0x010000,0x010000,0x000000,0x000000,0x000000,0x333333,0xA9A9A9,0xFFFFFF,0xFDFDFD,0xC6C6C6,0x6E6E6D,0x202020,
0x000000,0x000000,0x000000,0x000000,0x000000,0x000000,0x000000,0x000000,0x000000,0x000000,0x000000,0x000000,
0x000000,0x000000,0x000000,0x000000,0x000000,0x000000,0x000000,0x000000,0x000000,0x010000,0x000000,0x000000,
0x000000,0x000000,0x000000,0x000000,0x000000,0x000000,0x000000,0x000000,0x000000,0x000000,0x000000,0x000000,
0x000000,0x000000,0x000000,0x000000,0x000000,0x000000,0x000000,0x000000,0x000000,0x000000,0x000000,0x000000,
0x000000,0x000000,0x000000,0x000000,0x000000,0x000000,0x000000,0x000000,0x000000,0x000000,0x000000,0x000000,
0x000000,0x000000,0x000000,0x000000,0x000000,0x000000,0x000000,0x000000,0x000000,0x000000,0x000000,0x000000,
0x000000,0x000000,0x000000,0x000000,0x9F9FA0,0xFFFFFF,0xFEFEFE,0xFFFFFF,0xFEFEFE,0xFDFDFE,0xFFFFFF,0x636363,
0x000000,0x000000,0x000000,0x000000,0x000000,0x000000,0x000000,0x000000,0x000000,0x000000,0x000000,0x000000,
0x000000,0x000000,0x000000,0x000000,0x000000,0x000000,0x000000,0x000000,0x000000,0x000000,0x000000,0x000000,
0x000000,0x000000,0x000000,0x000000,0x000000,0x000000,0x000000,0x000000,0x000000,0x000000,0x000000,0x000000,
0x000000,0x000000,0x9D9D9D,0xFFFFFF,0xFEFEFE,0xFEFCFE,0xFEFCFE,0xFEFFFF,0xFFFFFF,0xB5B5B5,0x000000,0x000000,
0x000000,0x000000,0x000000,0x000000,0x000000,0x000000,0x000000,0x000000,0x000000,0x000000,0x000000,0x000000,
0x000000,0x000000,0x000000,0x000000,0x000000,0x000000,0x000000,0x000000,0x000000,0x000000,0x000000,0x000000,
0x000000,0x000000,0x000000,0x000000,0x000000,0x000000,0x000000,0x000000,0x000000,0x000000,0x000000,0x000000,
0x000000,0x000000,0x000000,0x000000,0x000000,0x000000,0x000000,0x000000,0x000000,0x000000,0x000000,0x000000,
0x000000,0x000000,0x000000,0x000000,0x000000,0x000000,0x7F7F80,0xFFFFFF,0xFFFFFF,0xFFFFFF,0xC3C3C3,0x010101,
0x1D1D1D,0xE6E6E7,0xFFFFFF,0xFFFFFF,0xFEFEFE,0xFFFEFF,0xFEFEFE,0xFEFEFE,0xFEFDFD,0xFFFEFE,0xFEFEFE,0xFEFEFE,
0xFEFDFD,0xFDFDFD,0xFEFEFE,0xFEFEFE,0xFEFEFE,0xFEFEFE,0xFEFEFE,0xFEFEFE,0xFEFEFE,0xFEFEFE,0xFEFDFE,0xFEFEFE,
0xFFFDFF,0xFEFDFE,0xFFFEFF,0xFEFDFE,0xFEFEFE,0xFEFEFE,0xFEFEFE,0xFFFDFF,0xFFFEFF,0xFEFEFE,0xFEFDFE,0xFEFEFE,
0xFFFFFF,0xFFFFFF,0xFFFFFF,0xFFFFFF,0xEFEFEF,0xCCCCCC,0x949494,0x5A5A5B,0x262626,0x070707,0x000000,0x000000,
0x000000,0x000000,0x000000,0x010100,0x000000,0x000000,0x000000,0x000000,0x010000,0x000000,0x000000,0x494949,
0xCCCCCC,0xFFFFFF,0xFFFFFF,0xE9E9E9,0x9E9E9E,0x393939,0x000000,0x000000,0x000000,0x000000,0x000000,0x000000,
0x000000,0x000000,0x010000,0x000000,0x000000,0x000000,0x000000,0x000000,0x000000,0x000000,0x000000,0x000000,
0x000000,0x000000,0x000000,0x000000,0x000000,0x000000,0x000000,0x000000,0x000000,0x000000,0x000000,0x000000,
0x000000,0x000000,0x010000,0x000000,0x000000,0x000000,0x000000,0x000000,0x000000,0x000000,0x000000,0x010101,
0x000000,0x000000,0x000000,0x000000,0x000000,0x000000,0x000000,0x000000,0x000000,0x000000,0x000000,0x000000,
0x000000,0x000000,0x000000,0x000000,0x000000,0x000000,0x000000,0x000000,0x000000,0x000000,0x000000,0x000000,
0x000000,0x000000,0x000000,0x000000,0x000000,0x000000,0x000000,0x000000,0xA6A6A7,0xFFFFFF,0xFEFFFF,0xFEFFFE,
0xFFFFFF,0xFEFEFE,0xFFFFFF,0x929292,0x000000,0x000000,0x000000,0x000000,0x000000,0x000000,0x000000,0x000000,
0x000000,0x000000,0x000000,0x000000,0x000000,0x000000,0x000000,0x000000,0x000000,0x000000,0x000000,0x000000,
0x000000,0x000000,0x000000,0x000000,0x000000,0x000000,0x000000,0x000000,0x000000,0x000000,0x000000,0x000000,
0x000000,0x000000,0x000000,0x000000,0x000000,0x151414,0xDBDBDB,0xFFFFFF,0xFDFDFD,0xFDFCFD,0xFFFEFE,0xFFFFFF,
0xFFFFFF,0xBDBDBD,0x020101,0x000000,0x000000,0x000000,0x000000,0x000000,0x000000,0x010100,0x000000,0x000000,
0x000000,0x000000,0x000000,0x000000,0x000000,0x000000,0x000000,0x000000,0x010100,0x000000,0x000000,0x000000,
0x000000,0x000000,0x000000,0x000000,0x000000,0x000000,0x000000,0x000000,0x000000,0x000000,0x000000,0x000000,
0x000000,0x000000,0x000000,0x000000,0x000000,0x000000,0x000000,0x000000,0x010000,0x000000,0x000000,0x000000,
0x000000,0x000000,0x000000,0x000000,0x000000,0x000000,0x000000,0x000000,0x000000,0x000000,0x4C4C4C,0xFEFEFE,
0xFFFFFF,0xFFFFFF,0x9F9F9F,0x000000,0x000000,0x9B9B9B,0xFFFFFF,0xFFFFFF,0xFFFEFF,0xFEFDFD,0xFEFEFE,0xFEFEFE,
0xFDFDFD,0xFDFDFD,0xFEFDFE,0xFEFDFD,0xFEFEFE,0xFEFEFE,0xFEFEFE,0xFEFEFE,0xFEFEFE,0xFEFEFE,0xFEFEFE,0xFFFEFF,
0xFEFEFE,0xFEFEFE,0xFEFDFE,0xFEFDFE,0xFEFDFE,0xFEFEFE,0xFEFEFF,0xFEFEFE,0xFEFEFE,0xFEFEFE,0xFEFDFE,0xFEFEFE,
0xFEFFFE,0xFEFEFE,0xFFFEFF,0xFFFFFF,0xFFFFFF,0xFEFDFE,0xFEFDFE,0xFFFFFF,0xFFFFFF,0xFFFFFF,0xFFFFFF,0xFFFFFF,
0xEEEEEE,0xC8C8C8,0x949594,0x5E5E5E,0x2C2C2C,0x0B0B0B,0x000000,0x000000,0x000000,0x000000,0x000000,0x000000,
0x000000,0x010000,0x010100,0x000000,0x0F0F0F,0x7F7F7F,0xF2F2F2,0xFFFFFF,0xFFFFFF,0xF5F5F6,0xADADAD,0x444444,
0x000000,0x000000,0x000000,0x010000,0x000000,0x000000,0x000000,0x000000,0x000000,0x000000,0x000000,0x010000,
0x000000,0x000000,0x000000,0x000000,0x000000,0x000000,0x000000,0x000000,0x000000,0x010000,0x000000,0x000000,
0x000000,0x000000,0x000000,0x000000,0x000000,0x000000,0x000000,0x000000,0x000000,0x000000,0x000000,0x000000,
0x000000,0x000000,0x000000,0x000000,0x000000,0x000000,0x000000,0x000000,0x010000,0x000000,0x000000,0x000000,
0x000000,0x000000,0x000000,0x000000,0x000000,0x000000,0x000000,0x000000,0x000000,0x000000,0x000000,0x000000,
0x000000,0x000000,0x000000,0x000000,0x000000,0x000000,0x000000,0x000000,0x000000,0x000000,0x000000,0x000000,
0xAFAEAF,0xFFFFFF,0xFFFFFF,0xFEFFFE,0xFFFEFF,0xFEFDFE,0xFFFEFF,0xD4D4D4,0x111110,0x000000,0x000000,0x000000,
0x000000,0x000000,0x000000,0x000000,0x000000,0x000000,0x000000,0x000000,0x000000,0x000000,0x000000,0x000000,
0x000000,0x000000,0x000000,0x000000,0x000000,0x000000,0x000000,0x000000,0x000000,0x000000,0x000000,0x000000,
0x000000,0x000000,0x000000,0x000000,0x000000,0x000000,0x000000,0x000000,0x000000,0x666666,0xFFFEFF,0xFEFEFE,
0xFEFDFE,0xFEFEFE,0xFEFFFE,0xFFFFFF,0xFFFFFF,0xC9C9C9,0x080807,0x000000,0x000000,0x000000,0x000000,0x000000,
0x000000,0x000000,0x000000,0x000000,0x000000,0x010000,0x000000,0x000000,0x000000,0x000000,0x000000,0x000000,
0x000000,0x000000,0x000000,0x000000,0x000000,0x010100,0x000000,0x000000,0x000000,0x000000,0x000000,0x000000,
0x000000,0x000000,0x000000,0x000000,0x000000,0x000000,0x000000,0x000000,0x000000,0x000000,0x000000,0x000000,
0x010000,0x000000,0x000000,0x000000,0x000000,0x000000,0x000000,0x000000,0x000000,0x000000,0x000000,0x000000,
0x000000,0x000000,0x1D1D1D,0xE6E5E6,0xFFFFFF,0xFFFFFF,0x848483,0x000000,0x000000,0x393939,0xF6F6F6,0xFFFFFF,
0xFEFEFE,0xFEFEFE,0xFEFEFE,0xFEFDFE,0xFEFEFE,0xFEFEFE,0xFEFEFF,0xFEFEFE,0xFEFEFE,0xFEFEFE,0xFEFEFE,0xFEFEFE,
0xFEFEFE,0xFEFEFE,0xFEFEFE,0xFEFEFE,0xFEFEFE,0xFEFDFE,0xFEFEFE,0xFEFEFE,0xFEFDFE,0xFEFEFE,0xFFFEFF,0xFEFEFE,
0xFEFDFD,0xFEFEFE,0xFEFEFE,0xFEFEFE,0xFEFEFE,0xFEFEFE,0xFEFEFE,0xFEFEFE,0xFEFEFE,0xFEFEFE,0xFEFDFE,0xFFFEFF,
0xFFFFFF,0xFFFEFF,0xFEFEFE,0xFEFDFE,0xFFFFFF,0xFFFFFF,0xFFFFFF,0xFFFFFF,0xF3F3F3,0xCFCFCF,0x989898,0x545454,
0x1F201F,0x030303,0x000000,0x000000,0x000000,0x020101,0x010100,0x010000,0x000000,0x000000,0x3E3E3F,0xCECECE,
0xFFFFFF,0xFDFDFF,0xFFFFFF,0xFBFBFB,0xACACAC,0x363636,0x000000,0x000000,0x000000,0x000000,0x000000,0x000000,
0x000000,0x000000,0x000000,0x000000,0x000000,0x000000,0x000000,0x000000,0x000000,0x000000,0x000000,0x000000,
0x000000,0x000000,0x000000,0x000000,0x000000,0x000000,0x000000,0x000000,0x000000,0x000000,0x000000,0x000000,
0x000000,0x000000,0x000000,0x000000,0x000000,0x000000,0x000000,0x000000,0x000000,0x000000,0x000000,0x000000,
0x000000,0x000000,0x000000,0x000000,0x000000,0x000000,0x000000,0x000000,0x000000,0x000000,0x000000,0x000000,
0x000000,0x000000,0x000000,0x000000,0x000000,0x000000,0x000000,0x000000,0x000000,0x000000,0x000000,0x000000,
0x000000,0x000000,0x000000,0x040303,0xBCBBBC,0xFFFFFF,0xFFFFFF,0xFEFEFE,0xFEFDFE,0xFEFDFE,0xFEFDFE,0xFDFDFD,
0x606060,0x000000,0x000000,0x000000,0x000000,0x000000,0x000000,0x000000,0x000000,0x000000,0x000000,0x000000,
0x000000,0x000000,0x000000,0x000000,0x000000,0x000000,0x000000,0x000000,0x000000,0x000000,0x000000,0x000000,
0x000000,0x000000,0x000000,0x000000,0x000000,0x000000,0x000000,0x000000,0x000000,0x000000,0x000000,0x000000,
0x000000,0xABABAB,0xFFFFFF,0xFEFEFE,0xFEFEFE,0xFEFFFE,0xFEFFFF,0xFFFEFF,0xFFFFFF,0xD4D4D4,0x0E0E0E,0x000000,
0x000000,0x000000,0x000000,0x000000,0x000000,0x000000,0x000000,0x000000,0x000000,0x000000,0x000000,0x000000,
0x000000,0x000000,0x000000,0x000000,0x000000,0x000000,0x000000,0x000000,0x000000,0x000000,0x000000,0x000000,
0x000000,0x010100,0x000000,0x000000,0x000000,0x000000,0x000000,0x000000,0x000000,0x000000,0x000000,0x010000,
0x000000,0x000000,0x000000,0x000000,0x000000,0x000000,0x000000,0x000000,0x000000,0x000000,0x000000,0x000000,
0x000000,0x000000,0x000000,0x000000,0x000000,0x000000,0x010101,0xACACAC,0xFFFFFF,0xFFFFFF,0x6F6E6E,0x000000,
0x020100,0x020202,0xA1A1A2,0xFFFFFF,0xFDFDFE,0xFEFDFE,0xFEFDFE,0xFEFDFE,0xFEFEFE,0xFEFEFE,0xFEFEFE,0xFEFEFE,
0xFFFFFF,0xFEFEFF,0xFEFEFE,0xFEFEFE,0xFEFEFE,0xFEFEFE,0xFEFEFE,0xFEFEFD,0xFEFEFE,0xFEFEFE,0xFEFDFE,0xFEFEFE,
0xFEFEFE,0xFEFEFE,0xFEFEFE,0xFEFEFE,0xFEFEFE,0xFEFEFE,0xFEFEFE,0xFEFEFE,0xFEFEFE,0xFEFEFE,0xFEFEFE,0xFEFEFE,
0xFEFDFE,0xFEFEFE,0xFEFEFF,0xFEFEFE,0xFEFEFE,0xFFFEFF,0xFEFEFE,0xFDFEFD,0xFDFDFD,0xFFFEFF,0xFFFFFF,0xFEFEFF,
0xFFFFFF,0xFFFFFF,0xFFFFFF,0xFEFEFF,0xE9E9E9,0xBCBCBC,0x7A7A7A,0x393939,0x0B0B0A,0x000000,0x000000,0x000000,
0x000000,0x000000,0x000000,0x151515,0x989898,0xFCFCFD,0xFFFEFF,0xFFFFFF,0xFFFFFF,0xF4F4F4,0x939494,0x1C1C1B,
0x000000,0x000000,0x000000,0x000000,0x000000,0x000000,0x000000,0x000000,0x000000,0x000000,0x000000,0x000000,
0x000000,0x000000,0x000000,0x000000,0x000000,0x000000,0x000000,0x000000,0x000000,0x010101,0x000000,0x000000,
0x000000,0x000000,0x000000,0x000000,0x000000,0x000000,0x000000,0x000000,0x000000,0x000000,0x000000,0x000000,
0x000000,0x000000,0x000000,0x000000,0x000000,0x000000,0x000000,0x000000,0x000000,0x000000,0x000000,0x000000,
0x000000,0x000000,0x000000,0x000000,0x000000,0x000000,0x000000,0x000000,0x000000,0x000000,0x000000,0x000000,
0x000000,0x000000,0x000000,0x000000,0x000000,0x000000,0x000000,0x090909,0xC9C9C9,0xFFFFFF,0xFEFEFE,0xFEFDFE,
0xFEFDFE,0xFEFEFE,0xFEFEFF,0xFFFFFF,0xD5D5D5,0x181818,0x000000,0x000000,0x000000,0x000000,0x000000,0x000000,
0x000000,0x000000,0x000000,0x000000,0x000000,0x000000,0x000000,0x000000,0x000000,0x000000,0x000000,0x000000,
0x000000,0x000000,0x000000,0x000000,0x000000,0x000000,0x000000,0x000000,0x000000,0x000000,0x000000,0x000000,
0x000000,0x000000,0x000000,0x000000,0x000000,0xAEAEAE,0xFFFFFF,0xFFFFFF,0xFFFEFF,0xFFFEFF,0xFEFEFF,0xFEFDFE,
0xFFFFFF,0xDDDDDD,0x151515,0x000000,0x000000,0x010000,0x000000,0x000000,0x000000,0x000000,0x000000,0x000000,
0x000000,0x000000,0x000000,0x000000,0x000000,0x000000,0x000000,0x000000,0x000000,0x000000,0x000000,0x000000,
0x000000,0x000000,0x000000,0x000000,0x000000,0x010000,0x000000,0x000000,0x000000,0x000000,0x000000,0x000000,
0x000000,0x000000,0x000000,0x010100,0x000000,0x000000,0x000000,0x000000,0x000000,0x010000,0x000000,0x000000,
0x000000,0x000000,0x000000,0x000000,0x000000,0x000000,0x000000,0x000000,0x000000,0x000000,0x000000,0x616061,
0xFFFFFF,0xFFFFFF,0x656666,0x000000,0x020100,0x000000,0x2A2A2B,0xEBEAEB,0xFEFEFF,0xFDFDFD,0xFEFEFE,0xFFFFFF,
0xFFFEFF,0xFFFFFF,0xFFFEFE,0xFEFDFE,0xFEFEFE,0xFEFEFE,0xFEFEFE,0xFEFEFE,0xFEFEFE,0xFEFEFE,0xFEFEFE,0xFEFEFE,
0xFEFEFE,0xFFFEFF,0xFDFDFD,0xFEFEFE,0xFEFEFE,0xFEFEFE,0xFEFEFE,0xFEFEFE,0xFEFEFE,0xFEFEFE,0xFEFEFE,0xFEFEFE,
0xFEFEFE,0xFEFEFE,0xFEFEFE,0xFEFDFE,0xFEFDFE,0xFEFEFE,0xFEFEFE,0xFFFEFF,0xFEFEFE,0xFEFEFE,0xFFFEFF,0xFEFEFE,
0xFEFEFE,0xFEFEFE,0xFFFFFE,0xFFFFFF,0xFEFEFE,0xFFFDFE,0xFEFEFE,0xFEFEFE,0xFFFFFF,0xFFFFFF,0xFFFFFF,0xF9F9F9,
0xCCCCCC,0x7F807F,0x313231,0x030303,0x000000,0x000000,0x020101,0x000000,0x000000,0x686868,0xF3F3F3,0xFFFFFF,
0xFFFFFF,0xFFFFFF,0xFFFFFF,0xDBDBDB,0x5B5B5B,0x020202,0x000000,0x000000,0x000000,0x000000,0x000000,0x000000,
0x000000,0x000000,0x000000,0x000000,0x000000,0x000000,0x000000,0x000000,0x000000,0x000000,0x000000,0x000000,
0x000000,0x010101,0x000000,0x000000,0x000000,0x000000,0x000000,0x000000,0x000000,0x000000,0x000000,0x000000,
0x000000,0x000000,0x000000,0x000000,0x000000,0x000000,0x000000,0x000000,0x000000,0x000000,0x000000,0x000000,
0x000000,0x000000,0x000000,0x010000,0x000000,0x000000,0x000000,0x000000,0x000000,0x000000,0x000000,0x000000,
0x000000,0x000000,0x000000,0x000000,0x000000,0x000000,0x000000,0x000000,0x000000,0x000000,0x000000,0x0F0E0E,
0xD3D3D3,0xFFFFFF,0xFEFDFE,0xFEFDFE,0xFFFEFF,0xFEFEFE,0xFFFFFE,0xFFFFFF,0xFFFFFF,0x919090,0x000000,0x000000,
0x000000,0x000000,0x000000,0x000000,0x000000,0x000000,0x000000,0x000000,0x000000,0x000000,0x000000,0x000000,
0x000000,0x000000,0x000000,0x000000,0x000000,0x000000,0x000000,0x000000,0x000000,0x000000,0x000000,0x000000,
0x000000,0x000000,0x000000,0x000000,0x000000,0x000000,0x000000,0x000000,0x000000,0xAEAEAE,0xFFFFFF,0xFEFEFE,
0xFEFDFE,0xFEFEFE,0xFDFDFD,0xFDFDFD,0xFFFFFF,0xEAEAEA,0x242424,0x000000,0x000000,0x000000,0x000000,0x000000,
0x000000,0x000000,0x000000,0x000000,0x000000,0x000000,0x000000,0x000000,0x000000,0x000000,0x000000,0x000000,
0x000000,0x000000,0x000000,0x000000,0x010000,0x000000,0x000000,0x000000,0x000000,0x000000,0x000000,0x010000,
0x000000,0x000000,0x000000,0x000000,0x000000,0x000000,0x000000,0x010100,0x000000,0x000000,0x000000,0x000000,
0x000000,0x010000,0x000000,0x000000,0x000000,0x000000,0x000000,0x000000,0x000000,0x000000,0x000000,0x000100,
0x010000,0x000000,0x000000,0x1C1B1C,0xE6E6E6,0xFFFFFF,0x626363,0x000000,0x000000,0x000000,0x000000,0x777677,
0xFFFFFF,0xFDFDFD,0xFEFEFE,0xFFFFFF,0xFFFFFE,0xFFFFFF,0xFFFFFF,0xFEFEFE,0xFEFEFE,0xFEFEFE,0xFEFEFE,0xFFFEFF,
0xFEFDFE,0xFEFEFE,0xFEFEFE,0xFEFEFE,0xFEFEFE,0xFEFEFE,0xFEFEFE,0xFEFEFE,0xFEFDFE,0xFEFEFE,0xFEFEFE,0xFEFEFE,
0xFEFEFE,0xFEFEFE,0xFEFEFE,0xFEFEFE,0xFEFEFE,0xFEFEFE,0xFEFDFE,0xFEFDFE,0xFEFEFE,0xFFFEFF,0xFEFEFE,0xFFFFFF,
0xFEFEFE,0xFEFDFE,0xFEFEFE,0xFEFDFE,0xFEFEFE,0xFEFEFE,0xFEFEFF,0xFFFFFF,0xFEFEFE,0xFEFDFE,0xFEFDFE,0xFEFEFE,
0xFFFEFF,0xFFFEFF,0xFFFFFF,0xFFFFFF,0xFFFFFF,0xFFFFFF,0xF5F5F5,0xBCBBBC,0x656565,0x191919,0x000000,0x000000,
0x000000,0x000000,0x4A4A4A,0xE7E7E8,0xFFFFFF,0xFDFDFD,0xFDFDFD,0xFFFFFF,0xFFFFFF,0xA9A9A9,0x252525,0x000000,
0x020100,0x010000,0x000000,0x000000,0x000000,0x000000,0x000000,0x000000,0x000000,0x000000,0x000000,0x000000,
0x000000,0x000000,0x000000,0x000000,0x000000,0x000000,0x000000,0x000000,0x000000,0x000000,0x000000,0x000000,
0x000000,0x000000,0x000000,0x000000,0x000000,0x000000,0x000000,0x000000,0x000000,0x000000,0x000000,0x000000,
0x000000,0x000000,0x000000,0x000000,0x000000,0x000000,0x000000,0x000000,0x000000,0x000000,0x000000,0x010000,
0x000000,0x000000,0x000000,0x000000,0x000000,0x000000,0x000000,0x000000,0x000000,0x000000,0x000000,0x000000,
0x000000,0x000000,0x000000,0x181818,0xE1E0E1,0xFFFFFF,0xFEFEFE,0xFEFDFE,0xFEFEFE,0xFEFEFE,0xFFFFFF,0xFFFFFF,
0xFFFFFF,0xB7B7B7,0x000000,0x000000,0x000000,0x000000,0x000000,0x000000,0x000000,0x000000,0x000000,0x000000,
0x000000,0x000000,0x000000,0x000000,0x000000,0x000000,0x000000,0x000000,0x000000,0x000000,0x000000,0x000000,
0x000000,0x000000,0x000000,0x000000,0x000000,0x000000,0x000000,0x000000,0x000000,0x000000,0x000000,0x000000,
0x000000,0xADADAD,0xFFFFFF,0xFDFDFD,0xFEFDFE,0xFEFDFE,0xFFFDFF,0xFEFEFE,0xFFFFFF,0xF4F4F4,0x323232,0x000000,
0x000000,0x000000,0x000000,0x000000,0x000000,0x000000,0x000000,0x000000,0x000000,0x000000,0x000000,0x000000,
0x000000,0x000000,0x000000,0x000000,0x000000,0x000000,0x000000,0x000000,0x000000,0x000000,0x000000,0x000000,
0x000000,0x010100,0x000000,0x000000,0x000000,0x000000,0x000000,0x000000,0x000000,0x000000,0x000000,0x000000,
0x000000,0x000000,0x000000,0x000000,0x000000,0x000000,0x000000,0x000000,0x000000,0x000000,0x000000,0x000000,
0x000000,0x000000,0x000000,0x000000,0x010100,0x000000,0x000000,0x000000,0x9E9E9E,0xFFFFFF,0x6D6D6D,0x000000,
0x000000,0x000000,0x000000,0x0B0B0B,0xBFBFC0,0xFFFFFF,0xFFFFFF,0xFFFEFF,0xFFFFFF,0xE1E1E1,0xD0CFCF,0xFFFFFF,
0xFFFFFF,0xFEFEFE,0xFEFEFE,0xFEFEFE,0xFEFEFE,0xFEFEFE,0xFEFEFE,0xFEFEFE,0xFEFEFE,0xFEFEFE,0xFEFEFE,0xFFFFFF,
0xFFFEFE,0xFEFEFE,0xFEFEFE,0xFEFEFE,0xFEFEFE,0xFEFEFE,0xFEFEFE,0xFEFEFE,0xFEFDFE,0xFEFEFE,0xFEFEFE,0xFEFEFE,
0xFEFEFE,0xFEFEFE,0xFEFEFE,0xFEFEFE,0xFEFEFE,0xFEFEFE,0xFEFEFE,0xFEFEFE,0xFEFEFE,0xFEFEFE,0xFEFEFF,0xFEFEFE,
0xFEFEFE,0xFEFEFE,0xFEFDFE,0xFEFEFE,0xFEFEFE,0xFFFFFF,0xFEFFFE,0xFEFFFE,0xFEFEFE,0xFEFEFE,0xFFFEFF,0xFFFFFF,
0xFFFFFF,0xE0E1E1,0x8A8B8A,0x292A29,0x000000,0x000000,0x000000,0x3C3B3A,0xDCDCDC,0xFFFFFF,0xFDFDFD,0xFDFCFD,
0xFFFFFF,0xFFFFFF,0xE2E2E2,0x565756,0x000000,0x000000,0x000000,0x000000,0x000000,0x000000,0x000000,0x000000,
0x000000,0x000000,0x000000,0x000000,0x000000,0x000000,0x000000,0x000000,0x000000,0x000000,0x000000,0x000000,
0x000000,0x000000,0x000000,0x000000,0x000000,0x000000,0x000000,0x010000,0x000000,0x000000,0x000000,0x000000,
0x000000,0x000000,0x000000,0x000000,0x000000,0x000000,0x000000,0x000000,0x000000,0x000000,0x000000,0x000000,
0x000000,0x000000,0x000000,0x000000,0x000000,0x000000,0x000000,0x000000,0x000000,0x000000,0x000000,0x000000,
0x000000,0x000000,0x000000,0x000000,0x000000,0x000000,0x000000,0x252525,0xEFEEEF,0xFFFFFF,0xFEFEFE,0xFEFEFE,
0xFEFEFE,0xFEFEFE,0xFEFEFE,0xFEFEFE,0xFFFFFF,0xB6B5B6,0x000000,0x000000,0x000000,0x000000,0x000000,0x000000,
0x000000,0x000000,0x000000,0x000000,0x000000,0x000000,0x000000,0x000000,0x000000,0x000000,0x000000,0x000000,
0x000000,0x000000,0x000000,0x000000,0x000000,0x000000,0x000000,0x000000,0x000000,0x000000,0x000000,0x000000,
0x000000,0x000000,0x000000,0x000000,0x000000,0xADADAD,0xFFFFFF,0xFEFEFE,0xFEFEFE,0xFEFEFE,0xFEFEFE,0xFEFFFE,
0xFFFFFF,0xFDFDFD,0x464645,0x000000,0x000000,0x000000,0x000000,0x000000,0x000000,0x000000,0x000000,0x000000,
0x000000,0x000000,0x000000,0x010000,0x000000,0x000000,0x000000,0x000000,0x000000,0x000000,0x000000,0x000000,
0x000000,0x000000,0x000000,0x000000,0x000000,0x000000,0x000000,0x000000,0x000000,0x000000,0x000000,0x000000,
0x000000,0x000000,0x000000,0x000000,0x000000,0x000000,0x000000,0x000000,0x000000,0x000000,0x000000,0x000000,
0x000000,0x000000,0x000000,0x000000,0x000000,0x000000,0x000000,0x000000,0x000000,0x000000,0x000000,0x000000,
0x3C3C3C,0xFBFBFB,0x797978,0x000000,0x000000,0x000000,0x000000,0x000000,0x313131,0xEAEAEA,0xFFFFFF,0xFFFFFF,
0xFEFEFE,0xF1F0F1,0x5D5C5C,0x919090,0xFAFAFA,0xFFFFFF,0xFFFFFF,0xFEFEFE,0xFEFEFE,0xFEFEFE,0xFEFEFE,0xFEFEFE,
0xFEFFFF,0xFFFEFF,0xFEFEFE,0xFEFDFE,0xFEFEFE,0xFEFEFE,0xFEFEFE,0xFEFEFE,0xFEFEFE,0xFEFEFE,0xFEFDFE,0xFEFEFE,
0xFEFDFE,0xFEFDFE,0xFEFEFE,0xFEFEFE,0xFEFEFE,0xFEFEFE,0xFEFEFE,0xFEFEFE,0xFEFDFE,0xFEFEFE,0xFEFEFE,0xFEFEFE,
0xFFFEFF,0xFFFEFE,0xFEFEFE,0xFEFDFD,0xFEFEFE,0xFEFEFE,0xFEFEFE,0xFEFEFE,0xFFFFFF,0xFFFFFE,0xFEFFFE,0xFEFEFE,
0xFEFEFE,0xFDFDFD,0xFEFDFE,0xFEFEFE,0xFFFEFF,0xFFFFFF,0xFFFFFF,0xEDEDED,0x989898,0x2F2F2F,0x000000,0x000000,
0x2D2D2D,0xD7D6D6,0xFFFFFF,0xFEFDFE,0xFFFEFF,0xFFFFFF,0xFFFFFF,0xFBFBFB,0x898989,0x090909,0x000000,0x000000,
0x000000,0x000000,0x010000,0x000000,0x000000,0x000000,0x000000,0x000000,0x000000,0x010000,0x000000,0x000000,
0x000000,0x000000,0x000000,0x000000,0x000000,0x000000,0x000000,0x000000,0x000000,0x000000,0x010101,0x000000,
0x000000,0x000000,0x000000,0x000000,0x000000,0x000000,0x000000,0x000000,0x000000,0x000000,0x000000,0x000000,
0x000000,0x010000,0x000000,0x000000,0x000000,0x000000,0x000000,0x000000,0x000000,0x000000,0x000000,0x000000,
0x000000,0x000000,0x000000,0x000000,0x000000,0x000000,0x000000,0x000000,0x000000,0x000000,0x000000,0x383838,
0xF9F9F9,0xFFFFFF,0xFEFEFE,0xFFFEFF,0xFEFEFE,0xFEFEFE,0xFEFEFE,0xFEFDFE,0xFFFFFF,0xB7B6B7,0x000000,0x000000,
0x000000,0x000000,0x000000,0x000000,0x000000,0x000000,0x000000,0x000000,0x000000,0x000000,0x000000,0x000000,
0x000000,0x000000,0x000000,0x000000,0x000000,0x000000,0x000000,0x000000,0x000000,0x000000,0x000000,0x000000,
0x000000,0x000000,0x000000,0x000000,0x000000,0x000000,0x000000,0x000000,0x000000,0xAEADAE,0xFFFFFF,0xFEFEFE,
0xFEFEFE,0xFEFEFE,0xFEFEFE,0xFEFEFE,0xFEFEFE,0xFFFFFF,0x606060,0x000000,0x000000,0x000000,0x000000,0x000000,
0x000000,0x000000,0x000000,0x000000,0x000000,0x000000,0x000000,0x000000,0x000000,0x000000,0x000000,0x000000,
0x000000,0x000000,0x000000,0x000000,0x000000,0x000000,0x000000,0x000000,0x000000,0x000000,0x000000,0x000000,
0x000000,0x000000,0x000000,0x000000,0x000000,0x000000,0x000000,0x000000,0x000000,0x000000,0x000000,0x000000,
0x000000,0x010000,0x000000,0x000000,0x000000,0x000000,0x010100,0x000000,0x000000,0x000000,0x000000,0x000000,
0x000000,0x000000,0x000000,0x010000,0x030303,0xB3B2B3,0x969696,0x000000,0x000000,0x000000,0x010100,0x020201,
0x000000,0x565656,0xF7F7F7,0xFFFFFF,0xFDFDFD,0xFFFFFF,0xCCCCCC,0x121212,0x494A4A,0xCACACA,0xFFFFFF,0xFFFFFF,
0xFEFEFE,0xFDFEFD,0xFEFEFE,0xFEFEFE,0xFEFEFE,0xFEFEFE,0xFEFEFE,0xFEFDFE,0xFEFDFE,0xFEFDFE,0xFEFDFE,0xFEFEFE,
0xFEFEFE,0xFEFEFE,0xFEFDFE,0xFEFDFE,0xFEFEFE,0xFEFDFE,0xFEFEFE,0xFFFEFF,0xFFFEFE,0xFEFDFE,0xFEFEFE,0xFEFEFE,
0xFEFEFE,0xFEFEFE,0xFFFFFF,0xFFFEFE,0xFEFEFE,0xFEFEFE,0xFEFDFE,0xFEFEFE,0xFDFEFD,0xFEFEFF,0xFFFEFF,0xFEFEFE,
0xFFFFFE,0xFEFEFE,0xFEFEFE,0xFEFEFE,0xFEFDFE,0xFEFDFE,0xFEFEFE,0xFEFEFE,0xFEFEFE,0xFFFEFF,0xFEFDFE,0xFFFFFF,
0xFFFFFF,0xEFF0EF,0x8E8E8D,0x1C1C1C,0x000000,0x302F30,0xE2E2E2,0xFFFFFF,0xFFFFFE,0xFFFFFF,0xFEFEFE,0xFFFEFF,
0xFFFFFF,0xB2B3B1,0x1D1D1D,0x000000,0x010000,0x010100,0x000000,0x000000,0x000000,0x000000,0x000000,0x000000,
0x000000,0x000000,0x000000,0x000000,0x000000,0x000000,0x010000,0x000000,0x000000,0x000000,0x000000,0x000000,
0x000000,0x000000,0x000000,0x000000,0x000000,0x000000,0x000000,0x000000,0x000000,0x000000,0x000000,0x000000,
0x000000,0x000000,0x010000,0x010000,0x000000,0x000000,0x000000,0x000000,0x000000,0x000000,0x000000,0x000000,
0x000000,0x000000,0x000000,0x000000,0x000000,0x000000,0x000000,0x000000,0x000000,0x000000,0x000000,0x000000,
0x000000,0x000000,0x000000,0x525252,0xFFFFFF,0xFFFEFF,0xFEFDFE,0xFFFEFF,0xFEFEFE,0xFFFEFE,0xFFFDFE,0xFEFEFE,
0xFFFFFF,0xB7B6B7,0x000000,0x000000,0x000000,0x000000,0x000000,0x000000,0x000000,0x000000,0x000000,0x000000,
0x000000,0x000000,0x000000,0x000000,0x000000,0x000000,0x000000,0x000000,0x000000,0x000000,0x000000,0x000000,
0x000000,0x000000,0x000000,0x000000,0x000000,0x000000,0x000000,0x000000,0x000000,0x000000,0x000000,0x000000,
0x000000,0xAEAEAE,0xFFFFFF,0xFEFEFE,0xFEFEFE,0xFFFFFF,0xFFFEFF,0xFEFEFE,0xFEFEFE,0xFFFFFF,0x7D7D7D,0x000000,
0x000000,0x000000,0x000000,0x000000,0x000000,0x000000,0x000000,0x000000,0x000000,0x000000,0x000000,0x000000,
0x000000,0x000000,0x000000,0x000000,0x000000,0x000000,0x000000,0x000000,0x000000,0x000000,0x000000,0x000000,
0x000000,0x000000,0x000000,0x000000,0x000000,0x000000,0x000000,0x000000,0x000000,0x000000,0x000000,0x000000,
0x000000,0x000000,0x000000,0x000000,0x010000,0x000000,0x000000,0x000000,0x000000,0x000000,0x000000,0x000000,
0x000000,0x000000,0x000000,0x000000,0x000000,0x010000,0x000000,0x000000,0x000000,0x434244,0xA9A8A9,0x010101,
0x000000,0x000000,0x010100,0x010100,0x010000,0x000000,0x6C6C6C,0xFBFBFB,0xFFFFFF,0xFEFDFE,0xFFFFFF,0x9C9C9C,
0x000000,0x0C0B0B,0x686868,0xD8D8D8,0xFFFFFF,0xFFFFFF,0xFFFFFF,0xFEFEFE,0xFEFEFE,0xFEFEFE,0xFEFDFE,0xFEFEFE,
0xFFFEFF,0xFEFEFE,0xFEFEFE,0xFEFEFE,0xFEFEFE,0xFDFDFD,0xFDFDFE,0xFEFEFE,0xFEFEFE,0xFFFFFF,0xFEFEFE,0xFFFEFE,
0xFFFEFF,0xFEFDFD,0xFEFEFE,0xFEFEFE,0xFEFEFE,0xFEFEFE,0xFEFDFE,0xFEFEFE,0xFEFEFE,0xFEFEFE,0xFEFEFE,0xFEFDFE,
0xFEFEFE,0xFEFEFE,0xFEFFFE,0xFEFEFE,0xFEFEFE,0xFEFEFE,0xFEFEFE,0xFEFEFE,0xFEFEFE,0xFEFEFE,0xFEFEFE,0xFEFEFE,
0xFFFFFF,0xFEFEFE,0xFFFEFF,0xFEFDFE,0xFFFEFE,0xFFFFFF,0xFFFFFF,0xDEDEDF,0x6A6A69,0x040404,0x3D3D3D,0xEEEEEE,
0xFFFFFF,0xFEFDFE,0xFEFDFE,0xFDFDFD,0xFFFFFF,0xFFFFFF,0xD2D1D1,0x333333,0x000000,0x000000,0x000000,0x000000,
0x010000,0x000000,0x000000,0x000000,0x000000,0x000000,0x000000,0x000000,0x000000,0x000000,0x000000,0x000000,
0x000000,0x000000,0x000000,0x000000,0x000000,0x000000,0x000000,0x000000,0x000000,0x000000,0x000000,0x000000,
0x000000,0x000000,0x000000,0x000000,0x000000,0x010000,0x000000,0x000000,0x000000,0x000000,0x000000,0x000000,
0x000000,0x000000,0x000000,0x000000,0x000000,0x000000,0x000000,0x000000,0x000000,0x000000,0x000000,0x000000,
0x000000,0x000000,0x000000,0x000000,0x000000,0x000000,0x000000,0x6F6F70,0xFFFFFF,0xFEFEFE,0xFEFEFE,0xFEFDFE,
0xFEFEFE,0xFFFEFF,0xFEFEFE,0xFEFEFE,0xFFFFFF,0xB7B7B7,0x000000,0x000000,0x000000,0x000000,0x000000,0x000000,
0x000000,0x000000,0x000000,0x000000,0x000000,0x000000,0x000000,0x000000,0x000000,0x000000,0x000000,0x000000,
0x000000,0x000000,0x000000,0x000000,0x000000,0x000000,0x000000,0x000000,0x000000,0x000000,0x000000,0x000000,
0x000000,0x000000,0x000000,0x000000,0x000000,0xAEAEAE,0xFFFFFF,0xFEFEFE,0xFEFEFE,0xFEFDFE,0xFEFDFE,0xFDFDFD,
0xFEFEFE,0xFFFFFF,0x9D9D9D,0x000000,0x000000,0x000000,0x000000,0x000000,0x000000,0x000000,0x000000,0x000000,
0x000000,0x000000,0x000000,0x000000,0x000000,0x000000,0x000000,0x000000,0x000000,0x000000,0x000000,0x000000,
0x000000,0x000000,0x000000,0x000000,0x000000,0x010000,0x000000,0x000000,0x000000,0x000000,0x000000,0x000000,
0x000000,0x000000,0x000000,0x000000,0x000000,0x000000,0x000000,0x000000,0x000000,0x000000,0x000000,0x000000,
0x000000,0x000000,0x000000,0x000000,0x000000,0x000000,0x000000,0x000000,0x000000,0x000000,0x000000,0x000000,
0x000000,0x040404,0x6E6F70,0x121111,0x010000,0x000000,0x000000,0x000000,0x010000,0x000000,0x000000,0x6E6E6D,
0xFBFBFB,0xFFFFFF,0xFFFFFF,0xFDFDFD,0x696969,0x000000,0x000000,0x141414,0x707070,0xD2D3D2,0xFFFFFF,0xFFFFFF,
0xFFFFFF,0xFDFDFE,0xFEFEFE,0xFEFEFE,0xFEFEFE,0xFFFEFF,0xFEFEFE,0xFFFEFF,0xFEFEFE,0xFEFEFE,0xFEFEFE,0xFEFEFE,
0xFEFEFE,0xFEFEFE,0xFEFEFE,0xFFFEFF,0xFFFEFE,0xFEFEFE,0xFEFEFE,0xFEFEFE,0xFEFEFE,0xFEFEFE,0xFEFEFE,0xFEFEFE,
0xFEFEFE,0xFDFDFE,0xFDFDFD,0xFEFEFE,0xFEFEFE,0xFEFEFE,0xFEFEFE,0xFEFEFE,0xFEFEFE,0xFEFEFE,0xFEFDFE,0xFEFDFE,
0xFEFEFE,0xFEFEFE,0xFEFEFE,0xFEFEFE,0xFEFEFE,0xFFFDFF,0xFEFDFE,0xFEFDFE,0xFFFEFF,0xFEFEFE,0xFEFDFE,0xFFFFFF,
0xFFFFFF,0xBABABA,0x282727,0x555455,0xF7F7F7,0xFDFDFD,0xFEFDFE,0xFFFEFF,0xFEFFFF,0xFFFFFF,0xFFFFFF,0xE3E3E3,
0x3E3E3E,0x000000,0x000000,0x000000,0x000000,0x000000,0x000000,0x000000,0x000000,0x000000,0x000000,0x000000,
0x000000,0x010000,0x000000,0x000000,0x000000,0x000000,0x000000,0x000000,0x000000,0x000000,0x000000,0x000000,
0x000000,0x000000,0x000000,0x000000,0x000000,0x000000,0x000000,0x010000,0x000000,0x000000,0x000000,0x000000,
0x000000,0x000000,0x000000,0x000000,0x000000,0x000000,0x000000,0x000000,0x000000,0x000000,0x000000,0x000000,
0x000000,0x000000,0x000000,0x000000,0x000000,0x000000,0x000000,0x000000,0x000000,0x000000,0x000000,0x909090,
0xFFFFFF,0xFFFFFF,0xFEFEFE,0xFEFDFE,0xFDFDFE,0xFEFEFE,0xFEFEFE,0xFFFFFF,0xFFFFFF,0xB7B6B7,0x000000,0x000000,
0x000000,0x000000,0x000000,0x000000,0x000000,0x000000,0x000000,0x000000,0x000000,0x000000,0x000000,0x000000,
0x000000,0x000000,0x000000,0x000000,0x000000,0x000000,0x000000,0x000000,0x000000,0x000000,0x000000,0x000000,
0x000000,0x000000,0x000000,0x000000,0x000000,0x000000,0x000000,0x000000,0x000000,0xAEAEAE,0xFFFFFF,0xFEFDFE,
0xFEFEFE,0xFEFEFE,0xFEFDFE,0xFEFDFE,0xFEFEFE,0xFFFFFF,0xC1C1C1,0x040404,0x000000,0x000000,0x000000,0x000000,
0x000000,0x000000,0x000000,0x000000,0x000000,0x000000,0x000000,0x000000,0x000000,0x000000,0x000000,0x000000,
0x000000,0x000000,0x000000,0x000000,0x000000,0x000000,0x000000,0x000000,0x000000,0x010000,0x000000,0x000000,
0x000000,0x000000,0x000000,0x000000,0x000000,0x000000,0x000000,0x000000,0x000000,0x000000,0x000000,0x000000,
0x000000,0x000000,0x000000,0x000000,0x000000,0x000000,0x000000,0x000000,0x000000,0x000000,0x000000,0x000000,
0x000000,0x000000,0x000000,0x010000,0x010000,0x000000,0x131314,0x0D0D0D,0x000000,0x010100,0x000000,0x000000,
0x000000,0x000000,0x000000,0x000000,0x646464,0xF1F0F0,0xFFFFFF,0xFFFFFF,0xF0EFEF,0x434343,0x000000,0x000000,
0x000000,0x0F0F0F,0x575756,0xB3B4B3,0xF1F1F1,0xFFFFFF,0xFFFFFF,0xFFFFFF,0xFEFEFF,0xFFFFFF,0xFEFEFE,0xFEFDFE,
0xFEFDFE,0xFEFDFE,0xFEFDFE,0xFEFEFE,0xFFFEFE,0xFEFEFE,0xFEFEFE,0xFEFEFE,0xFEFEFE,0xFEFEFE,0xFEFEFE,0xFEFEFE,
0xFEFEFE,0xFEFEFE,0xFEFEFE,0xFEFDFE,0xFEFEFE,0xFEFEFE,0xFEFEFE,0xFEFEFE,0xFEFEFE,0xFEFEFE,0xFEFEFE,0xFEFEFE,
0xFEFDFE,0xFEFEFE,0xFEFEFE,0xFEFEFE,0xFEFEFE,0xFEFEFE,0xFEFEFE,0xFEFEFE,0xFEFEFE,0xFEFEFE,0xFEFEFE,0xFEFEFE,
0xFEFEFF,0xFEFEFE,0xFEFEFE,0xFFFEFF,0xFFFFFF,0xFFFFFF,0xE8E8E8,0x5C5B5B,0x888788,0xFEFEFE,0xFFFFFF,0xFEFFFE,
0xFFFFFF,0xFEFFFF,0xFFFFFF,0xFFFFFF,0xE8E8E7,0x434343,0x000000,0x000000,0x000000,0x000000,0x000000,0x000000,
0x000000,0x000000,0x000000,0x000000,0x000000,0x000000,0x000000,0x000000,0x000000,0x000000,0x000000,0x000000,
0x000000,0x000000,0x000000,0x000000,0x000000,0x000000,0x000000,0x000000,0x000000,0x000000,0x000000,0x000000,
0x000000,0x000000,0x000000,0x000000,0x000000,0x000000,0x000000,0x000000,0x000000,0x000000,0x000000,0x000000,
0x000000,0x000000,0x000000,0x000000,0x000000,0x000000,0x000000,0x000000,0x000000,0x000000,0x000000,0x000000,
0x000000,0x000000,0x010101,0xB4B4B5,0xFFFFFF,0xFFFEFE,0xFFFEFE,0xFEFEFE,0xFEFEFE,0xFEFEFE,0xFEFEFE,0xFEFEFE,
0xFFFFFF,0xB7B7B7,0x000000,0x000000,0x000000,0x000000,0x000000,0x000000,0x000000,0x000000,0x000000,0x000000,
0x000000,0x000000,0x000000,0x000000,0x000000,0x000000,0x000000,0x000000,0x000000,0x000000,0x000000,0x000000,
0x000000,0x000000,0x000000,0x000000,0x000000,0x000000,0x000000,0x000000,0x000000,0x000000,0x000000,0x000000,
0x000000,0xADAEAE,0xFFFFFF,0xFEFDFE,0xFEFEFE,0xFEFEFE,0xFEFEFE,0xFEFEFE,0xFEFEFE,0xFFFFFF,0xDFDFDF,0x161616,
0x000000,0x000000,0x000000,0x000000,0x000000,0x000000,0x000000,0x000000,0x000000,0x000000,0x000000,0x000000,
0x000000,0x000000,0x000000,0x000000,0x000000,0x000000,0x000000,0x000000,0x000000,0x000000,0x000000,0x000000,
0x010000,0x000000,0x000000,0x010000,0x000000,0x000000,0x000000,0x000000,0x000000,0x000000,0x000000,0x000000,
0x000000,0x000000,0x000000,0x000000,0x000000,0x000000,0x000000,0x000000,0x000000,0x000000,0x000000,0x000000,
0x000000,0x000000,0x000000,0x000000,0x000000,0x000000,0x000000,0x010000,0x010000,0x000000,0x000000,0x000000,
0x000000,0x000000,0x000000,0x000000,0x000000,0x000000,0x000000,0x000000,0x000000,0x414041,0xD4D4D4,0xFFFFFF,
0xFFFFFF,0xE1E1E1,0x373637,0x000000,0x020101,0x000000,0x000000,0x010101,0x2E2F2E,0x818181,0xD1D1D1,0xFBFBFB,
0xFFFFFF,0xFFFFFF,0xFFFEFF,0xFDFDFE,0xFEFEFE,0xFEFEFE,0xFEFDFE,0xFEFEFE,0xFEFEFE,0xFEFEFE,0xFEFDFE,0xFFFEFE,
0xFEFEFE,0xFEFEFE,0xFEFEFE,0xFEFEFE,0xFEFEFE,0xFEFEFE,0xFEFEFE,0xFEFEFE,0xFEFEFE,0xFEFEFE,0xFFFEFE,0xFEFEFE,
0xFFFEFF,0xFEFEFE,0xFEFEFE,0xFEFDFE,0xFEFDFE,0xFEFEFE,0xFEFEFE,0xFEFEFE,0xFEFEFE,0xFEFEFE,0xFEFEFE,0xFEFDFD,
0xFEFEFE,0xFEFEFE,0xFFFEFE,0xFFFEFE,0xFEFEFE,0xFEFEFE,0xFEFEFE,0xFEFDFE,0xFEFDFE,0xFEFDFE,0xFFFFFF,0xFCFCFC,
0xA5A5A6,0xD9D9D9,0xFFFFFF,0xFEFEFE,0xFFFFFF,0xFEFFFE,0xFEFEFE,0xFEFDFE,0xFFFFFF,0xEAEAEA,0x434343,0x000000,
0x000000,0x000000,0x000000,0x000000,0x000000,0x000000,0x000000,0x010000,0x000000,0x000000,0x000000,0x000000,
0x000000,0x000000,0x000000,0x000000,0x000000,0x000000,0x000000,0x000000,0x000000,0x000000,0x000000,0x010000,
0x000000,0x000000,0x000000,0x000000,0x000000,0x000000,0x000000,0x000000,0x000000,0x000000,0x000000,0x000000,
0x000000,0x000000,0x000000,0x000000,0x000000,0x000000,0x000000,0x000000,0x000000,0x000000,0x000000,0x000000,
0x000000,0x000000,0x000000,0x000000,0x000000,0x000000,0x0F0F0F,0xD3D3D3,0xFFFFFF,0xFEFEFE,0xFFFEFE,0xFEFEFE,
0xFEFEFE,0xFEFEFE,0xFEFEFE,0xFEFEFE,0xFFFFFF,0xB7B6B7,0x000000,0x000000,0x000000,0x000000,0x000000,0x000000,
0x000000,0x000000,0x000000,0x000000,0x000000,0x000000,0x000000,0x000000,0x000000,0x000000,0x000000,0x000000,
0x000000,0x000000,0x000000,0x000000,0x000000,0x000000,0x000000,0x000000,0x000000,0x000000,0x000000,0x000000,
0x000000,0x000000,0x000000,0x000000,0x000000,0xAEAEAE,0xFFFFFF,0xFEFEFE,0xFEFEFE,0xFEFEFE,0xFEFEFE,0xFEFEFE,
0xFEFEFF,0xFFFFFF,0xF2F2F2,0x2E2E2E,0x000000,0x000000,0x000000,0x010000,0x000000,0x000000,0x000000,0x000000,
0x000000,0x000000,0x000000,0x000000,0x000000,0x000000,0x000000,0x000000,0x000000,0x000000,0x000000,0x000000,
0x000000,0x000000,0x010100,0x000000,0x000000,0x000000,0x000000,0x010000,0x000000,0x000000,0x000000,0x000000,
0x000000,0x000000,0x000000,0x000000,0x000000,0x000000,0x000000,0x000000,0x000000,0x000000,0x000000,0x000000,
0x000000,0x000000,0x000000,0x000000,0x000000,0x000000,0x000000,0x000000,0x000000,0x000000,0x000000,0x000000,
0x000000,0x010000,0x000000,0x000000,0x000000,0x000000,0x000000,0x000000,0x000000,0x000000,0x000000,0x000000,
0x000000,0x000000,0x1B1A1B,0xA3A3A3,0xFEFDFE,0xFFFFFF,0xDFDFDF,0x393838,0x000000,0x000000,0x000000,0x000000,
0x000000,0x000000,0x0E0D0D,0x434342,0x8C8C8C,0xD0D0CF,0xF9F8F9,0xFFFFFF,0xFFFFFF,0xFFFFFF,0xFEFEFE,0xFFFFFF,
0xFEFEFE,0xFDFEFD,0xFEFDFE,0xFFFEFF,0xFEFEFE,0xFEFEFE,0xFEFEFE,0xFEFEFE,0xFEFEFE,0xFEFEFE,0xFEFEFE,0xFEFEFE,
0xFEFEFE,0xFEFEFE,0xFEFEFE,0xFFFFFF,0xFEFEFE,0xFEFEFE,0xFEFDFE,0xFEFDFE,0xFDFEFD,0xFEFEFE,0xFEFEFE,0xFEFEFE,
0xFEFEFE,0xFEFEFE,0xFEFEFE,0xFEFEFE,0xFEFEFE,0xFEFEFE,0xFEFEFE,0xFEFEFE,0xFEFEFE,0xFFFEFE,0xFEFDFE,0xFEFDFE,
0xFEFEFE,0xFEFEFE,0xFEFEFE,0xFFFFFF,0xFFFFFF,0xF4F4F4,0xFDFDFD,0xFDFDFD,0xFFFEFF,0xFEFEFE,0xFEFEFE,0xFEFEFE,
0xFEFEFE,0xFFFFFF,0xE7E7E7,0x383837,0x000000,0x000000,0x000000,0x000000,0x000000,0x000000,0x000000,0x000000,
0x000000,0x000000,0x000000,0x000000,0x000000,0x000000,0x000000,0x000000,0x000000,0x000000,0x000000,0x000000,
0x000000,0x000000,0x010000,0x000000,0x000000,0x000000,0x000000,0x000000,0x000000,0x000000,0x000000,0x000000,
0x000000,0x000000,0x000000,0x000000,0x000000,0x000000,0x000000,0x000000,0x000000,0x000000,0x000000,0x000000,
0x000000,0x000000,0x000000,0x000000,0x000000,0x000000,0x000000,0x000000,0x000000,0x000000,0x222222,0xEBEBEB,
0xFFFFFF,0xFEFEFE,0xFEFEFE,0xFFFEFE,0xFEFEFE,0xFEFEFE,0xFEFEFE,0xFEFEFE,0xFFFFFF,0xB7B7B7,0x000000,0x000000,
0x000000,0x000000,0x000000,0x000000,0x000000,0x000000,0x000000,0x000000,0x000000,0x000000,0x000000,0x000000,
0x000000,0x000000,0x000000,0x000000,0x000000,0x000000,0x000000,0x000000,0x000000,0x000000,0x000000,0x000000,
0x000000,0x000000,0x000000,0x000000,0x000000,0x000000,0x000000,0x000000,0x000000,0xAEADAE,0xFFFFFF,0xFEFEFE,
0xFFFFFF,0xFEFEFE,0xFEFDFE,0xFFFEFF,0xFFFEFF,0xFFFEFF,0xFEFEFE,0x515151,0x000000,0x000000,0x000000,0x000000,
0x000000,0x000000,0x000000,0x000000,0x000000,0x000000,0x000000,0x000000,0x000000,0x000000,0x000000,0x000000,
0x000000,0x000000,0x000000,0x000000,0x000000,0x000000,0x000000,0x000000,0x000000,0x000000,0x000000,0x000000,
0x000000,0x000000,0x000000,0x000000,0x000000,0x000000,0x000000,0x000000,0x000000,0x000000,0x000000,0x000000,
0x000000,0x000000,0x000000,0x000000,0x000000,0x000000,0x010000,0x000000,0x000000,0x000000,0x000000,0x000000,
0x000000,0x000000,0x000000,0x000000,0x000000,0x000000,0x000000,0x000000,0x000000,0x000000,0x010100,0x000000,
0x000000,0x000000,0x000000,0x000000,0x010100,0x000000,0x000000,0x020202,0x595958,0xD3D3D3,0xFFFFFF,0xE9E9E9,
0x464646,0x000000,0x000000,0x010000,0x000000,0x000000,0x000000,0x000000,0x000000,0x0C0C0C,0x3D3D3D,0x848484,
0xCDCDCD,0xF8F8F8,0xFFFFFF,0xFFFFFF,0xFFFFFF,0xFEFDFE,0xFEFEFE,0xFEFEFE,0xFFFEFF,0xFEFEFE,0xFFFEFF,0xFEFDFE,
0xFEFEFE,0xFEFDFE,0xFEFEFE,0xFEFEFE,0xFEFDFD,0xFEFEFE,0xFEFEFE,0xFEFEFE,0xFEFEFE,0xFFFEFE,0xFEFDFD,0xFEFEFE,
0xFEFEFE,0xFEFEFE,0xFEFEFE,0xFEFEFE,0xFEFEFE,0xFEFDFE,0xFEFEFE,0xFEFEFE,0xFEFEFE,0xFEFEFE,0xFEFEFE,0xFEFEFE,
0xFEFEFE,0xFFFDFE,0xFEFEFE,0xFEFEFE,0xFEFEFE,0xFEFEFE,0xFEFEFE,0xFEFEFE,0xFEFEFE,0xFEFEFE,0xFEFDFE,0xFEFEFE,
0xFEFEFE,0xFFFEFF,0xFFFEFF,0xFEFFFE,0xFEFEFE,0xFEFEFE,0xFFFFFF,0xD9D9D8,0x262626,0x000000,0x000000,0x000000,
0x000000,0x000000,0x000000,0x000000,0x000000,0x000000,0x000000,0x000000,0x000000,0x000000,0x000000,0x000000,
0x000000,0x000000,0x000000,0x000000,0x000000,0x000000,0x000000,0x000000,0x000000,0x000000,0x000000,0x000000,
0x000000,0x000000,0x000000,0x000000,0x000000,0x000000,0x000000,0x000000,0x000000,0x000000,0x000000,0x000000,
0x000000,0x000000,0x000000,0x000000,0x000000,0x000000,0x000000,0x000000,0x000000,0x000000,0x000000,0x000000,
0x000000,0x000000,0x434343,0xFCFCFC,0xFFFFFF,0xFFFEFF,0xFEFEFE,0xFEFEFE,0xFEFEFE,0xFEFEFE,0xFFFEFF,0xFFFEFF,
0xFFFFFF,0xB7B6B7,0x000000,0x000000,0x000000,0x000000,0x000000,0x000000,0x000000,0x000000,0x000000,0x000000,
0x000000,0x000000,0x000000,0x000000,0x000000,0x000000,0x000000,0x000000,0x000000,0x000000,0x000000,0x000000,
0x000000,0x000000,0x000000,0x000000,0x000000,0x000000,0x000000,0x000000,0x000000,0x000000,0x000000,0x000000,
0x000000,0xAFAFAF,0xFFFFFF,0xFEFEFE,0xFEFEFE,0xFFFEFF,0xFEFEFE,0xFEFEFE,0xFEFEFE,0xFFFEFF,0xFFFFFF,0x7E7E7D,
0x000000,0x000000,0x000000,0x000000,0x000000,0x000000,0x000000,0x000000,0x000000,0x000000,0x000000,0x000000,
0x000000,0x000000,0x000000,0x000000,0x000000,0x000000,0x000000,0x000000,0x000000,0x000000,0x000000,0x000000,
0x000000,0x000000,0x000000,0x000000,0x000000,0x000000,0x010000,0x000000,0x000000,0x000000,0x000000,0x000000,
0x000000,0x000000,0x000000,0x000000,0x000000,0x000000,0x000000,0x000000,0x000000,0x000000,0x000000,0x000000,
0x000000,0x000000,0x000000,0x000000,0x000000,0x000000,0x000000,0x000000,0x000000,0x000000,0x000000,0x000000,
0x000000,0x000000,0x000000,0x000000,0x000000,0x000000,0x000000,0x000000,0x000000,0x010100,0x000000,0x000000,
0x000000,0x121212,0x737373,0xDFDFDF,0xF5F5F5,0x6D6D6D,0x040303,0x000000,0x010000,0x010000,0x010000,0x000000,
0x000000,0x000000,0x000000,0x000000,0x0B0B0B,0x3D3D3C,0x898989,0xD2D2D2,0xFCFCFC,0xFFFFFF,0xFFFFFF,0xFFFFFF,
0xFEFEFE,0xFFFEFF,0xFFFEFF,0xFEFEFE,0xFEFDFE,0xFEFDFE,0xFEFEFE,0xFFFEFF,0xFFFEFF,0xFFFEFE,0xFEFEFE,0xFEFEFE,
0xFEFDFE,0xFEFEFE,0xFDFDFE,0xFEFEFE,0xFEFEFE,0xFEFEFE,0xFEFEFE,0xFFFFFF,0xFEFEFE,0xFEFEFE,0xFEFEFE,0xFEFEFE,
0xFEFEFE,0xFEFEFE,0xFEFEFE,0xFEFEFE,0xFEFEFE,0xFEFEFE,0xFEFEFE,0xFEFEFE,0xFEFEFE,0xFEFEFE,0xFEFEFE,0xFDFEFE,
0xFDFEFD,0xFEFEFE,0xFEFEFF,0xFEFFFE,0xFEFEFE,0xFEFEFE,0xFEFEFE,0xFEFEFE,0xFEFEFE,0xFEFDFE,0xFEFEFE,0xFFFFFF,
0xC6C6C6,0x131313,0x000000,0x000000,0x010000,0x010000,0x000000,0x000000,0x000000,0x000000,0x000000,0x000000,
0x000000,0x000000,0x000000,0x010101,0x000000,0x000000,0x000000,0x000000,0x000000,0x000000,0x000000,0x000000,
0x000000,0x000000,0x000000,0x000000,0x000000,0x010101,0x000000,0x000000,0x000000,0x000000,0x000000,0x000000,
0x000000,0x000000,0x000000,0x000000,0x000000,0x000000,0x000000,0x000000,0x000000,0x000000,0x000000,0x000000,
0x010000,0x000000,0x000000,0x000000,0x000000,0x000000,0x706F70,0xFFFFFF,0xFFFFFF,0xFEFEFE,0xFEFDFE,0xFEFDFE,
0xFEFEFE,0xFEFDFE,0xFFFFFF,0xFFFFFF,0xFFFFFF,0xBBBABB,0x000000,0x000000,0x000000,0x000000,0x000000,0x000000,
0x000000,0x000000,0x000000,0x000000,0x000000,0x000000,0x000000,0x000000,0x000000,0x000000,0x000000,0x000000,
0x000000,0x000000,0x000000,0x000000,0x000000,0x000000,0x000000,0x000000,0x000000,0x000000,0x000000,0x000000,
0x000000,0x000000,0x000000,0x000000,0x000000,0x929293,0xFFFFFF,0xFEFEFE,0xFEFEFE,0xFFFEFF,0xFEFEFE,0xFEFEFE,
0xFEFEFE,0xFEFEFE,0xFFFFFF,0xA9A9A9,0x000000,0x000000,0x000000,0x010000,0x000000,0x000000,0x000000,0x000000,
0x000000,0x000000,0x000000,0x000000,0x010000,0x000000,0x000000,0x000000,0x000000,0x000000,0x000000,0x000000,
0x000000,0x000000,0x000000,0x000000,0x000000,0x000000,0x000000,0x000000,0x000000,0x000000,0x000000,0x000000,
0x000000,0x000000,0x000000,0x000000,0x000000,0x000000,0x000000,0x000000,0x000000,0x000000,0x000000,0x000000,
0x000000,0x000000,0x000000,0x000000,0x000000,0x000000,0x000000,0x000000,0x000000,0x000000,0x000000,0x000000,
0x000000,0x000000,0x000000,0x000000,0x010000,0x010000,0x000000,0x000000,0x000000,0x000000,0x000000,0x000000,
0x000000,0x000000,0x000000,0x000000,0x000000,0x000000,0x000000,0x171717,0x676767,0xBFBFBE,0x949494,0x222222,
0x010101,0x000000,0x000000,0x000000,0x000000,0x000000,0x000000,0x000000,0x000000,0x000000,0x000000,0x0D0E0E,
0x4A4949,0x9D9D9D,0xE1E1E1,0xFFFFFF,0xFFFFFF,0xFFFFFF,0xFFFFFF,0xFDFEFD,0xFEFEFE,0xFFFEFF,0xFFFEFF,0xFFFEFE,
0xFFFEFF,0xFEFEFE,0xFEFEFE,0xFEFEFE,0xFDFDFD,0xFEFEFF,0xFEFEFE,0xFEFEFE,0xFEFEFE,0xFEFEFE,0xFEFDFE,0xFEFEFE,
0xFEFEFE,0xFEFEFE,0xFEFEFE,0xFEFEFE,0xFEFEFE,0xFEFDFE,0xFEFEFE,0xFEFEFE,0xFEFEFE,0xFEFEFE,0xFEFEFE,0xFEFEFE,
0xFEFEFE,0xFEFEFE,0xFEFEFE,0xFEFEFE,0xFEFEFE,0xFEFEFE,0xFEFEFE,0xFEFEFE,0xFEFDFE,0xFEFEFE,0xFEFEFE,0xFEFEFE,
0xFEFDFE,0xFEFDFE,0xFEFEFE,0xFFFFFF,0xFFFFFF,0x9C9B9B,0x030302,0x000000,0x000000,0x000000,0x000000,0x000000,
0x000000,0x000000,0x000000,0x000000,0x000000,0x000000,0x000000,0x000000,0x000000,0x000000,0x000000,0x000000,
0x000000,0x000000,0x000000,0x000000,0x000000,0x000000,0x000000,0x000000,0x000000,0x000000,0x000000,0x000000,
0x000000,0x000000,0x000000,0x000000,0x000000,0x000000,0x000000,0x000000,0x000000,0x000000,0x000000,0x000000,
0x000000,0x000000,0x000000,0x000000,0x000000,0x000000,0x000000,0x000000,0x000000,0x000000,0x9E9D9D,0xFFFFFF,
0xFFFFFF,0xFEFDFE,0xFEFEFE,0xFEFEFE,0xFEFEFE,0xFEFDFE,0xFFFFFF,0xFFFFFF,0xD1D1D1,0x8E8E8E,0x000000,0x000000,
0x000000,0x000000,0x000000,0x000000,0x000000,0x000000,0x000000,0x000000,0x000000,0x000000,0x000000,0x000000,
0x000000,0x000000,0x000000,0x000000,0x000000,0x000000,0x000000,0x000000,0x000000,0x000000,0x000000,0x000000,
0x000000,0x000000,0x000000,0x000000,0x000000,0x000000,0x000000,0x000000,0x000000,0x5A5A5A,0xFFFFFF,0xFEFEFE,
0xFEFEFE,0xFEFEFE,0xFEFEFE,0xFFFEFF,0xFEFEFE,0xFEFEFE,0xFFFFFF,0xD0D1D0,0x0A0A0A,0x000000,0x000000,0x000000,
0x000000,0x000000,0x000000,0x000000,0x000000,0x000000,0x000000,0x000000,0x000000,0x000000,0x000000,0x000000,
0x000000,0x000000,0x000000,0x000000,0x000000,0x000000,0x000000,0x000000,0x000000,0x000000,0x000000,0x000000,
0x000000,0x000000,0x000000,0x000000,0x000000,0x000000,0x000000,0x000000,0x000000,0x000000,0x000000,0x000000,
0x000000,0x000000,0x000000,0x000000,0x000000,0x000000,0x000000,0x000000,0x000000,0x000000,0x000000,0x000000,
0x000000,0x000000,0x000000,0x000000,0x000000,0x000000,0x000000,0x000000,0x000000,0x000000,0x000000,0x000000,
0x000000,0x000000,0x000000,0x000000,0x000000,0x000000,0x000000,0x000000,0x000000,0x000000,0x010000,0x000000,
0x000000,0x050505,0x363636,0x4E4E4E,0x131212,0x000000,0x010101,0x000000,0x000000,0x000000,0x000000,0x000000,
0x000000,0x000000,0x000000,0x000000,0x000000,0x000000,0x181818,0x555555,0x9E9E9E,0xDBDBDB,0xFCFBFC,0xFFFFFF,
0xFFFFFF,0xFFFFFF,0xFEFEFE,0xFEFEFE,0xFFFFFF,0xFEFEFE,0xFFFEFF,0xFFFEFF,0xFEFEFE,0xFEFEFE,0xFEFEFE,0xFEFEFE,
0xFEFEFE,0xFEFEFE,0xFEFDFD,0xFEFEFE,0xFEFEFE,0xFEFDFE,0xFEFEFE,0xFEFEFE,0xFEFEFE,0xFEFEFE,0xFEFEFE,0xFEFEFE,
0xFEFEFE,0xFEFEFE,0xFEFEFE,0xFEFEFE,0xFEFEFE,0xFEFDFE,0xFEFEFE,0xFEFEFE,0xFEFEFE,0xFEFEFE,0xFEFEFE,0xFEFDFE,
0xFEFEFE,0xFEFEFE,0xFEFEFE,0xFEFEFE,0xFEFEFE,0xFEFDFE,0xFEFEFE,0xFFFEFF,0xFFFFFF,0xFEFEFE,0x656566,0x000000,
0x000000,0x000000,0x000000,0x000000,0x000000,0x000000,0x000000,0x000000,0x000000,0x000000,0x000000,0x000000,
0x000000,0x000000,0x000000,0x000000,0x000000,0x000000,0x000000,0x000000,0x000000,0x000000,0x000000,0x000000,
0x000000,0x000000,0x000000,0x000000,0x000000,0x000000,0x000000,0x000000,0x000000,0x000000,0x000000,0x000000,
0x000000,0x000000,0x000000,0x000000,0x000000,0x000000,0x000000,0x000000,0x000000,0x000000,0x000000,0x000000,
0x000000,0x060607,0xC7C7C8,0xFFFFFF,0xFEFEFE,0xFEFEFE,0xFEFEFE,0xFEFEFE,0xFEFEFE,0xFFFEFF,0xFFFFFF,0xFFFFFF,
0x616261,0x040404,0x000000,0x000000,0x000000,0x000000,0x000000,0x000000,0x000000,0x000000,0x000000,0x000000,
0x000000,0x000000,0x000000,0x000000,0x000000,0x000000,0x000000,0x000000,0x000000,0x000000,0x000000,0x000000,
0x000000,0x000000,0x000000,0x000000,0x000000,0x000000,0x000000,0x000000,0x000000,0x000000,0x000000,0x000000,
0x000000,0x373738,0xF9F9F9,0xFFFFFF,0xFEFEFE,0xFEFDFE,0xFEFEFE,0xFEFEFE,0xFEFEFE,0xFEFEFE,0xFFFFFF,0xF0F0F1,
0x2B2B2B,0x000000,0x000000,0x000000,0x000000,0x000000,0x000000,0x010000,0x010000,0x000000,0x000000,0x000000,
0x000000,0x000000,0x000000,0x000000,0x000000,0x000000,0x000000,0x000000,0x000000,0x000000,0x000000,0x000000,
0x000000,0x000000,0x000000,0x000000,0x000000,0x000000,0x000000,0x000000,0x000000,0x000000,0x000000,0x000000,
0x000000,0x000000,0x000000,0x000000,0x000000,0x000000,0x000000,0x000000,0x000000,0x000000,0x000000,0x000000,
0x000000,0x000000,0x000000,0x000000,0x000000,0x000000,0x000000,0x000000,0x000000,0x000000,0x000000,0x000000,
0x000000,0x000000,0x000000,0x000000,0x000000,0x000000,0x000000,0x000000,0x000000,0x000000,0x010000,0x000000,
0x000000,0x000000,0x000000,0x000000,0x000000,0x000000,0x000000,0x000000,0x010101,0x000000,0x000000,0x000000,
0x000000,0x000000,0x000000,0x000000,0x000000,0x000000,0x000000,0x000000,0x000000,0x000000,0x000000,0x000000,
0x000000,0x131312,0x464646,0x8C8C8C,0xCACACA,0xF3F3F3,0xFFFFFF,0xFFFFFF,0xFFFFFF,0xFEFEFE,0xFEFEFE,0xFEFEFE,
0xFEFDFE,0xFEFEFE,0xFEFEFE,0xFEFEFE,0xFEFEFE,0xFFFEFE,0xFEFEFE,0xFEFEFE,0xFEFEFE,0xFEFEFE,0xFEFEFE,0xFEFEFE,
0xFEFEFE,0xFEFEFE,0xFEFEFE,0xFEFEFE,0xFEFEFE,0xFEFEFE,0xFEFEFE,0xFEFEFE,0xFEFDFE,0xFEFEFE,0xFEFEFE,0xFEFEFE,
0xFEFEFE,0xFEFEFE,0xFEFEFE,0xFEFEFE,0xFFFEFE,0xFEFEFE,0xFEFEFE,0xFEFEFE,0xFEFEFE,0xFEFEFE,0xFEFEFE,0xFEFEFE,
0xFEFDFE,0xFFFFFF,0xE9E9E9,0x2E2E2E,0x000000,0x000000,0x000000,0x000000,0x000000,0x000000,0x000000,0x000000,
0x000000,0x000000,0x000000,0x000000,0x000000,0x000000,0x000000,0x000000,0x000000,0x000000,0x000000,0x000000,
0x000000,0x000000,0x000000,0x000000,0x000000,0x000000,0x000000,0x000000,0x000000,0x000000,0x000000,0x000000,
0x000000,0x000000,0x000000,0x000000,0x000000,0x000000,0x000000,0x000000,0x000000,0x000000,0x000000,0x000000,
0x000000,0x000000,0x000000,0x000000,0x000000,0x1F1F20,0xE8E7E8,0xFFFFFF,0xFEFEFE,0xFEFEFE,0xFEFEFE,0xFEFEFE,
0xFEFEFE,0xFEFEFE,0xFFFFFF,0xF7F7F7,0x363636,0x000000,0x000000,0x000000,0x000000,0x000000,0x000000,0x000000,
0x000000,0x000000,0x000000,0x000000,0x000000,0x000000,0x000000,0x000000,0x000000,0x000000,0x000000,0x000000,
0x000000,0x000000,0x000000,0x000000,0x000000,0x000000,0x000000,0x000000,0x000000,0x000000,0x000000,0x000000,
0x000000,0x000000,0x000000,0x000000,0x000000,0x161616,0xDFDFDF,0xFFFFFF,0xFEFDFE,0xFEFEFE,0xFEFEFE,0xFEFEFE,
0xFEFDFE,0xFEFEFE,0xFEFFFF,0xFFFFFF,0x5A5A5A,0x000000,0x000000,0x000000,0x000000,0x000000,0x000000,0x000000,
0x000000,0x000000,0x000000,0x000000,0x000000,0x000000,0x000000,0x010000,0x000000,0x000000,0x000000,0x000000,
0x000000,0x000000,0x000000,0x000000,0x000000,0x000000,0x000000,0x000000,0x000000,0x000000,0x000000,0x000000,
0x000000,0x000000,0x000000,0x000000,0x000000,0x000000,0x000000,0x000000,0x000000,0x000000,0x000000,0x000000,
0x000000,0x000000,0x000000,0x000000,0x000000,0x000000,0x000000,0x000000,0x000000,0x000000,0x000000,0x000000,
0x000000,0x000000,0x000000,0x000000,0x000000,0x000000,0x000000,0x000000,0x000000,0x000000,0x000000,0x000000,
0x000000,0x000000,0x000000,0x000000,0x000000,0x000000,0x000000,0x000000,0x000000,0x000000,0x000000,0x000000,
0x000000,0x000000,0x000000,0x000000,0x000000,0x000000,0x000000,0x000000,0x000000,0x000000,0x000000,0x000000,
0x000000,0x000000,0x000000,0x000000,0x000000,0x000000,0x000000,0x000000,0x080908,0x313131,0x757575,0xBAB9B9,
0xEDECEC,0xFFFFFF,0xFFFFFF,0xFFFFFF,0xFEFEFE,0xFEFEFE,0xFFFFFF,0xFEFEFE,0xFFFEFF,0xFEFEFE,0xFEFEFE,0xFEFEFE,
0xFEFEFF,0xFEFEFE,0xFEFEFE,0xFEFEFE,0xFEFEFE,0xFEFEFE,0xFEFEFE,0xFEFEFE,0xFEFFFE,0xFEFFFE,0xFEFEFE,0xFEFEFE,
0xFFFEFF,0xFFFEFF,0xFEFEFD,0xFEFEFE,0xFEFEFE,0xFEFEFE,0xFDFDFD,0xFEFDFD,0xFEFEFE,0xFEFEFE,0xFEFEFD,0xFEFEFE,
0xFEFEFE,0xFEFEFE,0xFEFEFE,0xFEFEFE,0xFEFDFE,0xFFFEFF,0xFFFFFF,0xB8B8B8,0x060606,0x000000,0x000000,0x000000,
0x000000,0x000000,0x000000,0x000000,0x000000,0x000000,0x000000,0x000000,0x000000,0x000000,0x000000,0x000000,
0x000000,0x000000,0x010000,0x000000,0x010000,0x000000,0x000000,0x000000,0x000000,0x000000,0x000000,0x000000,
0x000000,0x000000,0x000000,0x000000,0x000000,0x000000,0x000000,0x000000,0x000000,0x000000,0x000000,0x000000,
0x000000,0x000000,0x000000,0x000000,0x000000,0x000000,0x000000,0x000000,0x000000,0x474647,0xFDFDFD,0xFFFFFF,
0xFEFEFE,0xFEFEFE,0xFEFEFE,0xFEFEFE,0xFEFDFE,0xFDFDFD,0xFFFFFF,0xDEDEDE,0x161716,0x000000,0x000000,0x000000,
0x000000,0x000000,0x000000,0x000000,0x000000,0x000000,0x000000,0x000000,0x000000,0x000000,0x000000,0x000000,
0x000000,0x000000,0x000000,0x000000,0x000000,0x000000,0x000000,0x000000,0x000000,0x000000,0x000000,0x000000,
0x000000,0x000000,0x000000,0x000000,0x000000,0x000000,0x000000,0x000000,0x000000,0x020202,0xB4B4B5,0xFFFFFF,
0xFDFEFD,0xFEFDFE,0xFEFEFE,0xFFFFFF,0xFEFEFE,0xFEFEFE,0xFEFEFE,0xFFFFFF,0x8E8F8F,0x000000,0x000000,0x000000,
0x000000,0x000000,0x000000,0x000000,0x000000,0x000000,0x000000,0x000000,0x000000,0x000000,0x000000,0x000000,
0x000000,0x000000,0x000000,0x000000,0x000000,0x000000,0x000000,0x000000,0x000000,0x000000,0x000000,0x000000,
0x000000,0x000000,0x000000,0x000000,0x000000,0x000000,0x000000,0x000000,0x000000,0x000000,0x000000,0x000000,
0x000000,0x000000,0x000000,0x000000,0x000000,0x000000,0x000000,0x000000,0x000000,0x000000,0x000000,0x000000,
0x000000,0x000000,0x000000,0x000000,0x000000,0x000000,0x000000,0x000000,0x000000,0x000000,0x000000,0x000000,
0x000000,0x000000,0x000000,0x000000,0x000000,0x000000,0x000000,0x000000,0x000000,0x000000,0x000000,0x000000,
0x000000,0x000000,0x010101,0x000000,0x000000,0x000000,0x000000,0x000000,0x000000,0x000000,0x000000,0x000000,
0x000000,0x000000,0x000000,0x000000,0x000000,0x000000,0x000000,0x000000,0x000000,0x000000,0x000000,0x000000,
0x000000,0x000000,0x000000,0x030303,0x262525,0x6B6B6B,0xB8B9B9,0xF1F1F1,0xFFFFFF,0xFFFFFF,0xFFFEFF,0xFEFEFE,
0xFFFEFF,0xFEFEFE,0xFEFEFE,0xFEFEFE,0xFEFEFE,0xFFFEFE,0xFEFEFE,0xFEFEFE,0xFFFEFE,0xFEFEFE,0xFEFEFF,0xFEFEFE,
0xFFFEFF,0xFEFEFE,0xFEFEFE,0xFEFEFE,0xFEFDFE,0xFEFEFE,0xFEFEFE,0xFEFEFE,0xFEFEFE,0xFEFEFE,0xFEFEFE,0xFEFEFE,
0xFEFEFE,0xFEFEFE,0xFFFEFE,0xFEFEFE,0xFEFEFE,0xFEFEFE,0xFEFEFE,0xFEFEFE,0xFEFDFE,0xFEFEFE,0xFFFFFF,0xFEFFFE,
0x646464,0x000000,0x000000,0x000000,0x000000,0x000000,0x000000,0x000000,0x000000,0x000000,0x000000,0x000000,
0x000000,0x000000,0x000000,0x000000,0x000000,0x000000,0x010100,0x000000,0x000000,0x000000,0x000000,0x000000,
0x000000,0x000000,0x000000,0x000000,0x000000,0x000000,0x000000,0x000000,0x000000,0x000000,0x000000,0x000000,
0x000000,0x010100,0x000000,0x000000,0x000000,0x000000,0x000000,0x000000,0x000000,0x000000,0x000000,0x000000,
0x000000,0x7E7D7E,0xFFFFFF,0xFFFEFF,0xFEFEFE,0xFEFEFE,0xFEFEFE,0xFEFDFE,0xFEFEFE,0xFEFEFE,0xFFFFFF,0xBEBEBE,
0x050505,0x000000,0x000000,0x000000,0x000000,0x000000,0x000000,0x000000,0x000000,0x000000,0x000000,0x000000,
0x000000,0x000000,0x000000,0x000000,0x000000,0x000000,0x000000,0x000000,0x000000,0x000000,0x000000,0x000000,
0x000000,0x000000,0x000000,0x000000,0x000000,0x000000,0x000000,0x000000,0x000000,0x000000,0x000000,0x000000,
0x000000,0x000000,0x808081,0xFFFFFF,0xFEFEFE,0xFEFEFE,0xFEFEFE,0xFEFEFE,0xFFFEFF,0xFEFEFE,0xFEFDFE,0xFFFFFF,
0xC7C7C7,0x070606,0x000000,0x000000,0x000000,0x000000,0x000000,0x000000,0x010100,0x000000,0x010100,0x010100,
0x000000,0x000000,0x000000,0x000000,0x000000,0x000000,0x000000,0x000000,0x000000,0x000000,0x000000,0x000000,
0x000000,0x000000,0x000000,0x000000,0x000000,0x000000,0x000000,0x000000,0x000000,0x000000,0x000000,0x000000,
0x000000,0x000000,0x000000,0x000000,0x000000,0x000000,0x000000,0x000000,0x000000,0x000000,0x000000,0x000000,
0x000000,0x000000,0x000000,0x000000,0x000000,0x000000,0x000000,0x000000,0x000000,0x000000,0x000000,0x000000,
0x010000,0x000000,0x000000,0x000000,0x010101,0x000000,0x000000,0x000100,0x000000,0x000000,0x000000,0x000000,
0x000000,0x000000,0x010000,0x000000,0x000000,0x010000,0x010000,0x000000,0x000000,0x000000,0x000000,0x000000,
0x000000,0x000000,0x000000,0x000000,0x010000,0x000000,0x000000,0x000000,0x000000,0x000000,0x000000,0x000000,
0x000000,0x000000,0x000000,0x000000,0x000000,0x000000,0x000000,0x000000,0x000000,0x000000,0x020202,0x2F2F2F,
0x868585,0xDADBDB,0xFFFFFF,0xFFFFFF,0xFEFEFE,0xFEFEFE,0xFEFDFE,0xFEFDFE,0xFEFDFE,0xFEFEFE,0xFFFEFE,0xFEFEFE,
0xFEFEFE,0xFEFEFE,0xFEFEFE,0xFEFEFE,0xFEFEFE,0xFEFEFE,0xFEFEFE,0xFEFEFE,0xFEFDFE,0xFEFDFE,0xFFFFFF,0xFEFDFE,
0xFEFEFE,0xFEFEFE,0xFEFEFF,0xFEFEFE,0xFEFEFE,0xFEFEFE,0xFEFEFE,0xFFFEFE,0xFEFEFE,0xFEFEFE,0xFDFEFD,0xFEFDFE,
0xFEFEFE,0xFEFDFE,0xFEFEFE,0xFFFFFF,0xDDDDDD,0x1B1B1B,0x000000,0x000000,0x000000,0x000000,0x010000,0x000000,
0x000000,0x000000,0x000000,0x000000,0x010000,0x000000,0x000000,0x000000,0x000000,0x000000,0x000000,0x000000,
0x000000,0x000000,0x000000,0x000000,0x010000,0x000000,0x000000,0x000000,0x000000,0x000000,0x000000,0x000000,
0x000000,0x000000,0x000000,0x000000,0x000000,0x000000,0x000000,0x010000,0x000000,0x000000,0x000000,0x000000,
0x000000,0x000000,0x000000,0x000000,0x020202,0xB7B6B7,0xFFFFFF,0xFEFEFE,0xFEFEFE,0xFEFEFE,0xFEFDFE,0xFEFEFE,
0xFFFEFF,0xFFFFFF,0xFFFFFF,0x8B8B8B,0x000000,0x000000,0x000000,0x000000,0x000000,0x000000,0x000000,0x000000,
0x000000,0x000000,0x000000,0x000000,0x000000,0x000000,0x000000,0x000000,0x000000,0x000000,0x000000,0x000000,
0x000000,0x000000,0x000000,0x000000,0x000000,0x000000,0x000000,0x000000,0x000000,0x000000,0x000000,0x000000,
0x000000,0x000000,0x000000,0x000000,0x000000,0x000000,0x4A4A4B,0xFDFDFD,0xFFFFFF,0xFFFFFF,0xFEFEFE,0xFEFEFE,
0xFFFEFF,0xFEFEFE,0xFEFEFF,0xFFFFFF,0xF1F1F1,0x2A2A2A,0x000000,0x000000,0x000000,0x000000,0x000000,0x000000,
0x010000,0x000000,0x000000,0x000000,0x000000,0x000000,0x000000,0x000000,0x000000,0x000000,0x000000,0x000000,
0x000000,0x000000,0x000000,0x000000,0x000000,0x000000,0x010000,0x000000,0x000000,0x000000,0x000000,0x000000,
0x000000,0x000000,0x000000,0x000000,0x000000,0x000000,0x000000,0x000000,0x000000,0x000000,0x000000,0x000000,
0x000000,0x000000,0x000000,0x000000,0x000000,0x000000,0x000000,0x000000,0x000000,0x000000,0x000000,0x000000,
0x000000,0x000000,0x000000,0x000000,0x000000,0x000000,0x000000,0x000000,0x000000,0x000000,0x000000,0x000000,
0x000000,0x000000,0x000000,0x000000,0x000000,0x000000,0x010000,0x000000,0x000000,0x000000,0x000000,0x000000,
0x000000,0x000000,0x000000,0x000000,0x000000,0x000000,0x000000,0x000000,0x000000,0x000000,0x000000,0x000000,
0x000000,0x000000,0x000000,0x000000,0x000000,0x000000,0x000000,0x000000,0x000000,0x000000,0x000000,0x000000,
0x000000,0x000000,0x000000,0x000000,0x000000,0x141414,0x646564,0xCBCBCB,0xFFFFFF,0xFFFFFF,0xFEFEFE,0xFEFEFE,
0xFFFEFF,0xFFFEFE,0xFEFEFE,0xFEFEFE,0xFEFEFE,0xFEFEFE,0xFEFEFE,0xFEFEFE,0xFEFEFE,0xFFFEFF,0xFEFEFE,0xFEFEFE,
0xFEFEFE,0xFEFEFE,0xFEFEFE,0xFEFEFE,0xFEFEFE,0xFEFEFE,0xFEFEFE,0xFEFEFE,0xFEFEFE,0xFEFEFE,0xFEFEFE,0xFEFEFE,
0xFEFEFE,0xFDFDFE,0xFEFEFE,0xFEFEFE,0xFEFEFE,0xFEFEFE,0xFEFEFE,0xFFFEFF,0xFFFFFF,0x898989,0x000000,0x000000,
0x000000,0x000100,0x000000,0x000000,0x000000,0x000000,0x000000,0x000000,0x000000,0x000000,0x010000,0x000000,
0x000000,0x000000,0x000000,0x000000,0x000000,0x000000,0x000000,0x000000,0x000000,0x000000,0x000000,0x000000,
0x000000,0x000000,0x000000,0x000000,0x000000,0x000000,0x000000,0x000000,0x000000,0x000000,0x000000,0x000000,
0x000000,0x000000,0x000000,0x000000,0x000000,0x000000,0x000000,0x000000,0x1C1C1C,0xE5E5E5,0xFFFFFF,0xFEFDFE,
0xFEFEFE,0xFEFEFE,0xFFFEFF,0xFEFEFE,0xFFFFFF,0xFFFFFF,0xFFFFFF,0x545454,0x000000,0x000000,0x000000,0x000000,
0x000000,0x000000,0x000000,0x000000,0x000000,0x000000,0x000000,0x000000,0x000000,0x000000,0x000000,0x000000,
0x000000,0x000000,0x000000,0x000000,0x000000,0x000000,0x000000,0x000000,0x000000,0x000000,0x000000,0x000000,
0x000000,0x000000,0x000000,0x000000,0x000000,0x000000,0x000000,0x000000,0x000000,0x000000,0x1E1E1E,0xE8E7E8,
0xFFFFFF,0xFFFFFF,0xFEFDFE,0xFEFEFE,0xFEFEFE,0xFEFEFE,0xFEFEFE,0xFFFFFF,0xFFFFFF,0x5D5E5D,0x000000,0x000000,
0x000000,0x000000,0x000000,0x000000,0x000000,0x000000,0x000000,0x000000,0x000000,0x000000,0x000000,0x000000,
0x000000,0x000000,0x000000,0x000000,0x000000,0x000000,0x000000,0x000000,0x000000,0x000000,0x010000,0x000000,
0x000000,0x000000,0x000000,0x000000,0x000000,0x000000,0x000000,0x000000,0x000000,0x000000,0x000000,0x000000,
0x000000,0x000000,0x000000,0x000000,0x000000,0x000000,0x000000,0x000000,0x000000,0x000000,0x000000,0x000000,
0x000000,0x000000,0x000000,0x000000,0x000000,0x000000,0x000000,0x000000,0x000000,0x000000,0x000000,0x000000,
0x000000,0x000000,0x000000,0x000000,0x000000,0x000000,0x000000,0x000000,0x000000,0x000000,0x000000,0x000000,
0x000000,0x000000,0x000000,0x000000,0x000000,0x000000,0x000000,0x000000,0x000000,0x000000,0x000000,0x000000,
0x000000,0x000000,0x000000,0x010000,0x000000,0x000000,0x000000,0x000000,0x000000,0x000000,0x000000,0x000000,
0x000000,0x000000,0x000000,0x000000,0x000000,0x000000,0x000000,0x000000,0x000000,0x000000,0x000000,0x0C0D0C,
0x696969,0xDDDDDD,0xFFFFFF,0xFFFFFF,0xFEFEFE,0xFEFEFE,0xFFFEFF,0xFEFEFE,0xFEFEFE,0xFEFEFE,0xFEFEFE,0xFFFEFF,
0xFEFEFE,0xFEFEFE,0xFEFEFE,0xFEFEFE,0xFEFEFE,0xFEFEFE,0xFEFEFE,0xFEFEFE,0xFEFEFE,0xFEFEFE,0xFEFEFE,0xFEFDFE,
0xFDFDFE,0xFEFEFE,0xFEFEFE,0xFEFEFE,0xFEFEFE,0xFEFDFE,0xFEFEFE,0xFEFFFF,0xFFFFFF,0xFEFEFE,0xFEFEFE,0xFEFEFE,
0xFFFFFF,0xE8E8E8,0x222221,0x000000,0x000000,0x000000,0x000000,0x000000,0x000000,0x000000,0x000000,0x000000,
0x000000,0x000000,0x000000,0x000000,0x000000,0x000000,0x000000,0x010100,0x000000,0x000000,0x000000,0x000000,
0x000000,0x000000,0x000000,0x010000,0x000000,0x000000,0x000000,0x000000,0x000000,0x000000,0x000000,0x000000,
0x000000,0x000000,0x000000,0x000000,0x000000,0x000000,0x000000,0x000000,0x000000,0x000000,0x000000,0x000000,
0x4C4C4C,0xFDFDFD,0xFFFEFF,0xFEFEFE,0xFEFEFE,0xFEFEFE,0xFFFEFF,0xFFFEFF,0xFEFEFE,0xFFFFFF,0xEDEDED,0x252525,
0x000000,0x000000,0x000000,0x000000,0x000000,0x000000,0x000000,0x000000,0x000000,0x000000,0x000000,0x000000,
0x000000,0x000000,0x000000,0x000000,0x000000,0x000000,0x000000,0x000000,0x000000,0x000000,0x000000,0x000000,
0x000000,0x000000,0x000000,0x000000,0x000000,0x000000,0x000000,0x000000,0x000000,0x000000,0x000000,0x000000,
0x000000,0x000000,0x030303,0xBBBABB,0xFFFFFF,0xFEFEFE,0xFEFDFE,0xFEFEFE,0xFFFEFF,0xFEFEFE,0xFEFEFE,0xFFFEFF,
0xFFFFFF,0x9B9B9B,0x000000,0x000000,0x000000,0x000000,0x000000,0x000000,0x000000,0x000000,0x000000,0x000000,
0x000000,0x000000,0x000000,0x000000,0x000000,0x000000,0x000000,0x000000,0x000000,0x000000,0x000000,0x000000,
0x000000,0x000000,0x000000,0x000000,0x000000,0x000000,0x000000,0x000000,0x000000,0x000000,0x000000,0x000000,
0x000000,0x000000,0x010000,0x000000,0x000000,0x000000,0x000000,0x000000,0x010000,0x000000,0x000000,0x000000,
0x000000,0x000000,0x000000,0x000000,0x000000,0x000000,0x000000,0x000000,0x010000,0x000000,0x000000,0x000000,
0x000000,0x000000,0x010100,0x010100,0x000000,0x000000,0x000000,0x000000,0x000000,0x000000,0x000000,0x000000,
0x000000,0x000000,0x000000,0x000000,0x000000,0x010000,0x010000,0x000000,0x000000,0x000000,0x000000,0x010000,
0x000000,0x000000,0x000000,0x000000,0x000000,0x000000,0x000000,0x010000,0x000000,0x000000,0x000000,0x000000,
0x000000,0x000000,0x000000,0x000000,0x000000,0x000000,0x000000,0x000000,0x000000,0x000000,0x000000,0x010000,
0x000000,0x000000,0x000000,0x000000,0x000000,0x1B1B1B,0x929192,0xF7F7F7,0xFFFFFF,0xFDFDFD,0xFEFDFE,0xFEFEFE,
0xFEFEFE,0xFEFEFE,0xFEFEFE,0xFFFEFF,0xFFFEFE,0xFEFEFE,0xFEFEFE,0xFEFDFE,0xFEFEFE,0xFEFEFE,0xFEFEFE,0xFEFEFE,
0xFEFEFE,0xFEFEFE,0xFDFEFE,0xFDFDFD,0xFEFDFE,0xFEFEFE,0xFEFEFE,0xFFFEFE,0xFEFDFE,0xFEFEFE,0xFEFEFE,0xFFFFFF,
0xFEFEFE,0xFEFDFE,0xFDFDFD,0xFEFDFE,0xFEFEFE,0xFFFFFF,0x828282,0x000000,0x000000,0x000000,0x000000,0x000000,
0x000000,0x000000,0x010000,0x000000,0x000000,0x000000,0x000000,0x000000,0x000000,0x000000,0x000000,0x010100,
0x000000,0x000000,0x000000,0x000000,0x000000,0x000000,0x000000,0x000000,0x000000,0x000000,0x000000,0x000000,
0x000000,0x000000,0x000000,0x000000,0x000000,0x000000,0x000000,0x010000,0x000000,0x000000,0x000000,0x000000,
0x000000,0x000000,0x000000,0x000000,0x8A898A,0xFFFFFF,0xFEFEFE,0xFFFEFF,0xFFFEFF,0xFEFEFE,0xFEFEFE,0xFEFDFE,
0xFDFDFD,0xFFFFFF,0xC5C6C5,0x080807,0x000000,0x000000,0x000000,0x000000,0x000000,0x000000,0x000000,0x000000,
0x000000,0x000000,0x000000,0x000000,0x000000,0x000000,0x000000,0x000000,0x000000,0x000000,0x000000,0x000000,
0x000000,0x000000,0x000000,0x000000,0x000000,0x000000,0x000000,0x000000,0x000000,0x000000,0x000000,0x000000,
0x000000,0x000000,0x000000,0x000000,0x000000,0x000000,0x000000,0x807F80,0xFFFFFF,0xFEFDFE,0xFEFEFE,0xFEFEFE,
0xFEFEFE,0xFEFEFE,0xFEFEFE,0xFEFEFE,0xFFFFFF,0xD6D7D6,0x0F0F0F,0x000000,0x000000,0x000000,0x000000,0x000000,
0x000000,0x000000,0x010000,0x000000,0x000000,0x000000,0x000000,0x000000,0x000000,0x000000,0x000000,0x000000,
0x000000,0x000000,0x000000,0x000000,0x000000,0x000000,0x000000,0x000000,0x000000,0x000000,0x000000,0x000000,
0x000000,0x010000,0x000000,0x000000,0x000000,0x000000,0x000000,0x000000,0x010000,0x000000,0x000000,0x000000,
0x000000,0x000000,0x000000,0x000000,0x000000,0x000000,0x000000,0x000000,0x000000,0x000000,0x000000,0x000000,
0x000000,0x000000,0x000000,0x000000,0x000000,0x000000,0x000000,0x000000,0x000000,0x000000,0x000000,0x000000,
0x000000,0x000000,0x000000,0x000000,0x000000,0x000000,0x000000,0x000000,0x000000,0x000000,0x000000,0x000000,
0x000000,0x000000,0x000000,0x000000,0x000000,0x000000,0x000000,0x000000,0x000000,0x000000,0x000000,0x000000,
0x000000,0x000000,0x000000,0x000000,0x000000,0x000000,0x000000,0x000000,0x000000,0x000000,0x000000,0x000000,
0x000000,0x000000,0x000000,0x000000,0x000000,0x000000,0x000000,0x000100,0x010100,0x000000,0x000000,0x494949,
0xDAD9D9,0xFFFFFF,0xFEFEFE,0xFEFEFE,0xFFFEFF,0xFEFEFE,0xFFFEFF,0xFEFEFE,0xFDFDFD,0xFEFEFE,0xFEFEFE,0xFEFEFE,
0xFEFEFE,0xFEFDFE,0xFEFEFE,0xFEFEFE,0xFEFEFE,0xFEFDFE,0xFEFDFD,0xFEFEFD,0xFEFEFE,0xFEFEFE,0xFEFEFE,0xFEFEFE,
0xFEFDFE,0xFEFEFF,0xFFFEFF,0xFFFFFF,0xFDFDFE,0xFDFDFE,0xFDFDFE,0xFEFEFE,0xFFFFFF,0xFFFFFF,0xE2E2E2,0x1D1D1D,
0x000000,0x000000,0x000000,0x000000,0x000000,0x000000,0x000000,0x010000,0x000000,0x000000,0x000000,0x000000,
0x000000,0x000000,0x000000,0x000000,0x000000,0x000000,0x000000,0x000000,0x000000,0x000000,0x000000,0x000000,
0x000000,0x000000,0x000000,0x000000,0x000000,0x000000,0x000000,0x000000,0x000000,0x000000,0x000000,0x000000,
0x000000,0x000000,0x000000,0x000000,0x000000,0x000000,0x000000,0x080808,0xC9C9C9,0xFFFFFF,0xFEFEFE,0xFEFEFE,
0xFFFEFF,0xFEFDFE,0xFEFDFE,0xFFFEFF,0xFEFEFE,0xFFFFFF,0x8F8F8F,0x000000,0x000000,0x000000,0x000000,0x000000,
0x000000,0x000000,0x000000,0x000000,0x000000,0x000000,0x000000,0x000000,0x000000,0x000000,0x000000,0x000000,
0x000000,0x000000,0x000000,0x000000,0x000000,0x000000,0x000000,0x000000,0x000000,0x000000,0x000000,0x000000,
0x000000,0x000000,0x000000,0x000000,0x000000,0x000000,0x000000,0x000000,0x000000,0x000000,0x000000,0x434343,
0xFAFAFA,0xFFFFFF,0xFEFEFE,0xFEFEFE,0xFEFEFE,0xFDFDFD,0xFEFDFE,0xFEFEFE,0xFFFFFF,0xFAFAFA,0x3E3E3E,0x000000,
0x000000,0x000000,0x000000,0x000000,0x000000,0x000000,0x000000,0x000000,0x000000,0x000000,0x000000,0x000000,
0x000000,0x000000,0x000000,0x000000,0x000000,0x000000,0x000000,0x000000,0x000000,0x000000,0x000000,0x000000,
0x000000,0x000000,0x000000,0x010000,0x010000,0x000000,0x000000,0x000000,0x000000,0x000000,0x000000,0x000000,
0x000000,0x000000,0x000000,0x000000,0x000000,0x010000,0x000000,0x000000,0x000000,0x000000,0x000000,0x000000,
0x000000,0x000000,0x000000,0x000000,0x000000,0x000000,0x000000,0x000000,0x000000,0x000000,0x000000,0x000000,
0x000000,0x000000,0x000000,0x000000,0x000000,0x000000,0x000000,0x000000,0x000000,0x000000,0x000000,0x000000,
0x000000,0x000000,0x000000,0x000000,0x000000,0x000000,0x000000,0x010101,0x000000,0x000000,0x000000,0x000000,
0x000000,0x000000,0x000000,0x000000,0x000000,0x000000,0x000000,0x000000,0x000000,0x000000,0x000000,0x000000,
0x000000,0x000000,0x000000,0x000000,0x000000,0x000000,0x000000,0x000000,0x000000,0x000000,0x000000,0x000000,
0x000000,0x000000,0x000000,0x000000,0x222222,0xBBBBBB,0xFFFFFF,0xFFFFFF,0xFEFEFE,0xFFFFFF,0xFEFEFE,0xFFFDFE,
0xFEFDFE,0xFEFEFE,0xFEFEFE,0xFEFEFE,0xFEFEFE,0xFEFEFE,0xFEFEFE,0xFEFEFE,0xFEFEFE,0xFFFEFF,0xFFFEFE,0xFEFEFE,
0xFEFEFE,0xFEFEFE,0xFEFEFE,0xFEFDFE,0xFEFEFE,0xFFFEFF,0xFCFBFC,0xD4D3D3,0xFBFBFC,0xFEFDFE,0xFEFEFE,0xFEFFFF,
0xFEFEFE,0xFFFFFF,0xFFFFFF,0x6D6D6D,0x000000,0x000000,0x000000,0x000000,0x000000,0x000000,0x000000,0x000000,
0x000000,0x000000,0x000000,0x000000,0x000000,0x010000,0x000000,0x000000,0x010000,0x000000,0x000000,0x000000,
0x000000,0x000000,0x010000,0x000000,0x000000,0x000000,0x000000,0x000000,0x000000,0x000000,0x000000,0x000000,
0x000000,0x000000,0x000000,0x000000,0x000000,0x000000,0x000000,0x000000,0x000000,0x000000,0x000000,0x2F2F30,
0xF3F3F3,0xFFFFFF,0xFEFEFE,0xFEFEFE,0xFEFEFE,0xFEFEFE,0xFEFDFE,0xFFFEFF,0xFFFFFF,0xFDFEFD,0x4D4D4D,0x000000,
0x000000,0x000000,0x000000,0x000000,0x000000,0x000000,0x000000,0x000000,0x000000,0x000000,0x000000,0x000000,
0x000000,0x000000,0x000000,0x000000,0x000000,0x000000,0x000000,0x000000,0x000000,0x000000,0x000000,0x000000,
0x000000,0x000000,0x000000,0x000000,0x000000,0x000000,0x000000,0x000000,0x000000,0x000000,0x000000,0x000000,
0x000000,0x000000,0x000000,0x111011,0xD8D8D8,0xFFFFFF,0xFEFEFE,0xFEFEFE,0xFEFEFE,0xFFFEFF,0xFEFEFE,0xFEFEFE,
0xFEFEFE,0xFFFFFF,0x828282,0x000000,0x000000,0x000000,0x000000,0x000000,0x000000,0x000000,0x000000,0x000000,
0x000000,0x000000,0x000000,0x000000,0x000000,0x000000,0x000000,0x000000,0x000000,0x000000,0x000000,0x000000,
0x000000,0x000000,0x000000,0x000000,0x000000,0x000000,0x000000,0x000000,0x000000,0x000000,0x000000,0x000000,
0x000000,0x000000,0x000000,0x000000,0x000000,0x000000,0x000000,0x000000,0x000000,0x000000,0x000000,0x000000,
0x000000,0x000000,0x000000,0x000000,0x000000,0x000000,0x000000,0x000000,0x000000,0x000000,0x000000,0x000000,
0x000000,0x000000,0x000000,0x000000,0x000000,0x000000,0x000000,0x000000,0x000000,0x000000,0x000000,0x010101,
0x000000,0x000000,0x000000,0x000000,0x000000,0x000000,0x000000,0x000000,0x000000,0x000000,0x000000,0x000000,
0x010000,0x000000,0x000000,0x000000,0x000000,0x000000,0x000000,0x000000,0x000000,0x000000,0x000000,0x000000,
0x000000,0x000000,0x000000,0x000000,0x000000,0x000000,0x000000,0x000000,0x000000,0x000000,0x000000,0x000000,
0x000000,0x000000,0x000000,0x000000,0x000000,0x000000,0x010000,0x010000,0x000000,0x111111,0xA7A7A7,0xFFFFFF,
0xFEFEFE,0xFEFEFE,0xFEFDFE,0xFEFDFE,0xFEFEFE,0xFEFEFE,0xFEFDFE,0xFEFEFE,0xFEFEFE,0xFEFEFE,0xFEFEFE,0xFFFEFE,
0xFFFEFF,0xFEFDFE,0xFDFDFD,0xFEFEFE,0xFEFEFE,0xFFFEFE,0xFEFEFE,0xFEFDFE,0xFEFDFE,0xFEFDFE,0xFFFFFF,0x8B8A8A,
0x949495,0xFFFFFF,0xFFFFFF,0xFEFFFF,0xFFFFFF,0xFFFEFF,0xFFFFFF,0xBEBEBE,0x050505,0x000000,0x000000,0x000000,
0x000000,0x000000,0x000000,0x000000,0x000000,0x000000,0x000000,0x000000,0x000000,0x000000,0x000000,0x000000,
0x000000,0x000000,0x000000,0x000000,0x000000,0x000000,0x000000,0x000000,0x000000,0x000000,0x000000,0x000000,
0x000000,0x000000,0x000000,0x000000,0x000000,0x000000,0x000000,0x000000,0x000000,0x000000,0x000000,0x000000,
0x000000,0x000000,0x000000,0x6E6E6E,0xFFFFFF,0xFEFEFF,0xFEFEFE,0xFEFEFE,0xFEFEFE,0xFEFEFE,0xFEFEFE,0xFFFFFF,
0xFFFFFF,0xE1E1E1,0x171717,0x000000,0x000000,0x000000,0x000000,0x000000,0x000000,0x000000,0x000000,0x000000,
0x000000,0x000000,0x000000,0x000000,0x000000,0x000000,0x000000,0x000000,0x000000,0x000000,0x000000,0x000000,
0x000000,0x000000,0x000000,0x000000,0x000000,0x000000,0x000000,0x000000,0x000000,0x000000,0x000000,0x000000,
0x000000,0x000000,0x000000,0x000000,0x000000,0x000000,0x000000,0x000000,0x9D9C9E,0xFFFFFF,0xFEFEFE,0xFEFEFE,
0xFEFEFE,0xFEFEFE,0xFEFEFE,0xFEFEFE,0xFFFEFF,0xFFFFFF,0xCACAC9,0x080707,0x000000,0x000000,0x000000,0x000000,
0x000000,0x000000,0x000000,0x000000,0x000000,0x000000,0x000000,0x000000,0x000000,0x000000,0x000000,0x000000,
0x000000,0x000000,0x000000,0x000000,0x000000,0x000000,0x000000,0x000000,0x000000,0x000000,0x000000,0x000000,
0x000000,0x000000,0x000000,0x000000,0x000000,0x000000,0x000000,0x000000,0x000000,0x000000,0x000000,0x000000,
0x000000,0x000000,0x000000,0x000000,0x000000,0x000000,0x000000,0x000000,0x000000,0x000000,0x000000,0x000000,
0x000000,0x000000,0x000000,0x000000,0x000000,0x000000,0x000000,0x000000,0x010000,0x000000,0x000000,0x000000,
0x000000,0x000000,0x000000,0x010100,0x000000,0x000000,0x000000,0x000000,0x000000,0x000000,0x000000,0x000000,
0x000000,0x000000,0x000000,0x000000,0x000000,0x000000,0x000000,0x000000,0x000000,0x000000,0x000000,0x000000,
0x000000,0x000000,0x000000,0x000000,0x000000,0x000000,0x000000,0x000000,0x000000,0x000000,0x000000,0x000000,
0x000000,0x000000,0x000000,0x000000,0x000000,0x000000,0x000000,0x000000,0x000000,0x000000,0x000000,0x010000,
0x000000,0x000000,0x0C0B0B,0xA9A8A8,0xFFFFFF,0xFEFDFE,0xFEFEFE,0xFEFEFE,0xFEFEFE,0xFFFEFF,0xFFFEFF,0xFFFEFF,
0xFEFEFE,0xFEFEFE,0xFEFEFE,0xFFFEFE,0xFEFEFE,0xFEFEFE,0xFEFEFE,0xFFFEFE,0xFEFEFE,0xFEFEFE,0xFEFEFE,0xFEFDFE,
0xFEFEFE,0xFFFFFF,0xFFFFFF,0xC1C0C0,0x131210,0xB9B9B9,0xFFFFFF,0xFEFEFE,0xFEFDFE,0xFDFDFD,0xFFFFFF,0xF2F3F3,
0x313131,0x000000,0x000000,0x000000,0x000000,0x000000,0x000000,0x000000,0x000000,0x000000,0x010000,0x000000,
0x000000,0x000000,0x000000,0x000000,0x000000,0x000000,0x000000,0x000000,0x000000,0x000000,0x000000,0x000000,
0x000000,0x000000,0x000000,0x000000,0x000000,0x000000,0x000000,0x000000,0x000000,0x000000,0x000000,0x000000,
0x000000,0x000000,0x000000,0x000000,0x010100,0x000000,0x030303,0xB8B8B8,0xFFFFFF,0xFEFEFE,0xFEFDFE,0xFFFEFF,
0xFEFEFE,0xFEFFFE,0xFEFFFF,0xFFFFFF,0xFFFFFF,0xA7A7A7,0x010101,0x000000,0x000000,0x000000,0x000000,0x000000,
0x000000,0x000000,0x000000,0x000000,0x000000,0x000000,0x000000,0x000000,0x000000,0x000000,0x000000,0x000000,
0x000000,0x000000,0x000000,0x000000,0x000000,0x000000,0x000000,0x000000,0x000000,0x000000,0x000000,0x000000,
0x000000,0x000000,0x000000,0x000000,0x000000,0x000000,0x000000,0x000000,0x000000,0x000000,0x000000,0x000000,
0x595959,0xFEFEFE,0xFFFFFF,0xFEFEFE,0xFEFEFE,0xFEFEFE,0xFFFEFF,0xFEFEFE,0xFFFEFF,0xFFFFFF,0xF8F8F7,0x383838,
0x000000,0x000000,0x000000,0x000000,0x000000,0x000000,0x000000,0x000000,0x000000,0x000000,0x000000,0x000000,
0x000000,0x000000,0x000000,0x000000,0x000000,0x000000,0x000000,0x000000,0x000000,0x000000,0x000000,0x000000,
0x000000,0x000000,0x000000,0x000000,0x000000,0x000000,0x000000,0x000000,0x000000,0x000000,0x000000,0x000000,
0x000000,0x000000,0x000000,0x000000,0x000000,0x000000,0x000000,0x000000,0x000000,0x000000,0x000000,0x000000,
0x000000,0x000000,0x000000,0x000000,0x000000,0x000000,0x000000,0x000000,0x000000,0x000000,0x000000,0x000000,
0x000000,0x000000,0x000000,0x000000,0x000000,0x000000,0x000000,0x000000,0x000000,0x000000,0x010000,0x000000,
0x000000,0x000000,0x000000,0x000000,0x000000,0x000000,0x000000,0x000000,0x000000,0x000000,0x000000,0x000000,
0x000000,0x000000,0x000000,0x000000,0x000000,0x000000,0x000000,0x000000,0x000000,0x000000,0x000100,0x000000,
0x000000,0x000000,0x000000,0x000000,0x000000,0x000000,0x000000,0x000000,0x000000,0x000000,0x000000,0x000000,
0x000000,0x000000,0x000000,0x010000,0x000000,0x000000,0x000000,0x121212,0xC5C4C5,0xFFFFFF,0xFEFEFE,0xFFFEFF,
0xFFFEFF,0xFEFEFE,0xFEFEFE,0xFEFEFE,0xFFFEFF,0xFDFEFD,0xFEFEFE,0xFEFEFE,0xFEFEFE,0xFEFEFE,0xFEFEFE,0xFEFEFE,
0xFEFDFE,0xFEFEFE,0xFEFEFE,0xFEFEFE,0xFEFEFE,0xFFFFFF,0xFFFFFF,0xEDEDED,0x1D1D1C,0x1C1C1C,0xD8D8D8,0xFFFFFF,
0xFDFDFD,0xFEFEFE,0xFFFFFF,0xFFFFFF,0x707171,0x000000,0x000000,0x000000,0x000000,0x000000,0x000000,0x000000,
0x000000,0x000000,0x000000,0x000000,0x000000,0x000000,0x000000,0x000000,0x000000,0x000000,0x000000,0x000000,
0x010100,0x000000,0x000000,0x000000,0x000000,0x000000,0x000000,0x000000,0x000000,0x000000,0x000000,0x000000,
0x000000,0x000000,0x000000,0x000000,0x000000,0x000000,0x000000,0x000000,0x000000,0x000000,0x282728,0xEFEFEF,
0xFFFFFF,0xFEFEFE,0xFFFEFF,0xFEFEFE,0xFEFDFE,0xFEFEFE,0xFEFEFE,0xFFFFFF,0xFFFFFF,0x5F5F5F,0x000000,0x000000,
0x000000,0x000000,0x000000,0x000000,0x000000,0x000000,0x000000,0x000000,0x000000,0x000000,0x000000,0x000000,
0x000000,0x000000,0x000000,0x000000,0x000000,0x000000,0x000000,0x000000,0x000000,0x000000,0x000000,0x000000,
0x000000,0x000000,0x000000,0x000000,0x000000,0x000000,0x000000,0x000000,0x000000,0x000000,0x000000,0x000000,
0x000000,0x000000,0x000000,0x000000,0x202020,0xE8E8E9,0xFFFFFF,0xFEFEFE,0xFEFDFE,0xFEFEFE,0xFEFEFE,0xFEFEFE,
0xFEFEFE,0xFFFEFE,0xFFFFFF,0x848484,0x000000,0x000000,0x000000,0x000000,0x000000,0x000000,0x000000,0x000000,
0x000000,0x000000,0x000000,0x000000,0x000000,0x000000,0x000000,0x000000,0x000000,0x000000,0x000000,0x000000,
0x000000,0x000000,0x000000,0x010101,0x000101,0x000000,0x000000,0x000000,0x000000,0x000000,0x000000,0x000000,
0x000000,0x000000,0x000000,0x000000,0x000000,0x000000,0x000000,0x000000,0x000000,0x000000,0x000000,0x000000,
0x000000,0x000000,0x000000,0x000000,0x000000,0x000000,0x000000,0x000000,0x000000,0x000000,0x000000,0x000000,
0x000000,0x000000,0x000000,0x000000,0x000000,0x000000,0x000000,0x000000,0x000000,0x000000,0x000000,0x000000,
0x000000,0x000000,0x000000,0x000000,0x000000,0x000000,0x000000,0x000000,0x000000,0x000000,0x000000,0x000000,
0x000000,0x000000,0x000000,0x000000,0x000000,0x000000,0x000000,0x000000,0x000000,0x000000,0x000000,0x000000,
0x000000,0x000000,0x000000,0x000000,0x000000,0x000000,0x000000,0x000000,0x000000,0x000000,0x000000,0x000000,
0x000000,0x000000,0x000000,0x000000,0x000000,0x000000,0x000000,0x000000,0x000000,0x000000,0x000000,0x000000,
0x323132,0xEAEAEA,0xFFFFFF,0xFEFEFE,0xFEFEFE,0xFEFEFE,0xFEFEFE,0xFDFDFD,0xFEFEFE,0xFEFEFE,0xFEFDFE,0xFEFEFE,
0xFEFEFE,0xFEFEFE,0xFEFEFE,0xFEFEFE,0xFEFEFE,0xFEFEFE,0xFEFEFE,0xFEFEFE,0xFFFEFF,0xFEFEFF,0xFFFEFF,0xFDFCFD,
0x4B4B4B,0x000000,0x4F4F4F,0xFAFAFA,0xFFFFFF,0xFFFFFF,0xFFFFFF,0xFFFFFF,0xADADAD,0x000000,0x000000,0x000000,
0x000000,0x000000,0x000000,0x000000,0x000000,0x000000,0x000000,0x000000,0x000000,0x000000,0x000000,0x000000,
0x000000,0x000000,0x000000,0x000000,0x000000,0x000000,0x000000,0x000000,0x000000,0x000000,0x000000,0x000000,
0x000000,0x000000,0x000000,0x000000,0x000000,0x000000,0x000000,0x000000,0x000000,0x000000,0x000000,0x000000,
0x000000,0x000000,0x69696A,0xFFFFFF,0xFFFFFF,0xFFFFFF,0xFFFEFF,0xFEFDFE,0xFDFDFD,0xFEFEFE,0xFEFEFE,0xFFFFFF,
0xEBECEB,0x232423,0x000000,0x000000,0x000000,0x000000,0x000000,0x000000,0x000000,0x000000,0x000000,0x000000,
0x000000,0x000000,0x000000,0x000000,0x000000,0x000000,0x000000,0x000000,0x000000,0x000000,0x000000,0x000000,
0x000000,0x000000,0x000000,0x000000,0x000000,0x000000,0x000000,0x000000,0x000000,0x000000,0x000000,0x000000,
0x000000,0x000000,0x000000,0x000000,0x000000,0x000000,0x000000,0x000000,0x010101,0xAFAFB0,0xFFFFFF,0xFEFEFE,
0xFEFEFE,0xFEFEFE,0xFEFEFE,0xFEFEFE,0xFEFEFE,0xFEFEFE,0xFFFFFF,0xD0D0D0,0x0C0C0C,0x000000,0x000000,0x000000,
0x000000,0x000000,0x000000,0x010000,0x000000,0x000000,0x000000,0x000000,0x000000,0x000000,0x000000,0x000000,
0x000000,0x000000,0x000000,0x000000,0x000000,0x000000,0x000000,0x000000,0x000000,0x000000,0x000000,0x000000,
0x000000,0x000000,0x000000,0x000000,0x000000,0x000000,0x000000,0x000000,0x000000,0x000000,0x000000,0x000000,
0x000000,0x000000,0x000000,0x000000,0x000000,0x000000,0x000000,0x000000,0x000000,0x000000,0x000000,0x000000,
0x010000,0x000000,0x000000,0x000000,0x000000,0x000000,0x000000,0x000000,0x000000,0x000000,0x000000,0x000000,
0x000000,0x000000,0x000000,0x000000,0x000000,0x000000,0x000000,0x000000,0x000000,0x000000,0x000000,0x000000,
0x000000,0x000000,0x000000,0x000000,0x000000,0x000000,0x000000,0x000000,0x000000,0x000000,0x010100,0x000000,
0x000000,0x000000,0x000000,0x000000,0x000000,0x000000,0x000000,0x000000,0x000000,0x000000,0x000000,0x000000,
0x000000,0x000000,0x000000,0x000000,0x000000,0x000000,0x000000,0x000000,0x000000,0x000000,0x000000,0x000000,
0x000000,0x000000,0x000000,0x010000,0x000000,0x767576,0xFFFFFF,0xFFFEFF,0xFEFEFE,0xFEFEFE,0xFEFEFE,0xFEFEFE,
0xFEFEFE,0xFEFEFE,0xFEFEFE,0xFEFEFE,0xFEFEFE,0xFEFEFE,0xFFFEFF,0xFFFEFF,0xFEFDFE,0xFEFEFE,0xFEFEFE,0xFEFEFE,
0xFFFEFF,0xFEFEFE,0xFEFDFE,0xFFFFFF,0x7C7D7D,0x000000,0x020201,0xA1A1A1,0xFFFFFF,0xFEFEFE,0xFEFDFE,0xFFFFFF,
0xDDDCDC,0x141414,0x000000,0x000000,0x000000,0x000000,0x000000,0x000000,0x000000,0x000000,0x000000,0x000000,
0x000000,0x000000,0x000000,0x000000,0x000000,0x000000,0x000000,0x000000,0x000000,0x000000,0x000000,0x000000,
0x000000,0x000000,0x010000,0x000000,0x000000,0x000000,0x000000,0x000000,0x000000,0x000000,0x000000,0x000000,
0x000000,0x000000,0x000000,0x000000,0x000000,0x020202,0xB6B6B7,0xFFFFFF,0xFEFEFE,0xFFFFFF,0xFFFFFF,0xFEFEFE,
0xFEFEFE,0xFEFEFE,0xFEFEFE,0xFFFFFF,0xB7B7B7,0x030303,0x000000,0x000000,0x000000,0x000000,0x000000,0x000000,
0x000000,0x000000,0x000000,0x000000,0x000000,0x000000,0x000000,0x000000,0x000000,0x000000,0x000000,0x000000,
0x000000,0x000000,0x000000,0x000000,0x000000,0x000000,0x000000,0x000000,0x000000,0x000000,0x000000,0x000000,
0x000000,0x000000,0x000000,0x000000,0x000000,0x000000,0x000000,0x000000,0x000000,0x000000,0x000000,0x000000,
0x000000,0x616061,0xFFFFFF,0xFEFEFE,0xFEFEFE,0xFEFEFE,0xFEFEFE,0xFFFFFF,0xFFFEFF,0xFFFFFF,0xFFFFFF,0xFCFCFC,
0x454545,0x000000,0x000000,0x000000,0x000000,0x000000,0x000000,0x000000,0x000000,0x000000,0x000000,0x000000,
0x000000,0x000000,0x010000,0x000000,0x000000,0x000000,0x000000,0x000000,0x000000,0x000000,0x000000,0x000000,
0x000000,0x000000,0x000000,0x000000,0x000000,0x000000,0x000000,0x000000,0x000000,0x000000,0x000000,0x000000,
0x000000,0x000000,0x000000,0x000000,0x000000,0x000000,0x000000,0x000000,0x000000,0x000000,0x000000,0x000000,
0x000000,0x000000,0x000000,0x000000,0x000000,0x000000,0x000000,0x000000,0x000000,0x000000,0x000000,0x000000,
0x000000,0x000000,0x010000,0x000000,0x000000,0x000000,0x000000,0x000000,0x000000,0x000000,0x000000,0x000000,
0x000000,0x000000,0x000000,0x000000,0x000000,0x000000,0x000000,0x000000,0x000000,0x000000,0x000000,0x000000,
0x000000,0x000000,0x000000,0x000000,0x000000,0x000000,0x000000,0x000000,0x000000,0x000000,0x000000,0x000000,
0x000000,0x000000,0x000000,0x000000,0x000000,0x000000,0x000000,0x000000,0x000000,0x000000,0x000000,0x000000,
0x000000,0x000000,0x000000,0x000000,0x000000,0x000000,0x010000,0x000000,0x000000,0x0F0E0E,0xCCCCCD,0xFFFFFF,
0xFEFDFE,0xFEFEFE,0xFEFEFE,0xFEFEFE,0xFEFEFE,0xFEFDFE,0xFEFEFE,0xFEFEFE,0xFEFEFE,0xFEFEFE,0xFEFEFE,0xFEFEFE,
0xFEFEFE,0xFEFEFE,0xFEFEFE,0xFEFEFE,0xFEFDFE,0xFDFCFD,0xFEFDFE,0xFFFFFF,0xA6A6A6,0x000000,0x000000,0x222222,
0xE3E3E3,0xFFFEFF,0xFDFDFD,0xFFFFFF,0xF7F7F7,0x393939,0x000000,0x000000,0x000000,0x000000,0x000000,0x000000,
0x000000,0x000000,0x000000,0x000000,0x000000,0x000000,0x000000,0x010000,0x000000,0x000000,0x000000,0x000000,
0x000000,0x000000,0x000000,0x000000,0x010000,0x000000,0x010000,0x010101,0x000000,0x000000,0x000000,0x000000,
0x000000,0x000000,0x000000,0x000000,0x000000,0x000000,0x000000,0x000000,0x000000,0x2C2B2C,0xF0EFF0,0xFFFEFF,
0xFEFEFE,0xFEFEFE,0xFEFFFE,0xFFFEFF,0xFEFEFE,0xFFFEFF,0xFFFFFF,0xFFFFFF,0x696969,0x000000,0x000000,0x000000,
0x000000,0x000000,0x000000,0x000000,0x000000,0x000000,0x000000,0x000000,0x000000,0x000000,0x000000,0x000000,
0x000000,0x000000,0x000000,0x000000,0x000000,0x000000,0x000000,0x000000,0x000000,0x000000,0x000000,0x000000,
0x000000,0x000000,0x000000,0x000000,0x000000,0x000000,0x000000,0x000000,0x000000,0x000000,0x000000,0x000000,
0x000000,0x000000,0x000000,0x000000,0x000000,0x1D1D1D,0xE6E5E6,0xFFFFFF,0xFEFEFF,0xFFFFFF,0xFFFEFF,0xFEFEFE,
0xFEFEFE,0xFEFEFE,0xFEFEFF,0xFFFFFF,0x9B9B9B,0x000000,0x000000,0x000000,0x000000,0x000000,0x000000,0x000000,
0x000000,0x000000,0x000000,0x000000,0x000000,0x000000,0x000000,0x000100,0x000000,0x000000,0x000000,0x000000,
0x000000,0x000000,0x000000,0x000000,0x000000,0x000000,0x000000,0x000000,0x000000,0x000000,0x000000,0x000000,
0x000000,0x000000,0x000000,0x000000,0x000000,0x000000,0x000000,0x000000,0x000000,0x000000,0x000000,0x000000,
0x000000,0x000000,0x000000,0x000000,0x000000,0x000000,0x000000,0x000000,0x000000,0x000000,0x000000,0x000000,
0x000000,0x000000,0x000000,0x000000,0x000000,0x000000,0x000000,0x000000,0x000000,0x000000,0x000000,0x000000,
0x000000,0x000000,0x000000,0x000000,0x000000,0x000000,0x000000,0x000000,0x000000,0x000000,0x000000,0x000000,
0x000000,0x000000,0x000000,0x000000,0x000000,0x000000,0x000000,0x000000,0x000000,0x000000,0x000000,0x000000,
0x000000,0x000000,0x000000,0x000000,0x000000,0x000000,0x000000,0x000000,0x000000,0x000000,0x000000,0x000000,
0x000000,0x000000,0x000000,0x000000,0x000000,0x000000,0x000000,0x000000,0x000000,0x000000,0x000000,0x010000,
0x000000,0x000000,0x6A696A,0xFFFFFF,0xFEFDFE,0xFEFEFE,0xFFFEFE,0xFEFEFF,0xFEFEFE,0xFEFDFE,0xFEFEFE,0xFEFEFE,
0xFEFEFE,0xFEFEFE,0xFEFEFE,0xFEFEFE,0xFFFEFF,0xFEFEFE,0xFEFEFE,0xFFFEFF,0xFFFDFF,0xFDFDFD,0xFEFDFE,0xFFFFFF,
0xBFBFBF,0x040404,0x000000,0x000000,0x7C7B7C,0xFFFFFF,0xFFFFFF,0xFFFFFF,0xFFFFFF,0x5E5E5E,0x000000,0x000000,
0x000000,0x000000,0x000000,0x000000,0x000000,0x000000,0x000000,0x000000,0x000000,0x000000,0x000000,0x000000,
0x000000,0x000000,0x000000,0x000000,0x000000,0x000000,0x000000,0x000000,0x010000,0x000000,0x000000,0x000000,
0x000000,0x000000,0x000000,0x000000,0x000000,0x000000,0x000000,0x000000,0x000000,0x000000,0x000000,0x010000,
0x000000,0x7D7C7D,0xFFFFFF,0xFEFDFE,0xFEFDFE,0xFFFEFF,0xFEFEFE,0xFFFFFF,0xFFFFFF,0xFFFFFF,0xFFFFFF,0xEAEAEA,
0x222222,0x000000,0x000000,0x000000,0x000000,0x000000,0x000000,0x000000,0x000000,0x000000,0x000000,0x000000,
0x000000,0x000000,0x000000,0x000000,0x000000,0x000000,0x000000,0x000000,0x000000,0x000000,0x000000,0x000000,
0x000000,0x000000,0x000000,0x000000,0x000000,0x000000,0x000000,0x000000,0x000000,0x000000,0x000000,0x000000,
0x000000,0x000000,0x000000,0x000000,0x000000,0x000000,0x000000,0x000000,0x000000,0x000000,0xA4A3A4,0xFFFFFF,
0xFEFEFE,0xFEFEFE,0xFFFEFF,0xFEFDFE,0xFFFEFF,0xFFFEFF,0xFEFEFE,0xFFFFFF,0xE4E4E4,0x1B1B1B,0x000000,0x000000,
0x000000,0x000000,0x000000,0x000000,0x000000,0x000000,0x000000,0x000000,0x000000,0x000000,0x000000,0x000000,
0x000000,0x000000,0x000000,0x000000,0x000000,0x000000,0x000000,0x000000,0x000000,0x000000,0x000000,0x000000,
0x000000,0x000000,0x000000,0x000000,0x000000,0x000000,0x010000,0x000000,0x000000,0x000000,0x000000,0x000000,
0x000000,0x000000,0x000000,0x000000,0x000000,0x000000,0x000000,0x000000,0x010000,0x000000,0x000000,0x000000,
0x000000,0x000000,0x000000,0x000000,0x000000,0x000000,0x000000,0x000000,0x000000,0x000000,0x000000,0x000000,
0x000000,0x000000,0x000000,0x000000,0x000000,0x000000,0x000000,0x000000,0x000000,0x010000,0x010000,0x000000,
0x000000,0x000000,0x000000,0x000000,0x000000,0x000000,0x000000,0x000000,0x000000,0x000000,0x000000,0x000000,
0x000000,0x000000,0x000000,0x000000,0x000000,0x000000,0x000000,0x000000,0x000000,0x000000,0x010000,0x000000,
0x000000,0x000000,0x000000,0x000000,0x000000,0x000000,0x000000,0x000000,0x000000,0x000000,0x000000,0x000000,
0x000000,0x010000,0x000000,0x000000,0x000000,0x000000,0x212021,0xE8E7E8,0xFFFFFF,0xFEFDFE,0xFEFDFE,0xFEFEFE,
0xFEFEFE,0xFEFEFE,0xFEFEFE,0xFEFEFE,0xFEFEFE,0xFEFEFE,0xFEFEFE,0xFFFEFE,0xFEFDFE,0xFEFEFE,0xFEFEFE,0xFEFDFE,
0xFFFEFF,0xFEFEFE,0xFEFFFF,0xFFFFFF,0xD0D0CF,0x080808,0x000000,0x000000,0x1C1C1C,0xE4E3E4,0xFFFFFF,0xFEFEFE,
0xFFFFFF,0x7C7B7B,0x000000,0x000000,0x000000,0x000000,0x000000,0x000000,0x000000,0x000000,0x000000,0x000000,
0x000000,0x000000,0x000000,0x000000,0x000000,0x000000,0x000000,0x010100,0x000000,0x000000,0x000000,0x000000,
0x000000,0x000000,0x000000,0x000000,0x000000,0x000000,0x000000,0x010000,0x010000,0x000000,0x000000,0x000000,
0x000000,0x000000,0x000000,0x000000,0x0B0B0B,0xCFCFCF,0xFFFFFF,0xFEFEFE,0xFEFDFE,0xFFFEFF,0xFEFDFE,0xFEFEFE,
0xFFFFFE,0xFFFFFF,0xFFFFFF,0xACACAC,0x010101,0x000000,0x000000,0x000000,0x000000,0x000000,0x000000,0x000000,
0x000000,0x000000,0x000000,0x000000,0x000000,0x000000,0x000000,0x000000,0x000000,0x000000,0x000000,0x000000,
0x000000,0x000000,0x000000,0x000000,0x000000,0x000000,0x000000,0x000000,0x000000,0x000000,0x000000,0x000000,
0x000000,0x000000,0x000000,0x000000,0x000000,0x000000,0x000000,0x000000,0x000000,0x000000,0x000000,0x000000,
0x000000,0x000000,0x505051,0xFDFDFD,0xFFFFFF,0xFEFEFE,0xFEFDFE,0xFEFEFE,0xFEFEFE,0xFEFEFE,0xFEFEFE,0xFEFEFE,
0xFFFFFF,0x6C6C6C,0x000000,0x000000,0x000000,0x000000,0x000000,0x000000,0x000000,0x000000,0x000000,0x000000,
0x000000,0x000000,0x000000,0x000000,0x000000,0x000000,0x000000,0x000000,0x000000,0x000000,0x000000,0x000000,
0x000000,0x000000,0x000000,0x000000,0x000000,0x000000,0x000000,0x000000,0x000000,0x000000,0x000000,0x000000,
0x000000,0x000000,0x000000,0x000000,0x000000,0x000000,0x000000,0x000000,0x000000,0x000000,0x000000,0x000000,
0x000000,0x000000,0x000000,0x000000,0x000000,0x000000,0x000000,0x000000,0x000000,0x000000,0x000000,0x000000,
0x000000,0x000000,0x000000,0x000000,0x000000,0x000000,0x000000,0x000000,0x000000,0x000000,0x000000,0x000000,
0x000000,0x000000,0x000000,0x000000,0x000000,0x000000,0x000000,0x000000,0x000000,0x000000,0x000000,0x000000,
0x000000,0x000000,0x010000,0x000000,0x000000,0x000000,0x000000,0x000000,0x000000,0x000000,0x000000,0x000000,
0x000000,0x000000,0x010000,0x000000,0x000000,0x000000,0x000000,0x000000,0x000000,0x000000,0x000000,0x000000,
0x000000,0x000000,0x000000,0x000000,0x000000,0x000000,0x000000,0x000000,0x000000,0x000000,0x020202,0xB8B8B8,
0xFFFFFF,0xFEFDFE,0xFDFCFD,0xFEFEFE,0xFFFFFF,0xFEFEFE,0xFEFEFE,0xFEFEFE,0xFEFEFE,0xFEFDFE,0xFEFEFE,0xFEFEFE,
0xFEFEFE,0xFEFEFE,0xFDFDFD,0xFDFDFD,0xFFFEFF,0xFFFFFF,0xFFFFFF,0xFFFFFF,0xDCDCDC,0x101010,0x000000,0x020100,
0x000000,0x8A8A8B,0xFFFFFF,0xFDFDFD,0xFFFFFF,0x969695,0x000000,0x000000,0x000000,0x000000,0x000000,0x000000,
0x000000,0x000000,0x000000,0x000000,0x000000,0x000000,0x000000,0x000000,0x000000,0x000000,0x000000,0x000000,
0x000000,0x000000,0x000000,0x000000,0x000000,0x000000,0x000000,0x000000,0x000000,0x000000,0x000000,0x000000,
0x000000,0x000000,0x000000,0x000000,0x000000,0x000000,0x000000,0x000000,0x474648,0xFBFBFC,0xFFFFFF,0xFFFFFF,
0xFEFEFE,0xFEFEFE,0xFEFDFE,0xFEFEFE,0xFEFEFE,0xFFFFFF,0xFEFEFE,0x5A5B5A,0x000000,0x000000,0x000000,0x000000,
0x000000,0x000000,0x000000,0x000000,0x000000,0x000000,0x000000,0x000000,0x000000,0x000000,0x000000,0x000000,
0x000000,0x000000,0x000000,0x000000,0x000000,0x000000,0x000000,0x000000,0x000000,0x000000,0x000000,0x000000,
0x000000,0x000000,0x000000,0x000000,0x000000,0x000000,0x000000,0x000000,0x000000,0x000000,0x000000,0x000000,
0x000000,0x000000,0x000000,0x000000,0x000000,0x000000,0x111010,0xD6D5D6,0xFFFFFF,0xFEFEFE,0xFEFEFE,0xFEFEFE,
0xFEFEFE,0xFEFEFE,0xFEFEFF,0xFFFEFF,0xFFFFFF,0xC6C6C7,0x080808,0x000000,0x000000,0x000000,0x000000,0x000000,
0x000000,0x000000,0x000000,0x000000,0x000000,0x000000,0x000000,0x000000,0x000000,0x000000,0x000000,0x000000,
0x000000,0x000000,0x000000,0x010000,0x000000,0x000000,0x000000,0x000000,0x000000,0x000000,0x000000,0x000000,
0x000000,0x000000,0x000000,0x000000,0x000000,0x000000,0x000000,0x000000,0x000000,0x000000,0x000000,0x000000,
0x000000,0x000000,0x000000,0x000000,0x000000,0x000000,0x000000,0x000000,0x000000,0x000000,0x000000,0x000000,
0x000000,0x000000,0x000000,0x000000,0x000000,0x000000,0x000000,0x000000,0x000000,0x000000,0x000000,0x000000,
0x000000,0x000000,0x000000,0x000000,0x000000,0x010000,0x000000,0x000000,0x000000,0x000000,0x000000,0x000000,
0x000000,0x000000,0x000000,0x000000,0x000000,0x000000,0x000000,0x000000,0x000000,0x000000,0x000000,0x000000,
0x000000,0x000000,0x000000,0x000000,0x000000,0x000000,0x000000,0x000000,0x000000,0x000000,0x000000,0x000000,
0x000000,0x000000,0x000000,0x000000,0x000000,0x000000,0x000000,0x000000,0x000000,0x000000,0x000000,0x000000,
0x000000,0x010100,0x000000,0x888888,0xFFFFFF,0xFEFEFE,0xFDFDFD,0xFEFEFE,0xFEFEFE,0xFEFEFE,0xFEFEFE,0xFEFEFE,
0xFEFEFE,0xFFFEFF,0xFEFEFE,0xFEFEFE,0xFEFEFE,0xFFFEFE,0xFEFEFE,0xFEFDFE,0xFEFEFE,0xFFFFFF,0xFFFFFF,0xFFFFFF,
0xE6E6E6,0x1B1B1B,0x000000,0x020100,0x000000,0x303031,0xF2F2F3,0xFEFEFE,0xFFFFFF,0xA9A9A9,0x000000,0x000000,
0x000000,0x000000,0x000000,0x000000,0x000000,0x000000,0x000000,0x000000,0x000000,0x000000,0x000000,0x000000,
0x000000,0x000000,0x000000,0x000000,0x000000,0x000000,0x000000,0x000000,0x000000,0x000000,0x000000,0x000000,
0x000000,0x000000,0x000000,0x000000,0x000000,0x000000,0x010100,0x000000,0x000000,0x000000,0x000000,0x010101,
0xA6A5A7,0xFFFFFF,0xFFFEFF,0xFFFFFF,0xFEFEFE,0xFEFEFE,0xFEFEFE,0xFEFDFE,0xFEFEFE,0xFFFFFF,0xE1E1E1,0x181818,
0x000000,0x000000,0x000000,0x000000,0x000000,0x000000,0x000000,0x000000,0x000000,0x000000,0x000000,0x000000,
0x000000,0x000000,0x000000,0x000000,0x000000,0x000000,0x000000,0x000000,0x000000,0x000000,0x000000,0x000000,
0x000000,0x000000,0x000000,0x000000,0x000000,0x000000,0x000000,0x000000,0x000000,0x000000,0x000000,0x000000,
0x000000,0x000000,0x000000,0x000000,0x000000,0x000000,0x000000,0x000000,0x000000,0x000000,0x000000,0x838383,
0xFFFFFF,0xFFFFFF,0xFEFEFE,0xFEFEFE,0xFEFDFE,0xFEFEFE,0xFEFEFE,0xFFFEFF,0xFFFFFF,0xFAFBFA,0x444443,0x000000,
0x000000,0x000000,0x000000,0x000000,0x000000,0x000000,0x000000,0x000000,0x000000,0x000000,0x000000,0x000000,
0x000000,0x000000,0x000000,0x000000,0x000000,0x000000,0x000000,0x000000,0x000000,0x000000,0x000000,0x000000,
0x000000,0x000000,0x000000,0x000000,0x000000,0x000000,0x000000,0x000000,0x000000,0x000000,0x000000,0x000000,
0x000000,0x000000,0x000000,0x000000,0x000000,0x000000,0x000000,0x000000,0x010101,0x000000,0x000000,0x000000,
0x000000,0x000000,0x000000,0x000000,0x000000,0x000000,0x000000,0x000000,0x000000,0x000000,0x000000,0x000000,
0x000000,0x000000,0x000000,0x000000,0x000000,0x010000,0x000000,0x000000,0x000000,0x000000,0x000000,0x000000,
0x000000,0x000000,0x000000,0x000000,0x000000,0x000000,0x000000,0x000000,0x000000,0x000000,0x000000,0x000000,
0x000000,0x000000,0x000000,0x000000,0x000000,0x000000,0x000000,0x000000,0x000000,0x000000,0x000000,0x000000,
0x000000,0x000000,0x000000,0x000000,0x000000,0x000000,0x000000,0x000000,0x000000,0x000000,0x000000,0x000000,
0x000000,0x000000,0x000000,0x000000,0x000000,0x010000,0x000000,0x646465,0xFFFFFF,0xFFFFFF,0xFEFEFE,0xFEFDFE,
0xFEFEFE,0xFEFEFE,0xFEFEFE,0xFEFEFE,0xFEFDFE,0xFEFEFE,0xFEFEFE,0xFEFEFE,0xFFFEFE,0xFFFEFE,0xFFFEFF,0xFEFEFE,
0xFFFEFF,0xFEFEFE,0xFEFEFE,0xFFFFFF,0xEBEBEB,0x212121,0x000000,0x000000,0x000000,0x050505,0xBEBEBF,0xFFFFFF,
0xFFFFFF,0xB1B1B1,0x000000,0x000000,0x000000,0x000000,0x000000,0x000000,0x000000,0x000000,0x000000,0x000000,
0x000000,0x000000,0x000000,0x000000,0x000000,0x000000,0x000000,0x000000,0x000000,0x000000,0x000000,0x000000,
0x000000,0x000000,0x000000,0x000000,0x000000,0x000000,0x010000,0x000000,0x000000,0x000000,0x000000,0x000000,
0x000000,0x000000,0x000000,0x2C2C2C,0xF0F0F0,0xFFFFFF,0xFEFDFE,0xFEFEFE,0xFEFEFE,0xFEFFFE,0xFEFEFE,0xFEFEFE,
0xFEFEFE,0xFFFFFF,0x909191,0x000000,0x000000,0x000000,0x000000,0x000000,0x000000,0x000000,0x000000,0x000000,
0x000000,0x000000,0x000000,0x000000,0x000000,0x000000,0x000000,0x000000,0x000000,0x000000,0x000000,0x000000,
0x000000,0x000000,0x000000,0x000000,0x000000,0x000000,0x000000,0x000000,0x000000,0x000000,0x000000,0x000000,
0x000000,0x000000,0x000000,0x000000,0x000000,0x000000,0x000000,0x000000,0x000000,0x000000,0x000000,0x000000,
0x000000,0x000000,0x000000,0x2E2E2F,0xF2F1F2,0xFFFFFF,0xFEFEFE,0xFFFEFF,0xFFFEFF,0xFEFEFE,0xFEFEFE,0xFEFEFE,
0xFFFFFF,0xFFFFFF,0xA6A6A6,0x010101,0x000000,0x000000,0x000000,0x000000,0x000000,0x000000,0x000000,0x000000,
0x000000,0x000000,0x000000,0x000000,0x000000,0x000000,0x000000,0x000000,0x000000,0x000000,0x000000,0x000000,
0x000000,0x000000,0x000000,0x000000,0x000000,0x000000,0x000000,0x000000,0x000000,0x000000,0x000000,0x000000,
0x000000,0x000000,0x000000,0x000000,0x000000,0x000000,0x000000,0x000000,0x000000,0x000000,0x000000,0x000000,
0x000000,0x000000,0x000000,0x000000,0x000000,0x000000,0x000000,0x000000,0x000000,0x000000,0x000000,0x000000,
0x000000,0x000000,0x000000,0x000000,0x000000,0x000000,0x000000,0x000000,0x000000,0x000000,0x000000,0x000000,
0x000000,0x000000,0x000000,0x000000,0x000000,0x000000,0x000000,0x000000,0x000000,0x000000,0x010100,0x000000,
0x000000,0x010000,0x000000,0x000000,0x000000,0x000000,0x000000,0x000000,0x000000,0x000000,0x000000,0x000000,
0x000000,0x000000,0x000000,0x000000,0x000000,0x000000,0x000000,0x000000,0x000000,0x000000,0x000000,0x000000,
0x000000,0x000000,0x000000,0x000000,0x000000,0x000000,0x000000,0x000000,0x010000,0x000000,0x000000,0x4B4B4B,
0xFEFEFE,0xFFFFFF,0xFFFFFF,0xFFFEFE,0xFEFDFD,0xFEFDFD,0xFEFEFE,0xFEFEFE,0xFEFEFE,0xFEFEFE,0xFEFDFE,0xFEFEFE,
0xFEFEFE,0xFEFEFE,0xFEFEFE,0xFFFEFF,0xFFFEFE,0xFDFDFD,0xFDFDFD,0xFFFFFF,0xEAEAEA,0x202120,0x000000,0x000000,
0x000000,0x000000,0x7B7A7B,0xFFFFFF,0xFFFFFF,0xB1B1B1,0x000000,0x000000,0x000000,0x000000,0x000000,0x000000,
0x000000,0x000000,0x000000,0x000000,0x000000,0x010100,0x000000,0x000000,0x000000,0x000000,0x000000,0x000000,
0x000000,0x000000,0x000000,0x000000,0x010100,0x000000,0x000000,0x000000,0x000000,0x000000,0x000000,0x000000,
0x000000,0x000000,0x000000,0x000000,0x000000,0x000000,0x000000,0x888788,0xFFFFFF,0xFEFEFE,0xFEFDFE,0xFEFEFE,
0xFEFEFE,0xFEFEFE,0xFFFFFF,0xFFFFFF,0xFFFFFF,0xF4F4F5,0x353435,0x000000,0x000000,0x000000,0x000000,0x000000,
0x000000,0x000000,0x000000,0x000000,0x000000,0x000000,0x000000,0x000000,0x000000,0x000000,0x000000,0x000000,
0x000000,0x000000,0x000000,0x000000,0x000000,0x000000,0x000000,0x000000,0x000000,0x000000,0x000000,0x000000,
0x000000,0x000000,0x000000,0x000000,0x000000,0x000000,0x000000,0x000000,0x000000,0x000000,0x000000,0x000000,
0x000000,0x000000,0x000000,0x000000,0x000000,0x000000,0x000000,0x030303,0xB4B4B4,0xFFFFFF,0xFEFDFE,0xFEFDFE,
0xFFFFFF,0xFFFFFF,0xFEFEFE,0xFEFDFE,0xFEFEFE,0xFFFEFF,0xF2F2F2,0x313131,0x000000,0x000000,0x000000,0x000000,
0x000000,0x000000,0x000000,0x000000,0x000000,0x000000,0x000000,0x000000,0x000000,0x000000,0x000000,0x000000,
0x000000,0x000000,0x010000,0x000000,0x000000,0x000000,0x000000,0x000000,0x000000,0x000000,0x000000,0x000000,
0x000000,0x000000,0x000000,0x000000,0x000000,0x000000,0x000000,0x000000,0x000000,0x000000,0x000000,0x000000,
0x000000,0x000000,0x000000,0x000000,0x000000,0x000000,0x000000,0x000000,0x000000,0x000000,0x000000,0x000000,
0x000000,0x000000,0x000000,0x000000,0x000000,0x000000,0x000000,0x000000,0x000000,0x000000,0x000000,0x000000,
0x000000,0x000000,0x000000,0x000000,0x000000,0x000000,0x000000,0x000000,0x000000,0x000000,0x000000,0x000000,
0x000000,0x000000,0x000000,0x000000,0x000000,0x000000,0x000000,0x000000,0x000000,0x000000,0x000000,0x000000,
0x000000,0x000000,0x000000,0x000000,0x000000,0x000000,0x000000,0x000000,0x000000,0x000000,0x000000,0x000000,
0x000000,0x000000,0x000000,0x010000,0x000000,0x000000,0x000000,0x000000,0x000000,0x000000,0x000000,0x000000,
0x000000,0x000000,0x000000,0x4F4F50,0xFEFEFE,0xFEFEFF,0xFFFFFF,0xFFFFFE,0xFEFEFE,0xFDFDFD,0xFEFDFD,0xFEFEFE,
0xFEFEFE,0xFEFEFE,0xFEFEFE,0xFDFDFD,0xFEFEFE,0xFFFEFE,0xFFFEFE,0xFFFEFF,0xFEFEFE,0xFEFDFE,0xFEFDFE,0xFFFFFF,
0xE1E1E1,0x151514,0x000000,0x000000,0x000000,0x000000,0x3C3C3C,0xF9F9F9,0xFFFFFF,0xAFAFAF,0x000000,0x000000,
0x000000,0x000000,0x000000,0x000000,0x000000,0x000000,0x000000,0x000000,0x000000,0x000000,0x000000,0x000000,
0x000000,0x000000,0x000000,0x000000,0x000000,0x000000,0x000000,0x000000,0x000000,0x000000,0x000000,0x000000,
0x000000,0x000000,0x000000,0x000000,0x000000,0x000000,0x000000,0x000000,0x000000,0x000000,0x151515,0xDDDDDE,
0xFFFFFF,0xFFFFFF,0xFEFEFE,0xFEFDFE,0xFEFEFE,0xFEFEFE,0xFEFEFE,0xFFFFFF,0xFFFFFF,0xB7B8B8,0x030303,0x000000,
0x000000,0x000000,0x000000,0x000000,0x000000,0x000000,0x000000,0x000000,0x000000,0x000000,0x000000,0x000000,
0x000000,0x000000,0x000000,0x000000,0x000000,0x000000,0x000000,0x000000,0x000000,0x000000,0x000000,0x000000,
0x000000,0x000000,0x000000,0x000000,0x000000,0x000000,0x000000,0x000000,0x000000,0x000000,0x000000,0x000000,
0x000000,0x000000,0x000000,0x000000,0x000000,0x000000,0x000000,0x000000,0x000000,0x000000,0x000000,0x000000,
0x585858,0xFEFDFE,0xFEFEFF,0xFEFDFE,0xFEFEFE,0xFFFFFF,0xFFFEFF,0xFEFDFE,0xFEFDFE,0xFEFEFE,0xFFFFFF,0x929291,
0x000000,0x000000,0x000000,0x000000,0x000000,0x000000,0x000000,0x000000,0x000000,0x000000,0x000000,0x000000,
0x000000,0x000000,0x000000,0x000000,0x000000,0x000000,0x000000,0x000000,0x000000,0x000000,0x000000,0x000000,
0x000000,0x000000,0x000000,0x000000,0x000000,0x000000,0x010000,0x010000,0x000000,0x000000,0x000000,0x000000,
0x000000,0x000000,0x000000,0x000000,0x000000,0x000000,0x000000,0x000000,0x000000,0x000000,0x000000,0x000000,
0x000000,0x000000,0x000000,0x000000,0x000000,0x000000,0x000000,0x000000,0x000000,0x000000,0x000000,0x000000,
0x000000,0x000000,0x000000,0x000000,0x000000,0x000000,0x000000,0x000000,0x000000,0x000000,0x000000,0x000000,
0x000000,0x000000,0x000000,0x000000,0x000000,0x000000,0x000000,0x000000,0x000000,0x000000,0x000000,0x000000,
0x000000,0x000000,0x000000,0x000000,0x000000,0x000000,0x000000,0x000000,0x000000,0x000000,0x000000,0x000000,
0x000000,0x000000,0x000000,0x000000,0x000000,0x000000,0x000000,0x000000,0x000000,0x000000,0x000000,0x000000,
0x000000,0x000000,0x000000,0x000000,0x000000,0x010000,0x000000,0x6B6B6C,0xFFFFFF,0xFEFEFF,0xFEFEFE,0xFFFEFF,
0xFEFEFE,0xFEFDFE,0xFEFEFE,0xFEFEFE,0xFEFEFE,0xFEFEFE,0xFEFEFE,0xFEFEFE,0xFEFEFE,0xFEFEFE,0xFEFEFE,0xFEFEFE,
0xFEFDFE,0xFFFEFF,0xFFFFFF,0xFFFFFF,0xD0D0CF,0x090909,0x000000,0x000000,0x000000,0x000000,0x151515,0xDCDCDC,
0xFFFFFF,0xA6A7A6,0x000000,0x000000,0x000000,0x000000,0x000000,0x000000,0x000000,0x000000,0x000000,0x000000,
0x000000,0x000000,0x010000,0x010000,0x000000,0x000000,0x000000,0x000000,0x000000,0x000000,0x000000,0x000000,
0x000000,0x000000,0x000000,0x000000,0x000000,0x000000,0x000000,0x000000,0x000000,0x000000,0x000000,0x000000,
0x010100,0x000000,0x696869,0xFFFFFF,0xFFFEFF,0xFEFEFE,0xFEFEFE,0xFEFEFE,0xFEFDFE,0xFDFDFE,0xFEFEFE,0xFFFFFF,
0xFEFEFE,0x5C5C5C,0x000000,0x000000,0x000000,0x000000,0x000000,0x000000,0x000000,0x000000,0x000000,0x000000,
0x000000,0x000000,0x000000,0x000000,0x000000,0x000000,0x000000,0x000000,0x000000,0x000000,0x000000,0x000000,
0x000000,0x000000,0x000000,0x000000,0x000000,0x000000,0x000000,0x000000,0x000000,0x000000,0x000000,0x000000,
0x000000,0x000000,0x000000,0x000000,0x000000,0x000000,0x000000,0x000000,0x000000,0x000000,0x000000,0x000000,
0x000000,0x000000,0x000000,0x000000,0x0F0E0F,0xD0D0D0,0xFFFFFF,0xFEFEFE,0xFEFEFE,0xFFFFFF,0xFEFEFE,0xFEFDFE,
0xFEFEFE,0xFFFFFF,0xFFFFFF,0xE8E8E8,0x202020,0x000000,0x000000,0x000000,0x000000,0x000000,0x000000,0x000000,
0x000000,0x000000,0x000000,0x000000,0x000000,0x000000,0x000000,0x000000,0x000000,0x000000,0x000000,0x000000,
0x000000,0x000000,0x000000,0x000000,0x000000,0x000000,0x000000,0x000000,0x000000,0x000000,0x000000,0x000000,
0x000000,0x000000,0x000000,0x000000,0x000000,0x000000,0x000000,0x000000,0x000000,0x000000,0x000000,0x000000,
0x000000,0x000000,0x000000,0x000000,0x000000,0x000000,0x000000,0x000000,0x000000,0x000000,0x000000,0x040404,
0x202020,0x484847,0x6B6B6B,0x858585,0x979697,0xA2A1A2,0xA6A7A7,0xA3A3A3,0x969595,0x7D7D7E,0x636363,0x474747,
0x252525,0x080807,0x000000,0x000000,0x000000,0x000000,0x000000,0x010000,0x000000,0x000000,0x000000,0x000000,
0x000000,0x000000,0x010000,0x000000,0x000000,0x000000,0x000000,0x000000,0x000000,0x000000,0x000000,0x000000,
0x000000,0x000000,0x000000,0x000000,0x000000,0x000000,0x000000,0x000000,0x000000,0x000000,0x000000,0x000000,
0x000000,0x000000,0x000000,0x000000,0x000000,0x000000,0x000000,0x000000,0x000000,0x020100,0x000000,0x949494,
0xFFFFFF,0xFEFEFE,0xFDFDFD,0xFEFDFE,0xFFFEFF,0xFEFEFE,0xFEFEFE,0xFEFEFE,0xFEFEFE,0xFEFEFE,0xFEFEFE,0xFEFEFE,
0xFEFEFE,0xFEFEFE,0xFEFEFE,0xFEFDFE,0xFEFDFE,0xFFFEFF,0xFFFFFF,0xFFFFFF,0xB7B6B6,0x020101,0x000000,0x010100,
0x010000,0x010000,0x020202,0xB7B6B7,0xFFFFFF,0x8F908F,0x000000,0x000000,0x000000,0x000000,0x000000,0x000000,
0x000000,0x000000,0x000000,0x000000,0x000000,0x000000,0x000000,0x000000,0x000000,0x000000,0x000000,0x000000,
0x000000,0x000000,0x000000,0x000000,0x000000,0x000000,0x000000,0x000000,0x000000,0x000000,0x000000,0x000000,
0x000000,0x000000,0x000000,0x000000,0x000000,0x111010,0xD2D2D2,0xFFFFFF,0xFEFDFE,0xFDFDFD,0xFEFEFE,0xFFFEFF,
0xFEFEFF,0xFEFEFF,0xFDFDFE,0xFFFFFF,0xD6D7D6,0x121212,0x000000,0x000000,0x000000,0x000000,0x000000,0x000000,
0x000000,0x000000,0x000000,0x000000,0x000000,0x000000,0x000000,0x000000,0x000000,0x000000,0x000000,0x000000,
0x000000,0x000000,0x000000,0x000000,0x000000,0x000000,0x000000,0x000000,0x000000,0x000000,0x000000,0x000000,
0x000000,0x000000,0x000000,0x000000,0x000000,0x000000,0x000000,0x000000,0x000000,0x000000,0x000000,0x000000,
0x000000,0x000000,0x000000,0x000000,0x000000,0x010000,0x000000,0x000000,0x000000,0x707071,0xFFFFFF,0xFFFFFF,
0xFEFEFE,0xFEFEFE,0xFEFEFE,0xFEFEFE,0xFEFEFE,0xFFFEFF,0xFFFEFF,0xFFFFFF,0x878787,0x000000,0x000000,0x000000,
0x000000,0x000000,0x000000,0x000000,0x000000,0x000000,0x000000,0x000000,0x000000,0x000000,0x000000,0x000000,
0x000000,0x000000,0x000000,0x000000,0x000000,0x000000,0x000000,0x000000,0x000000,0x000000,0x000000,0x000000,
0x000000,0x000000,0x000000,0x000000,0x000000,0x000000,0x000000,0x000000,0x000000,0x000000,0x000000,0x000000,
0x000000,0x000000,0x000000,0x000000,0x000000,0x000000,0x000000,0x000000,0x000000,0x000000,0x000000,0x000000,
0x080707,0x3E3D3D,0x868686,0xC3C3C3,0xEAE9E9,0xFBFBFC,0xFFFFFF,0xFFFFFF,0xFFFFFF,0xFFFFFF,0xFFFFFF,0xFFFFFF,
0xFFFFFF,0xFFFFFF,0xFFFFFF,0xFCFCFC,0xEEEEEF,0xCACACA,0x9A9A9A,0x5D5D5D,0x252626,0x020101,0x000000,0x000000,
0x000000,0x000000,0x000000,0x000000,0x000000,0x000000,0x000000,0x000000,0x000000,0x000000,0x000000,0x000000,
0x000000,0x000000,0x000000,0x000000,0x000000,0x000000,0x000000,0x000000,0x000000,0x000000,0x000000,0x000000,
0x000000,0x000000,0x000000,0x000000,0x000000,0x000000,0x000000,0x000000,0x000000,0x000000,0x000000,0x000000,
0x000000,0x000000,0x080707,0xC9C8C9,0xFFFFFF,0xFEFEFE,0xFDFDFD,0xFEFDFE,0xFEFEFE,0xFEFEFE,0xFEFEFE,0xFEFEFE,
0xFEFEFE,0xFEFEFE,0xFEFEFE,0xFEFEFE,0xFEFEFE,0xFEFEFE,0xFEFEFE,0xFEFDFE,0xFEFEFE,0xFEFEFE,0xFEFFFF,0xFFFFFF,
0x9A9B9A,0x000000,0x000000,0x010100,0x000000,0x020100,0x000000,0x949394,0xFFFFFF,0x6F6F6E,0x000000,0x010000,
0x000000,0x000000,0x000000,0x000000,0x000000,0x000000,0x000000,0x000000,0x000000,0x000000,0x000000,0x000000,
0x000000,0x000000,0x000000,0x000000,0x000000,0x000000,0x000000,0x000000,0x000000,0x000000,0x000000,0x000000,
0x000000,0x000000,0x000000,0x000000,0x000000,0x000000,0x000000,0x000000,0x000000,0x626262,0xFFFFFF,0xFFFFFF,
0xFEFDFE,0xFEFDFE,0xFEFEFE,0xFEFEFE,0xFFFFFF,0xFFFFFE,0xFFFFFF,0xFFFFFF,0x797879,0x000000,0x000000,0x000000,
0x000000,0x000000,0x010000,0x000000,0x000000,0x000000,0x000000,0x000000,0x000000,0x000000,0x000000,0x000000,
0x000000,0x000000,0x000000,0x000000,0x000000,0x000000,0x000000,0x000000,0x000000,0x000000,0x000000,0x000000,
0x000000,0x000000,0x000000,0x000000,0x000000,0x000000,0x000000,0x000000,0x000000,0x000000,0x000000,0x000000,
0x000000,0x000000,0x000000,0x000000,0x000000,0x000000,0x000000,0x000000,0x000000,0x000000,0x000000,0x000000,
0x000000,0x191919,0xE2E1E2,0xFFFFFF,0xFEFEFE,0xFEFEFE,0xFEFEFE,0xFFFFFF,0xFFFEFF,0xFEFEFE,0xFEFEFE,0xFFFFFF,
0xE7E7E7,0x202020,0x000000,0x000000,0x000000,0x000000,0x000000,0x000000,0x000000,0x000000,0x000000,0x000000,
0x000000,0x000000,0x000000,0x000000,0x000000,0x000000,0x000000,0x000000,0x000000,0x000000,0x000000,0x000000,
0x000000,0x000000,0x000000,0x000000,0x000000,0x000000,0x000000,0x000000,0x000000,0x000000,0x000000,0x000000,
0x000000,0x000000,0x000000,0x000000,0x000000,0x000000,0x000000,0x000000,0x000000,0x000000,0x000000,0x000000,
0x010000,0x000000,0x0B0B0B,0x5D5D5D,0xC3C3C3,0xF9F9F9,0xFFFFFF,0xFFFFFF,0xFFFFFF,0xFEFDFE,0xFEFDFE,0xFEFEFE,
0xFFFFFF,0xFEFEFE,0xFEFDFE,0xFEFDFE,0xFFFFFF,0xFFFFFF,0xFEFDFE,0xFFFDFF,0xFFFFFF,0xFFFFFF,0xFFFFFF,0xFFFFFF,
0xEEEEEE,0xB6B6B6,0x636464,0x1A1A1A,0x000000,0x000000,0x000000,0x000000,0x000000,0x000000,0x000000,0x000000,
0x000000,0x000000,0x000000,0x000000,0x000000,0x000000,0x000000,0x000000,0x000000,0x000000,0x000000,0x000000,
0x000000,0x010000,0x000000,0x000000,0x000000,0x000000,0x000000,0x000000,0x000000,0x000000,0x000000,0x000000,
0x000000,0x000000,0x010000,0x010000,0x000000,0x000000,0x343434,0xF3F3F3,0xFEFEFE,0xFEFEFE,0xFFFEFF,0xFFFEFF,
0xFEFEFE,0xFEFEFE,0xFEFEFE,0xFEFEFE,0xFEFEFE,0xFFFEFF,0xFEFEFE,0xFEFEFE,0xFDFDFD,0xFEFEFE,0xFEFEFE,0xFEFEFE,
0xFFFEFF,0xFEFDFE,0xFEFEFE,0xFFFFFF,0x727272,0x000000,0x000000,0x000000,0x000000,0x000000,0x000000,0x767677,
0xFFFFFF,0x4C4C4C,0x000000,0x000000,0x000000,0x000000,0x000000,0x000000,0x000000,0x000000,0x000000,0x000000,
0x000000,0x000000,0x000000,0x000000,0x000000,0x000000,0x000000,0x000000,0x000000,0x000000,0x000000,0x000000,
0x000000,0x000000,0x000000,0x000000,0x000000,0x000000,0x000000,0x000000,0x000000,0x000000,0x000000,0x000000,
0x0A0A0A,0xCBCBCB,0xFFFFFF,0xFFFFFF,0xFEFEFE,0xFEFEFE,0xFEFEFE,0xFDFDFD,0xFEFEFE,0xFFFEFF,0xFFFFFF,0xE7E7E7,
0x1F2020,0x000000,0x000000,0x000000,0x000000,0x000000,0x000000,0x000000,0x000000,0x000000,0x000000,0x000000,
0x000000,0x000000,0x000000,0x000000,0x000000,0x000000,0x000000,0x000000,0x000000,0x000000,0x000000,0x000000,
0x000000,0x000000,0x000000,0x000000,0x000000,0x000000,0x000000,0x000000,0x000000,0x000000,0x000000,0x000000,
0x000000,0x000000,0x000000,0x000000,0x000000,0x000000,0x000000,0x000000,0x000000,0x000000,0x000000,0x000000,
0x000000,0x000000,0x000000,0x000000,0x000000,0x000000,0x848484,0xFFFFFF,0xFEFEFE,0xFFFEFF,0xFEFEFE,0xFFFFFF,
0xFEFEFE,0xFEFEFE,0xFEFEFE,0xFFFFFF,0xFFFFFF,0x878786,0x000000,0x000000,0x000000,0x000000,0x000000,0x000000,
0x000000,0x000000,0x000000,0x000000,0x000000,0x000000,0x000000,0x000000,0x000000,0x000000,0x000000,0x000000,
0x000000,0x000000,0x000000,0x000000,0x000000,0x000000,0x000000,0x000000,0x000000,0x000000,0x000000,0x000000,
0x000000,0x000000,0x000000,0x000000,0x000000,0x000000,0x000000,0x000000,0x000000,0x000000,0x000000,0x000000,
0x000000,0x000000,0x000000,0x000000,0x000000,0x4B4A4B,0xC9C9C9,0xFFFFFF,0xFFFFFF,0xFEFEFE,0xFEFEFE,0xFFFFFF,
0xFFFFFF,0xFEFDFE,0xFDFCFD,0xFEFEFE,0xFEFFFE,0xFFFEFF,0xFEFDFE,0xFEFEFE,0xFFFFFF,0xFEFFFF,0xFDFDFD,0xFEFDFE,
0xFEFEFF,0xFFFEFF,0xFEFEFE,0xFFFEFF,0xFFFFFF,0xFFFFFF,0xFFFFFF,0xE4E4E4,0x979797,0x353635,0x000000,0x000000,
0x000000,0x000000,0x010000,0x010000,0x000000,0x000000,0x000000,0x000000,0x000000,0x000000,0x000000,0x000000,
0x000000,0x000000,0x000000,0x000000,0x000000,0x000000,0x000000,0x000000,0x000000,0x000000,0x000000,0x000000,
0x000000,0x000000,0x000000,0x000000,0x000000,0x000000,0x000000,0x000000,0x000000,0x000000,0x929292,0xFFFFFF,
0xFEFEFE,0xFEFEFE,0xFEFEFE,0xFFFEFE,0xFEFDFE,0xFEFDFE,0xFEFEFE,0xFEFEFE,0xFEFEFE,0xFFFEFF,0xFEFEFE,0xFFFEFF,
0xFEFEFE,0xFEFEFE,0xFEFEFE,0xFEFEFE,0xFEFEFE,0xFEFEFE,0xFEFFFE,0xFAFAFA,0x3F3F3F,0x000000,0x000000,0x000000,
0x000000,0x000000,0x000000,0x636364,0xF2F2F2,0x272726,0x000000,0x000000,0x000000,0x000000,0x000000,0x000000,
0x000000,0x000000,0x000000,0x000000,0x000000,0x000000,0x000000,0x000000,0x000000,0x000000,0x000000,0x000000,
0x000000,0x000000,0x000000,0x000000,0x000000,0x000000,0x000000,0x000000,0x000000,0x000000,0x000000,0x000000,
0x000000,0x000000,0x000000,0x000000,0x606060,0xFEFEFE,0xFEFEFE,0xFEFEFE,0xFEFEFE,0xFEFEFE,0xFEFEFE,0xFEFDFE,
0xFDFDFD,0xFEFEFE,0xFFFFFF,0x949494,0x000000,0x000000,0x000000,0x000000,0x000000,0x000000,0x000000,0x000000,
0x000000,0x000000,0x000000,0x000000,0x000000,0x000000,0x000000,0x000000,0x000000,0x000000,0x000000,0x000000,
0x000000,0x000000,0x000000,0x000000,0x000000,0x000000,0x000000,0x000000,0x000000,0x000000,0x000000,0x000000,
0x000000,0x000000,0x000000,0x000000,0x000000,0x000000,0x000000,0x000000,0x000000,0x000000,0x000000,0x000000,
0x000000,0x000000,0x000000,0x000000,0x000000,0x000000,0x000000,0x000000,0x000000,0x000000,0x212121,0xE7E7E7,
0xFFFFFF,0xFFFEFF,0xFEFEFE,0xFEFEFE,0xFEFEFE,0xFEFEFE,0xFEFEFE,0xFFFFFF,0xFFFFFF,0xE8E8E8,0x232424,0x000000,
0x000000,0x000000,0x000000,0x000000,0x000000,0x000000,0x000000,0x000000,0x000000,0x000000,0x000000,0x000000,
0x000000,0x000000,0x000000,0x000000,0x000000,0x000000,0x000000,0x000000,0x000000,0x000000,0x000000,0x000000,
0x000000,0x000000,0x000000,0x000000,0x000000,0x000000,0x000000,0x000000,0x000000,0x000000,0x010000,0x000000,
0x000000,0x000000,0x000000,0x000000,0x000000,0x000000,0x000000,0x0B0B0B,0x8A898B,0xFAF9FA,0xFFFFFF,0xFFFFFF,
0xFEFEFE,0xFEFDFE,0xFDFDFE,0xFFFFFF,0xFFFFFF,0xFEFEFE,0xFEFDFD,0xFEFDFE,0xFFFEFF,0xFEFEFE,0xFEFDFE,0xFDFEFD,
0xFFFFFF,0xFEFEFE,0xFEFDFE,0xFEFDFE,0xFFFFFF,0xFFFEFF,0xFEFDFE,0xFEFEFE,0xFEFDFE,0xFEFDFE,0xFEFEFE,0xFFFFFF,
0xFFFFFF,0xF5F5F5,0xA8A8A7,0x3E3E3E,0x020202,0x000000,0x000000,0x000000,0x000000,0x000000,0x000000,0x000000,
0x000000,0x000000,0x000000,0x000000,0x000000,0x000000,0x000000,0x000000,0x000000,0x000000,0x000000,0x000000,
0x000000,0x000000,0x000000,0x000000,0x000000,0x000000,0x000000,0x000000,0x000000,0x000000,0x000000,0x000000,
0x000000,0x363636,0xF0F0F0,0xFFFFFF,0xFEFEFE,0xFEFEFE,0xFFFEFE,0xFFFEFE,0xFEFDFE,0xFDFDFD,0xFEFEFE,0xFEFEFE,
0xFDFEFD,0xFEFDFE,0xFEFEFE,0xFFFEFE,0xFFFFFF,0xFEFDFE,0xFEFEFE,0xFEFEFE,0xFEFEFE,0xFFFFFF,0xFFFFFF,0xDEDEDE,
0x131313,0x000000,0x000000,0x000000,0x000000,0x010000,0x000000,0x585758,0xCACACA,0x060606,0x000000,0x010100,
0x000000,0x000000,0x000000,0x000000,0x000000,0x000000,0x000000,0x000000,0x000000,0x000000,0x000000,0x000000,
0x000000,0x000000,0x000000,0x000000,0x000000,0x000000,0x000000,0x000000,0x000000,0x000000,0x000000,0x000000,
0x000000,0x000000,0x000000,0x000000,0x000000,0x000000,0x000000,0x111111,0xD3D3D3,0xFFFFFF,0xFEFEFE,0xFEFDFE,
0xFEFEFE,0xFFFEFE,0xFEFEFE,0xFEFEFE,0xFEFEFE,0xFFFFFF,0xEEEFEF,0x2D2D2D,0x000000,0x000000,0x000000,0x000000,
0x010100,0x000000,0x000000,0x000000,0x000000,0x000000,0x000000,0x000000,0x000000,0x000000,0x000000,0x000000,
0x000000,0x000000,0x000000,0x000000,0x000000,0x000000,0x000000,0x000000,0x000000,0x000000,0x000000,0x000000,
0x000000,0x000000,0x000000,0x000000,0x000000,0x000000,0x000000,0x000000,0x000000,0x000000,0x000000,0x000000,
0x000000,0x000000,0x000000,0x000000,0x000000,0x000000,0x000000,0x000000,0x000000,0x000000,0x000000,0x000000,
0x000000,0x000000,0x000000,0x8E8D8E,0xFFFFFF,0xFFFEFF,0xFEFDFE,0xFFFEFF,0xFFFEFF,0xFEFEFE,0xFEFEFE,0xFEFEFE,
0xFEFEFE,0xFFFFFF,0x989898,0x000000,0x000000,0x000000,0x000000,0x000000,0x000000,0x000000,0x000000,0x000000,
0x000000,0x000000,0x000000,0x000000,0x000000,0x000000,0x000000,0x000000,0x000000,0x000000,0x000000,0x000000,
0x000000,0x000000,0x000000,0x000000,0x000000,0x010000,0x000000,0x000000,0x000000,0x000000,0x000000,0x000000,
0x000000,0x000000,0x000000,0x000000,0x000000,0x000000,0x000000,0x000000,0x000000,0x000000,0x1A1A1A,0xB6B5B6,
0xFFFFFF,0xFEFEFF,0xFEFEFE,0xFFFFFF,0xFFFFFF,0xFFFFFF,0xFFFFFF,0xFFFFFF,0xFFFFFF,0xFFFFFF,0xFFFFFF,0xFFFFFF,
0xFFFFFF,0xFFFFFF,0xFEFDFE,0xFEFEFE,0xFEFEFE,0xFEFEFE,0xFEFDFE,0xFEFEFE,0xFEFEFE,0xFEFDFE,0xFEFDFE,0xFEFDFE,
0xFFFEFF,0xFFFEFF,0xFEFEFE,0xFEFEFE,0xFDFCFD,0xFFFFFF,0xFFFFFF,0xFAFAF9,0xB4B4B4,0x454545,0x010101,0x000000,
0x000000,0x000000,0x010000,0x000000,0x000000,0x010000,0x000000,0x000000,0x000000,0x000000,0x000000,0x000000,
0x000000,0x000000,0x000000,0x000000,0x000000,0x000000,0x000000,0x000000,0x000000,0x000000,0x000000,0x000000,
0x000000,0x000000,0x000000,0x000000,0x0D0D0E,0xC2C1C1,0xFFFFFF,0xFFFFFF,0xFEFDFE,0xFEFDFE,0xFEFEFE,0xFEFEFE,
0xFEFEFE,0xFEFEFE,0xFEFEFE,0xFEFEFE,0xFEFEFE,0xFEFEFE,0xFEFEFE,0xFEFEFE,0xFEFEFE,0xFEFEFE,0xFEFEFE,0xFEFDFE,
0xFEFEFE,0xFFFFFF,0xFFFFFF,0xA6A6A6,0x000000,0x000000,0x000000,0x000000,0x010100,0x020101,0x000000,0x5D5C5C,
0x898989,0x000000,0x000000,0x010100,0x000000,0x000000,0x000000,0x000000,0x000000,0x000000,0x000000,0x000000,
0x000000,0x000000,0x000000,0x000000,0x000000,0x000000,0x000000,0x000000,0x000000,0x000000,0x000000,0x000000,
0x000000,0x000000,0x010000,0x000000,0x000000,0x000000,0x000000,0x000000,0x000000,0x000000,0x000000,0x6C6C6C,
0xFFFFFF,0xFFFFFF,0xFFFEFF,0xFEFDFE,0xFEFEFE,0xFEFEFE,0xFEFEFE,0xFFFFFF,0xFFFFFF,0xFFFFFF,0x989899,0x000000,
0x000000,0x000000,0x000000,0x000000,0x010101,0x000000,0x000000,0x000000,0x000000,0x000000,0x000000,0x000000,
0x000000,0x000000,0x000000,0x000000,0x000000,0x000000,0x000000,0x000000,0x000000,0x000000,0x000000,0x000000,
0x000000,0x000000,0x000000,0x000000,0x000000,0x000000,0x000000,0x000000,0x000000,0x000000,0x000000,0x000000,
0x000000,0x000000,0x000000,0x000000,0x000000,0x000000,0x000000,0x000000,0x000000,0x000000,0x000000,0x000000,
0x000000,0x000000,0x000000,0x000000,0x000000,0x000000,0x000000,0x282828,0xEBEBEB,0xFFFFFF,0xFEFEFE,0xFEFEFE,
0xFEFEFE,0xFEFEFE,0xFEFEFE,0xFEFEFE,0xFEFEFE,0xFFFFFF,0xF2F2F2,0x353534,0x000000,0x000000,0x000000,0x000000,
0x000000,0x000000,0x000000,0x000000,0x000000,0x000000,0x000000,0x000000,0x000000,0x000000,0x000000,0x000000,
0x000000,0x000000,0x000000,0x000000,0x000000,0x000000,0x000000,0x000000,0x000000,0x000000,0x000000,0x000000,
0x000000,0x000000,0x000000,0x000000,0x000000,0x000000,0x000000,0x000000,0x000000,0x000000,0x000000,0x000000,
0x000000,0x131213,0xBFBEBF,0xFFFFFF,0xFEFEFF,0xFEFEFF,0xFFFFFF,0xFFFFFF,0xE9E8E9,0xCBCBCB,0xADADAD,0x979798,
0x8F8F90,0x909090,0xA1A1A1,0xBCBDBC,0xD8D8D8,0xF2F3F3,0xFFFFFF,0xFFFFFF,0xFFFFFF,0xFDFDFD,0xFEFEFE,0xFFFEFF,
0xFEFEFE,0xFEFDFE,0xFEFEFE,0xFFFEFF,0xFEFEFE,0xFEFEFE,0xFEFEFE,0xFFFEFF,0xFEFDFE,0xFEFDFE,0xFEFEFE,0xFFFFFF,
0xFFFFFF,0xFAFAFA,0xAFB0AF,0x444544,0x040303,0x000000,0x000000,0x000000,0x000000,0x010000,0x010100,0x000000,
0x000000,0x000000,0x000000,0x000000,0x000000,0x000000,0x000000,0x000000,0x010000,0x000000,0x000000,0x000000,
0x000000,0x000000,0x000000,0x000000,0x000000,0x000000,0x000000,0x060606,0x9B9B9B,0xFFFFFF,0xFEFEFE,0xFEFEFE,
0xFEFEFE,0xFEFDFE,0xFEFEFE,0xFEFEFE,0xFEFEFE,0xFEFEFE,0xFEFEFE,0xFEFEFE,0xFEFEFE,0xFEFEFE,0xFEFEFE,0xFFFEFE,
0xFFFEFF,0xFEFEFE,0xFEFEFE,0xFEFEFE,0xFEFEFF,0xFFFFFF,0xFFFFFF,0x5E5F5E,0x000000,0x000000,0x010000,0x000000,
0x010101,0x030201,0x000000,0x5A5A5A,0x434344,0x000000,0x000000,0x000000,0x000000,0x000000,0x000000,0x000000,
0x000000,0x000000,0x000000,0x000000,0x000000,0x000000,0x000000,0x000000,0x000000,0x000000,0x000000,0x000000,
0x000000,0x000000,0x000000,0x000000,0x000000,0x000000,0x000000,0x010000,0x000000,0x000000,0x000000,0x000000,
0x000000,0x000000,0x181818,0xDCDBDC,0xFFFFFF,0xFEFEFE,0xFFFEFF,0xFEFEFE,0xFEFEFE,0xFEFEFE,0xFEFEFE,0xFEFEFE,
0xFFFFFF,0xF1F1F1,0x2F302F,0x000000,0x000000,0x000000,0x000000,0x000000,0x000000,0x000000,0x000000,0x000000,
0x000000,0x000000,0x000000,0x000000,0x000000,0x000000,0x000000,0x000000,0x000000,0x000000,0x000000,0x000000,
0x000000,0x000000,0x000000,0x000000,0x000000,0x000000,0x000000,0x000000,0x000000,0x000000,0x000000,0x000000,
0x000000,0x000000,0x000000,0x000000,0x000000,0x000000,0x000000,0x000000,0x000000,0x000000,0x000000,0x000000,
0x000000,0x000000,0x010000,0x000000,0x000000,0x000000,0x000000,0x000000,0x000000,0x000000,0x000000,0x000000,
0x8F8E8F,0xFFFFFF,0xFFFFFF,0xFEFEFE,0xFEFEFE,0xFEFEFE,0xFEFEFE,0xFEFEFE,0xFEFEFE,0xFEFEFE,0xFFFFFF,0xAFAFAE,
0x030303,0x000000,0x000000,0x000000,0x000100,0x010000,0x000000,0x000000,0x000000,0x000000,0x000000,0x000100,
0x010100,0x000000,0x000000,0x000000,0x000000,0x000000,0x000000,0x000000,0x000000,0x000000,0x000000,0x000000,
0x000000,0x000000,0x000000,0x000000,0x000000,0x000000,0x000000,0x000000,0x000000,0x010100,0x000000,0x000000,
0x000000,0x000000,0x000000,0x000000,0x060506,0xA4A3A4,0xFFFFFF,0xFFFFFF,0xFFFFFF,0xF4F4F4,0xAAAAAB,0x565657,
0x202020,0x070707,0x000000,0x000000,0x000000,0x000000,0x000000,0x020202,0x101010,0x2F3030,0x717171,0xC1C1C1,
0xF7F7F6,0xFFFFFF,0xFFFFFF,0xFFFEFF,0xFEFEFE,0xFEFDFE,0xFEFEFE,0xFEFEFE,0xFEFEFE,0xFEFEFE,0xFEFDFE,0xFEFDFE,
0xFEFEFE,0xFEFEFE,0xFEFEFE,0xFEFEFE,0xFDFEFE,0xFFFEFF,0xFFFFFF,0xFBFBFB,0xB7B6B7,0x474848,0x040404,0x000000,
0x000000,0x010000,0x000000,0x000000,0x000000,0x000000,0x000000,0x000000,0x000000,0x000000,0x000000,0x000000,
0x000000,0x000000,0x000000,0x000000,0x000000,0x000000,0x000000,0x000000,0x000000,0x000000,0x0D0D0D,0x9C9B9B,
0xFFFFFF,0xFFFEFF,0xFEFEFE,0xFFFEFF,0xFEFDFE,0xFEFEFE,0xFEFEFE,0xFEFEFE,0xFDFEFD,0xFEFDFE,0xFEFDFE,0xFEFEFE,
0xFEFEFE,0xFEFEFE,0xFEFEFE,0xFEFEFE,0xFEFEFE,0xFEFEFE,0xFEFEFE,0xFEFEFE,0xFEFEFE,0xFFFFFF,0xE4E4E3,0x1A1A1A,
0x000000,0x000000,0x000000,0x000000,0x010101,0x020101,0x000000,0x3A3A3A,0x121212,0x000000,0x000000,0x000000,
0x000000,0x000000,0x000000,0x000000,0x000000,0x000000,0x000000,0x000000,0x000000,0x000000,0x000000,0x000000,
0x000000,0x000000,0x000000,0x000000,0x000000,0x000000,0x000000,0x010000,0x000000,0x000000,0x000000,0x000000,
0x000000,0x000000,0x000000,0x000000,0x000000,0x000000,0x878687,0xFFFFFF,0xFFFEFF,0xFEFDFE,0xFEFEFE,0xFEFFFE,
0xFFFEFF,0xFEFEFE,0xFEFEFE,0xFEFEFF,0xFFFFFF,0x9A9A9B,0x000000,0x000000,0x000000,0x000000,0x000000,0x000000,
0x000000,0x000000,0x000000,0x000000,0x000000,0x000000,0x000000,0x000000,0x000000,0x000000,0x000000,0x000000,
0x000000,0x000000,0x000000,0x000000,0x000000,0x000000,0x000000,0x000000,0x000000,0x000000,0x000000,0x000000,
0x000000,0x000000,0x000000,0x000000,0x000000,0x000000,0x000000,0x000000,0x000000,0x000000,0x000000,0x000000,
0x000000,0x000000,0x000000,0x000000,0x000000,0x000000,0x000000,0x000000,0x000000,0x000000,0x000000,0x000000,
0x000000,0x000000,0x000000,0x000000,0x232324,0xE8E8E8,0xFFFFFF,0xFFFFFF,0xFEFEFE,0xFEFEFE,0xFEFEFE,0xFEFDFE,
0xFEFDFE,0xFEFEFE,0xFFFFFF,0xFCFCFC,0x535353,0x000000,0x000000,0x000000,0x000000,0x000000,0x000000,0x000000,
0x000000,0x000000,0x000000,0x000000,0x000000,0x000000,0x000000,0x000000,0x000000,0x000000,0x000000,0x000000,
0x000000,0x000000,0x000000,0x000000,0x000000,0x000000,0x000000,0x000000,0x000000,0x000000,0x000000,0x000000,
0x000000,0x000000,0x000000,0x000000,0x000000,0x000000,0x000000,0x000000,0x727272,0xFFFFFF,0xFFFEFF,0xFDFDFE,
0xAAAAAA,0x373737,0x000000,0x000000,0x000000,0x000000,0x000000,0x000000,0x000000,0x000000,0x010000,0x000000,
0x000000,0x000000,0x000000,0x060605,0x3A3A39,0x9B9C9B,0xF1F1F1,0xFFFFFF,0xFEFEFF,0xFDFDFD,0xFEFEFE,0xFEFFFE,
0xFEFEFE,0xFEFEFE,0xFEFDFE,0xFEFEFE,0xFEFEFE,0xFEFEFE,0xFFFFFF,0xFEFEFE,0xFEFEFE,0xFEFDFE,0xFEFEFE,0xFFFFFF,
0xFFFFFF,0xFAFAFB,0xBCBCBC,0x5C5D5C,0x141414,0x000000,0x000000,0x000000,0x000000,0x010000,0x000000,0x000000,
0x000000,0x000000,0x000000,0x000000,0x000000,0x000000,0x000000,0x000000,0x000000,0x000000,0x000000,0x000000,
0x000000,0x373737,0xC0C0C0,0xFFFFFF,0xFFFFFF,0xFFFEFE,0xFFFEFF,0xFFFEFF,0xFEFEFE,0xFEFEFE,0xFEFEFE,0xFDFDFD,
0xFDFDFD,0xFEFEFE,0xFEFEFE,0xFEFEFE,0xFEFEFE,0xFEFEFE,0xFEFEFE,0xFEFEFE,0xFEFDFE,0xFEFEFE,0xFEFEFE,0xFEFEFE,
0xFFFFFF,0xFFFFFF,0x989899,0x000000,0x000000,0x000000,0x000000,0x000000,0x000000,0x000000,0x000000,0x050505,
0x000000,0x000000,0x000000,0x000000,0x000000,0x000000,0x000000,0x000000,0x000000,0x000000,0x000000,0x000000,
0x000000,0x000000,0x000000,0x000000,0x010000,0x000000,0x000000,0x000000,0x000000,0x000000,0x000000,0x000000,
0x000000,0x000000,0x000000,0x000000,0x000000,0x000000,0x000000,0x000000,0x000000,0x2E2E2E,0xEFEFEF,0xFFFFFF,
0xFEFEFE,0xFEFDFE,0xFEFEFE,0xFEFEFE,0xFFFFFF,0xFEFEFE,0xFFFFFF,0xFFFFFF,0xEDECED,0x2A2B2A,0x000000,0x000000,
0x000000,0x000000,0x000000,0x000000,0x000000,0x000000,0x000000,0x000000,0x000000,0x000000,0x000000,0x000000,
0x000000,0x000000,0x000000,0x000000,0x000000,0x000000,0x000000,0x000000,0x000000,0x000000,0x000000,0x000000,
0x000000,0x000000,0x000000,0x000000,0x000000,0x000000,0x000000,0x000000,0x000000,0x000000,0x000000,0x000000,
0x000000,0x000000,0x000000,0x000000,0x000000,0x000000,0x000000,0x000000,0x000000,0x000000,0x000000,0x000000,
0x000000,0x000000,0x000000,0x000000,0x000000,0x000000,0x000000,0x000000,0x000000,0x848485,0xFFFFFF,0xFFFFFF,
0xFEFEFE,0xFEFEFE,0xFEFEFE,0xFEFDFE,0xFEFEFE,0xFEFEFE,0xFFFFFF,0xFFFFFF,0xD1D1D1,0x111110,0x000000,0x000000,
0x000000,0x000000,0x000000,0x000000,0x000000,0x000000,0x000000,0x010000,0x010000,0x000000,0x000000,0x000000,
0x000000,0x000000,0x010000,0x000000,0x000000,0x000000,0x000000,0x000000,0x000000,0x000000,0x000000,0x000000,
0x000000,0x000000,0x000000,0x000000,0x000000,0x000000,0x000000,0x000000,0x000000,0x000000,0x000000,0x262626,
0xE9E8E9,0xFFFFFF,0xE7E7E8,0x5C5C5D,0x010000,0x000000,0x000000,0x000000,0x000000,0x000000,0x000000,0x000000,
0x000000,0x000000,0x000000,0x000000,0x000000,0x000000,0x000000,0x000000,0x000000,0x000000,0x323232,0xA7A7A7,
0xF8F8F9,0xFFFFFF,0xFFFFFF,0xFFFFFF,0xFEFEFE,0xFEFEFE,0xFEFDFE,0xFEFEFE,0xFEFEFE,0xFFFEFF,0xFEFEFE,0xFEFEFE,
0xFEFEFE,0xFEFEFE,0xFEFEFE,0xFEFEFE,0xFEFDFF,0xFEFEFE,0xFFFFFF,0xFFFFFF,0xDAD9DA,0x888888,0x353535,0x0A0A0A,
0x000000,0x000000,0x000000,0x000000,0x000000,0x000000,0x000000,0x000000,0x000000,0x000000,0x000000,0x000000,
0x000000,0x000000,0x000000,0x2B2B2B,0x919191,0xF1F1F1,0xFFFFFF,0xFFFFFF,0xFEFEFE,0xFEFEFE,0xFEFEFE,0xFEFEFE,
0xFEFEFE,0xFEFDFE,0xFEFDFE,0xFDFEFD,0xFEFEFE,0xFEFEFE,0xFEFEFE,0xFEFEFE,0xFEFEFE,0xFEFEFE,0xFEFEFE,0xFFFEFF,
0xFEFDFE,0xFEFDFE,0xFEFDFE,0xFEFEFE,0xFFFFFF,0xF7F7F7,0x3A3A3A,0x000000,0x000000,0x000000,0x000000,0x000000,
0x000000,0x000000,0x000000,0x000000,0x000000,0x000000,0x000000,0x000000,0x000000,0x000000,0x000000,0x000000,
0x000000,0x000000,0x000000,0x000000,0x000000,0x010100,0x000000,0x010000,0x010000,0x000000,0x000000,0x000000,
0x000000,0x000000,0x000000,0x000000,0x000000,0x000000,0x000000,0x000000,0x000000,0x000000,0x000000,0x000000,
0x030303,0xACABAC,0xFFFFFF,0xFFFFFF,0xFFFEFE,0xFEFEFE,0xFEFDFE,0xFEFEFE,0xFFFFFF,0xFEFEFF,0xFFFFFF,0xFFFFFF,
0x8E8F8F,0x000000,0x000000,0x010000,0x000000,0x000000,0x000000,0x000000,0x000000,0x000000,0x000000,0x000000,
0x000000,0x000000,0x000000,0x000000,0x000000,0x000000,0x000000,0x000000,0x000000,0x000000,0x000000,0x000000,
0x000000,0x000000,0x000000,0x000000,0x000000,0x000000,0x000000,0x000000,0x000000,0x000000,0x000000,0x000000,
0x000000,0x000000,0x000000,0x000000,0x000000,0x000000,0x000000,0x000000,0x000000,0x000000,0x000000,0x000000,
0x000000,0x000000,0x000000,0x000000,0x000000,0x000000,0x000000,0x000000,0x000000,0x000000,0x000000,0x000000,
0x000000,0x181818,0xDBDBDB,0xFFFFFF,0xFFFEFF,0xFEFEFE,0xFEFEFE,0xFEFDFE,0xFEFEFE,0xFEFEFE,0xFEFEFE,0xFFFFFF,
0xFFFFFF,0x7D7D7D,0x000000,0x000000,0x000000,0x000000,0x000000,0x000000,0x000000,0x000000,0x000000,0x000000,
0x000000,0x000000,0x000000,0x000000,0x000000,0x000000,0x000000,0x000000,0x000000,0x000000,0x000000,0x000000,
0x000000,0x000000,0x000000,0x000000,0x000000,0x000000,0x000000,0x000000,0x000000,0x000000,0x000000,0x000000,
0x000000,0x000000,0x000000,0x939393,0xFFFFFF,0xE5E5E6,0x3C3C3D,0x000000,0x000000,0x000000,0x000000,0x000000,
0x000000,0x000000,0x000000,0x000000,0x000000,0x000000,0x000000,0x000000,0x000000,0x000000,0x000000,0x000000,
0x000000,0x000000,0x000000,0x000000,0x494948,0xCACACA,0xFFFFFF,0xFFFFFF,0xFEFDFE,0xFDFEFD,0xFEFDFE,0xFEFEFE,
0xFFFEFF,0xFFFFFF,0xFFFEFF,0xFEFEFE,0xFEFEFE,0xFFFEFF,0xFFFEFF,0xFEFEFE,0xFDFDFD,0xFEFDFD,0xFEFEFE,0xFFFFFF,
0xFFFFFF,0xFFFFFF,0xF6F6F6,0xCDCECD,0x929392,0x575757,0x292929,0x0E0E0E,0x060505,0x000000,0x000000,0x000000,
0x000000,0x000000,0x040404,0x101010,0x2E2E2E,0x656465,0xB0B0B0,0xEFEFEF,0xFFFFFF,0xFFFFFF,0xFFFEFF,0xFFFEFF,
0xFEFEFE,0xFEFDFE,0xFEFDFE,0xFEFEFE,0xFEFFFF,0xFEFEFE,0xFEFDFE,0xFEFEFE,0xFEFEFE,0xFFFFFF,0xFEFEFE,0xFEFEFE,
0xFEFEFE,0xFEFEFE,0xFEFEFE,0xFEFEFE,0xFEFEFE,0xFEFEFE,0xFEFEFE,0xFEFEFE,0xFFFFFF,0xADAEAE,0x030303,0x000000,
0x000000,0x000000,0x000000,0x000000,0x000000,0x000000,0x010101,0x000000,0x000000,0x000000,0x000000,0x000000,
0x000000,0x000000,0x000000,0x000000,0x000000,0x000000,0x000000,0x000100,0x000000,0x010100,0x000000,0x010100,
0x000000,0x000000,0x000000,0x000000,0x010000,0x000000,0x000000,0x000000,0x000000,0x000000,0x000000,0x000000,
0x000000,0x000000,0x000000,0x000000,0x545454,0xFBFBFB,0xFFFFFF,0xFEFEFE,0xFEFEFE,0xFEFEFE,0xFDFDFD,0xFDFDFE,
0xFFFFFF,0xFFFFFF,0xFFFFFF,0xE6E6E6,0x212121,0x000000,0x000000,0x000000,0x000000,0x000000,0x000000,0x010100,
0x000000,0x000000,0x000000,0x000000,0x000000,0x000000,0x000000,0x000000,0x000000,0x000000,0x000000,0x000000,
0x000000,0x000000,0x000000,0x000000,0x000000,0x000000,0x000000,0x000000,0x000000,0x000000,0x000000,0x000000,
0x000000,0x000000,0x000000,0x000000,0x000000,0x000000,0x000000,0x000000,0x000000,0x000000,0x000000,0x000000,
0x000000,0x000000,0x000000,0x000000,0x000000,0x000000,0x000000,0x000000,0x000000,0x000000,0x000000,0x000000,
0x000000,0x000000,0x000000,0x000000,0x000000,0x000000,0x696969,0xFFFFFF,0xFEFEFE,0xFDFEFD,0xFEFEFE,0xFEFDFE,
0xFFFFFF,0xFFFFFF,0xFFFEFF,0xFEFEFE,0xFFFFFF,0xEDEDED,0x313030,0x000000,0x000000,0x000000,0x000000,0x000000,
0x000000,0x000000,0x000000,0x000000,0x000000,0x000000,0x000000,0x000000,0x000000,0x000000,0x000000,0x000000,
0x010000,0x000000,0x000000,0x000000,0x000000,0x000000,0x000000,0x000000,0x010000,0x000000,0x000000,0x000000,
0x000000,0x000000,0x000000,0x000000,0x000000,0x000000,0x1E1E1E,0xEAEAEB,0xF4F4F4,0x484849,0x000000,0x000000,
0x000000,0x000000,0x000000,0x000000,0x000000,0x000000,0x000000,0x000000,0x000000,0x000000,0x000000,0x000000,
0x000000,0x000000,0x000000,0x000000,0x000000,0x000000,0x010000,0x000000,0x000000,0x0F0F0F,0x888888,0xF6F6F6,
0xFFFFFF,0xFDFDFD,0xFEFDFE,0xFFFEFF,0xFFFFFF,0xFEFEFE,0xFEFEFE,0xFEFEFE,0xFEFDFE,0xFEFEFE,0xFFFEFF,0xFEFDFE,
0xFEFEFE,0xFEFEFE,0xFFFEFF,0xFEFEFE,0xFEFDFE,0xFEFEFE,0xFFFFFF,0xFFFFFF,0xFFFFFF,0xFFFFFF,0xF0F0F1,0xD6D6D6,
0xBFBFBF,0xABAAAB,0x9A9A9A,0x919291,0x9B9B9B,0xA8A8A8,0xBCBCBC,0xD8D8D8,0xF4F4F4,0xFFFFFF,0xFFFFFF,0xFFFFFF,
0xFEFEFF,0xFEFEFF,0xFEFEFE,0xFEFEFE,0xFEFDFE,0xFEFEFE,0xFEFEFE,0xFFFFFF,0xFEFEFE,0xFEFEFE,0xFEFEFE,0xFEFDFE,
0xFEFEFE,0xFEFEFE,0xFEFEFE,0xFEFEFE,0xFEFEFE,0xFEFEFE,0xFEFEFE,0xFEFEFE,0xFEFEFE,0xFEFEFE,0xFFFFFF,0xFFFFFF,
0xF3F3F4,0x393939,0x000000,0x000000,0x000000,0x000000,0x000000,0x000000,0x000000,0x000000,0x000000,0x000000,
0x000000,0x000000,0x000000,0x000000,0x000000,0x000000,0x000000,0x000000,0x000000,0x000000,0x000000,0x000000,
0x000000,0x000000,0x000000,0x000000,0x000000,0x000000,0x000000,0x000000,0x000000,0x000000,0x000000,0x000000,
0x000000,0x000000,0x000000,0x000000,0x000000,0x000000,0x000000,0x141414,0xD3D3D4,0xFFFFFF,0xFEFEFE,0xFEFEFE,
0xFEFEFE,0xFFFEFF,0xFEFEFE,0xFEFEFF,0xFEFEFE,0xFEFEFF,0xFFFFFF,0x787878,0x000000,0x000000,0x000000,0x000000,
0x000000,0x000000,0x000000,0x000000,0x000000,0x000000,0x000000,0x000000,0x010000,0x000000,0x000000,0x000000,
0x000000,0x000000,0x000000,0x000000,0x000000,0x000000,0x000000,0x000000,0x000000,0x000000,0x000000,0x000000,
0x000000,0x000000,0x000000,0x000000,0x000000,0x000000,0x000000,0x000000,0x000000,0x000000,0x000000,0x000000,
0x000000,0x000000,0x000000,0x000000,0x000000,0x000000,0x000000,0x000000,0x000000,0x000000,0x000000,0x000000,
0x000000,0x000000,0x000000,0x000000,0x000000,0x000000,0x000000,0x000000,0x000000,0x000000,0x0B0B0C,0xC6C6C7,
0xFFFFFF,0xFEFEFE,0xFDFDFD,0xFFFEFF,0xFFFFFF,0xFFFFFF,0xFFFEFF,0xFEFDFE,0xFEFEFE,0xFFFFFF,0xB9B9B9,0x060606,
0x000000,0x000000,0x000000,0x000000,0x000000,0x000000,0x000000,0x000000,0x000000,0x000000,0x000000,0x000000,
0x000000,0x000000,0x000000,0x000000,0x000000,0x000000,0x000000,0x010000,0x000000,0x000000,0x000000,0x000000,
0x000000,0x000000,0x000000,0x000000,0x000000,0x000000,0x000000,0x000000,0x000000,0x000000,0x5E5E5F,0xFFFFFF,
0x777877,0x000000,0x010000,0x000000,0x000000,0x000000,0x000000,0x000000,0x000000,0x000000,0x000000,0x000000,
0x000000,0x000000,0x000000,0x000000,0x000000,0x000000,0x000000,0x000000,0x000000,0x000000,0x000000,0x000000,
0x000000,0x000000,0x000000,0x474747,0xD5D4D4,0xFFFFFF,0xFFFFFF,0xFEFEFF,0xFFFFFF,0xFEFEFE,0xFEFEFE,0xFFFDFF,
0xFEFEFE,0xFEFEFE,0xFEFEFE,0xFEFEFE,0xFFFEFF,0xFEFEFE,0xFEFEFE,0xFFFDFF,0xFEFEFE,0xFFFEFF,0xFFFEFF,0xFEFDFE,
0xFEFDFE,0xFEFEFF,0xFFFFFF,0xFFFFFF,0xFFFFFF,0xFFFFFF,0xFFFFFF,0xFFFFFF,0xFFFFFF,0xFFFFFF,0xFFFFFF,0xFFFFFF,
0xFFFFFF,0xFFFEFF,0xFEFEFF,0xFEFEFF,0xFEFEFE,0xFEFEFE,0xFEFEFE,0xFEFEFE,0xFEFEFE,0xFEFEFE,0xFEFEFE,0xFEFEFE,
0xFFFEFE,0xFEFDFE,0xFEFEFE,0xFEFEFE,0xFEFDFE,0xFEFEFE,0xFFFEFF,0xFEFEFE,0xFEFEFE,0xFEFEFE,0xFEFEFE,0xFEFEFE,
0xFFFEFE,0xFFFFFF,0xFFFFFF,0xFFFFFF,0x959495,0x000000,0x000000,0x000000,0x000000,0x000000,0x000000,0x000000,
0x000000,0x000000,0x000000,0x000000,0x000000,0x000000,0x000000,0x000000,0x000000,0x000000,0x000000,0x000000,
0x000000,0x000000,0x000000,0x000000,0x000000,0x000000,0x000000,0x000000,0x000000,0x000000,0x000000,0x000000,
0x000000,0x000000,0x000000,0x000000,0x000000,0x000000,0x000000,0x000000,0x000000,0x000000,0x000000,0x8D8C8C,
0xFFFFFF,0xFEFEFE,0xFEFDFE,0xFEFEFE,0xFEFEFE,0xFEFEFE,0xFEFEFE,0xFFFFFF,0xFDFDFE,0xFFFFFF,0xCFCFCF,0x0F0F0F,
0x000000,0x000000,0x000000,0x000000,0x000000,0x000000,0x000000,0x000000,0x000000,0x000000,0x000000,0x000000,
0x000000,0x000000,0x000000,0x000000,0x000000,0x000000,0x000000,0x000000,0x000000,0x000000,0x000000,0x000000,
0x000000,0x000000,0x000000,0x000000,0x000000,0x000000,0x000000,0x000000,0x000000,0x000000,0x000000,0x000000,
0x000000,0x000000,0x000000,0x000000,0x000000,0x000000,0x000000,0x000000,0x000000,0x000000,0x000000,0x000000,
0x000000,0x000000,0x000000,0x000000,0x000000,0x000000,0x000000,0x000000,0x000000,0x000000,0x000000,0x000000,
0x000000,0x000000,0x000000,0x464647,0xF8F8F8,0xFFFEFF,0xFEFEFE,0xFFFFFF,0xFFFFFF,0xFEFEFE,0xFEFEFE,0xFEFDFE,
0xFEFEFE,0xFFFFFF,0xFEFEFE,0x6B6B6B,0x000000,0x000000,0x000000,0x000000,0x000000,0x000000,0x000000,0x000000,
0x000000,0x000000,0x000000,0x000000,0x000000,0x000000,0x000000,0x000000,0x000000,0x000000,0x000000,0x000000,
0x000000,0x000000,0x000000,0x000000,0x000000,0x000000,0x000000,0x000000,0x000000,0x000000,0x000000,0x000000,
0x000000,0x000000,0x9C9B9C,0xCDCDCE,0x0A0A0A,0x000000,0x000000,0x000000,0x000000,0x000000,0x000000,0x010101,
0x000000,0x000000,0x000000,0x000000,0x000000,0x000000,0x000000,0x000000,0x000000,0x000000,0x000000,0x000000,
0x000000,0x000000,0x000000,0x000000,0x000000,0x000000,0x000000,0x000000,0x1B1A1A,0xA7A7A7,0xFFFFFF,0xFFFFFF,
0xFEFEFE,0xFEFEFE,0xFEFEFE,0xFEFDFE,0xFEFEFE,0xFEFEFE,0xFEFEFF,0xFEFEFE,0xFDFDFD,0xFEFEFE,0xFEFEFE,0xFEFEFE,
0xFEFEFE,0xFEFEFE,0xFFFEFF,0xFEFDFE,0xFEFDFE,0xFFFEFF,0xFEFEFE,0xFEFDFE,0xFEFDFE,0xFDFDFE,0xFEFEFE,0xFEFEFE,
0xFEFDFE,0xFEFEFF,0xFEFEFE,0xFEFEFE,0xFEFEFE,0xFEFEFE,0xFEFFFF,0xFEFEFE,0xFEFDFE,0xFEFEFF,0xFEFEFE,0xFEFEFE,
0xFEFEFE,0xFEFEFE,0xFEFEFE,0xFEFEFE,0xFEFDFD,0xFEFEFE,0xFEFEFF,0xFEFDFE,0xFEFEFE,0xFEFEFE,0xFEFEFE,0xFEFEFE,
0xFEFEFE,0xFEFEFE,0xFEFEFE,0xFEFEFE,0xFEFEFF,0xFEFEFE,0xFFFFFF,0xE3E3E3,0x1F1F1F,0x000000,0x000000,0x000000,
0x000000,0x000000,0x000000,0x000000,0x000000,0x000000,0x000000,0x000000,0x000000,0x000000,0x000000,0x000000,
0x000000,0x000000,0x000000,0x000000,0x000000,0x000000,0x000000,0x000000,0x000000,0x000000,0x000000,0x000000,
0x000000,0x010000,0x000000,0x000000,0x000000,0x000000,0x000000,0x000000,0x000000,0x000000,0x000000,0x000000,
0x000000,0x000000,0x414141,0xF5F5F5,0xFFFFFF,0xFEFEFE,0xFEFDFE,0xFEFDFE,0xFEFEFE,0xFFFFFF,0xFFFFFF,0xFFFFFF,
0xFFFEFF,0xFBFBFB,0x525252,0x000000,0x000000,0x000000,0x000000,0x000000,0x000000,0x000000,0x000000,0x000000,
0x000000,0x000000,0x000000,0x010100,0x000000,0x000000,0x000000,0x000000,0x000000,0x000000,0x000000,0x000000,
0x000000,0x000000,0x000000,0x000000,0x000000,0x000000,0x000000,0x000000,0x000000,0x000000,0x000000,0x000000,
0x000000,0x000000,0x000000,0x000000,0x000000,0x000000,0x000000,0x000000,0x000000,0x000000,0x000000,0x000000,
0x000000,0x000000,0x000000,0x000000,0x000000,0x000000,0x000000,0x000000,0x000000,0x000000,0x000000,0x000000,
0x000000,0x000000,0x000000,0x000000,0x000000,0x000000,0x000000,0x000000,0x9D9D9E,0xFFFFFF,0xFFFFFF,0xFFFFFF,
0xFFFEFF,0xFEFEFE,0xFEFDFE,0xFEFEFE,0xFFFFFF,0xFFFFFF,0xFFFFFF,0xE8E8E8,0x292929,0x000000,0x000000,0x000000,
0x000000,0x000000,0x000000,0x000000,0x000000,0x000000,0x000000,0x000000,0x000000,0x000000,0x000000,0x000000,
0x000000,0x000000,0x000000,0x000000,0x000000,0x000000,0x000000,0x000000,0x000000,0x000000,0x000000,0x000000,
0x000000,0x000000,0x000000,0x000000,0x000000,0x030303,0xBEBDBE,0x646364,0x000000,0x000000,0x000000,0x000000,
0x000000,0x000000,0x000000,0x000000,0x000000,0x000000,0x000000,0x000000,0x000000,0x000000,0x000000,0x000000,
0x000000,0x000000,0x000000,0x000000,0x000000,0x000000,0x000000,0x000000,0x000000,0x000000,0x000000,0x000000,
0x000000,0x040404,0x737373,0xF1F1F1,0xFFFFFF,0xFEFDFE,0xFDFDFD,0xFEFEFE,0xFEFEFE,0xFEFEFE,0xFEFDFE,0xFEFEFE,
0xFEFEFE,0xFEFEFE,0xFEFEFE,0xFEFEFE,0xFEFEFE,0xFEFEFE,0xFEFEFE,0xFEFEFE,0xFEFEFD,0xFEFDFE,0xFEFEFE,0xFEFEFE,
0xFEFDFE,0xFEFDFE,0xFEFEFE,0xFEFEFE,0xFEFDFE,0xFEFEFE,0xFEFEFE,0xFEFEFE,0xFEFEFE,0xFEFEFE,0xFEFEFE,0xFEFEFE,
0xFEFEFE,0xFEFDFE,0xFEFEFE,0xFEFEFE,0xFEFEFE,0xFEFEFE,0xFEFEFE,0xFEFDFE,0xFEFEFE,0xFEFEFE,0xFEFDFD,0xFEFEFE,
0xFEFEFE,0xFEFEFE,0xFEFEFE,0xFFFEFF,0xFFFEFF,0xFEFEFE,0xFEFEFE,0xFEFEFE,0xFEFEFE,0xFEFEFE,0xFEFEFE,0x676767,
0x000000,0x000000,0x000000,0x000000,0x000000,0x000000,0x000000,0x000000,0x000000,0x000000,0x000000,0x000000,
0x000000,0x000000,0x000000,0x000000,0x000000,0x000000,0x000000,0x000000,0x000000,0x000000,0x000000,0x000000,
0x000000,0x000000,0x000000,0x000000,0x000000,0x000000,0x000000,0x000000,0x000000,0x000000,0x000000,0x000000,
0x000000,0x000000,0x000000,0x000000,0x000000,0x0F0F10,0xC9C9C9,0xFFFFFF,0xFEFEFE,0xFEFEFE,0xFEFEFE,0xFEFDFE,
0xFEFEFE,0xFEFEFE,0xFEFFFF,0xFFFFFF,0xFFFFFF,0xADADAD,0x030304,0x000000,0x000000,0x000000,0x000000,0x000000,
0x000000,0x000000,0x000000,0x000000,0x000000,0x000000,0x000000,0x000000,0x000000,0x000000,0x000000,0x000000,
0x000000,0x000000,0x000000,0x000000,0x000000,0x000000,0x000000,0x000000,0x000000,0x000000,0x000000,0x000000,
0x000000,0x000000,0x000000,0x000000,0x000000,0x000000,0x000000,0x000000,0x000000,0x000000,0x000000,0x000000,
0x000000,0x000000,0x000000,0x000000,0x000000,0x000000,0x000000,0x000000,0x000000,0x000000,0x000000,0x000000,
0x000000,0x000000,0x000000,0x000000,0x000000,0x000000,0x000000,0x000000,0x000000,0x000000,0x000000,0x000000,
0x212121,0xE3E3E3,0xFFFFFF,0xFEFEFE,0xFEFDFE,0xFEFDFE,0xFEFEFE,0xFEFEFE,0xFFFFFF,0xFEFEFE,0xFEFEFE,0xFFFFFF,
0xB5B4B4,0x060606,0x000000,0x000000,0x000000,0x000000,0x000000,0x000000,0x000000,0x000000,0x000000,0x000000,
0x000000,0x000000,0x000000,0x000000,0x000000,0x000000,0x000000,0x000000,0x000000,0x000000,0x000000,0x000000,
0x000000,0x000000,0x000000,0x000000,0x000000,0x000000,0x000000,0x000000,0x000000,0x0C0C0C,0xBDBDBD,0x222222,
0x000000,0x000000,0x000000,0x000000,0x000000,0x000000,0x000000,0x000000,0x000000,0x000000,0x000000,0x000000,
0x000000,0x000000,0x000000,0x000000,0x000000,0x000000,0x000000,0x000000,0x000000,0x000000,0x000000,0x000000,
0x000000,0x000000,0x000000,0x000000,0x000000,0x000000,0x000000,0x3E3E3E,0xCFCFCF,0xFFFFFF,0xFEFFFF,0xFEFEFE,
0xFEFEFE,0xFEFEFE,0xFEFDFE,0xFEFEFE,0xFEFEFE,0xFEFEFE,0xFEFEFE,0xFEFEFE,0xFEFEFE,0xFEFEFE,0xFEFEFE,0xFEFEFE,
0xFEFEFE,0xFFFEFF,0xFEFEFE,0xFEFEFE,0xFEFEFE,0xFEFEFE,0xFEFEFE,0xFEFEFE,0xFEFEFE,0xFEFEFE,0xFEFEFE,0xFEFDFE,
0xFEFEFE,0xFEFEFE,0xFEFEFE,0xFEFEFE,0xFFFFFF,0xFEFEFE,0xFEFEFE,0xFEFEFE,0xFEFEFE,0xFEFEFE,0xFEFEFE,0xFEFEFE,
0xFEFEFE,0xFEFEFE,0xFEFEFE,0xFEFEFE,0xFEFEFE,0xFEFEFE,0xFEFEFE,0xFFFEFF,0xFEFEFE,0xFFFEFF,0xFFFFFF,0xFEFEFE,
0xFDFEFE,0xFFFFFF,0xA7A7A8,0x050505,0x000000,0x000000,0x000000,0x000000,0x000000,0x000000,0x000000,0x000000,
0x000000,0x000000,0x000000,0x000000,0x000000,0x000000,0x000000,0x000000,0x000000,0x000000,0x000000,0x000000,
0x000000,0x000000,0x000000,0x000000,0x000000,0x000000,0x000000,0x000000,0x000000,0x000000,0x000000,0x000000,
0x000000,0x000000,0x000000,0x000000,0x000000,0x000000,0x000000,0x000000,0x000000,0x8C8B8C,0xFFFFFF,0xFEFEFE,
0xFEFEFE,0xFEFFFE,0xFFFFFF,0xFEFFFE,0xFEFEFE,0xFDFDFE,0xFFFFFF,0xFFFFFF,0xEDEDED,0x2D2E2E,0x000000,0x000000,
0x000000,0x000000,0x000000,0x000000,0x000000,0x000000,0x000000,0x000000,0x000000,0x000000,0x000000,0x000000,
0x000000,0x000000,0x000000,0x000000,0x000000,0x000000,0x000000,0x000000,0x000000,0x000000,0x000000,0x000000,
0x000000,0x000000,0x000000,0x000000,0x000000,0x000000,0x000000,0x000000,0x000000,0x000000,0x000000,0x000000,
0x000000,0x000000,0x000000,0x000000,0x000000,0x000000,0x000000,0x000000,0x000000,0x000000,0x000000,0x000000,
0x000000,0x000000,0x000000,0x000000,0x000000,0x000000,0x000000,0x000000,0x000000,0x000000,0x000000,0x000000,
0x000000,0x000000,0x000000,0x000000,0x000000,0x676767,0xFEFEFE,0xFEFEFE,0xFDFDFD,0xFEFDFE,0xFEFEFE,0xFFFFFF,
0xFEFEFE,0xFEFEFE,0xFEFEFE,0xFEFEFE,0xFFFFFF,0x717171,0x000000,0x000000,0x000000,0x000000,0x000000,0x000000,
0x000000,0x000000,0x000000,0x010000,0x000000,0x000000,0x000000,0x000000,0x000000,0x000000,0x000000,0x000000,
0x000000,0x000000,0x000000,0x000000,0x000000,0x000000,0x000000,0x000000,0x000000,0x000000,0x000000,0x000000,
0x000000,0x121112,0x999999,0x090908,0x000000,0x000000,0x000000,0x000000,0x000000,0x000000,0x000000,0x000000,
0x000000,0x000000,0x000000,0x000000,0x000000,0x000000,0x000000,0x000000,0x000000,0x000000,0x000000,0x000000,
0x000000,0x000000,0x000000,0x000000,0x000000,0x000000,0x000000,0x000000,0x000000,0x000000,0x000000,0x000000,
0x181818,0xA5A5A5,0xFFFFFF,0xFFFFFF,0xFEFEFF,0xFFFEFF,0xFEFEFE,0xFEFEFE,0xFFFFFF,0xFFFEFE,0xFEFDFD,0xFEFEFE,
0xFEFEFE,0xFEFDFE,0xFFFEFE,0xFEFDFE,0xFEFEFE,0xFEFEFE,0xFEFEFE,0xFEFEFE,0xFEFEFE,0xFEFEFE,0xFEFEFE,0xFEFEFE,
0xFEFEFE,0xFEFEFE,0xFEFDFE,0xFEFEFE,0xFEFEFE,0xFEFEFE,0xFEFEFE,0xFEFEFE,0xFEFEFE,0xFEFEFE,0xFEFEFE,0xFEFEFE,
0xFEFEFE,0xFEFEFE,0xFEFDFE,0xFEFEFE,0xFFFEFE,0xFEFEFE,0xFEFEFE,0xFEFEFE,0xFEFEFE,0xFEFEFE,0xFFFEFF,0xFFFEFF,
0xFDFDFD,0xFFFFFF,0xFFFFFF,0xFFFFFF,0xFFFFFF,0xD5D5D6,0x1C1C1C,0x000000,0x000000,0x000000,0x000000,0x000000,
0x000000,0x000000,0x000000,0x000000,0x000000,0x000000,0x000000,0x000000,0x000000,0x000000,0x000000,0x000000,
0x000000,0x000000,0x000000,0x000000,0x000000,0x000000,0x000000,0x000000,0x000000,0x000000,0x000000,0x000000,
0x000000,0x000000,0x000000,0x000000,0x000000,0x000000,0x000000,0x000000,0x000000,0x000000,0x000000,0x000000,
0x4A4A4A,0xF7F7F7,0xFFFFFF,0xFEFEFE,0xFEFEFE,0xFEFEFE,0xFFFFFF,0xFEFEFE,0xFEFEFE,0xFEFEFE,0xFEFEFF,0xFFFFFF,
0x7C7C7C,0x000000,0x000000,0x000000,0x000000,0x000000,0x000000,0x000000,0x000000,0x000000,0x000000,0x000000,
0x000000,0x000000,0x000000,0x000000,0x000000,0x000000,0x000000,0x000000,0x000000,0x000000,0x000000,0x000000,
0x000000,0x000000,0x000000,0x000000,0x000000,0x000000,0x000000,0x000000,0x000000,0x000000,0x000000,0x000000,
0x000000,0x000000,0x000000,0x000000,0x000000,0x000000,0x000000,0x000000,0x000000,0x000000,0x000000,0x000000,
0x000000,0x000000,0x000000,0x000000,0x000000,0x000000,0x000000,0x000000,0x000000,0x000000,0x000000,0x000000,
0x000000,0x000000,0x000000,0x000000,0x000000,0x000000,0x000000,0x000000,0x000000,0x050505,0xB0B0B0,0xFFFFFF,
0xFEFDFE,0xFEFDFE,0xFFFFFF,0xFFFFFF,0xFEFEFE,0xFEFEFE,0xFEFEFE,0xFEFEFE,0xFFFFFF,0xF0F0F0,0x3B3B3B,0x000000,
0x000000,0x000000,0x000000,0x000000,0x000000,0x000000,0x000000,0x000000,0x000000,0x000000,0x000000,0x000000,
0x000000,0x000000,0x000000,0x000000,0x000000,0x000000,0x000000,0x000000,0x000000,0x000000,0x000000,0x000000,
0x000000,0x000000,0x000000,0x000000,0x000000,0x0E0E0F,0x626363,0x000100,0x000000,0x000000,0x000000,0x000000,
0x000000,0x000000,0x000000,0x000000,0x000000,0x000000,0x000000,0x000000,0x000000,0x000000,0x000000,0x000000,
0x000000,0x000000,0x000000,0x000000,0x000000,0x000000,0x000000,0x000000,0x000000,0x000000,0x000000,0x000000,
0x000000,0x000000,0x000000,0x000000,0x000000,0x030303,0x6C6B6B,0xEDECEC,0xFFFFFF,0xFEFEFE,0xFDFDFD,0xFEFDFE,
0xFFFEFF,0xFEFEFE,0xFEFEFE,0xFEFEFE,0xFEFEFE,0xFEFEFE,0xFEFEFE,0xFEFEFE,0xFEFEFE,0xFEFEFE,0xFEFEFE,0xFEFEFE,
0xFEFEFE,0xFEFEFE,0xFEFEFE,0xFEFEFE,0xFEFEFE,0xFDFDFE,0xFEFEFE,0xFEFEFE,0xFEFEFE,0xFEFEFE,0xFEFEFE,0xFEFEFE,
0xFEFEFE,0xFEFEFE,0xFEFEFE,0xFEFEFE,0xFEFDFE,0xFEFDFE,0xFEFEFE,0xFEFEFE,0xFEFEFE,0xFEFEFE,0xFEFDFE,0xFEFEFE,
0xFEFEFE,0xFEFEFE,0xFEFEFE,0xFEFDFE,0xFEFEFE,0xFEFEFE,0xFEFEFE,0xFFFFFF,0xEEEEEE,0x3C3C3D,0x000000,0x000000,
0x000000,0x000000,0x000000,0x000000,0x000000,0x000000,0x000000,0x000000,0x000000,0x000000,0x000000,0x000000,
0x000000,0x000000,0x000000,0x000000,0x000000,0x000000,0x000000,0x000000,0x000000,0x000000,0x000000,0x000000,
0x000000,0x010000,0x000000,0x000000,0x000000,0x000000,0x000000,0x000000,0x000000,0x000000,0x000000,0x000000,
0x000000,0x000000,0x000000,0x1D1C1D,0xD9D8D9,0xFFFFFF,0xFEFEFE,0xFEFDFE,0xFEFDFE,0xFEFEFE,0xFEFEFE,0xFFFFFF,
0xFEFEFE,0xFEFEFE,0xFFFFFF,0xC1C1C1,0x0C0C0C,0x000000,0x000000,0x000000,0x000000,0x000000,0x000000,0x000000,
0x000000,0x000000,0x000000,0x000000,0x000000,0x010000,0x000000,0x000000,0x000000,0x000000,0x000000,0x000000,
0x000000,0x000000,0x000000,0x000000,0x000000,0x000000,0x000000,0x000000,0x000000,0x000000,0x000000,0x000000,
0x000000,0x000000,0x000000,0x000000,0x000000,0x000000,0x000000,0x000000,0x000000,0x000000,0x000000,0x000000,
0x000000,0x000000,0x000000,0x000000,0x000000,0x000000,0x000000,0x000000,0x000000,0x000000,0x000000,0x000000,
0x000000,0x000000,0x000000,0x000000,0x000000,0x000000,0x000000,0x000000,0x000000,0x000000,0x000000,0x000000,
0x000000,0x000000,0x292929,0xE6E5E6,0xFFFFFF,0xFEFEFE,0xFFFFFF,0xFFFFFF,0xFEFEFE,0xFEFEFE,0xFEFDFE,0xFEFEFE,
0xFEFEFE,0xFFFFFF,0xCFCFCF,0x181818,0x000000,0x000000,0x000000,0x000000,0x000000,0x000000,0x000000,0x000000,
0x000000,0x000000,0x000000,0x000000,0x000000,0x000000,0x000000,0x000000,0x000000,0x000000,0x000000,0x000000,
0x000000,0x000000,0x000000,0x000000,0x000000,0x000000,0x000000,0x000000,0x000000,0x070707,0x313232,0x000000,
0x000000,0x000000,0x000000,0x000000,0x000000,0x000000,0x000000,0x000000,0x000000,0x000000,0x000000,0x000000,
0x000000,0x000000,0x000000,0x000000,0x000000,0x000000,0x000000,0x000000,0x000000,0x000100,0x000000,0x000000,
0x000000,0x000000,0x000000,0x000000,0x000000,0x000000,0x000000,0x000000,0x000000,0x000000,0x000000,0x343434,
0xBDBDBD,0xFFFFFF,0xFFFFFF,0xFEFEFE,0xFFFFFF,0xFEFEFE,0xFEFDFE,0xFEFEFE,0xFEFDFE,0xFEFEFE,0xFEFEFE,0xFFFEFE,
0xFEFEFE,0xFEFEFE,0xFFFEFE,0xFEFEFE,0xFEFEFE,0xFEFEFE,0xFEFEFE,0xFEFDFE,0xFEFDFE,0xFEFEFE,0xFEFEFE,0xFEFEFE,
0xFEFFFE,0xFEFEFE,0xFEFDFE,0xFEFEFE,0xFEFEFE,0xFFFFFF,0xFEFEFE,0xFEFEFE,0xFEFEFE,0xFEFEFE,0xFEFEFE,0xFEFEFE,
0xFEFEFE,0xFEFEFE,0xFEFEFE,0xFEFDFE,0xFEFEFE,0xFEFEFE,0xFEFEFE,0xFFFEFF,0xFEFEFE,0xFDFDFE,0xFFFFFF,0xF8F8F8,
0x5E5E5E,0x000000,0x000000,0x000000,0x000000,0x000000,0x000000,0x000000,0x000000,0x000000,0x000000,0x000000,
0x000000,0x000000,0x000100,0x000000,0x000000,0x000000,0x000000,0x000001,0x010101,0x000000,0x010000,0x000000,
0x000000,0x000000,0x000000,0x000000,0x000000,0x000000,0x010000,0x000000,0x000000,0x000000,0x000000,0x000000,
0x000000,0x000000,0x000000,0x000000,0x000000,0x000000,0x060606,0xACACAC,0xFFFFFF,0xFEFEFE,0xFEFEFE,0xFFFEFF,
0xFEFEFE,0xFEFDFE,0xFEFDFE,0xFFFEFE,0xFFFFFF,0xFFFFFF,0xF0F1F1,0x373838,0x000000,0x000000,0x000000,0x000000,
0x000000,0x000000,0x000000,0x000000,0x000000,0x000000,0x000000,0x000000,0x000000,0x000000,0x000000,0x000000,
0x000000,0x000000,0x000000,0x000000,0x000000,0x000000,0x000000,0x000000,0x000000,0x000000,0x000000,0x000000,
0x000000,0x000000,0x000000,0x000000,0x000000,0x000000,0x000000,0x000000,0x000000,0x000000,0x000000,0x000000,
0x000000,0x000000,0x000000,0x000000,0x000000,0x000000,0x000000,0x000000,0x000000,0x000000,0x000000,0x000000,
0x000000,0x000000,0x000000,0x000000,0x000000,0x000000,0x000000,0x000000,0x000000,0x000000,0x000000,0x000000,
0x000000,0x000000,0x000000,0x000000,0x000000,0x000000,0x000000,0x656566,0xFFFFFE,0xFFFFFF,0xFEFEFE,0xFEFDFE,
0xFEFDFE,0xFEFDFE,0xFFFFFF,0xFFFFFF,0xFEFEFE,0xFEFEFF,0xFFFFFF,0xA6A5A6,0x040404,0x000000,0x000000,0x000000,
0x000000,0x000000,0x000000,0x000000,0x000000,0x000000,0x000000,0x000000,0x000000,0x000000,0x000000,0x000000,
0x000000,0x000000,0x000000,0x000000,0x000000,0x000000,0x000000,0x000000,0x000000,0x000000,0x000000,0x000000,
0x000000,0x000000,0x040504,0x000000,0x000000,0x000000,0x000000,0x000000,0x000000,0x000000,0x000000,0x000000,
0x000000,0x000000,0x000000,0x010100,0x000000,0x000000,0x000000,0x000000,0x010000,0x000000,0x000000,0x000000,
0x000000,0x000000,0x000000,0x000000,0x000000,0x000000,0x000000,0x000000,0x000000,0x000000,0x000000,0x000000,
0x000000,0x000000,0x000000,0x000000,0x090909,0x747474,0xEAEAEA,0xFFFFFF,0xFFFFFF,0xFDFDFD,0xFEFDFE,0xFFFEFF,
0xFFFFFF,0xFEFEFE,0xFEFEFE,0xFEFEFE,0xFEFEFE,0xFFFEFF,0xFFFFFE,0xFEFEFE,0xFEFEFF,0xFEFDFE,0xFEFEFE,0xFEFEFE,
0xFEFEFE,0xFFFEFF,0xFFFFFE,0xFEFDFE,0xFEFEFE,0xFFFEFF,0xFEFEFE,0xFEFEFE,0xFEFEFE,0xFEFEFE,0xFEFEFE,0xFEFEFE,
0xFEFEFE,0xFEFEFE,0xFEFEFE,0xFEFEFE,0xFEFEFE,0xFEFEFE,0xFEFDFE,0xFEFEFE,0xFFFEFF,0xFFFEFE,0xFEFEFE,0xFFFFFF,
0xFEFFFF,0xFFFFFF,0xFBFBFB,0x6B6B6C,0x000000,0x000000,0x000000,0x000000,0x000000,0x000000,0x000000,0x000000,
0x000000,0x000000,0x000000,0x000000,0x000000,0x000000,0x000000,0x000000,0x000000,0x000000,0x000000,0x000000,
0x010100,0x000000,0x000000,0x000000,0x000000,0x000000,0x000000,0x000000,0x000000,0x000000,0x000000,0x000000,
0x000000,0x000000,0x000000,0x000000,0x000000,0x000000,0x000000,0x000000,0x000000,0x000000,0x787778,0xFFFFFF,
0xFFFFFF,0xFEFEFE,0xFEFEFE,0xFFFEFF,0xFFFEFF,0xFEFEFE,0xFEFDFE,0xFEFEFE,0xFFFFFF,0xFFFFFF,0x7D7D7D,0x000000,
0x000000,0x000000,0x000000,0x000000,0x000000,0x000000,0x000000,0x000000,0x000000,0x000000,0x000000,0x000000,
0x000000,0x000000,0x000000,0x000000,0x000000,0x000000,0x000000,0x000000,0x000000,0x000000,0x000000,0x000000,
0x000000,0x000000,0x000000,0x000000,0x000000,0x000000,0x000000,0x000000,0x000000,0x000000,0x000000,0x000000,
0x000000,0x000000,0x000000,0x000000,0x000000,0x000000,0x000000,0x000000,0x000000,0x000000,0x000000,0x000000,
0x000000,0x000000,0x000000,0x000000,0x000000,0x000000,0x000000,0x000000,0x000000,0x000000,0x000000,0x000000,
0x000000,0x000000,0x000000,0x000000,0x000000,0x000000,0x000000,0x000000,0x000000,0x000000,0x000000,0x050505,
0xACACAC,0xFFFFFF,0xFEFEFE,0xFDFDFD,0xFEFDFE,0xFFFEFF,0xFFFFFF,0xFEFFFE,0xFEFEFE,0xFEFEFE,0xFFFEFF,0xFFFEFF,
0x767676,0x000000,0x000000,0x000000,0x000000,0x000000,0x000000,0x000000,0x000000,0x000000,0x000000,0x000000,
0x000000,0x000000,0x000000,0x010000,0x000000,0x000000,0x000000,0x000000,0x000000,0x000000,0x000000,0x000000,
0x000000,0x000000,0x000000,0x000000,0x000000,0x000000,0x000000,0x000000,0x000000,0x000000,0x000000,0x000000,
0x000000,0x000000,0x000000,0x000000,0x000000,0x000000,0x000000,0x000000,0x000000,0x000000,0x000000,0x000000,
0x000100,0x010100,0x000000,0x000000,0x000000,0x000000,0x000000,0x000000,0x000000,0x000000,0x000000,0x000000,
0x000000,0x000000,0x000000,0x000000,0x000000,0x000000,0x000000,0x000000,0x000000,0x000000,0x2D2C2C,0xA7A7A7,
0xF9F9F9,0xFFFFFF,0xFFFFFF,0xFFFFFF,0xFFFFFF,0xFEFEFE,0xFDFEFD,0xFDFEFD,0xFEFEFE,0xFFFFFF,0xFFFFFF,0xFEFEFE,
0xFEFDFE,0xFEFDFE,0xFEFEFE,0xFEFEFE,0xFEFDFE,0xFEFEFE,0xFEFEFE,0xFEFDFE,0xFEFEFE,0xFEFEFE,0xFEFEFE,0xFEFEFE,
0xFEFEFE,0xFEFDFE,0xFEFEFE,0xFEFEFE,0xFEFEFF,0xFEFEFF,0xFEFEFE,0xFEFEFE,0xFEFEFE,0xFEFEFE,0xFEFEFE,0xFEFEFE,
0xFFFEFF,0xFFFFFF,0xFEFEFE,0xFEFEFF,0xFFFFFF,0xFDFDFD,0x767676,0x000000,0x000000,0x000000,0x000000,0x000000,
0x000000,0x000000,0x000000,0x000000,0x000000,0x000000,0x000000,0x000000,0x000000,0x000000,0x000000,0x000000,
0x000000,0x000000,0x000000,0x000000,0x000000,0x000000,0x000000,0x000000,0x000000,0x000000,0x000000,0x000000,
0x000000,0x000000,0x000000,0x010000,0x000000,0x000000,0x000000,0x000000,0x000000,0x000000,0x000000,0x000000,
0x000000,0x484849,0xF4F4F4,0xFFFFFF,0xFFFEFF,0xFEFEFE,0xFEFEFE,0xFFFEFF,0xFFFFFF,0xFEFEFE,0xFEFDFE,0xFEFDFE,
0xFFFFFF,0xC1C1C1,0x0C0C0C,0x000000,0x000000,0x000000,0x000000,0x000000,0x000000,0x000000,0x000000,0x000000,
0x000000,0x000000,0x000000,0x000000,0x000000,0x000000,0x000000,0x000000,0x000000,0x000000,0x000000,0x000000,
0x000000,0x000000,0x000000,0x000000,0x000000,0x000000,0x000000,0x000000,0x000000,0x000000,0x000000,0x000000,
0x000000,0x000000,0x000000,0x000000,0x000000,0x000000,0x000000,0x000000,0x000000,0x000000,0x000000,0x000000,
0x000000,0x000000,0x000000,0x000000,0x000000,0x000000,0x000000,0x000000,0x000000,0x000000,0x000000,0x000000,
0x000000,0x000000,0x000000,0x000000,0x000000,0x000000,0x000000,0x000000,0x000000,0x000000,0x000000,0x000000,
0x000000,0x000000,0x000000,0x000000,0x222222,0xDEDEDE,0xFFFFFF,0xFDFDFD,0xFEFDFE,0xFFFFFF,0xFEFEFE,0xFEFDFE,
0xFEFEFE,0xFEFEFE,0xFEFEFE,0xFFFFFF,0xF6F6F7,0x515151,0x000000,0x000000,0x000000,0x000000,0x000000,0x000000,
0x000000,0x000000,0x000000,0x000000,0x000000,0x000000,0x000000,0x000000,0x000000,0x000000,0x000000,0x000000,
0x000000,0x000000,0x000000,0x000000,0x000000,0x000000,0x000000,0x000000,0x000000,0x000000,0x000000,0x000000,
0x000000,0x000000,0x000000,0x000000,0x000000,0x000000,0x000000,0x000000,0x000000,0x000000,0x000000,0x000000,
0x000000,0x000000,0x000000,0x010000,0x000000,0x000000,0x000000,0x000000,0x000000,0x000000,0x000000,0x000000,
0x000000,0x000000,0x000000,0x000000,0x000000,0x000000,0x000000,0x000000,0x000000,0x000000,0x000000,0x000000,
0x000000,0x000000,0x000000,0x000000,0x454444,0xB8B8B8,0xFCFCFC,0xFFFFFF,0xFFFFFF,0xFEFEFE,0xFEFEFD,0xFEFEFE,
0xFEFEFE,0xFFFFFF,0xFFFFFF,0xFFFEFF,0xFEFDFE,0xFEFEFE,0xFEFEFE,0xFFFEFF,0xFEFEFE,0xFEFDFE,0xFEFEFE,0xFFFEFF,
0xFEFEFE,0xFEFEFE,0xFEFEFE,0xFEFEFE,0xFEFEFE,0xFEFEFE,0xFEFDFE,0xFEFEFE,0xFEFEFE,0xFFFEFE,0xFEFEFE,0xFDFDFD,
0xFEFEFE,0xFEFDFE,0xFEFEFE,0xFEFEFE,0xFEFEFE,0xFFFFFF,0xFEFEFF,0xFFFFFF,0xF9F9F9,0x6F6F6F,0x000000,0x000000,
0x000000,0x000000,0x000000,0x000000,0x000000,0x000000,0x000000,0x000000,0x000000,0x000000,0x000000,0x000000,
0x000000,0x000000,0x000000,0x000000,0x000000,0x000000,0x000000,0x000000,0x000000,0x000000,0x000000,0x000000,
0x000000,0x000000,0x000000,0x000000,0x000000,0x000000,0x000000,0x000000,0x000000,0x000000,0x000000,0x000000,
0x000000,0x000000,0x000000,0x000000,0x272728,0xDEDDDE,0xFFFFFF,0xFEFEFE,0xFEFDFE,0xFEFEFE,0xFEFEFE,0xFEFEFE,
0xFEFEFE,0xFFFFFF,0xFEFEFE,0xFFFFFF,0xEAEAEA,0x313131,0x000000,0x000000,0x000000,0x000000,0x000000,0x000000,
0x000000,0x000000,0x000000,0x000000,0x000000,0x000000,0x000000,0x000000,0x000000,0x000000,0x010100,0x000000,
0x000000,0x000000,0x000000,0x000000,0x000000,0x000000,0x000000,0x000000,0x000000,0x000000,0x000000,0x000000,
0x000000,0x000000,0x000000,0x000000,0x000000,0x000000,0x000000,0x000000,0x000000,0x000000,0x000000,0x000000,
0x000000,0x000000,0x000000,0x000000,0x000000,0x000000,0x000000,0x000000,0x000000,0x000000,0x000000,0x000000,
0x000000,0x000000,0x000000,0x000000,0x000000,0x000000,0x000000,0x000000,0x000000,0x000000,0x000000,0x000000,
0x000000,0x000000,0x000000,0x000000,0x000000,0x000000,0x000000,0x000000,0x000000,0x4D4C4D,0xF7F7F8,0xFFFFFF,
0xFEFEFE,0xFEFEFE,0xFEFEFE,0xFEFEFE,0xFEFEFE,0xFEFEFE,0xFFFFFF,0xFFFFFF,0xFFFFFF,0xE4E5E4,0x2F2F2F,0x000000,
0x000000,0x000000,0x000000,0x000000,0x000000,0x000000,0x000000,0x000000,0x000000,0x000000,0x000000,0x000000,
0x000000,0x000000,0x000000,0x000000,0x000000,0x000000,0x000000,0x000000,0x000000,0x000000,0x000000,0x000000,
0x000000,0x000000,0x000000,0x000000,0x010000,0x000000,0x000000,0x000000,0x000000,0x000000,0x000000,0x000000,
0x000000,0x000000,0x000000,0x000000,0x000000,0x000000,0x000000,0x000000,0x000000,0x000000,0x000000,0x000000,
0x000000,0x000000,0x000000,0x000000,0x000000,0x000000,0x010000,0x000000,0x000000,0x000000,0x000000,0x000000,
0x000000,0x000000,0x000000,0x000000,0x000000,0x000000,0x000000,0x000000,0x000000,0x050505,0x464646,0xAAABAA,
0xEFEFEF,0xFFFFFF,0xFFFFFF,0xFFFFFF,0xFFFEFF,0xFEFDFE,0xFEFDFE,0xFEFEFE,0xFFFFFF,0xFEFEFE,0xFEFEFE,0xFEFEFE,
0xFEFEFE,0xFEFEFE,0xFEFEFE,0xFFFEFF,0xFFFFFF,0xFEFEFE,0xFEFEFE,0xFEFEFE,0xFEFEFE,0xFEFEFE,0xFEFDFE,0xFEFEFE,
0xFEFDFD,0xFEFEFD,0xFEFEFE,0xFEFDFE,0xFEFEFE,0xFEFEFE,0xFEFEFE,0xFEFEFE,0xFEFEFE,0xFFFFFF,0xFFFFFF,0xEDEDED,
0x5B5A5B,0x000000,0x000000,0x000000,0x000000,0x000000,0x000000,0x000000,0x000000,0x000000,0x000000,0x000000,
0x000000,0x000000,0x000000,0x000000,0x000000,0x000000,0x000000,0x000000,0x000000,0x000000,0x000000,0x000000,
0x000000,0x000000,0x000000,0x000000,0x000000,0x000000,0x000000,0x010000,0x000000,0x000000,0x000000,0x000000,
0x000000,0x000000,0x000000,0x000000,0x000000,0x000000,0x000000,0x111111,0xC4C3C4,0xFFFFFF,0xFFFEFF,0xFEFEFE,
0xFEFEFE,0xFEFEFE,0xFFFEFF,0xFEFEFE,0xFDFDFD,0xFEFEFE,0xFFFFFF,0xFEFEFE,0x636364,0x000000,0x000000,0x010000,
0x000000,0x000000,0x000000,0x000000,0x000000,0x000000,0x000000,0x000000,0x000000,0x000000,0x000000,0x000000,
0x000000,0x000000,0x000000,0x000000,0x000000,0x000000,0x000000,0x000000,0x000000,0x000000,0x000000,0x000000,
0x000000,0x000000,0x000000,0x000000,0x000000,0x000000,0x000000,0x000000,0x000000,0x000000,0x000000,0x000000,
0x000000,0x000000,0x000000,0x000000,0x000000,0x000000,0x000000,0x000000,0x000000,0x000000,0x000000,0x000000,
0x000000,0x000000,0x000000,0x000000,0x000000,0x000000,0x000000,0x000000,0x000000,0x000000,0x000000,0x000000,
0x000000,0x000000,0x000000,0x000000,0x000000,0x000000,0x000000,0x000000,0x000000,0x000000,0x000000,0x000000,
0x000000,0x000000,0x8A898A,0xFFFFFF,0xFFFFFF,0xFEFEFE,0xFEFEFE,0xFEFEFE,0xFEFEFE,0xFFFFFF,0xFFFEFF,0xFEFEFE,
0xFEFEFE,0xFFFFFF,0xCDCDCE,0x1B1B1B,0x000000,0x000000,0x000000,0x010000,0x000000,0x010000,0x000000,0x000000,
0x000000,0x000000,0x000000,0x000000,0x000000,0x000000,0x000000,0x000000,0x000000,0x000000,0x000000,0x000000,
0x000000,0x000000,0x000000,0x000000,0x000000,0x000000,0x000000,0x000000,0x010000,0x000000,0x000000,0x000000,
0x000000,0x000000,0x000000,0x000000,0x000000,0x000000,0x000000,0x000000,0x000000,0x000000,0x000000,0x000000,
0x000000,0x000000,0x000000,0x000000,0x000000,0x000000,0x000000,0x000000,0x000000,0x000000,0x000000,0x000000,
0x000000,0x000000,0x000000,0x000000,0x000000,0x000000,0x000000,0x000000,0x000000,0x000000,0x000000,0x000000,
0x000000,0x000000,0x000000,0x000000,0x2F2E2E,0x848484,0xCECFCF,0xF6F7F7,0xFFFFFF,0xFFFFFF,0xFFFFFF,0xFFFFFF,
0xFFFFFF,0xFFFFFF,0xFEFEFE,0xFEFEFE,0xFFFFFF,0xFFFFFF,0xFFFFFF,0xFEFEFE,0xFFFFFF,0xFFFFFF,0xFEFEFE,0xFEFEFE,
0xFEFEFE,0xFEFDFE,0xFEFEFE,0xFEFEFE,0xFEFEFE,0xFEFEFE,0xFEFEFE,0xFFFFFF,0xFFFFFF,0xFEFEFE,0xFEFEFE,0xFEFEFE,
0xFEFEFF,0xFFFFFF,0xD6D6D6,0x404040,0x000000,0x000000,0x000000,0x000000,0x000000,0x000000,0x000000,0x000000,
0x000000,0x000000,0x010000,0x000000,0x000000,0x000000,0x000000,0x000000,0x000000,0x000000,0x000000,0x000000,
0x000000,0x000000,0x000000,0x000000,0x000000,0x000000,0x000000,0x000000,0x000000,0x000000,0x000000,0x000000,
0x000000,0x000000,0x000000,0x000000,0x000000,0x010000,0x000000,0x000000,0x000000,0x000000,0x070707,0xA2A2A2,
0xFFFFFF,0xFFFEFF,0xFEFEFE,0xFFFEFF,0xFEFDFE,0xFEFEFE,0xFEFEFE,0xFEFEFE,0xFEFDFE,0xFDFDFF,0xFFFFFF,0xA5A5A5,
0x030303,0x000000,0x000000,0x000000,0x000000,0x000000,0x000000,0x000000,0x000000,0x000000,0x000000,0x000000,
0x000000,0x000000,0x000000,0x000000,0x000000,0x000000,0x000000,0x000000,0x000000,0x000000,0x000000,0x000000,
0x000000,0x000000,0x000000,0x000000,0x000000,0x000000,0x000000,0x000000,0x000000,0x000000,0x000000,0x000000,
0x000000,0x000000,0x000000,0x000000,0x000000,0x000000,0x000000,0x000000,0x000000,0x000000,0x000000,0x000000,
0x000000,0x000000,0x000000,0x000000,0x000000,0x000000,0x000000,0x000000,0x000000,0x000000,0x000000,0x000000,
0x000000,0x000000,0x000000,0x000000,0x000000,0x000000,0x000000,0x000000,0x000000,0x000000,0x000000,0x000000,
0x000000,0x000000,0x000000,0x000000,0x000000,0x000000,0x0B0B0B,0xBCBCBC,0xFFFFFF,0xFDFDFD,0xFDFDFD,0xFFFFFF,
0xFFFFFF,0xFEFEFE,0xFEFEFE,0xFEFEFE,0xFFFFFE,0xFFFFFF,0xFFFFFF,0xB5B5B5,0x0D0D0D,0x000000,0x000000,0x000000,
0x000000,0x000000,0x000000,0x000000,0x000000,0x000000,0x000000,0x000000,0x000000,0x000000,0x000000,0x000000,
0x000000,0x000000,0x000000,0x000000,0x000000,0x000000,0x000000,0x000000,0x000000,0x000000,0x000000,0x000000,
0x010101,0x010000,0x000000,0x000000,0x000000,0x000000,0x000000,0x000000,0x000000,0x000000,0x000000,0x000000,
0x000000,0x000000,0x000000,0x000000,0x000000,0x000000,0x000000,0x000000,0x000000,0x000000,0x000000,0x000000,
0x000000,0x000000,0x000000,0x000000,0x000000,0x000000,0x000000,0x000000,0x000000,0x000000,0x000000,0x000000,
0x000000,0x000000,0x000000,0x000000,0x000000,0x000000,0x000000,0x000000,0x000000,0x000000,0x0B0B0B,0x363636,
0x6F7070,0xAAAAAA,0xD2D2D2,0xEDEDED,0xF9F9F9,0xFDFDFE,0xFFFFFF,0xFFFFFF,0xFFFFFF,0xFFFFFF,0xFEFDFE,0xF8F8F8,
0xE5E5E5,0xDDDDDD,0xFDFDFD,0xFFFEFF,0xFEFEFE,0xFEFEFE,0xFEFEFE,0xFEFEFE,0xFEFEFE,0xFFFEFF,0xFEFEFE,0xFEFEFE,
0xFEFEFE,0xFEFEFF,0xFFFFFF,0xFFFFFF,0xFFFFFF,0xAEAEAE,0x1C1C1C,0x000000,0x000000,0x000000,0x010000,0x000000,
0x000000,0x000000,0x000000,0x000000,0x000000,0x000000,0x000000,0x000000,0x000000,0x000000,0x010000,0x000000,
0x000000,0x000000,0x000000,0x000000,0x000000,0x000000,0x000000,0x000000,0x000000,0x000000,0x000000,0x000000,
0x000000,0x000000,0x000000,0x000000,0x000000,0x000000,0x000000,0x000000,0x000000,0x000000,0x010000,0x000000,
0x000000,0x000000,0x888888,0xFFFFFF,0xFEFEFE,0xFEFEFE,0xFEFEFE,0xFFFEFF,0xFEFEFE,0xFEFEFE,0xFEFEFE,0xFEFEFE,
0xFEFEFE,0xFFFFFF,0xCECECF,0x171717,0x000000,0x000000,0x000000,0x000000,0x000000,0x000000,0x000000,0x000000,
0x000000,0x000000,0x000000,0x000000,0x000000,0x000000,0x000000,0x000000,0x000000,0x000000,0x000000,0x000000,
0x000000,0x000000,0x000000,0x000000,0x000000,0x000000,0x000000,0x000000,0x000000,0x000000,0x000000,0x000000,
0x000000,0x000000,0x000000,0x000000,0x000000,0x000000,0x000000,0x000000,0x000000,0x000000,0x000000,0x000000,
0x000000,0x000000,0x000000,0x000000,0x000000,0x000000,0x000000,0x000000,0x000000,0x000000,0x000000,0x000000,
0x000000,0x000000,0x000000,0x000000,0x000000,0x000000,0x000000,0x000000,0x000000,0x000000,0x000000,0x000000,
0x000000,0x000000,0x000000,0x000000,0x000000,0x000000,0x000000,0x000000,0x000000,0x000000,0x000000,0x282828,
0xDFDFE0,0xFFFFFF,0xFEFDFE,0xFEFEFE,0xFFFFFF,0xFEFDFE,0xFEFEFE,0xFEFEFE,0xFEFFFE,0xFFFFFE,0xFFFFFF,0xFFFFFF,
0x9E9E9D,0x070707,0x000000,0x000000,0x000000,0x000000,0x000000,0x000000,0x000000,0x000000,0x000000,0x000000,
0x000000,0x000000,0x000000,0x000000,0x000000,0x000000,0x000000,0x000000,0x000000,0x000000,0x000000,0x000000,
0x000000,0x000000,0x000000,0x000000,0x000000,0x000000,0x000000,0x000000,0x000000,0x000000,0x000000,0x000000,
0x000000,0x000000,0x000000,0x000000,0x000000,0x000000,0x000000,0x000000,0x000000,0x000000,0x000000,0x000000,
0x000000,0x000000,0x000000,0x000000,0x000000,0x000000,0x000000,0x000000,0x000000,0x000000,0x000000,0x000000,
0x000000,0x000000,0x000000,0x000000,0x000000,0x000000,0x000000,0x000000,0x000000,0x000000,0x000000,0x000000,
0x010000,0x000000,0x000000,0x000000,0x000000,0x020000,0x10100F,0x242423,0x3B3B3B,0x4E4E4E,0x606060,0x6A6A6B,
0x666767,0x5C5C5D,0x4C4C4C,0x343434,0x484848,0xC5C5C6,0xFEFEFE,0xFFFFFF,0xFEFEFE,0xFFFEFF,0xFEFEFE,0xFEFEFE,
0xFEFDFE,0xFEFEFE,0xFFFFFE,0xFEFEFE,0xFEFEFE,0xFFFFFF,0xFFFFFF,0xEDEDED,0x737373,0x070707,0x000000,0x000000,
0x000000,0x000000,0x000000,0x000000,0x000000,0x000000,0x000000,0x000000,0x000000,0x000000,0x000000,0x000000,
0x000000,0x000000,0x000000,0x010100,0x000000,0x000000,0x000000,0x000000,0x000000,0x000000,0x000000,0x000000,
0x000000,0x000000,0x010000,0x000000,0x010000,0x000000,0x000000,0x000000,0x000000,0x000000,0x000000,0x000000,
0x000000,0x000000,0x000000,0x000000,0x000000,0x6D6C6D,0xFCFCFC,0xFFFFFF,0xFEFEFE,0xFEFDFE,0xFEFEFE,0xFEFEFE,
0xFEFEFE,0xFEFEFE,0xFEFEFE,0xFFFFFF,0xFFFFFF,0xEDEDED,0x373838,0x000000,0x000000,0x000000,0x000000,0x000000,
0x010000,0x000000,0x000000,0x000000,0x000000,0x000000,0x000000,0x000000,0x000000,0x000000,0x000000,0x000000,
0x000000,0x000000,0x000000,0x000000,0x000000,0x000000,0x000000,0x000000,0x000000,0x000000,0x000000,0x000000,
0x000000,0x000000,0x000000,0x000000,0x000000,0x000000,0x000000,0x000000,0x000000,0x000000,0x000000,0x000000,
0x000000,0x000000,0x000000,0x000000,0x000000,0x000000,0x000000,0x000000,0x000000,0x000000,0x000000,0x000000,
0x000000,0x000000,0x000000,0x000000,0x000000,0x000000,0x000000,0x000000,0x000000,0x000000,0x000000,0x000000,
0x000000,0x000000,0x000000,0x000000,0x000000,0x000000,0x000000,0x000000,0x000000,0x000000,0x000000,0x000000,
0x000000,0x000000,0x000000,0x000000,0x494849,0xF5F5F5,0xFFFFFF,0xFEFEFE,0xFEFEFE,0xFFFEFF,0xFEFEFE,0xFEFEFE,
0xFEFEFE,0xFEFEFF,0xFEFDFE,0xFEFDFF,0xFFFFFF,0x8E8E8D,0x020202,0x000000,0x010000,0x000000,0x000000,0x000000,
0x000000,0x000000,0x000000,0x000000,0x000000,0x000000,0x000000,0x000000,0x000000,0x010000,0x000000,0x000000,
0x000000,0x000000,0x000000,0x000000,0x000000,0x000000,0x000000,0x000000,0x000000,0x000000,0x000000,0x000000,
0x000000,0x000000,0x000000,0x000000,0x000000,0x000000,0x000000,0x000000,0x000000,0x000000,0x000000,0x000000,
0x000000,0x000000,0x000000,0x000000,0x000000,0x000000,0x000000,0x000000,0x000000,0x000000,0x000000,0x000000,
0x000000,0x000000,0x000000,0x000000,0x000000,0x000000,0x000000,0x000000,0x000000,0x010000,0x000000,0x000000,
0x000000,0x000000,0x000000,0x000000,0x000000,0x000000,0x000000,0x000000,0x010100,0x010000,0x000000,0x000000,
0x000000,0x000000,0x000000,0x000000,0x000000,0x000000,0x000000,0x5D5C5D,0xE0E0E0,0xFFFFFF,0xFDFEFD,0xFEFEFE,
0xFEFEFE,0xFFFEFF,0xFEFEFE,0xFEFEFE,0xFFFEFF,0xFEFEFE,0xFFFFFF,0xFFFEFE,0xFFFFFF,0xFFFFFF,0xBBBBBB,0x333333,
0x000000,0x000000,0x000000,0x000000,0x000000,0x000000,0x000000,0x000000,0x000000,0x000000,0x000000,0x000000,
0x000000,0x000000,0x000000,0x000000,0x000000,0x000000,0x000000,0x000000,0x000000,0x000000,0x000000,0x000000,
0x000000,0x000000,0x000000,0x000000,0x000000,0x000000,0x010000,0x000000,0x000000,0x000000,0x000000,0x000000,
0x000000,0x000000,0x000000,0x000000,0x000000,0x000000,0x000000,0x000000,0x5E5D5E,0xF7F6F7,0xFFFFFF,0xFEFDFE,
0xFEFEFE,0xFEFEFE,0xFEFEFE,0xFEFEFE,0xFEFEFE,0xFEFEFE,0xFEFEFE,0xFFFFFF,0xFCFCFC,0x636364,0x000000,0x000000,
0x000000,0x000000,0x000000,0x000000,0x000000,0x000000,0x000000,0x000000,0x000000,0x000000,0x000000,0x000000,
0x000000,0x000000,0x000000,0x000000,0x000000,0x000000,0x000000,0x000000,0x000000,0x000000,0x000000,0x000000,
0x000000,0x000000,0x000000,0x000000,0x000000,0x000000,0x000000,0x000000,0x000000,0x000000,0x000000,0x000000,
0x000000,0x000000,0x000000,0x000000,0x000000,0x000000,0x000000,0x000000,0x000000,0x000000,0x000000,0x000000,
0x000000,0x000000,0x000000,0x000000,0x000000,0x000000,0x000000,0x000000,0x000000,0x000000,0x000000,0x000000,
0x000000,0x000000,0x000000,0x000000,0x000000,0x000000,0x000000,0x000000,0x000000,0x000000,0x000000,0x000000,
0x000000,0x000000,0x000000,0x000000,0x000000,0x000000,0x000000,0x000000,0x000000,0x777676,0xFFFFFF,0xFFFFFF,
0xFEFEFE,0xFEFEFE,0xFEFEFE,0xFEFEFE,0xFEFEFE,0xFEFDFE,0xFEFEFE,0xFEFEFE,0xFFFFFF,0xFFFFFF,0x7D7E7D,0x000000,
0x000000,0x000000,0x000000,0x000000,0x000000,0x000000,0x000000,0x000000,0x000000,0x000000,0x000000,0x010000,
0x000000,0x000000,0x000000,0x000000,0x000000,0x000000,0x000000,0x000000,0x000000,0x000000,0x000000,0x000000,
0x000000,0x000000,0x000000,0x000000,0x000000,0x000000,0x010000,0x000000,0x000000,0x000000,0x000000,0x000000,
0x000000,0x000000,0x000000,0x000000,0x000000,0x000000,0x000000,0x000000,0x000000,0x000000,0x000000,0x000000,
0x000000,0x000000,0x000000,0x000000,0x000000,0x000000,0x000000,0x000000,0x000000,0x000000,0x000000,0x000000,
0x000000,0x000000,0x000000,0x000000,0x000000,0x000000,0x000000,0x000000,0x000000,0x000000,0x000000,0x000100,
0x000000,0x000000,0x000000,0x000000,0x010000,0x010100,0x000000,0x000000,0x000000,0x3B3B3B,0xB3B3B3,0xFFFFFF,
0xFFFFFF,0xFEFEFE,0xFEFDFD,0xFEFDFD,0xFEFEFE,0xFEFEFE,0xFFFEFF,0xFEFEFF,0xFEFFFE,0xFEFEFF,0xFFFFFF,0xFFFFFF,
0xDADADA,0x676767,0x090809,0x000000,0x000000,0x000000,0x000000,0x000000,0x000000,0x000000,0x000000,0x000000,
0x000000,0x000000,0x000000,0x000000,0x000000,0x000000,0x000000,0x000000,0x000000,0x000000,0x000000,0x000000,
0x000000,0x000000,0x000000,0x000000,0x000000,0x000000,0x000000,0x000000,0x000000,0x000000,0x000000,0x000000,
0x000000,0x000000,0x000000,0x000000,0x000000,0x000000,0x000000,0x000000,0x000000,0x000000,0x000000,0x4D4D4E,
0xF1F1F1,0xFFFFFF,0xFFFEFF,0xFEFDFE,0xFEFEFE,0xFEFEFE,0xFEFEFE,0xFEFEFE,0xFEFEFE,0xFEFEFE,0xFEFEFE,0xFFFFFF,
0x8D8D8D,0x010101,0x000000,0x000000,0x000000,0x000000,0x000000,0x000000,0x000000,0x000000,0x000000,0x000000,
0x000000,0x000000,0x000000,0x000000,0x000000,0x000000,0x000000,0x000000,0x000000,0x000000,0x000000,0x000000,
0x000000,0x000000,0x000000,0x000000,0x000000,0x000000,0x000000,0x000000,0x000000,0x000000,0x000000,0x000000,
0x000000,0x000000,0x000000,0x000000,0x000000,0x000000,0x000000,0x000000,0x000000,0x000000,0x000000,0x000000,
0x000000,0x000000,0x000000,0x000000,0x000000,0x000000,0x000000,0x000000,0x000000,0x000000,0x000000,0x000000,
0x000000,0x010101,0x000000,0x000000,0x000000,0x000000,0x010000,0x000000,0x000000,0x000000,0x000000,0x000000,
0x000000,0x010000,0x000000,0x000000,0x000000,0x000000,0x000000,0x000000,0x000000,0x000000,0x000000,0x000000,
0x000000,0x040404,0x9D9D9D,0xFFFFFF,0xFEFEFE,0xFEFEFE,0xFEFEFE,0xFEFEFE,0xFEFEFE,0xFEFEFE,0xFEFEFE,0xFEFEFE,
0xFEFEFE,0xFFFFFF,0xFCFCFC,0x757575,0x000000,0x000000,0x000000,0x000000,0x000000,0x000000,0x000000,0x000000,
0x000000,0x000000,0x000000,0x000000,0x000000,0x000000,0x000000,0x000000,0x000000,0x000000,0x000000,0x000000,
0x000000,0x000000,0x000000,0x010000,0x000000,0x000000,0x000000,0x000000,0x000000,0x000000,0x000000,0x000000,
0x000000,0x000000,0x000000,0x000000,0x000000,0x000000,0x000000,0x000000,0x000000,0x000000,0x000000,0x000000,
0x000000,0x000000,0x000000,0x000000,0x000000,0x000000,0x000000,0x000000,0x000000,0x000000,0x000000,0x000000,
0x000000,0x000000,0x000000,0x000000,0x000000,0x000000,0x000000,0x000000,0x000000,0x000000,0x000000,0x000000,
0x000000,0x000000,0x010000,0x000000,0x000000,0x000000,0x000000,0x000000,0x000000,0x000000,0x080808,0x424242,
0xA6A6A6,0xF5F5F6,0xFFFFFF,0xFFFFFF,0xFFFEFF,0xFFFEFF,0xFDFEFE,0xFEFDFE,0xFEFDFE,0xFEFEFE,0xFFFFFF,0xFFFFFF,
0xFFFFFF,0xFFFFFF,0xE3E3E3,0x7E7F7F,0x181818,0x000000,0x000000,0x000000,0x000000,0x000000,0x000000,0x000000,
0x000000,0x000000,0x000000,0x000000,0x000000,0x000000,0x000000,0x000000,0x000000,0x000000,0x000000,0x010000,
0x000000,0x000000,0x000000,0x000000,0x000000,0x000000,0x000000,0x000000,0x000000,0x000000,0x000000,0x000000,
0x000000,0x000000,0x000000,0x000000,0x010100,0x000000,0x000000,0x000000,0x000000,0x000000,0x000000,0x000000,
0x000000,0x000000,0x494848,0xECECEC,0xFFFFFF,0xFEFEFE,0xFFFEFF,0xFEFEFE,0xFEFEFE,0xFEFEFE,0xFEFEFE,0xFEFEFE,
0xFEFEFE,0xFFFFFE,0xFFFFFF,0xB4B3B3,0x0B0B0B,0x000000,0x000000,0x000000,0x000000,0x000101,0x000000,0x000000,
0x000000,0x000000,0x000000,0x000000,0x000000,0x000000,0x000000,0x000000,0x000000,0x000000,0x000000,0x000000,
0x000000,0x000000,0x000000,0x000000,0x000000,0x000000,0x000000,0x000000,0x000000,0x000000,0x000000,0x000000,
0x000000,0x000000,0x000000,0x000000,0x000000,0x000000,0x000000,0x000000,0x000000,0x000000,0x000000,0x000000,
0x000000,0x000000,0x000000,0x000000,0x000000,0x000000,0x000000,0x000000,0x000000,0x000000,0x000000,0x000000,
0x000000,0x000000,0x000000,0x000000,0x000000,0x000000,0x000000,0x000000,0x000000,0x000000,0x000000,0x000000,
0x000000,0x000000,0x000000,0x000000,0x000000,0x000000,0x000000,0x000000,0x000000,0x000000,0x000000,0x000000,
0x000000,0x000000,0x000000,0x000000,0x000000,0x000000,0x0D0D0D,0xB9B9B9,0xFFFFFF,0xFEFEFE,0xFEFEFE,0xFFFEFF,
0xFEFEFE,0xFEFEFE,0xFEFEFE,0xFEFEFE,0xFFFEFF,0xFEFEFE,0xFFFFFF,0xFCFCFC,0x747474,0x000000,0x000000,0x000000,
0x000000,0x000000,0x000000,0x000000,0x000000,0x010100,0x010000,0x000000,0x000000,0x000000,0x000000,0x000000,
0x000000,0x000000,0x000000,0x010000,0x000000,0x000000,0x000000,0x000000,0x000000,0x000000,0x000000,0x000000,
0x000000,0x000000,0x000000,0x000000,0x000000,0x000000,0x000000,0x000000,0x000000,0x000000,0x000000,0x000000,
0x000000,0x000000,0x000000,0x000000,0x000000,0x000000,0x000000,0x010100,0x000000,0x000000,0x000000,0x000000,
0x000000,0x000000,0x000000,0x000000,0x000000,0x000000,0x000000,0x000000,0x000000,0x000000,0x000000,0x000000,
0x000000,0x000000,0x000000,0x010000,0x010000,0x000000,0x000000,0x000000,0x000000,0x000000,0x000000,0x030303,
0x2D2D2D,0x767676,0xC7C7C7,0xF8F8F8,0xFFFFFF,0xFFFFFF,0xFFFFFF,0xFEFFFE,0xFEFEFE,0xFEFEFE,0xFEFEFF,0xFDFEFE,
0xFEFEFF,0xFFFFFF,0xFFFFFF,0xFFFFFF,0xD6D6D7,0x777777,0x1C1C1C,0x000000,0x000000,0x000000,0x000000,0x000000,
0x000000,0x000000,0x000000,0x000000,0x000000,0x010000,0x000000,0x000000,0x000000,0x000000,0x000000,0x000000,
0x000000,0x000000,0x000000,0x000000,0x000000,0x000000,0x000000,0x000000,0x000000,0x000000,0x000000,0x000000,
0x000000,0x000000,0x000000,0x000000,0x000000,0x000000,0x000000,0x000000,0x000000,0x000000,0x000000,0x000000,
0x000000,0x000000,0x000000,0x000000,0x000000,0x444445,0xEBEAEA,0xFFFFFF,0xFEFEFE,0xFEFEFE,0xFEFDFE,0xFEFEFE,
0xFEFEFE,0xFEFEFE,0xFEFEFE,0xFEFEFE,0xFFFFFF,0xFFFFFF,0xCECECE,0x1A1A1A,0x000000,0x000000,0x000000,0x000000,
0x000000,0x000000,0x000000,0x000000,0x000000,0x000000,0x000000,0x000000,0x000000,0x000000,0x000000,0x000000,
0x000000,0x000000,0x000000,0x000000,0x000000,0x000000,0x000000,0x000000,0x000000,0x000000,0x000000,0x000000,
0x000000,0x000000,0x000000,0x000000,0x000000,0x000000,0x000000,0x000000,0x000000,0x000000,0x000000,0x000000,
0x000000,0x000000,0x000000,0x000000,0x000000,0x000000,0x000000,0x000000,0x000000,0x000000,0x000000,0x000000,
0x000000,0x000000,0x000000,0x000000,0x000000,0x000000,0x000000,0x000000,0x000000,0x000000,0x000000,0x000000,
0x000000,0x000000,0x000000,0x000000,0x000000,0x000000,0x000000,0x000000,0x000000,0x000000,0x000000,0x000000,
0x000000,0x000000,0x000000,0x010000,0x000000,0x000000,0x000000,0x000000,0x000000,0x000000,0x000000,0x1D1D1D,
0xCECECE,0xFFFFFF,0xFFFEFF,0xFEFEFE,0xFEFEFE,0xFEFDFE,0xFEFEFE,0xFEFEFE,0xFEFDFE,0xFFFEFF,0xFEFFFF,0xFFFFFF,
0xFBFBFB,0x757575,0x000000,0x000000,0x000000,0x000000,0x000000,0x000000,0x000000,0x010100,0x000000,0x000000,
0x000000,0x000000,0x000000,0x000000,0x000000,0x000000,0x000000,0x000000,0x000000,0x000000,0x000000,0x000000,
0x000000,0x000000,0x000000,0x000000,0x000000,0x000000,0x000000,0x000000,0x000000,0x000000,0x000000,0x000000,
0x000000,0x000000,0x000000,0x000000,0x000000,0x000000,0x000000,0x000000,0x000000,0x000000,0x000000,0x000000,
0x010100,0x010100,0x000000,0x000000,0x000000,0x000000,0x000000,0x000000,0x000000,0x000000,0x000000,0x000000,
0x000000,0x000000,0x000000,0x000000,0x000000,0x000000,0x000000,0x000000,0x000000,0x000000,0x000000,0x0E0E0E,
0x282828,0x4F504F,0x838484,0xBEBFBE,0xF0F0F0,0xFFFFFF,0xFFFFFF,0xFEFDFF,0xFDFDFD,0xFEFDFE,0xFFFEFF,0xFFFFFF,
0xFFFFFF,0xFEFEFF,0xFFFFFF,0xFFFFFF,0xFFFFFF,0xEEEEEE,0xB4B4B4,0x5C5C5C,0x121212,0x000000,0x000000,0x000000,
0x000000,0x000000,0x000000,0x000000,0x000000,0x000000,0x000000,0x000000,0x000000,0x000000,0x000000,0x000000,
0x000000,0x000000,0x000000,0x000000,0x000000,0x000000,0x000000,0x000000,0x000000,0x000000,0x000000,0x000000,
0x000000,0x010100,0x000000,0x000000,0x000000,0x000000,0x000000,0x000000,0x000000,0x000000,0x000000,0x000000,
0x000000,0x000000,0x000000,0x000000,0x000000,0x000000,0x000000,0x000000,0x464646,0xE9E9E9,0xFFFFFF,0xFFFFFF,
0xFEFEFE,0xFEFDFE,0xFEFDFE,0xFEFEFE,0xFEFEFE,0xFEFEFE,0xFFFFFF,0xFEFEFE,0xFFFFFF,0xE2E2E2,0x303030,0x000000,
0x000000,0x000000,0x000000,0x000000,0x000000,0x000000,0x000000,0x000000,0x000000,0x000000,0x000000,0x000000,
0x000000,0x000000,0x000000,0x000000,0x000000,0x000000,0x000000,0x000000,0x000000,0x000000,0x000000,0x000000,
0x000000,0x000000,0x000000,0x000000,0x000000,0x000000,0x000000,0x000000,0x000000,0x000000,0x000000,0x000000,
0x000000,0x000000,0x000000,0x000000,0x000000,0x000000,0x000000,0x000000,0x000000,0x000000,0x000000,0x000000,
0x000000,0x000000,0x000000,0x000000,0x000000,0x000000,0x000000,0x000000,0x000000,0x000000,0x000000,0x000000,
0x000000,0x000000,0x000000,0x000000,0x000000,0x000000,0x000000,0x000000,0x000000,0x000000,0x000000,0x000000,
0x000000,0x000000,0x000000,0x000000,0x000000,0x000000,0x000000,0x010000,0x000000,0x000000,0x000000,0x000000,
0x000000,0x000000,0x000000,0x000000,0x2D2D2D,0xE0E0E0,0xFFFFFF,0xFEFEFE,0xFEFDFE,0xFEFEFE,0xFEFDFE,0xFFFEFF,
0xFEFEFE,0xFFFEFF,0xFFFEFF,0xFEFEFE,0xFFFFFF,0xFCFCFC,0x7A7A79,0x010101,0x000000,0x000000,0x000000,0x000000,
0x000000,0x000000,0x000000,0x000000,0x000000,0x000000,0x000000,0x000000,0x000000,0x000000,0x000000,0x000000,
0x000000,0x000000,0x000000,0x000000,0x000000,0x000000,0x000000,0x000000,0x000000,0x000000,0x000000,0x000000,
0x000000,0x000000,0x010100,0x000000,0x000000,0x000000,0x000000,0x000000,0x000000,0x000000,0x000000,0x000000,
0x000000,0x000000,0x000000,0x000000,0x000000,0x000000,0x000000,0x000000,0x000000,0x000000,0x000000,0x000000,
0x000000,0x000000,0x000000,0x000000,0x000000,0x000000,0x000000,0x1E1E1E,0x575757,0x6D6D6D,0x747475,0x7E7F7F,
0x8A8A8A,0x999999,0xB4B4B4,0xD2D3D3,0xEEEEEE,0xFFFFFF,0xFFFFFF,0xFFFFFF,0xFFFFFF,0xFFFFFF,0xFDFDFD,0xFDFDFE,
0xFFFFFF,0xFFFFFF,0xFFFFFF,0xFFFFFF,0xFFFFFF,0xFFFFFF,0xE8E9E9,0xB7B7B7,0x6F6F6F,0x292929,0x010101,0x000000,
0x000000,0x000000,0x000000,0x000000,0x000000,0x000000,0x000000,0x000000,0x000000,0x000000,0x000000,0x000000,
0x000000,0x000000,0x000000,0x000000,0x000000,0x000000,0x000000,0x000000,0x000000,0x000000,0x000000,0x000000,
0x000000,0x000000,0x000000,0x000000,0x000000,0x000000,0x000000,0x000000,0x000000,0x000000,0x000000,0x000000,
0x000000,0x000000,0x000000,0x000000,0x000000,0x000000,0x000000,0x000000,0x000000,0x000000,0x000000,0x4D4C4D,
0xECECEC,0xFFFFFF,0xFEFEFE,0xFEFEFE,0xFEFEFE,0xFFFEFF,0xFEFEFE,0xFEFEFE,0xFEFEFE,0xFFFEFE,0xFEFEFE,0xFFFFFF,
0xEFEFEF,0x444444,0x000000,0x000000,0x000000,0x000000,0x000000,0x000000,0x000000,0x000000,0x000000,0x000000,
0x000000,0x000000,0x000000,0x000000,0x000000,0x000000,0x000000,0x000000,0x000000,0x000000,0x000000,0x000000,
0x000000,0x000000,0x000000,0x000000,0x000000,0x000000,0x000000,0x000000,0x000000,0x000000,0x000000,0x000000,
0x000000,0x000000,0x000000,0x000000,0x000000,0x000000,0x000000,0x000000,0x000000,0x000000,0x000000,0x000000,
0x000000,0x000000,0x000000,0x000000,0x000000,0x000000,0x000000,0x000000,0x000000,0x000000,0x000000,0x000000,
0x000000,0x000000,0x000000,0x000000,0x000000,0x000000,0x000000,0x000000,0x000000,0x000000,0x000000,0x000000,
0x000000,0x000000,0x000000,0x000000,0x000000,0x000000,0x000000,0x000000,0x000000,0x000000,0x000000,0x000000,
0x000000,0x000000,0x000000,0x000000,0x000000,0x000000,0x000000,0x000000,0x000000,0x3D3D3D,0xEAEAEA,0xFFFFFF,
0xFEFEFE,0xFFFEFF,0xFEFEFE,0xFEFEFE,0xFEFEFE,0xFEFEFE,0xFEFEFE,0xFEFDFE,0xFEFEFE,0xFFFFFF,0xFEFEFE,0x8D8D8D,
0x060606,0x000000,0x000000,0x000000,0x000000,0x000000,0x000000,0x000000,0x000000,0x000000,0x000000,0x000000,
0x000000,0x000000,0x000000,0x000000,0x000000,0x000000,0x000000,0x000000,0x000000,0x000000,0x000000,0x000000,
0x000000,0x000000,0x000000,0x000000,0x000000,0x010000,0x000000,0x000000,0x000000,0x000000,0x000000,0x000000,
0x000000,0x000000,0x000000,0x000000,0x000000,0x000000,0x000000,0x000000,0x000000,0x000000,0x000000,0x000000,
0x000000,0x000000,0x000000,0x000000,0x000000,0x000000,0x000000,0x000000,0x000000,0x000000,0x000000,0x040404,
0x1F1F1F,0x4F4F4E,0x888888,0xB9BABA,0xE0E1E1,0xF8F8F8,0xFFFFFF,0xFFFFFF,0xFFFFFF,0xFFFFFF,0xFFFFFF,0xFFFFFF,
0xFFFFFF,0xFFFFFF,0xFFFFFF,0xFFFFFF,0xFCFCFC,0xF0F0F0,0xDADADA,0xB8B8B8,0x898989,0x505050,0x202121,0x010101,
0x000000,0x000000,0x000000,0x000000,0x000000,0x000000,0x010000,0x000000,0x000000,0x000000,0x000000,0x000000,
0x000000,0x000000,0x000000,0x000000,0x000000,0x000000,0x000000,0x000000,0x000000,0x000000,0x000000,0x000000,
0x000000,0x000000,0x000000,0x000000,0x000000,0x000000,0x000000,0x000000,0x000000,0x000000,0x000000,0x000000,
0x000000,0x000000,0x000000,0x000000,0x000000,0x000000,0x010000,0x000000,0x000000,0x000000,0x000000,0x000000,
0x000000,0x000000,0x575657,0xF0EFF0,0xFFFFFF,0xFFFEFF,0xFEFDFE,0xFEFEFE,0xFEFEFE,0xFFFEFF,0xFEFEFE,0xFEFEFE,
0xFEFEFE,0xFEFEFE,0xFFFFFF,0xF6F6F6,0x595959,0x000000,0x000000,0x000000,0x000000,0x000000,0x000000,0x000000,
0x000000,0x000000,0x000000,0x000000,0x000000,0x000000,0x000000,0x000000,0x000000,0x000000,0x000000,0x000000,
0x000000,0x000000,0x000000,0x000000,0x000000,0x000000,0x000000,0x000000,0x000000,0x000000,0x000000,0x000000,
0x000000,0x000000,0x000000,0x000000,0x000000,0x000000,0x000000,0x000000,0x000000,0x000000,0x000000,0x000000,
0x000000,0x000000,0x000000,0x000000,0x000000,0x000000,0x000000,0x000000,0x000000,0x000000,0x000000,0x000000,
0x000000,0x000000,0x000000,0x000000,0x000000,0x000000,0x000000,0x000000,0x000000,0x000000,0x000000,0x000000,
0x000000,0x000000,0x000000,0x000000,0x000000,0x000000,0x000000,0x000000,0x000000,0x000000,0x000000,0x000000,
0x000000,0x000000,0x000000,0x000000,0x000000,0x000000,0x000000,0x000000,0x000000,0x000000,0x000000,0x000000,
0x000000,0x000000,0x4D4C4C,0xF1F0F0,0xFFFFFF,0xFEFEFE,0xFFFEFF,0xFEFDFE,0xFEFEFE,0xFFFEFF,0xFEFEFE,0xFEFDFE,
0xFEFEFE,0xFEFDFE,0xFFFFFF,0xFFFFFF,0x9D9D9D,0x0E0E0E,0x000000,0x000000,0x000000,0x000000,0x000000,0x000000,
0x000000,0x000000,0x000000,0x000000,0x000000,0x000000,0x000000,0x000000,0x000000,0x000000,0x000000,0x000000,
0x000000,0x000000,0x000000,0x000000,0x000000,0x000000,0x000000,0x000000,0x000000,0x000000,0x000000,0x000000,
0x000000,0x000000,0x000000,0x010100,0x000000,0x000000,0x000000,0x000000,0x000000,0x000000,0x000000,0x000000,
0x000000,0x000000,0x000000,0x010100,0x000000,0x000000,0x000000,0x000000,0x000000,0x000000,0x000000,0x000000,
0x000000,0x000000,0x000000,0x000000,0x000000,0x000000,0x000000,0x000000,0x111212,0x2F2F2F,0x4B4B4B,0x636363,
0x747474,0x878787,0x929393,0x959595,0x919292,0x828282,0x717071,0x606060,0x464746,0x2C2C2C,0x111111,0x010101,
0x000000,0x000000,0x000000,0x000000,0x000000,0x000000,0x000000,0x000000,0x000000,0x000000,0x000000,0x000000,
0x000000,0x000000,0x000000,0x000000,0x000000,0x000000,0x000000,0x000000,0x000000,0x000000,0x000000,0x000000,
0x000000,0x000000,0x000000,0x000000,0x000000,0x000000,0x000000,0x000000,0x000000,0x000000,0x000000,0x000000,
0x000000,0x000000,0x000000,0x000000,0x000000,0x000000,0x000000,0x000000,0x000000,0x000000,0x000000,0x000000,
0x000000,0x000000,0x000000,0x000000,0x000000,0x666666,0xF5F4F5,0xFFFFFF,0xFEFEFF,0xFFFEFF,0xFEFEFE,0xFEFEFE,
0xFEFEFE,0xFFFEFF,0xFEFEFE,0xFEFEFE,0xFEFEFE,0xFFFFFF,0xFAFAFA,0x676767,0x000000,0x000000,0x000000,0x000000,
0x000000,0x000000,0x000000,0x000000,0x000000,0x000000,0x000000,0x000000,0x000000,0x000000,0x000000,0x000000,
0x000000,0x000000,0x000000,0x000000,0x000000,0x000000,0x000000,0x000000,0x000000,0x000000,0x000000,0x000000,
0x000000,0x000000,0x000000,0x000000,0x000000,0x000000,0x000000,0x000000,0x000000,0x000000,0x000000,0x000000,
0x000000,0x000000,0x000000,0x000000,0x000000,0x000000,0x000000,0x000000,0x000000,0x000000,0x000000,0x000000,
0x000000,0x000000,0x000000,0x000000,0x000000,0x000000,0x000000,0x000000,0x000000,0x000000,0x000000,0x000000,
0x000000,0x000000,0x000000,0x000000,0x000000,0x000000,0x000000,0x000000,0x000000,0x000000,0x000000,0x000000,
0x000000,0x000000,0x000000,0x000000,0x000000,0x000000,0x000000,0x000000,0x000000,0x000000,0x000000,0x000000,
0x000000,0x000000,0x000000,0x000000,0x000000,0x000000,0x000000,0x545354,0xF2F2F2,0xFFFFFF,0xFEFEFE,0xFEFDFE,
0xFEFEFE,0xFEFEFE,0xFFFFFF,0xFEFEFE,0xFDFDFD,0xFEFDFE,0xFEFFFE,0xFFFFFF,0xFFFFFF,0xB6B6B6,0x181818,0x000000,
0x000000,0x000000,0x000000,0x000000,0x000000,0x000000,0x000000,0x000000,0x000000,0x000000,0x000000,0x000000,
0x000000,0x000000,0x010000,0x000000,0x000000,0x000000,0x000000,0x000000,0x000000,0x010000,0x000000,0x000000,
0x000000,0x000000,0x000000,0x000000,0x000000,0x000000,0x000000,0x000000,0x000000,0x000000,0x000000,0x000000,
0x000000,0x010000,0x010000,0x000000,0x000000,0x000000,0x010000,0x010000,0x000000,0x000000,0x000000,0x000000,
0x000000,0x000000,0x000000,0x000000,0x000000,0x000000,0x000000,0x010000,0x000000,0x010000,0x000000,0x000000,
0x000000,0x000000,0x000000,0x000000,0x000000,0x000000,0x000000,0x000000,0x000000,0x000000,0x000000,0x000000,
0x000000,0x000000,0x000000,0x000000,0x000000,0x000000,0x000000,0x000000,0x000000,0x000000,0x000000,0x000000,
0x000000,0x000000,0x000000,0x000000,0x000000,0x000000,0x000000,0x000000,0x000000,0x000000,0x000000,0x000000,
0x000000,0x000000,0x000000,0x000000,0x000000,0x000000,0x000000,0x000000,0x000000,0x000000,0x000000,0x000000,
0x000000,0x000000,0x000000,0x000000,0x000000,0x000000,0x000000,0x000000,0x000000,0x000000,0x000000,0x000000,
0x000000,0x000000,0x000000,0x000000,0x000000,0x000000,0x000000,0x020102,0x7C7C7C,0xFAFAFA,0xFFFFFF,0xFEFEFE,
0xFEFEFE,0xFEFEFE,0xFEFEFE,0xFEFEFE,0xFEFEFE,0xFEFEFE,0xFEFEFE,0xFFFFFF,0xFFFFFF,0xFBFBFB,0x6F6E6F,0x000000,
0x000000,0x000000,0x000000,0x000000,0x000000,0x000000,0x000000,0x000000,0x000000,0x000000,0x000000,0x000000,
0x000000,0x000000,0x000000,0x000000,0x000000,0x000000,0x000000,0x000000,0x000000,0x000000,0x000000,0x000000,
0x000000,0x000000,0x000000,0x000000,0x000000,0x000000,0x000000,0x000000,0x000000,0x000000,0x000000,0x000000,
0x000000,0x000000,0x000000,0x000000,0x000000,0x000000,0x000000,0x000000,0x000000,0x000000,0x000000,0x000000,
0x000000,0x000000,0x000000,0x000000,0x000000,0x000000,0x000000,0x000000,0x000000,0x000000,0x000000,0x000000,
0x000000,0x000000,0x000000,0x000000,0x000000,0x000000,0x000000,0x000000,0x000000,0x000000,0x000000,0x000000,
0x000000,0x000000,0x000000,0x000000,0x010000,0x000000,0x000000,0x000000,0x000000,0x000000,0x000000,0x000000,
0x000000,0x000000,0x000000,0x000000,0x000000,0x000000,0x000000,0x000000,0x000000,0x000000,0x000000,0x000000,
0x585758,0xF4F3F4,0xFFFFFF,0xFEFDFE,0xFEFEFE,0xFFFFFF,0xFFFEFF,0xFFFEFE,0xFEFDFE,0xFEFEFE,0xFEFEFE,0xFEFEFE,
0xFFFFFF,0xFFFFFF,0xC8C8C8,0x2B2B2A,0x000000,0x000000,0x000000,0x000000,0x000000,0x010000,0x000000,0x000000,
0x000000,0x000000,0x000000,0x000000,0x000000,0x000000,0x000000,0x000000,0x000000,0x000000,0x000000,0x000000,
0x000000,0x000000,0x000000,0x000000,0x000000,0x000000,0x000000,0x000000,0x000000,0x000000,0x000000,0x000000,
0x000000,0x000000,0x000000,0x000000,0x000000,0x000000,0x000000,0x000000,0x000000,0x000000,0x000000,0x000000,
0x000000,0x010000,0x000000,0x000000,0x000000,0x000100,0x010000,0x000000,0x000000,0x000000,0x000000,0x000000,
0x000000,0x000000,0x000000,0x000000,0x000000,0x000000,0x000000,0x000000,0x000000,0x000000,0x000000,0x000000,
0x000000,0x000000,0x000000,0x000000,0x000000,0x000000,0x000000,0x010100,0x000000,0x000000,0x000000,0x000000,
0x000000,0x000000,0x000000,0x000000,0x000000,0x000000,0x000000,0x000000,0x000000,0x000000,0x000000,0x000000,
0x000000,0x000000,0x000000,0x000000,0x000000,0x000000,0x000000,0x000000,0x000000,0x000000,0x010000,0x000000,
0x000000,0x000000,0x000000,0x000000,0x000000,0x000000,0x000000,0x000000,0x000000,0x000000,0x000000,0x000000,
0x000000,0x000000,0x000000,0x000000,0x000000,0x000000,0x000000,0x000000,0x000000,0x000000,0x0D0D0D,0x969596,
0xFFFFFF,0xFFFFFF,0xFEFFFE,0xFEFEFE,0xFEFEFE,0xFEFEFE,0xFFFFFF,0xFEFEFE,0xFFFEFE,0xFEFFFE,0xFEFEFE,0xFFFFFF,
0xFDFDFD,0x777777,0x000000,0x000000,0x000000,0x000000,0x000000,0x000000,0x000000,0x000000,0x000000,0x000000,
0x000000,0x000000,0x000000,0x000000,0x000000,0x000000,0x000000,0x000000,0x000000,0x000000,0x000000,0x000000,
0x000000,0x000000,0x000000,0x000000,0x000000,0x000000,0x000000,0x000000,0x000000,0x000000,0x000000,0x000000,
0x000000,0x000000,0x000000,0x000000,0x000000,0x000000,0x000000,0x000000,0x000000,0x000000,0x000000,0x000000,
0x000000,0x000000,0x000000,0x000000,0x000000,0x000000,0x000000,0x000000,0x000000,0x000000,0x000000,0x000000,
0x000000,0x000000,0x000000,0x000000,0x000000,0x000000,0x000000,0x000000,0x000000,0x000000,0x000000,0x000000,
0x000000,0x000000,0x000000,0x000000,0x000000,0x000000,0x000000,0x000000,0x000000,0x000000,0x000000,0x000000,
0x000000,0x000000,0x000000,0x000000,0x000000,0x000000,0x000000,0x000000,0x000000,0x000000,0x000000,0x000000,
0x000000,0x000000,0x000000,0x000000,0x000000,0x5B5B5B,0xF5F5F5,0xFFFFFF,0xFFFFFF,0xFFFEFF,0xFEFDFE,0xFEFDFE,
0xFEFEFE,0xFFFFFF,0xFEFEFE,0xFFFEFF,0xFFFEFF,0xFFFEFF,0xFFFFFF,0xE1E1E1,0x4C4C4C,0x000000,0x000000,0x000000,
0x000000,0x000000,0x000000,0x000000,0x000000,0x000000,0x000000,0x000000,0x000000,0x000000,0x000000,0x000000,
0x000000,0x000000,0x000000,0x000000,0x000000,0x000000,0x000000,0x000000,0x000000,0x000000,0x000000,0x000000,
0x000000,0x000000,0x000000,0x000000,0x000000,0x000000,0x000000,0x000000,0x000000,0x000000,0x000000,0x000000,
0x000000,0x000000,0x000000,0x000000,0x000000,0x000000,0x000000,0x010101,0x000000,0x000000,0x000000,0x000000,
0x000000,0x000000,0x000000,0x000000,0x000000,0x000000,0x000000,0x000000,0x000000,0x000000,0x000000,0x000000,
0x000000,0x000000,0x000000,0x000000,0x000000,0x000000,0x000000,0x000000,0x000000,0x000000,0x000000,0x000000,
0x000000,0x000000,0x000000,0x000000,0x000000,0x000000,0x000000,0x000000,0x000000,0x000000,0x000000,0x000000,
0x010000,0x010000,0x000000,0x010000,0x000000,0x000000,0x000000,0x000000,0x000000,0x000000,0x000000,0x000000,
0x000000,0x000000,0x000000,0x000000,0x000000,0x000000,0x000000,0x000000,0x010000,0x000000,0x000000,0x000000,
0x000000,0x000000,0x000000,0x000000,0x000000,0x000000,0x000000,0x000000,0x000000,0x000000,0x000000,0x000000,
0x000000,0x1D1C1D,0xB7B7B7,0xFFFFFF,0xFFFFFF,0xFEFEFE,0xFFFEFF,0xFEFFFE,0xFEFEFE,0xFEFDFE,0xFEFEFE,0xFFFFFF,
0xFFFFFE,0xFEFEFF,0xFFFFFF,0xFCFCFD,0x767778,0x000000,0x000000,0x000000,0x000000,0x000000,0x000000,0x000000,
0x000000,0x000000,0x000000,0x000000,0x000000,0x000000,0x000000,0x000000,0x000000,0x000000,0x000000,0x000000,
0x000000,0x000000,0x000000,0x000000,0x000000,0x000000,0x000000,0x000000,0x000000,0x000000,0x000000,0x000000,
0x000000,0x000000,0x000000,0x000000,0x000000,0x000000,0x000000,0x000000,0x000000,0x000000,0x000000,0x000000,
0x000000,0x000000,0x000000,0x000000,0x000000,0x000000,0x000000,0x000000,0x000000,0x000000,0x000000,0x000000,
0x000000,0x000000,0x000000,0x000000,0x000000,0x000000,0x000000,0x000000,0x000000,0x000000,0x000000,0x000000,
0x000000,0x000000,0x000000,0x000000,0x000000,0x000000,0x000000,0x000000,0x000000,0x000000,0x000000,0x000000,
0x000000,0x000000,0x000000,0x000000,0x000000,0x000000,0x000000,0x000000,0x000000,0x000000,0x000000,0x000000,
0x000000,0x000000,0x000000,0x000000,0x000000,0x000000,0x000000,0x000000,0x000000,0x000000,0x595959,0xF1F1F1,
0xFFFFFF,0xFEFDFE,0xFFFEFF,0xFEFEFE,0xFEFEFE,0xFEFEFE,0xFFFFFF,0xFEFEFE,0xFEFEFE,0xFEFDFE,0xFEFEFE,0xFFFFFF,
0xF4F4F4,0x70706F,0x020202,0x000000,0x010000,0x000000,0x000000,0x000000,0x000000,0x000000,0x000000,0x000000,
0x000000,0x000000,0x000000,0x000000,0x000000,0x000000,0x000000,0x000000,0x000000,0x000000,0x000000,0x010000,
0x000000,0x000000,0x000000,0x000000,0x000000,0x000000,0x000000,0x000000,0x000000,0x000000,0x000000,0x000000,
0x000000,0x000000,0x000000,0x000000,0x000000,0x000000,0x000000,0x000000,0x000000,0x000000,0x000000,0x000000,
0x000000,0x000000,0x000000,0x000000,0x000000,0x000000,0x000000,0x000000,0x000000,0x000000,0x000000,0x000000,
0x000000,0x000000,0x000000,0x000000,0x000000,0x000000,0x000000,0x000000,0x000000,0x000000,0x000000,0x000000,
0x000000,0x000000,0x000000,0x000000,0x000000,0x000000,0x000000,0x000000,0x000000,0x000000,0x000000,0x000000,
0x000000,0x000000,0x000000,0x000000,0x000000,0x000000,0x000000,0x000000,0x000000,0x000000,0x000000,0x000000,
0x000000,0x000000,0x000000,0x010000,0x000000,0x000000,0x000000,0x000000,0x000000,0x000000,0x000000,0x000000,
0x000000,0x010000,0x010000,0x000000,0x000000,0x000000,0x000000,0x000000,0x010000,0x000000,0x000000,0x000000,
0x000000,0x000000,0x000000,0x000000,0x3B3B3B,0xD2D2D2,0xFFFFFF,0xFFFFFF,0xFEFEFE,0xFEFEFE,0xFFFEFF,0xFEFEFE,
0xFFFEFF,0xFEFEFE,0xFEFEFE,0xFEFEFF,0xFFFFFF,0xFFFFFF,0xFCFCFC,0x767677,0x000000,0x000000,0x000000,0x000000,
0x000000,0x000000,0x000000,0x000000,0x000000,0x000000,0x000000,0x000000,0x000000,0x000000,0x000000,0x000000,
0x000000,0x000000,0x000000,0x000000,0x000000,0x000000,0x000000,0x000000,0x000000,0x000000,0x000000,0x000000,
0x000000,0x000000,0x000000,0x000000,0x000000,0x000000,0x000000,0x000000,0x000000,0x000000,0x000000,0x000000,
0x000000,0x000000,0x000000,0x000000,0x000000,0x000000,0x000000,0x000000,0x000000,0x000000,0x000000,0x000000,
0x000000,0x000000,0x000000,0x000000,0x000000,0x000000,0x000000,0x000000,0x000000,0x000000,0x000000,0x000000,
0x000000,0x000000,0x000000,0x000000,0x000000,0x000000,0x000000,0x000000,0x000000,0x000000,0x000000,0x000000,
0x000000,0x000000,0x000000,0x000000,0x000000,0x000000,0x000000,0x000000,0x000000,0x000000,0x000000,0x000000,
0x000000,0x000000,0x000000,0x000000,0x000000,0x000000,0x000000,0x000000,0x000000,0x000000,0x000000,0x000000,
0x000000,0x000000,0x000000,0x4F4F4F,0xEEEEEE,0xFFFFFF,0xFEFEFE,0xFFFEFF,0xFEFEFE,0xFFFEFF,0xFFFEFF,0xFEFEFE,
0xFEFEFE,0xFEFDFE,0xFDFDFD,0xFEFDFE,0xFFFFFF,0xFFFFFF,0xA1A1A1,0x151515,0x000000,0x000000,0x000000,0x000000,
0x000000,0x000000,0x000000,0x000000,0x000000,0x000000,0x000000,0x000000,0x000000,0x000000,0x000000,0x000000,
0x000000,0x000000,0x000000,0x000000,0x000000,0x000000,0x000000,0x000000,0x000000,0x000000,0x000000,0x000000,
0x000000,0x000000,0x000000,0x000000,0x000000,0x010000,0x000000,0x000000,0x000000,0x000000,0x000000,0x000000,
0x000000,0x000000,0x000000,0x000000,0x000000,0x000000,0x000000,0x000000,0x000000,0x000000,0x000000,0x000000,
0x000000,0x000000,0x000000,0x000000,0x000000,0x000000,0x010000,0x000000,0x000000,0x000000,0x000000,0x000000,
0x000000,0x000000,0x000000,0x010000,0x000000,0x000000,0x000000,0x000000,0x000000,0x000000,0x000000,0x000000,
0x000000,0x000000,0x000000,0x000000,0x000000,0x000000,0x000000,0x000000,0x000000,0x000000,0x000000,0x010000,
0x000000,0x000000,0x000000,0x000000,0x000000,0x000000,0x000000,0x000000,0x000000,0x000000,0x000000,0x000000,
0x000000,0x000000,0x000000,0x000000,0x000000,0x000000,0x000000,0x000000,0x000000,0x000000,0x000000,0x000000,
0x000000,0x000000,0x000000,0x000000,0x000000,0x000000,0x000000,0x616161,0xEDEDED,0xFFFFFF,0xFDFDFD,0xFEFEFE,
0xFEFEFE,0xFEFEFE,0xFEFDFE,0xFFFEFF,0xFFFEFF,0xFEFEFE,0xFEFEFE,0xFDFDFE,0xFFFFFF,0xFAF9FA,0x6F6F70,0x000000,
0x000000,0x000000,0x000000,0x000000,0x000000,0x000000,0x000000,0x000000,0x000000,0x000000,0x000000,0x000000,
0x000000,0x000000,0x000000,0x000000,0x000000,0x000000,0x000000,0x000000,0x000000,0x000000,0x000000,0x000000,
0x000000,0x000000,0x000000,0x000000,0x000000,0x000000,0x000000,0x000000,0x000000,0x000000,0x000000,0x000000,
0x000000,0x000000,0x000000,0x000000,0x000000,0x000000,0x000000,0x000000,0x000000,0x000000,0x000000,0x000000,
0x000000,0x000000,0x000000,0x000000,0x000000,0x000000,0x000000,0x000000,0x000000,0x000000,0x000000,0x000000,
0x000000,0x000000,0x000000,0x000000,0x000000,0x000000,0x000000,0x000000,0x000000,0x000000,0x000000,0x000000,
0x000000,0x000000,0x000000,0x000000,0x000000,0x000000,0x000000,0x000000,0x000000,0x000000,0x000000,0x000000,
0x000000,0x000000,0x010000,0x010000,0x000000,0x000000,0x000000,0x000000,0x000000,0x000000,0x010000,0x000000,
0x000000,0x000000,0x000000,0x000000,0x000000,0x000000,0x000000,0x000000,0x474747,0xE7E7E8,0xFFFFFF,0xFEFEFE,
0xFEFEFE,0xFEFEFE,0xFEFEFE,0xFEFEFE,0xFEFEFE,0xFEFDFE,0xFEFDFE,0xFDFDFD,0xFEFEFE,0xFFFFFF,0xFFFFFF,0xCCCBCB,
0x363636,0x000000,0x000000,0x000000,0x000000,0x000000,0x000000,0x000000,0x000000,0x000000,0x000000,0x000000,
0x000000,0x000000,0x000000,0x000000,0x010000,0x000000,0x000000,0x000000,0x000000,0x000000,0x000000,0x000000,
0x000000,0x000000,0x000000,0x000000,0x000000,0x000000,0x000000,0x000000,0x000000,0x000000,0x000000,0x000000,
0x000000,0x000000,0x000000,0x000000,0x000000,0x000000,0x000000,0x000000,0x000000,0x000000,0x000000,0x000000,
0x000000,0x000000,0x000000,0x000000,0x000000,0x000000,0x000000,0x000000,0x000000,0x000000,0x010000,0x000000,
0x000000,0x000000,0x000000,0x000000,0x000000,0x000000,0x000000,0x000000,0x000000,0x000000,0x010100,0x000000,
0x000000,0x000000,0x000000,0x000000,0x000000,0x000000,0x000000,0x000000,0x000000,0x000000,0x000000,0x000000,
0x000000,0x000000,0x000000,0x000000,0x000000,0x000000,0x000000,0x000000,0x000000,0x000000,0x000000,0x000000,
0x000000,0x000000,0x000000,0x010000,0x000000,0x000000,0x000000,0x000000,0x000000,0x000000,0x000000,0x000000,
0x000000,0x000000,0x000000,0x000000,0x000000,0x000000,0x000000,0x000000,0x000000,0x111011,0x959495,0xFDFDFD,
0xFFFFFF,0xFFFFFF,0xFEFEFE,0xFEFEFE,0xFFFEFF,0xFFFEFF,0xFEFDFE,0xFFFEFF,0xFFFFFF,0xFFFFFF,0xFFFFFF,0xFFFFFF,
0xF5F5F5,0x636363,0x000000,0x000000,0x000000,0x000000,0x000000,0x000000,0x000000,0x000000,0x000000,0x000000,
0x000000,0x000000,0x000000,0x000000,0x000000,0x000000,0x000000,0x000000,0x000000,0x000000,0x000000,0x000000,
0x000000,0x000000,0x000000,0x000000,0x000000,0x000000,0x000000,0x000000,0x000000,0x000000,0x000000,0x000000,
0x000000,0x000000,0x000000,0x000000,0x000000,0x000000,0x000000,0x000000,0x000000,0x000000,0x000000,0x000000,
0x000000,0x000000,0x000000,0x000000,0x000000,0x000000,0x000000,0x000000,0x000000,0x000000,0x000000,0x000000,
0x000000,0x000000,0x000000,0x000000,0x000000,0x000000,0x000000,0x000000,0x000000,0x000000,0x000000,0x000000,
0x000000,0x000000,0x000000,0x000000,0x000000,0x000000,0x000000,0x010000,0x000000,0x000000,0x000000,0x000000,
0x000000,0x000000,0x000000,0x000000,0x000000,0x000000,0x000000,0x000000,0x000000,0x000000,0x000000,0x000000,
0x000000,0x000000,0x000000,0x000000,0x000000,0x000000,0x000000,0x000000,0x000000,0x000000,0x000000,0x000000,
0x000000,0x3A3A3A,0xDBDBDB,0xFFFFFF,0xFEFEFE,0xFEFEFE,0xFEFEFE,0xFEFEFE,0xFEFEFE,0xFEFEFE,0xFEFEFE,0xFEFEFE,
0xFEFEFE,0xFEFEFE,0xFEFEFE,0xFFFFFF,0xEDEDED,0x6B6B6B,0x030303,0x000000,0x000000,0x000000,0x000000,0x000000,
0x000000,0x000000,0x000000,0x000000,0x000000,0x000000,0x000000,0x000000,0x000000,0x000000,0x000000,0x000000,
0x000000,0x000000,0x000000,0x000000,0x000000,0x000000,0x000000,0x000000,0x000000,0x000000,0x000000,0x000000,
0x000000,0x000000,0x000000,0x000000,0x000000,0x000000,0x000000,0x000000,0x000000,0x000000,0x000000,0x000000,
0x000000,0x000000,0x000000,0x000000,0x000000,0x000000,0x010000,0x000000,0x000000,0x000000,0x000000,0x000000,
0x000000,0x000000,0x000000,0x000000,0x000000,0x000000,0x000000,0x000000,0x000000,0x000000,0x000000,0x000000,
0x000000,0x000000,0x000000,0x000000,0x000000,0x000000,0x000000,0x000000,0x000000,0x000000,0x000000,0x000000,
0x000000,0x000000,0x000000,0x000000,0x000000,0x000000,0x000000,0x000000,0x000000,0x000000,0x000000,0x000000,
0x000000,0x000000,0x000000,0x000000,0x000000,0x000000,0x000000,0x000000,0x000000,0x000000,0x000000,0x000000,
0x000000,0x000000,0x000000,0x000000,0x000000,0x000000,0x000000,0x000000,0x000000,0x000000,0x000000,0x000000,
0x353535,0xC7C6C7,0xFFFFFF,0xFFFFFF,0xFEFEFE,0xFFFEFF,0xFEFEFE,0xFEFEFE,0xFEFEFE,0xFEFEFE,0xFEFEFE,0xFEFEFE,
0xFEFEFE,0xFEFEFE,0xFFFFFF,0xEEEDEE,0x575758,0x000000,0x000000,0x000000,0x000000,0x000000,0x000000,0x000000,
0x000000,0x000000,0x000000,0x000000,0x000000,0x000000,0x000000,0x000000,0x000000,0x000000,0x000000,0x000000,
0x000000,0x000000,0x000000,0x000000,0x000000,0x000000,0x000000,0x000000,0x000000,0x000000,0x000000,0x000000,
0x000000,0x000000,0x000000,0x000000,0x000000,0x000000,0x000000,0x000000,0x000000,0x000000,0x000000,0x000000,
0x000000,0x000000,0x000000,0x000000,0x000000,0x000000,0x000000,0x000000,0x000000,0x000000,0x000000,0x000000,
0x000000,0x000000,0x000000,0x000000,0x000000,0x000000,0x000000,0x000000,0x000000,0x000000,0x000000,0x000000,
0x000000,0x000000,0x000000,0x000000,0x000000,0x000000,0x000000,0x000000,0x000000,0x000000,0x000000,0x000000,
0x000000,0x000000,0x000000,0x000000,0x000000,0x000000,0x000000,0x000000,0x000000,0x000000,0x000000,0x000000,
0x000000,0x000000,0x000000,0x000000,0x000000,0x000000,0x000000,0x000000,0x000000,0x000000,0x000000,0x000000,
0x000000,0x000000,0x000000,0x000000,0x000000,0x000000,0x2A2929,0xCBCBCB,0xFFFFFF,0xFEFEFF,0xFEFDFE,0xFEFDFE,
0xFEFEFE,0xFEFDFE,0xFEFEFE,0xFEFEFE,0xFEFEFE,0xFEFEFE,0xFEFEFE,0xFFFFFF,0xFFFFFF,0xFFFFFF,0xA8A8A8,0x201F20,
0x000000,0x000000,0x000000,0x000000,0x000000,0x000000,0x000000,0x000000,0x000000,0x000000,0x000000,0x000000,
0x000000,0x000000,0x000000,0x000000,0x000000,0x000000,0x000000,0x000000,0x000000,0x000000,0x000000,0x000000,
0x000000,0x000000,0x000000,0x010000,0x000000,0x000000,0x010000,0x000000,0x000000,0x000000,0x000000,0x000000,
0x000000,0x000000,0x000000,0x000000,0x000000,0x000000,0x000000,0x000000,0x000000,0x000000,0x010000,0x000000,
0x000000,0x000000,0x000000,0x000000,0x000000,0x000000,0x000000,0x000000,0x000000,0x000000,0x000000,0x000000,
0x000000,0x000000,0x000000,0x000000,0x000000,0x000000,0x000000,0x000000,0x000000,0x000000,0x000000,0x000000,
0x000000,0x000000,0x000000,0x000000,0x000000,0x000000,0x000000,0x000000,0x000000,0x000000,0x000000,0x000000,
0x000000,0x000000,0x000000,0x000000,0x000000,0x000000,0x000000,0x000000,0x000000,0x000000,0x000000,0x000000,
0x000000,0x000000,0x000000,0x000000,0x000000,0x000000,0x000000,0x000000,0x000000,0x000000,0x000000,0x000000,
0x000000,0x000000,0x040404,0x6C6C6C,0xEDEDED,0xFFFFFF,0xFFFFFF,0xFEFEFE,0xFEFDFE,0xFEFEFE,0xFEFEFE,0xFEFEFE,
0xFEFEFE,0xFEFEFE,0xFFFEFF,0xFEFEFE,0xFEFEFF,0xFFFFFF,0xDFDFDF,0x414141,0x000000,0x000000,0x000000,0x000000,
0x000000,0x000000,0x000000,0x000000,0x000000,0x000000,0x000000,0x000000,0x000000,0x000000,0x000000,0x000000,
0x000000,0x000000,0x000000,0x000000,0x000000,0x000000,0x000000,0x000000,0x000000,0x000000,0x000000,0x010000,
0x000000,0x000000,0x000000,0x000000,0x000000,0x000000,0x000000,0x000000,0x000000,0x000000,0x000000,0x000000,
0x000000,0x000000,0x000000,0x000000,0x000000,0x000000,0x000000,0x000000,0x000000,0x000000,0x000000,0x000000,
0x000000,0x000000,0x000000,0x000000,0x000000,0x000000,0x000000,0x000000,0x000000,0x000000,0x000000,0x000000,
0x000000,0x000000,0x000000,0x000000,0x000000,0x000000,0x000000,0x000000,0x000000,0x000000,0x000000,0x000000,
0x000000,0x000000,0x000000,0x000000,0x000000,0x000000,0x000000,0x000000,0x000000,0x000000,0x000000,0x000000,
0x000000,0x000000,0x000000,0x000000,0x000000,0x000000,0x000000,0x000000,0x000000,0x000000,0x000000,0x000000,
0x000000,0x000000,0x000000,0x000000,0x000000,0x000000,0x000000,0x000000,0x000000,0x000000,0x000000,0x1B1B1B,
0xB0B0B0,0xFFFFFF,0xFFFFFF,0xFEFDFE,0xFEFDFE,0xFEFEFE,0xFEFEFE,0xFEFEFE,0xFEFEFE,0xFEFEFE,0xFEFEFE,0xFEFEFE,
0xFEFDFE,0xFEFEFE,0xFFFFFF,0xDDDDDE,0x5D5D5D,0x020202,0x000000,0x000000,0x000000,0x000000,0x000000,0x010000,
0x000000,0x000000,0x000000,0x000000,0x000000,0x000000,0x000000,0x000000,0x000000,0x000000,0x000000,0x000000,
0x000000,0x000000,0x000000,0x000000,0x010000,0x000000,0x000000,0x000000,0x000000,0x000000,0x000000,0x000000,
0x000000,0x000000,0x000000,0x000000,0x000000,0x000000,0x000000,0x000000,0x000000,0x000000,0x000000,0x000000,
0x000000,0x000000,0x000000,0x000000,0x000000,0x000000,0x000000,0x000000,0x000000,0x000000,0x000000,0x000000,
0x000000,0x000000,0x000000,0x000000,0x000000,0x000000,0x000000,0x000000,0x000000,0x000000,0x000000,0x000000,
0x000000,0x000000,0x000000,0x000000,0x000000,0x000000,0x000000,0x000000,0x000000,0x000000,0x000000,0x000000,
0x010000,0x000000,0x000000,0x000000,0x000000,0x000000,0x000000,0x000000,0x000000,0x000000,0x000000,0x000000,
0x000000,0x000000,0x000000,0x000000,0x000000,0x000000,0x000000,0x000000,0x000000,0x000000,0x000000,0x000000,
0x000000,0x000000,0x000000,0x000000,0x000000,0x282828,0xAFAFAF,0xFFFFFF,0xFFFFFF,0xFEFDFE,0xFEFEFE,0xFEFEFE,
0xFEFEFE,0xFEFEFE,0xFFFEFF,0xFFFEFF,0xFEFEFE,0xFEFEFE,0xFEFFFE,0xFEFEFE,0xFFFFFF,0xCCCCCC,0x2E2E2E,0x000000,
0x000000,0x000000,0x000000,0x000000,0x000000,0x000000,0x000000,0x000000,0x000000,0x000000,0x000000,0x000000,
0x000000,0x000000,0x000000,0x000000,0x000000,0x000000,0x000000,0x000000,0x000000,0x000000,0x000000,0x000000,
0x000000,0x000000,0x000000,0x000000,0x000000,0x000000,0x000000,0x000000,0x000000,0x000000,0x000000,0x000000,
0x000000,0x000000,0x000000,0x000000,0x000000,0x000000,0x000000,0x000000,0x000000,0x000000,0x000000,0x000000,
0x000000,0x000000,0x000000,0x000000,0x000000,0x000000,0x000000,0x000000,0x000000,0x000000,0x000000,0x000000,
0x000000,0x000000,0x000000,0x000000,0x000000,0x000000,0x000000,0x000000,0x000000,0x000000,0x000000,0x000000,
0x000000,0x000000,0x000000,0x000000,0x000000,0x000000,0x000000,0x000000,0x000000,0x000000,0x000000,0x000000,
0x000000,0x000000,0x000000,0x000000,0x000000,0x000000,0x000000,0x000000,0x000000,0x000000,0x000000,0x000000,
0x000000,0x000000,0x000000,0x000000,0x000000,0x000000,0x000000,0x000000,0x000000,0x000000,0x000000,0x000000,
0x000000,0x010100,0x000000,0x000000,0x080808,0x8C8C8C,0xFEFEFE,0xFFFFFF,0xFDFDFD,0xFEFDFE,0xFEFFFE,0xFFFFFF,
0xFFFEFF,0xFFFEFF,0xFFFFFF,0xFDFDFD,0xFEFDFE,0xFEFDFE,0xFFFEFF,0xFFFFFF,0xFFFFFF,0xA9A9A9,0x262626,0x000000,
0x000000,0x000000,0x000000,0x000000,0x000000,0x000000,0x000000,0x000000,0x000000,0x010000,0x000000,0x000000,
0x000000,0x000000,0x000000,0x010000,0x000000,0x000000,0x000000,0x000000,0x000000,0x000000,0x000000,0x000000,
0x000000,0x000000,0x000000,0x000000,0x000000,0x000000,0x000000,0x000000,0x000000,0x000000,0x000000,0x000000,
0x000000,0x000000,0x000000,0x000000,0x000000,0x000000,0x000000,0x000000,0x000000,0x000000,0x000000,0x000000,
0x010000,0x000000,0x000000,0x000000,0x000000,0x000000,0x010000,0x000000,0x000000,0x000000,0x000000,0x000000,
0x000000,0x000000,0x000000,0x000000,0x000000,0x000000,0x000000,0x000000,0x000000,0x000000,0x000000,0x000000,
0x000000,0x000000,0x000000,0x000000,0x000000,0x000000,0x000000,0x000000,0x000000,0x000000,0x000000,0x000000,
0x000000,0x000000,0x000000,0x000000,0x000000,0x000000,0x000000,0x000000,0x000000,0x000000,0x000000,0x000000,
0x000000,0x000000,0x000000,0x000000,0x000000,0x000000,0x000000,0x060606,0x6A6A6A,0xE6E6E6,0xFFFFFF,0xFFFFFF,
0xFEFEFE,0xFEFEFE,0xFEFDFE,0xFFFEFF,0xFEFEFE,0xFFFEFF,0xFFFEFE,0xFFFEFF,0xFEFEFE,0xFDFEFD,0xFFFFFF,0xFFFFFF,
0xB1B1B1,0x181919,0x000000,0x010100,0x000000,0x000000,0x000000,0x000000,0x000000,0x000000,0x000000,0x000000,
0x000000,0x000000,0x000000,0x000000,0x000000,0x000000,0x000000,0x000000,0x000000,0x000000,0x000000,0x000000,
0x000000,0x000000,0x000000,0x000000,0x000000,0x000000,0x000000,0x000000,0x000000,0x000000,0x000000,0x000000,
0x000000,0x000000,0x000000,0x000000,0x000000,0x000000,0x000000,0x000000,0x000000,0x000000,0x000000,0x000000,
0x000000,0x000000,0x000000,0x000000,0x000000,0x000000,0x000000,0x000000,0x000000,0x000000,0x000000,0x000000,
0x000000,0x000000,0x000000,0x000000,0x000000,0x000000,0x000000,0x000000,0x000000,0x000000,0x000000,0x000000,
0x000000,0x000000,0x000000,0x000000,0x000000,0x000000,0x000000,0x000000,0x000000,0x000000,0x000000,0x000000,
0x000000,0x000000,0x000000,0x000000,0x000000,0x000000,0x000000,0x000000,0x000000,0x000000,0x000000,0x000000,
0x000000,0x000000,0x000000,0x000000,0x000000,0x000000,0x000000,0x000000,0x000000,0x000000,0x000000,0x000000,
0x000000,0x000000,0x000000,0x000000,0x000000,0x000000,0x000000,0x000000,0x000000,0x000000,0x666666,0xEEEEEE,
0xFFFFFF,0xFEFFFE,0xFFFFFF,0xFEFEFE,0xFEFEFE,0xFEFEFE,0xFEFDFE,0xFEFDFE,0xFEFEFE,0xFEFEFE,0xFEFEFE,0xFEFEFE,
0xFFFEFF,0xFFFFFF,0xE7E6E6,0x6F706F,0x0A0A0A,0x000000,0x000000,0x000000,0x000000,0x010000,0x000000,0x000000,
0x000000,0x000000,0x000000,0x000000,0x000000,0x000000,0x000000,0x000000,0x000000,0x000000,0x000000,0x000000,
0x000000,0x000000,0x000000,0x000000,0x000000,0x000000,0x000000,0x000000,0x000000,0x000000,0x000000,0x000000,
0x000000,0x000000,0x010000,0x000000,0x000000,0x000000,0x000000,0x000000,0x000000,0x000000,0x000000,0x000000,
0x000000,0x000000,0x000000,0x000000,0x000000,0x000000,0x000000,0x000000,0x000000,0x000000,0x010000,0x000000,
0x000000,0x000000,0x000000,0x000000,0x000000,0x000000,0x000000,0x000000,0x000000,0x000000,0x000000,0x000000,
0x000000,0x000000,0x000000,0x000000,0x000000,0x000000,0x000000,0x000000,0x000000,0x000000,0x000000,0x000000,
0x000000,0x000000,0x000000,0x000000,0x000000,0x000000,0x000000,0x000000,0x000000,0x000000,0x000000,0x000000,
0x000000,0x000000,0x000000,0x000000,0x000000,0x000000,0x000000,0x000000,0x000000,0x000000,0x393839,0xBABABA,
0xFFFFFF,0xFFFFFF,0xFEFDFE,0xFEFEFE,0xFEFEFE,0xFEFEFE,0xFEFDFE,0xFEFEFE,0xFEFEFE,0xFFFEFE,0xFFFEFE,0xFFFEFF,
0xFFFFFF,0xFFFFFF,0xFBFBFB,0x898A8A,0x0A0A0A,0x000000,0x000000,0x000000,0x000000,0x000000,0x000000,0x000000,
0x000000,0x000000,0x000000,0x000000,0x000000,0x000000,0x000000,0x000000,0x000000,0x000000,0x000000,0x000000,
0x000000,0x000000,0x000000,0x000000,0x000000,0x000000,0x000000,0x000000,0x000000,0x000000,0x000000,0x000000,
0x000000,0x000000,0x000000,0x000000,0x000000,0x000000,0x000000,0x000000,0x000000,0x000000,0x000000,0x000000,
0x000000,0x000000,0x000000,0x000000,0x000000,0x000000,0x000000,0x000000,0x000000,0x000000,0x000000,0x000000,
0x000000,0x000000,0x000000,0x000000,0x000000,0x000000,0x000000,0x000000,0x000000,0x000000,0x000000,0x000000,
0x000000,0x000000,0x000000,0x000000,0x000000,0x000000,0x000000,0x000000,0x000000,0x000000,0x000000,0x000000,
0x000000,0x000000,0x000000,0x000000,0x000000,0x000000,0x000000,0x000000,0x000000,0x000000,0x000000,0x000000,
0x000000,0x000000,0x000000,0x000000,0x000000,0x000000,0x000000,0x000000,0x010000,0x000000,0x000000,0x000000,
0x000000,0x000000,0x000000,0x000000,0x000000,0x000000,0x000000,0x000000,0x000000,0x000000,0x000000,0x000000,
0x000000,0x000000,0x000000,0x3D3D3D,0xD6D6D6,0xFFFFFF,0xFFFFFF,0xFFFEFF,0xFEFEFE,0xFEFDFE,0xFDFDFD,0xFEFDFE,
0xFFFEFF,0xFFFEFF,0xFEFEFE,0xFEFDFE,0xFEFEFE,0xFFFEFF,0xFFFFFF,0xFFFFFF,0xC4C4C4,0x454645,0x000000,0x000000,
0x000000,0x000000,0x000000,0x000000,0x000000,0x000000,0x000000,0x000000,0x000000,0x000000,0x000000,0x000000,
0x000000,0x000000,0x000000,0x000000,0x000000,0x000000,0x000000,0x000000,0x000000,0x000000,0x000000,0x000000,
0x000000,0x000000,0x000000,0x000000,0x000000,0x000000,0x000000,0x000000,0x000000,0x000000,0x000000,0x000000,
0x000000,0x000000,0x000000,0x000000,0x000000,0x000000,0x000000,0x000000,0x000000,0x000000,0x000000,0x000000,
0x000000,0x000000,0x000000,0x000000,0x000000,0x000000,0x000000,0x000000,0x000000,0x000000,0x000000,0x000000,
0x000000,0x000000,0x000000,0x000000,0x000000,0x000000,0x000000,0x000000,0x000000,0x000000,0x000000,0x000000,
0x000000,0x000000,0x000000,0x000000,0x000000,0x000000,0x000000,0x000000,0x000000,0x000000,0x000000,0x000000,
0x000000,0x000000,0x000000,0x000000,0x000000,0x000000,0x000000,0x000000,0x000000,0x000000,0x000000,0x000000,
0x1A1A1A,0x8D8D8D,0xF3F3F3,0xFFFFFF,0xFFFFFF,0xFEFDFE,0xFEFDFE,0xFEFDFE,0xFEFEFE,0xFEFEFE,0xFEFEFE,0xFEFDFE,
0xFEFEFE,0xFFFFFE,0xFEFEFE,0xFEFEFF,0xFFFFFF,0xECECEC,0x5E5E5D,0x000000,0x000000,0x000000,0x000000,0x000000,
0x000000,0x000000,0x000000,0x000000,0x000000,0x000000,0x000000,0x000000,0x000000,0x000000,0x000000,0x000000,
0x000000,0x000000,0x000000,0x000000,0x000000,0x000000,0x000000,0x000000,0x000000,0x000000,0x000000,0x000000,
0x000000,0x000000,0x000000,0x000000,0x000000,0x000000,0x000000,0x000000,0x000000,0x000000,0x000000,0x000000,
0x000000,0x000000,0x000000,0x000000,0x000000,0x000000,0x000000,0x000000,0x000000,0x000000,0x000000,0x000000,
0x000000,0x000000,0x000000,0x000000,0x000000,0x000000,0x000000,0x000000,0x000000,0x000000,0x000000,0x000000,
0x000000,0x000000,0x000000,0x000000,0x000000,0x000000,0x000000,0x000000,0x000000,0x000000,0x000000,0x000000,
0x000000,0x000000,0x000000,0x000000,0x000000,0x000000,0x000000,0x000000,0x000000,0x000000,0x000000,0x000000,
0x000000,0x000000,0x000000,0x000000,0x000000,0x000000,0x000000,0x000000,0x000000,0x000000,0x000000,0x000000,
0x000000,0x000000,0x000000,0x000000,0x000000,0x000000,0x000000,0x000000,0x000000,0x000000,0x000000,0x000000,
0x000000,0x000000,0x000000,0x000000,0x000000,0x000000,0x000000,0x000000,0x1C1C1C,0xA7A7A7,0xFFFFFF,0xFFFFFF,
0xFDFDFD,0xFDFCFD,0xFEFCFE,0xFEFEFE,0xFEFDFE,0xFFFEFF,0xFFFEFF,0xFEFEFE,0xFFFEFF,0xFEFEFE,0xFEFEFE,0xFFFEFF,
0xFFFFFF,0xFAFAF9,0xA3A3A2,0x292929,0x000000,0x000000,0x000000,0x000000,0x000000,0x000000,0x000000,0x000000,
0x000000,0x000000,0x000000,0x000000,0x000000,0x000000,0x000000,0x000000,0x000000,0x000000,0x000000,0x000000,
0x000000,0x000000,0x010000,0x000000,0x000000,0x000000,0x000000,0x000000,0x000000,0x000000,0x000000,0x000000,
0x000000,0x000000,0x000000,0x000000,0x000000,0x000000,0x000000,0x000000,0x000000,0x000000,0x000000,0x000000,
0x000000,0x000000,0x000000,0x000000,0x000000,0x000000,0x000000,0x000000,0x000000,0x000000,0x000000,0x000000,
0x000000,0x000000,0x000000,0x000000,0x000000,0x000000,0x000000,0x000000,0x000000,0x000000,0x000000,0x000000,
0x000000,0x000000,0x010000,0x000000,0x000000,0x000000,0x000000,0x000000,0x000000,0x000000,0x000000,0x000000,
0x000000,0x000000,0x000000,0x000000,0x000000,0x000000,0x000000,0x000000,0x000000,0x000000,0x000000,0x000000,
0x000000,0x000000,0x0A0A0A,0x686868,0xDDDDDD,0xFFFFFF,0xFFFFFF,0xFEFEFE,0xFFFEFF,0xFFFEFF,0xFFFFFF,0xFEFEFE,
0xFEFDFE,0xFEFEFE,0xFFFEFF,0xFFFEFF,0xFDFDFE,0xFDFDFE,0xFFFFFF,0xFFFFFF,0xC9C9C9,0x363636,0x000000,0x000000,
0x000000,0x000000,0x000000,0x000000,0x000000,0x000000,0x000000,0x000000,0x000000,0x000000,0x000000,0x000000,
0x000000,0x000000,0x000000,0x000000,0x000000,0x000000,0x000000,0x000000,0x000000,0x000000,0x000000,0x000000,
0x000000,0x000000,0x000000,0x000000,0x000000,0x000000,0x000000,0x000000,0x000000,0x000000,0x000000,0x000000,
0x000000,0x000000,0x000000,0x000000,0x000000,0x000000,0x000000,0x000000,0x000000,0x000000,0x000000,0x000000,
0x000000,0x000000,0x000000,0x000000,0x000000,0x000000,0x000000,0x000000,0x000000,0x000000,0x000000,0x000000,
0x000000,0x000000,0x000000,0x000000,0x000000,0x000000,0x000000,0x000000,0x000000,0x000000,0x000000,0x000000,
0x000000,0x000000,0x000000,0x000000,0x000000,0x000000,0x000000,0x000000,0x000000,0x000000,0x000000,0x000000,
0x000000,0x000000,0x000000,0x000000,0x000000,0x000000,0x000000,0x000000,0x000000,0x000000,0x000000,0x000000,
0x000000,0x000000,0x000000,0x000000,0x000000,0x000000,0x000000,0x000000,0x000000,0x000000,0x000000,0x000000,
0x000000,0x000000,0x000000,0x000000,0x000000,0x000000,0x000000,0x000000,0x000000,0x000000,0x010000,0x010000,
0x000000,0x040404,0x747474,0xEFEFEF,0xFFFFFF,0xFEFDFE,0xFEFDFE,0xFEFEFE,0xFEFEFE,0xFFFEFF,0xFFFFFF,0xFFFFFF,
0xFFFEFF,0xFEFEFE,0xFEFEFE,0xFEFDFE,0xFEFEFE,0xFFFFFF,0xFFFFFF,0xEBEBEB,0x858685,0x1E1E1D,0x000000,0x000000,
0x000000,0x000000,0x000000,0x000000,0x000000,0x000000,0x000000,0x000000,0x000000,0x000000,0x000000,0x000000,
0x000000,0x000000,0x000000,0x000000,0x000000,0x000000,0x000000,0x000000,0x000000,0x000000,0x000000,0x010000,
0x000000,0x000000,0x000000,0x000000,0x000000,0x000000,0x000000,0x000000,0x000000,0x000000,0x000000,0x000000,
0x000000,0x000000,0x000000,0x000000,0x000000,0x000000,0x000000,0x000000,0x000000,0x000000,0x000000,0x000000,
0x000000,0x000000,0x000000,0x000000,0x000000,0x000000,0x000000,0x000000,0x000000,0x000000,0x000000,0x000000,
0x000000,0x000000,0x000000,0x000000,0x000000,0x000000,0x000000,0x000000,0x000000,0x000000,0x000000,0x000000,
0x000000,0x000000,0x000000,0x000000,0x000000,0x000000,0x000000,0x000000,0x000000,0x000000,0x000000,0x000000,
0x000000,0x000000,0x000000,0x000000,0x050405,0x525353,0xC6C6C6,0xFFFFFF,0xFFFFFF,0xFEFEFE,0xFEFEFE,0xFEFEFE,
0xFEFDFE,0xFFFFFF,0xFEFEFE,0xFEFEFE,0xFEFEFE,0xFEFEFE,0xFEFEFE,0xFFFFFF,0xFDFDFE,0xFFFFFF,0xFCFCFC,0x9C9C9C,
0x131313,0x000000,0x000000,0x000000,0x000000,0x000000,0x000000,0x000000,0x000000,0x000000,0x000000,0x000000,
0x000000,0x000000,0x000000,0x000000,0x000000,0x000000,0x000000,0x000000,0x000000,0x000000,0x000000,0x000000,
0x000000,0x000000,0x000000,0x000000,0x000000,0x000000,0x000000,0x000000,0x000000,0x000000,0x000000,0x000000,
0x000000,0x000000,0x000000,0x000000,0x000000,0x000000,0x000000,0x000000,0x000000,0x000000,0x000000,0x000000,
0x000000,0x000000,0x000000,0x000000,0x000000,0x000000,0x000000,0x000000,0x000000,0x000000,0x000000,0x000000,
0x000000,0x000000,0x000000,0x000000,0x000000,0x000000,0x000000,0x000000,0x000000,0x000000,0x000000,0x000000,
0x000000,0x000000,0x000000,0x000000,0x000000,0x000000,0x000000,0x000000,0x000000,0x000000,0x000000,0x000000,
0x000000,0x000000,0x000000,0x000000,0x000000,0x000000,0x000000,0x000000,0x000000,0x000000,0x000000,0x000000,
0x000000,0x000000,0x000000,0x000000,0x000000,0x000000,0x000000,0x000000,0x000000,0x000000,0x000000,0x000000,
0x000000,0x000000,0x000000,0x000000,0x000000,0x000000,0x000000,0x000000,0x000000,0x000000,0x000000,0x000000,
0x000000,0x000000,0x000000,0x000000,0x000000,0x000000,0x000000,0x383838,0xC7C7C7,0xFFFFFF,0xFFFFFF,0xFEFDFE,
0xFFFFFF,0xFFFFFF,0xFFFFFF,0xFFFEFF,0xFFFFFF,0xFFFEFF,0xFEFEFE,0xFEFEFE,0xFEFDFE,0xFEFDFE,0xFEFDFE,0xFFFFFF,
0xFFFFFF,0xE4E4E4,0x7A7A7A,0x161615,0x000000,0x000000,0x000000,0x000000,0x000000,0x000000,0x000000,0x000000,
0x000000,0x000000,0x000000,0x000000,0x000000,0x000000,0x000000,0x000000,0x000000,0x000000,0x000000,0x000000,
0x000000,0x000000,0x000000,0x000000,0x000000,0x000000,0x000000,0x000000,0x000000,0x000000,0x000000,0x000000,
0x000000,0x000000,0x000000,0x000000,0x000000,0x000000,0x000000,0x000000,0x000000,0x000000,0x000000,0x000000,
0x000000,0x000000,0x000000,0x000000,0x000000,0x000000,0x000000,0x000000,0x000000,0x000000,0x000000,0x000000,
0x000000,0x000000,0x000000,0x000000,0x000000,0x000000,0x000000,0x000000,0x000000,0x010100,0x000000,0x000000,
0x000000,0x000000,0x000000,0x000000,0x000000,0x000000,0x000000,0x000000,0x000000,0x000000,0x000000,0x000000,
0x000000,0x000000,0x000000,0x000000,0x000000,0x000000,0x010101,0x464646,0xBAB9BA,0xFFFFFF,0xFFFFFF,0xFEFFFF,
0xFDFDFD,0xFEFDFE,0xFFFEFF,0xFEFEFE,0xFEFEFE,0xFEFEFE,0xFEFEFE,0xFFFEFE,0xFFFFFE,0xFFFFFF,0xFEFEFE,0xFFFFFF,
0xFFFFFF,0xE4E4E4,0x5A5A5A,0x000000,0x000000,0x000000,0x000000,0x000000,0x000000,0x000000,0x000000,0x000000,
0x000000,0x000000,0x000000,0x000000,0x000000,0x000000,0x000000,0x000000,0x000000,0x000100,0x000000,0x000000,
0x000000,0x000000,0x000000,0x000000,0x000000,0x000000,0x000000,0x000000,0x000000,0x000000,0x000000,0x000000,
0x000000,0x000000,0x000000,0x000000,0x000000,0x000000,0x000000,0x000000,0x000000,0x000000,0x000000,0x000000,
0x000000,0x000000,0x000000,0x000000,0x000000,0x000000,0x000000,0x000000,0x000000,0x000000,0x000000,0x000000,
0x000000,0x000000,0x000000,0x000000,0x000000,0x000000,0x000000,0x000000,0x000000,0x000000,0x000000,0x000000,
0x000000,0x000000,0x000000,0x000000,0x000000,0x000000,0x000000,0x000000,0x000000,0x000000,0x000000,0x000000,
0x000000,0x000000,0x000000,0x000000,0x000000,0x000000,0x000000,0x000000,0x000000,0x000000,0x000000,0x000000,
0x000000,0x000000,0x000000,0x000000,0x000000,0x000000,0x000000,0x000000,0x000000,0x000000,0x000000,0x000000,
0x000000,0x000000,0x000000,0x000000,0x000000,0x000000,0x000000,0x000000,0x000000,0x000000,0x000000,0x000000,
0x000000,0x000000,0x000000,0x000000,0x000000,0x000000,0x000000,0x000000,0x000000,0x000000,0x000000,0x000000,
0x0F0F0F,0x8B8A8A,0xF8F8F7,0xFFFFFF,0xFFFFFF,0xFEFEFE,0xFEFDFE,0xFEFDFE,0xFFFEFF,0xFEFEFE,0xFEFEFE,0xFEFDFE,
0xFEFEFE,0xFEFDFE,0xFEFDFE,0xFEFEFE,0xFFFFFF,0xFFFFFF,0xFFFFFF,0xDADADA,0x787877,0x1E1E1E,0x000000,0x000000,
0x000000,0x000000,0x000000,0x000000,0x000000,0x000000,0x000000,0x000000,0x000000,0x000000,0x000000,0x000000,
0x000000,0x000000,0x000000,0x000000,0x000000,0x000000,0x000000,0x000000,0x000000,0x000000,0x000000,0x000000,
0x000000,0x000000,0x000000,0x000000,0x000000,0x000000,0x000000,0x000000,0x000000,0x000000,0x000000,0x000000,
0x000000,0x000000,0x000000,0x000000,0x000000,0x000000,0x000000,0x000000,0x000000,0x000000,0x000000,0x000000,
0x000000,0x000000,0x000000,0x000000,0x000000,0x000000,0x000000,0x000000,0x000000,0x000000,0x000000,0x000000,
0x000000,0x000000,0x000000,0x000000,0x000000,0x000000,0x000000,0x000000,0x000000,0x000000,0x000000,0x000000,
0x000000,0x000000,0x000000,0x000000,0x000000,0x000000,0x000000,0x000000,0x070707,0x4E4E4E,0xB6B6B6,0xFAFAFA,
0xFFFFFF,0xFFFFFF,0xFFFFFF,0xFEFEFE,0xFEFEFE,0xFEFEFE,0xFEFDFE,0xFEFEFE,0xFEFEFE,0xFEFEFE,0xFEFEFE,0xFEFEFE,
0xFFFFFF,0xFFFFFF,0xFFFFFF,0xFFFFFF,0xB2B2B2,0x282828,0x000000,0x000000,0x000000,0x000000,0x000000,0x000000,
0x000000,0x000000,0x000000,0x000000,0x000000,0x000000,0x000000,0x000000,0x000000,0x000000,0x000000,0x000000,
0x000000,0x000000,0x000000,0x000000,0x000000,0x000000,0x000000,0x000000,0x000000,0x000000,0x000000,0x000000,
0x000000,0x010000,0x010000,0x000000,0x000000,0x010000,0x000000,0x000000,0x000000,0x000000,0x000000,0x000000,
0x000000,0x000000,0x000000,0x000000,0x000000,0x000000,0x000000,0x000000,0x000000,0x000000,0x000000,0x000000,
0x000000,0x000000,0x000000,0x000000,0x000000,0x000000,0x000000,0x000000,0x000000,0x000000,0x000000,0x000000,
0x000000,0x000000,0x000000,0x000000,0x000000,0x000000,0x000000,0x000000,0x000000,0x000000,0x000000,0x000000,
0x000000,0x000000,0x000000,0x000000,0x000000,0x000000,0x000000,0x000000,0x000000,0x000000,0x000000,0x000000,
0x000000,0x000000,0x000000,0x000000,0x000000,0x000000,0x000000,0x000000,0x000000,0x000000,0x000000,0x000000,
0x000000,0x000000,0x000000,0x000000,0x000000,0x000000,0x000000,0x000000,0x000000,0x000000,0x000000,0x000000,
0x000000,0x000000,0x000000,0x000000,0x000000,0x000000,0x000000,0x000000,0x000000,0x000000,0x000000,0x000000,
0x000000,0x000000,0x000000,0x000000,0x000000,0x000000,0x494949,0xD1D1D1,0xFFFFFF,0xFFFFFF,0xFDFEFD,0xFEFEFD,
0xFEFEFE,0xFEFEFE,0xFEFEFE,0xFEFDFE,0xFEFEFE,0xFFFFFF,0xFEFFFE,0xFFFEFF,0xFEFEFE,0xFEFDFE,0xFEFDFE,0xFFFFFF,
0xFFFFFF,0xE4E4E4,0x878787,0x252625,0x000000,0x000000,0x000000,0x000000,0x000000,0x000000,0x000000,0x000000,
0x000000,0x000000,0x000000,0x010000,0x000000,0x000000,0x000000,0x000000,0x000000,0x000000,0x000000,0x000000,
0x000000,0x000000,0x000000,0x000000,0x000000,0x000000,0x000000,0x000000,0x000000,0x000000,0x000000,0x000000,
0x000000,0x000000,0x000000,0x000000,0x000000,0x000000,0x000000,0x000000,0x000000,0x000000,0x000000,0x000000,
0x000000,0x010000,0x000000,0x000000,0x000000,0x000000,0x000000,0x000000,0x000000,0x000000,0x000000,0x000000,
0x000000,0x000000,0x000000,0x000000,0x000000,0x000000,0x000000,0x000000,0x000000,0x000000,0x000000,0x000000,
0x000000,0x000000,0x000000,0x000000,0x000000,0x000000,0x000000,0x000000,0x000000,0x000000,0x0D0D0D,0x595959,
0xC2C2C2,0xFFFFFE,0xFFFFFF,0xFFFFFF,0xFDFDFD,0xFDFDFD,0xFEFEFE,0xFFFFFF,0xFFFEFF,0xFEFEFE,0xFEFEFE,0xFEFDFE,
0xFEFDFE,0xFEFEFE,0xFEFEFF,0xFEFEFE,0xFFFEFF,0xFFFFFF,0xEAEAEA,0x6C6C6C,0x050505,0x000000,0x000000,0x000000,
0x000000,0x000000,0x010000,0x000000,0x000000,0x000000,0x000000,0x000000,0x000000,0x000000,0x000000,0x000000,
0x010000,0x000000,0x000000,0x000000,0x000000,0x000000,0x000000,0x000000,0x000000,0x000000,0x000000,0x000000,
0x000000,0x000000,0x000000,0x000000,0x000000,0x010100,0x000000,0x000000,0x000000,0x000000,0x000000,0x000000,
0x000000,0x000000,0x000000,0x000000,0x000000,0x000000,0x000000,0x000000,0x000000,0x000000,0x000000,0x000000,
0x000000,0x000000,0x000000,0x000000,0x000000,0x000000,0x000000,0x000000,0x000000,0x000000,0x000000,0x000000,
0x000000,0x000000,0x000000,0x000000,0x000000,0x000000,0x000000,0x000000,0x000000,0x000000,0x000000,0x000000,
0x000000,0x000000,0x000000,0x000000,0x000000,0x000000,0x000000,0x000000,0x000000,0x000000,0x000000,0x000000,
0x010100,0x010100,0x000000,0x000000,0x000000,0x000000,0x000000,0x000000,0x000000,0x000000,0x000000,0x000000,
0x000000,0x000000,0x000000,0x000000,0x000000,0x000000,0x000000,0x000000,0x000000,0x000000,0x000000,0x000000,
0x000000,0x000000,0x000000,0x000000,0x000000,0x000000,0x000000,0x000000,0x000000,0x000000,0x000000,0x000000,
0x000000,0x000000,0x000000,0x000000,0x000000,0x000000,0x000000,0x000000,0x000000,0x000000,0x000000,0x121212,
0x868685,0xF2F2F1,0xFFFFFF,0xFEFEFE,0xFDFDFE,0xFEFDFE,0xFEFEFE,0xFFFFFE,0xFFFEFF,0xFFFFFF,0xFFFFFF,0xFEFEFE,
0xFEFDFE,0xFDFDFD,0xFEFEFE,0xFFFFFF,0xFFFFFF,0xFFFFFF,0xFFFFFF,0xEBEBEC,0x9E9F9E,0x414141,0x060606,0x000000,
0x000000,0x000000,0x000000,0x000000,0x000000,0x000000,0x000000,0x000000,0x000000,0x000000,0x000000,0x010000,
0x010100,0x010000,0x000000,0x000000,0x000000,0x000000,0x000000,0x000000,0x000000,0x000000,0x000000,0x000000,
0x000000,0x000000,0x000000,0x000000,0x000000,0x000000,0x000000,0x000000,0x000000,0x000000,0x000000,0x000000,
0x000000,0x000000,0x000000,0x000000,0x010000,0x000000,0x000000,0x000000,0x010000,0x000000,0x000000,0x010000,
0x000000,0x000000,0x000000,0x000000,0x000000,0x000000,0x000000,0x000000,0x000000,0x000000,0x000000,0x000000,
0x000000,0x000000,0x000000,0x000000,0x000000,0x000000,0x000000,0x000000,0x000000,0x000000,0x000000,0x000000,
0x202020,0x757676,0xD1D2D1,0xFFFFFF,0xFFFFFF,0xFEFEFF,0xFFFEFF,0xFFFFFF,0xFEFEFE,0xFEFDFE,0xFEFEFE,0xFEFEFE,
0xFEFEFE,0xFFFFFF,0xFFFEFE,0xFEFEFE,0xFEFEFE,0xFEFEFF,0xFEFEFF,0xFFFFFF,0xFEFEFE,0xABABAB,0x2B2B2B,0x000000,
0x000000,0x010000,0x000000,0x000000,0x000000,0x000000,0x000000,0x000000,0x000000,0x000000,0x000000,0x000000,
0x000000,0x000000,0x000000,0x000000,0x000000,0x000000,0x000000,0x000000,0x000000,0x000000,0x000000,0x000000,
0x000000,0x000000,0x000000,0x000000,0x000000,0x000000,0x000000,0x000000,0x000000,0x000000,0x000000,0x000000,
0x000000,0x000000,0x000000,0x000000,0x000000,0x000000,0x000000,0x000000,0x000000,0x000000,0x000000,0x000000,
0x000000,0x000000,0x000000,0x000000,0x000000,0x000000,0x000000,0x000000,0x000000,0x000000,0x000000,0x000000,
0x000000,0x000000,0x000000,0x000000,0x000000,0x000000,0x000000,0x000000,0x000000,0x000000,0x000000,0x000000,
0x000000,0x000000,0x000000,0x000000,0x000000,0x000000,0x000000,0x000000,0x000000,0x000000,0x000000,0x000000,
0x000000,0x000000,0x000000,0x000000,0x000000,0x000000,0x000000,0x000000,0x000000,0x000000,0x000000,0x000000,
0x000000,0x000000,0x000000,0x000000,0x000000,0x000000,0x000000,0x000000,0x000000,0x000000,0x000000,0x000000,
0x000000,0x000000,0x000000,0x000000,0x000000,0x000000,0x000000,0x000000,0x000000,0x000000,0x000000,0x000000,
0x000000,0x000000,0x000000,0x000000,0x000000,0x000000,0x000000,0x000000,0x000000,0x000000,0x000000,0x000000,
0x000000,0x010100,0x000000,0x000000,0x000000,0x373737,0xB9B9B9,0xFFFFFF,0xFFFFFF,0xFEFEFE,0xFFFFFF,0xFEFEFE,
0xFEFEFE,0xFEFEFE,0xFEFEFE,0xFEFEFE,0xFDFDFD,0xFEFEFE,0xFEFFFE,0xFEFEFE,0xFEFEFE,0xFEFDFE,0xFDFDFD,0xFFFFFF,
0xFFFFFF,0xFBFBFA,0xC2C2C2,0x656665,0x1C1C1B,0x000000,0x000000,0x000000,0x000000,0x000000,0x000000,0x000000,
0x000000,0x000000,0x000000,0x000000,0x000000,0x000000,0x000000,0x010000,0x000000,0x000000,0x010100,0x000000,
0x000000,0x000000,0x000000,0x000000,0x000000,0x000000,0x000000,0x000000,0x000000,0x000000,0x000000,0x000000,
0x000000,0x000000,0x000000,0x000000,0x010000,0x000000,0x000000,0x000000,0x000000,0x000000,0x000000,0x000000,
0x000000,0x000000,0x000000,0x000000,0x000000,0x000000,0x000000,0x000000,0x000000,0x000000,0x000000,0x000000,
0x000000,0x000000,0x000000,0x000000,0x000000,0x000000,0x000000,0x000000,0x000000,0x000000,0x000000,0x000000,
0x000000,0x080808,0x404141,0x9A9A9B,0xE7E7E7,0xFFFFFF,0xFFFFFF,0xFFFFFF,0xFDFDFD,0xFEFDFE,0xFEFEFE,0xFEFEFE,
0xFEFEFE,0xFEFEFE,0xFEFEFE,0xFEFDFE,0xFEFEFE,0xFFFEFF,0xFFFFFF,0xFFFFFF,0xFFFFFF,0xFFFFFF,0xFFFFFF,0xD8D8D8,
0x5B5B5B,0x020201,0x000000,0x000000,0x000000,0x000000,0x000000,0x000000,0x000000,0x000000,0x000000,0x000000,
0x000000,0x000000,0x000000,0x000000,0x000000,0x000000,0x000000,0x000000,0x000000,0x000000,0x000000,0x000000,
0x000000,0x000000,0x000000,0x000000,0x000000,0x000000,0x000000,0x000000,0x000000,0x000000,0x010100,0x000000,
0x000000,0x000000,0x000000,0x000000,0x000000,0x000000,0x000000,0x000000,0x000000,0x000000,0x000000,0x000000,
0x000000,0x000000,0x000000,0x010100,0x000000,0x000000,0x000000,0x000000,0x000000,0x000000,0x000000,0x000000,
0x000000,0x000000,0x000000,0x000000,0x000000,0x000000,0x000000,0x000000,0x000000,0x000000,0x000000,0x000000,
0x000000,0x000000,0x000000,0x000000,0x000000,0x000000,0x000000,0x000000,0x000000,0x000000,0x000000,0x000000,
0x000000,0x000000,0x000000,0x000000,0x000000,0x000000,0x000000,0x000000,0x000000,0x000000,0x000000,0x000000,
0x000000,0x000000,0x000000,0x000000,0x000000,0x000000,0x000000,0x000000,0x000000,0x000000,0x000000,0x000000,
0x000000,0x000000,0x000000,0x000000,0x000000,0x000000,0x000000,0x000000,0x000000,0x000000,0x000000,0x000000,
0x010000,0x000000,0x000000,0x000000,0x000000,0x000000,0x000000,0x000000,0x000000,0x000000,0x000000,0x000000,
0x000000,0x000000,0x000000,0x000000,0x000000,0x000000,0x000000,0x000000,0x000000,0x000000,0x060606,0x626262,
0xDDDDDD,0xFFFFFF,0xFFFFFF,0xFEFEFE,0xFEFEFE,0xFEFEFE,0xFEFDFE,0xFEFDFE,0xFEFEFE,0xFFFEFF,0xFFFEFF,0xFEFEFE,
0xFEFEFE,0xFDFDFD,0xFEFEFE,0xFFFFFF,0xFFFFFF,0xFFFEFF,0xFFFFFF,0xFFFFFF,0xE4E4E4,0xA0A0A0,0x4D4D4D,0x111111,
0x000000,0x000000,0x000000,0x000000,0x000000,0x000000,0x000000,0x000000,0x000000,0x000000,0x000000,0x000000,
0x000000,0x000000,0x000000,0x000000,0x000000,0x000000,0x000000,0x000000,0x000000,0x000000,0x000000,0x000000,
0x000000,0x000000,0x000000,0x000000,0x000000,0x000000,0x000000,0x000000,0x000000,0x000000,0x000000,0x000000,
0x010000,0x000000,0x000000,0x000000,0x000000,0x000000,0x000000,0x000000,0x000000,0x000000,0x000000,0x000000,
0x000000,0x000000,0x000000,0x000000,0x000000,0x000000,0x000000,0x000000,0x000000,0x000000,0x000000,0x000000,
0x000000,0x000000,0x000000,0x2A2A2A,0x767677,0xC9C9C9,0xFBFBFB,0xFFFFFF,0xFFFFFF,0xFEFEFE,0xFEFEFF,0xFFFFFF,
0xFFFEFE,0xFEFEFE,0xFEFDFE,0xFEFEFE,0xFFFEFF,0xFFFFFF,0xFEFEFE,0xFFFEFF,0xFEFDFE,0xFEFEFF,0xFEFEFE,0xFFFFFF,
0xFFFFFF,0xF2F2F2,0x888888,0x171717,0x000000,0x000000,0x000000,0x000000,0x000000,0x000000,0x000000,0x000000,
0x000000,0x000000,0x000000,0x000000,0x000000,0x000000,0x000000,0x000000,0x000000,0x000000,0x000000,0x000000,
0x000000,0x000000,0x000000,0x000000,0x000000,0x000000,0x000000,0x000000,0x000000,0x000000,0x000000,0x000000,
0x000000,0x000000,0x000000,0x000000,0x000000,0x000000,0x000000,0x000000,0x000000,0x000000,0x000000,0x000000,
0x000000,0x000000,0x000000,0x000000,0x000000,0x000000,0x010000,0x000000,0x000000,0x000000,0x000000,0x000000,
0x000000,0x000000,0x000000,0x000000,0x000000,0x000000,0x000000,0x000000,0x000000,0x000000,0x000000,0x000000,
0x000000,0x000000,0x000000,0x000000,0x000000,0x000000,0x000000,0x000000,0x000000,0x000000,0x000000,0x000000,
0x000000,0x000000,0x000000,0x000000,0x000000,0x000000,0x000000,0x000000,0x000000,0x000000,0x000000,0x000000,
0x000000,0x000000,0x000000,0x000000,0x000000,0x000000,0x000000,0x000000,0x000000,0x010100,0x000000,0x000000,
0x010101,0x000000,0x000000,0x000000,0x000000,0x000000,0x000000,0x000000,0x000000,0x000000,0x000000,0x000000,
0x000000,0x010000,0x000000,0x000000,0x000000,0x000000,0x000000,0x000000,0x000000,0x000000,0x000000,0x000000,
0x000000,0x000000,0x000000,0x000000,0x000000,0x000000,0x000000,0x000000,0x000000,0x000000,0x000000,0x000000,
0x000000,0x000000,0x000000,0x000000,0x1C1B1B,0x8A8A8A,0xEEEEEE,0xFFFFFF,0xFFFFFF,0xFEFEFE,0xFEFEFE,0xFEFEFE,
0xFEFEFE,0xFFFEFF,0xFFFFFF,0xFEFEFE,0xFEFDFE,0xFEFEFE,0xFEFEFE,0xFEFEFE,0xFEFEFE,0xFEFDFE,0xFEFEFE,0xFEFEFE,
0xFFFFFF,0xFFFFFF,0xFFFFFF,0xD6D6D6,0x909190,0x464645,0x121312,0x000000,0x000000,0x000000,0x000000,0x000000,
0x000000,0x000000,0x000000,0x000000,0x000000,0x000000,0x000000,0x000000,0x000000,0x000000,0x000000,0x000000,
0x000000,0x000000,0x000000,0x000000,0x000000,0x000000,0x000000,0x000000,0x000000,0x000000,0x000000,0x000000,
0x000000,0x000000,0x000000,0x000000,0x000000,0x000000,0x000000,0x010000,0x000000,0x000000,0x000000,0x000000,
0x000000,0x000000,0x000000,0x000000,0x000000,0x000000,0x000000,0x000000,0x000000,0x000000,0x000000,0x000000,
0x000000,0x000000,0x000000,0x030303,0x282828,0x696A69,0xB3B4B4,0xEEEEEE,0xFFFFFF,0xFFFFFF,0xFFFFFF,0xFEFFFE,
0xFEFEFE,0xFEFDFE,0xFEFEFE,0xFEFEFE,0xFFFEFF,0xFEFEFE,0xFEFDFE,0xFEFDFE,0xFEFEFE,0xFFFFFF,0xFEFEFE,0xFFFEFF,
0xFFFEFE,0xFEFEFF,0xFFFFFF,0xFBFBFB,0xADADAD,0x353535,0x000000,0x000000,0x000000,0x000000,0x000000,0x000000,
0x000000,0x000000,0x000000,0x000000,0x000000,0x000000,0x000000,0x000000,0x000000,0x000000,0x000000,0x000000,
0x000000,0x000000,0x000000,0x000000,0x000000,0x000000,0x000000,0x000000,0x000000,0x000000,0x000000,0x000000,
0x000000,0x000000,0x000000,0x000000,0x000000,0x000000,0x000000,0x000000,0x000000,0x000000,0x000000,0x000000,
0x000000,0x000000,0x000000,0x000000,0x000000,0x000000,0x000000,0x000000,0x000000,0x000000,0x000000,0x010000,
0x000000,0x000000,0x000000,0x000000,0x000000,0x000000,0x000000,0x000000,0x000000,0x000000,0x000000,0x000000,
0x000000,0x000000,0x000000,0x000000,0x000000,0x000000,0x000000,0x000000,0x000000,0x000000,0x000000,0x000000,
0x000000,0x000000,0x000000,0x000000,0x000000,0x000000,0x000000,0x000000,0x000000,0x000000,0x000000,0x000000,
0x000000,0x000000,0x000000,0x000000,0x000000,0x000000,0x000000,0x000000,0x000000,0x000000,0x000000,0x000000,
0x000000,0x000000,0x000000,0x000000,0x000000,0x000000,0x000000,0x010000,0x000000,0x000000,0x000000,0x000000,
0x000000,0x000000,0x000000,0x000000,0x000000,0x000000,0x000000,0x000000,0x000000,0x000000,0x000000,0x000000,
0x000000,0x000000,0x000000,0x000000,0x000000,0x000000,0x000000,0x000000,0x000000,0x000000,0x000000,0x000000,
0x000000,0x000000,0x000000,0x000000,0x000000,0x000000,0x000000,0x000000,0x000000,0x000000,0x2E2E2E,0xA4A4A4,
0xF7F6F6,0xFFFFFF,0xFFFFFF,0xFEFEFE,0xFEFEFE,0xFEFEFE,0xFDFEFE,0xFEFEFE,0xFEFEFE,0xFFFFFF,0xFFFFFF,0xFEFEFE,
0xFEFEFE,0xFEFEFE,0xFEFEFE,0xFEFEFE,0xFEFEFE,0xFEFEFE,0xFEFEFE,0xFFFFFF,0xFFFFFF,0xFDFDFD,0xDADADA,0x9F9F9F,
0x5A5A5A,0x202020,0x030303,0x000000,0x000000,0x000000,0x000000,0x000000,0x000000,0x000000,0x010000,0x000000,
0x000000,0x000000,0x000000,0x000000,0x000000,0x000000,0x000000,0x000000,0x000000,0x000000,0x000000,0x000000,
0x000000,0x000000,0x000000,0x000000,0x000000,0x000000,0x000000,0x000000,0x000000,0x000000,0x000000,0x000000,
0x000000,0x000000,0x000000,0x000000,0x000000,0x000000,0x000000,0x000000,0x000000,0x000000,0x000000,0x000000,
0x000000,0x000000,0x000000,0x000000,0x0D0D0D,0x343434,0x757575,0xBCBCBC,0xEFEFEF,0xFFFFFF,0xFFFFFF,0xFFFFFF,
0xFEFEFE,0xFEFEFE,0xFFFEFF,0xFFFFFF,0xFFFEFF,0xFEFEFE,0xFEFDFE,0xFEFDFE,0xFFFEFF,0xFFFEFF,0xFEFEFE,0xFEFEFE,
0xFEFEFE,0xFEFEFE,0xFEFEFF,0xFEFEFF,0xFFFFFF,0xFFFFFF,0xC1C1C1,0x4A4A4A,0x010101,0x000000,0x000000,0x000000,
0x000000,0x000000,0x000000,0x000000,0x000000,0x000000,0x000000,0x000000,0x000000,0x000000,0x000000,0x000000,
0x000000,0x000000,0x000000,0x000000,0x000000,0x000000,0x000000,0x000000,0x000000,0x000000,0x000000,0x000000,
0x000000,0x000000,0x000000,0x000000,0x010000,0x000000,0x000000,0x000000,0x000000,0x000000,0x000000,0x000000,
0x000000,0x000000,0x000000,0x000000,0x000000,0x000000,0x000000,0x000000,0x000000,0x000000,0x000000,0x000000,
0x000000,0x000000,0x000000,0x000000,0x000000,0x000000,0x000000,0x000000,0x000000,0x000000,0x000000,0x000000,
0x000000,0x000000,0x000000,0x000000,0x000000,0x000000,0x000000,0x000000,0x000000,0x000000,0x000000,0x000000,
0x000000,0x000000,0x000000,0x000000,0x000000,0x000000,0x000000,0x000000,0x000000,0x000000,0x000000,0x000000,
0x000000,0x000000,0x000000,0x000000,0x000000,0x000000,0x000000,0x000000,0x000000,0x000000,0x000000,0x000000,
0x000000,0x000000,0x000000,0x000000,0x000000,0x000000,0x000000,0x000000,0x000000,0x000000,0x000000,0x000000,
0x000000,0x000000,0x000000,0x000000,0x000000,0x000000,0x000000,0x000000,0x000000,0x000000,0x000000,0x000000,
0x000000,0x000000,0x000000,0x000000,0x000000,0x000000,0x000000,0x000000,0x000000,0x000000,0x000000,0x000000,
0x000000,0x000000,0x000000,0x000000,0x000000,0x000000,0x000000,0x000000,0x000000,0x000000,0x000000,0x000000,
0x000000,0x000000,0x000000,0x000000,0x3A3A3A,0xAAABAB,0xF7F8F8,0xFFFFFF,0xFFFFFF,0xFDFDFD,0xFDFDFD,0xFEFEFE,
0xFEFEFE,0xFFFFFF,0xFFFFFF,0xFEFFFE,0xFEFEFE,0xFEFEFE,0xFEFEFE,0xFEFEFE,0xFEFEFE,0xFEFEFE,0xFEFEFE,0xFEFEFE,
0xFEFEFE,0xFFFEFF,0xFFFFFF,0xFFFFFF,0xFFFFFF,0xE8E8E8,0xBCBCBC,0x848484,0x4C4C4C,0x202121,0x080808,0x000000,
0x000000,0x000000,0x000000,0x000000,0x000000,0x000000,0x000000,0x000000,0x000000,0x000000,0x000000,0x000000,
0x000000,0x000000,0x000000,0x000000,0x000000,0x000000,0x000000,0x000000,0x000000,0x000000,0x000000,0x000000,
0x000000,0x000000,0x000000,0x000000,0x000000,0x000000,0x000000,0x000000,0x000000,0x000000,0x000000,0x000000,
0x000000,0x000000,0x000000,0x000000,0x0E0F0F,0x303030,0x636363,0x9E9E9F,0xD1D1D1,0xF7F7F7,0xFFFFFF,0xFFFFFF,
0xFFFFFF,0xFFFEFF,0xFFFFFF,0xFEFEFE,0xFEFEFE,0xFEFDFE,0xFFFEFF,0xFEFEFE,0xFEFEFE,0xFEFEFE,0xFEFEFE,0xFEFEFE,
0xFFFEFF,0xFEFEFE,0xFFFFFF,0xFEFEFE,0xFEFEFF,0xFFFFFF,0xFFFFFF,0xFFFFFF,0xC7C7C7,0x5A5A5A,0x080808,0x000000,
0x000000,0x000000,0x000000,0x000000,0x000000,0x000000,0x000000,0x000000,0x010100,0x000000,0x000000,0x000000,
0x000000,0x000000,0x000000,0x000000,0x000000,0x000000,0x000000,0x000000,0x000000,0x000000,0x000000,0x000000,
0x000000,0x000000,0x000000,0x000000,0x000000,0x000000,0x000000,0x000000,0x000000,0x000000,0x000000,0x000000,
0x000000,0x000000,0x000000,0x000000,0x000000,0x000000,0x000000,0x000000,0x000000,0x000000,0x000000,0x000000,
0x000000,0x000000,0x000000,0x000000,0x000000,0x000000,0x000000,0x000000,0x000000,0x000000,0x000000,0x000000,
0x000000,0x000000,0x000000,0x000000,0x000000,0x000000,0x000000,0x000000,0x000000,0x000000,0x000000,0x000000,
0x000000,0x000000,0x000000,0x000000,0x000000,0x000000,0x000000,0x000000,0x000000,0x000000,0x000000,0x000000,
0x000000,0x000000,0x000000,0x000000,0x000000,0x000000,0x000000,0x000000,0x000000,0x000000,0x000000,0x000000,
0x000000,0x000000,0x000000,0x000000,0x000000,0x000000,0x000000,0x000000,0x000000,0x000000,0x000000,0x000000,
0x000000,0x000000,0x000000,0x000000,0x000000,0x000000,0x000000,0x010000,0x000000,0x000000,0x000000,0x000000,
0x000000,0x000000,0x000000,0x000000,0x000000,0x000000,0x000000,0x000000,0x000000,0x000000,0x000000,0x000000,
0x000000,0x000000,0x000000,0x000000,0x000000,0x000000,0x000000,0x000000,0x000000,0x000000,0x000000,0x000000,
0x000000,0x000000,0x000000,0x000000,0x000000,0x000000,0x000000,0x000000,0x000000,0x000000,0x3F3F3F,0xADADAD,
0xF6F6F7,0xFFFFFF,0xFFFFFF,0xFFFEFE,0xFFFFFF,0xFEFEFF,0xFEFEFE,0xFEFEFE,0xFEFDFE,0xFEFEFE,0xFEFEFE,0xFEFEFE,
0xFEFEFE,0xFEFEFE,0xFEFEFE,0xFEFEFE,0xFEFEFE,0xFEFDFE,0xFEFDFE,0xFEFDFE,0xFEFEFE,0xFFFFFF,0xFFFFFF,0xFFFFFF,
0xFFFFFF,0xEAEAEA,0xC5C4C5,0x939393,0x636463,0x393A39,0x171717,0x070808,0x000000,0x000000,0x000000,0x000000,
0x000000,0x000000,0x000000,0x000000,0x000000,0x000000,0x000000,0x000000,0x000000,0x000000,0x000000,0x000000,
0x000000,0x000000,0x000000,0x000000,0x000000,0x000000,0x000000,0x000000,0x000000,0x000000,0x000000,0x000000,
0x000000,0x000000,0x010201,0x0C0C0D,0x232423,0x494949,0x747475,0xA6A6A6,0xD4D4D4,0xF4F4F5,0xFFFFFF,0xFFFFFF,
0xFFFFFF,0xFFFFFF,0xFEFEFE,0xFFFEFF,0xFEFEFE,0xFFFEFF,0xFFFFFF,0xFEFEFE,0xFFFEFF,0xFEFEFE,0xFEFEFE,0xFFFEFF,
0xFEFEFE,0xFFFEFF,0xFFFEFF,0xFEFDFE,0xFEFDFE,0xFEFEFE,0xFEFEFE,0xFFFFFF,0xFFFFFF,0xFFFFFF,0xCCCBCC,0x5C5C5D,
0x090A0A,0x000000,0x000000,0x000000,0x000000,0x000000,0x000000,0x000000,0x000000,0x000000,0x000000,0x000000,
0x000000,0x000000,0x000000,0x000000,0x000000,0x000000,0x000000,0x000000,0x000000,0x000000,0x000000,0x000000,
0x000000,0x000000,0x000000,0x000000,0x000000,0x000000,0x000000,0x000000,0x000000,0x000000,0x000000,0x000000,
0x000000,0x000000,0x000000,0x000000,0x000000,0x010000,0x000000,0x000000,0x000000,0x000000,0x000000,0x000000,
0x000000,0x000000,0x010100,0x000000,0x000000,0x000000,0x000000,0x000000,0x000000,0x000000,0x000000,0x010000,
0x000000,0x000000,0x000000,0x000000,0x000000,0x000000,0x000000,0x000000,0x000000,0x000000,0x000000,0x000000,
0x000000,0x000000,0x000000,0x000000,0x000000,0x000000,0x000000,0x000000,0x000000,0x000000,0x000000,0x000000,
0x000000,0x000000,0x000000,0x000000,0x000000,0x000000,0x000000,0x000000,0x000000,0x000000,0x000000,0x000000,
0x000000,0x000000,0x000000,0x000000,0x000000,0x000000,0x000000,0x000000,0x000000,0x000000,0x000000,0x010100,
0x000000,0x000000,0x000000,0x000000,0x000000,0x000000,0x010000,0x000000,0x000000,0x000000,0x000000,0x000000,
0x000000,0x000000,0x000000,0x000000,0x000000,0x000000,0x000000,0x000000,0x000000,0x000000,0x000000,0x000000,
0x000000,0x000000,0x000000,0x000000,0x000000,0x000000,0x000000,0x000000,0x000000,0x000000,0x000000,0x000000,
0x000000,0x000000,0x000000,0x000000,0x000000,0x000000,0x000000,0x000000,0x000000,0x000000,0x000000,0x000000,
0x000000,0x000000,0x000000,0x000000,0x393938,0xA0A0A0,0xF1F1F1,0xFFFFFF,0xFFFFFF,0xFFFEFE,0xFDFDFE,0xFDFDFD,
0xFEFEFE,0xFEFEFE,0xFFFFFF,0xFFFFFF,0xFEFEFE,0xFEFEFE,0xFEFEFE,0xFFFEFF,0xFFFEFF,0xFEFEFE,0xFEFEFE,0xFEFDFE,
0xFEFDFE,0xFEFEFE,0xFEFEFE,0xFEFEFE,0xFFFFFF,0xFFFFFF,0xFFFFFF,0xFFFFFF,0xFFFFFF,0xF9F9F9,0xE3E3E3,0xC7C7C7,
0xA9A9A9,0x828282,0x5D5D5D,0x414141,0x2B2B2B,0x191919,0x0D0D0D,0x050606,0x020101,0x000000,0x000000,0x000000,
0x000000,0x000000,0x000000,0x000000,0x000000,0x000000,0x000000,0x000000,0x000000,0x000000,0x030303,0x090909,
0x121212,0x252525,0x393939,0x515151,0x6E6E6E,0x919191,0xB4B4B4,0xD2D3D3,0xEDEDED,0xFEFEFE,0xFFFFFF,0xFFFFFF,
0xFFFFFF,0xFFFFFF,0xFFFEFF,0xFFFFFF,0xFEFEFE,0xFEFDFE,0xFEFDFE,0xFFFEFF,0xFEFEFE,0xFEFEFE,0xFFFEFF,0xFFFEFF,
0xFFFEFF,0xFEFEFE,0xFEFEFE,0xFFFEFF,0xFEFEFE,0xFEFEFE,0xFEFEFE,0xFEFEFE,0xFEFEFE,0xFFFFFF,0xFFFFFF,0xFCFCFD,
0xC0C0C0,0x585858,0x0C0C0C,0x000000,0x000000,0x000000,0x000000,0x000000,0x000000,0x000000,0x000000,0x000000,
0x010000,0x000000,0x000000,0x000000,0x000000,0x000000,0x000000,0x000100,0x000000,0x000000,0x000000,0x000000,
0x000000,0x000000,0x000000,0x000000,0x000000,0x000000,0x000000,0x000000,0x000000,0x000000,0x000000,0x000000,
0x000000,0x000000,0x000000,0x000000,0x000000,0x000000,0x000000,0x000000,0x000000,0x000000,0x000000,0x000000,
0x000000,0x000000,0x000000,0x000000,0x000000,0x000000,0x000000,0x000000,0x000000,0x000000,0x000000,0x000000,
0x000000,0x000000,0x000000,0x010000,0x000000,0x000000,0x000000,0x000000,0x000000,0x000000,0x000000,0x000000,
0x000000,0x000000,0x000000,0x000000,0x000000,0x000000,0x000000,0x000000,0x000000,0x000000,0x000000,0x000000,
0x000000,0x000000,0x000000,0x000000,0x000000,0x000000,0x000000,0x000000,0x000000,0x000000,0x000000,0x000000,
0x000000,0x000000,0x000000,0x000000,0x000000,0x000000,0x000000,0x000000,0x000000,0x000000,0x000000,0x000000,
0x000000,0x000000,0x000000,0x000000,0x000000,0x000000,0x000000,0x000000,0x000000,0x000000,0x000000,0x000000,
0x000000,0x000000,0x000000,0x000000,0x000000,0x000000,0x000000,0x000000,0x000000,0x000000,0x000000,0x000000,
0x000000,0x000000,0x000000,0x000000,0x000000,0x000000,0x000000,0x000000,0x000000,0x000000,0x000000,0x000000,
0x000000,0x000000,0x000000,0x000000,0x000000,0x000000,0x000000,0x000000,0x000000,0x000000,0x000000,0x000000,
0x000000,0x000000,0x000000,0x000000,0x000000,0x000000,0x000000,0x000000,0x000000,0x000000,0x2E2E2E,0x8E8F8E,
0xE3E3E3,0xFFFFFF,0xFFFFFF,0xFFFFFF,0xFEFEFE,0xFFFFFF,0xFEFEFE,0xFEFEFE,0xFEFEFE,0xFFFEFF,0xFFFEFF,0xFEFEFE,
0xFFFEFF,0xFEFEFE,0xFEFEFE,0xFEFEFE,0xFEFEFE,0xFFFEFF,0xFEFEFE,0xFEFFFE,0xFEFEFE,0xFEFDFE,0xFEFDFE,0xFEFEFE,
0xFEFEFF,0xFFFFFF,0xFFFFFF,0xFFFFFF,0xFFFFFF,0xFFFFFF,0xFFFFFF,0xFBFBFB,0xF2F2F3,0xE5E5E5,0xD4D4D4,0xC1C2C1,
0xB4B4B4,0xA6A6A6,0x989999,0x8F8F8F,0x8A8A8A,0x818181,0x7D7D7D,0x7D7D7D,0x7E7E7E,0x868686,0x8D8E8E,0x999999,
0xA6A6A6,0xAFAEAF,0xBABABA,0xCACACA,0xDCDDDD,0xEEEEEE,0xF9F9F9,0xFFFFFF,0xFFFFFF,0xFFFFFF,0xFFFFFF,0xFFFFFF,
0xFFFFFF,0xFFFFFF,0xFFFEFF,0xFFFEFF,0xFEFEFE,0xFEFEFE,0xFFFDFF,0xFEFEFE,0xFEFDFE,0xFEFEFE,0xFFFFFF,0xFEFEFE,
0xFEFEFE,0xFEFEFE,0xFEFEFE,0xFEFEFE,0xFEFEFE,0xFEFDFE,0xFFFFFF,0xFEFEFE,0xFEFEFE,0xFFFFFF,0xFFFFFF,0xFFFFFF,
0xFFFFFF,0xF2F2F2,0xAFAEAE,0x4B4B4B,0x060606,0x000000,0x000000,0x000000,0x000000,0x000000,0x000000,0x000000,
0x000000,0x000000,0x000000,0x000000,0x000000,0x000000,0x000000,0x000000,0x000000,0x000000,0x000000,0x000000,
0x000000,0x000000,0x000000,0x000000,0x000000,0x000000,0x000000,0x000000,0x000000,0x000000,0x000000,0x000000,
0x000000,0x000000,0x000000,0x000000,0x000000,0x000000,0x000000,0x000000,0x000000,0x000000,0x000000,0x000000,
0x000000,0x000000,0x000000,0x000000,0x000000,0x000000,0x000000,0x000000,0x000000,0x000000,0x000000,0x000000,
0x000000,0x000000,0x000000,0x000000,0x000000,0x000000,0x000000,0x000000,0x000000,0x000000,0x000000,0x000000,
0x000000,0x000000,0x000000,0x000000,0x000000,0x000000,0x000000,0x000000,0x000000,0x000000,0x000000,0x000000,
0x000000,0x000000,0x000000,0x000000,0x000000,0x000000,0x000000,0x000000,0x000000,0x000000,0x000000,0x000000,
0x000000,0x000000,0x000000,0x000000,0x000000,0x000000,0x000000,0x000000,0x000000,0x000000,0x000000,0x000000,
0x000000,0x000000,0x000000,0x000000,0x000000,0x000000,0x000000,0x000000,0x000000,0x000000,0x000000,0x000000,
0x000000,0x000000,0x000000,0x000000,0x000000,0x000000,0x000000,0x000000,0x000000,0x000000,0x000000,0x000000,
0x000000,0x000000,0x000000,0x000000,0x000000,0x000000,0x000000,0x000000,0x000000,0x000000,0x000000,0x000000,
0x000000,0x000000,0x000000,0x000000,0x000000,0x000000,0x000000,0x000000,0x000000,0x000000,0x000000,0x000000,
0x000000,0x000000,0x000000,0x000000,0x000000,0x000000,0x000000,0x000000,0x000000,0x000000,0x000000,0x000000,
0x000000,0x000000,0x000000,0x000000,0x1C1C1C,0x707070,0xCCCCCC,0xFDFDFE,0xFFFFFF,0xFFFFFF,0xFFFFFF,0xFEFEFE,
0xFEFEFE,0xFEFEFE,0xFEFEFE,0xFEFEFE,0xFEFEFE,0xFEFEFE,0xFFFFFF,0xFEFEFE,0xFEFEFE,0xFEFEFE,0xFEFEFE,0xFEFEFE,
0xFEFDFE,0xFEFEFE,0xFEFEFE,0xFEFEFE,0xFEFEFE,0xFFFFFF,0xFEFEFE,0xFEFEFE,0xFEFEFF,0xFDFDFE,0xFEFEFE,0xFFFFFF,
0xFFFFFF,0xFFFFFF,0xFFFFFF,0xFFFFFF,0xFFFFFF,0xFFFFFF,0xFFFFFF,0xFFFFFF,0xFFFFFF,0xFFFFFF,0xFFFFFF,0xFFFFFF,
0xFFFFFF,0xFFFFFF,0xFFFFFF,0xFFFFFF,0xFFFFFF,0xFFFFFF,0xFFFFFF,0xFFFFFF,0xFFFFFF,0xFFFFFF,0xFFFFFF,0xFFFFFF,
0xFEFEFE,0xFEFEFE,0xFEFEFE,0xFEFEFE,0xFEFEFE,0xFEFEFE,0xFEFEFE,0xFEFEFE,0xFEFEFE,0xFEFEFE,0xFEFFFE,0xFEFEFE,
0xFEFEFE,0xFEFEFE,0xFEFEFE,0xFEFEFE,0xFEFEFE,0xFEFEFE,0xFEFEFE,0xFEFEFE,0xFEFEFE,0xFEFEFE,0xFFFEFF,0xFFFFFF,
0xFFFFFF,0xFFFFFF,0xFFFFFF,0xDFDFDF,0x8C8B8C,0x2F3030,0x000000,0x000000,0x000000,0x000000,0x000000,0x000000,
0x000000,0x000000,0x000000,0x000000,0x000000,0x000000,0x000000,0x000000,0x000000,0x000000,0x000000,0x000000,
0x000000,0x000000,0x000000,0x000000,0x000000,0x000000,0x000000,0x000000,0x000000,0x000000,0x000000,0x000000,
0x000000,0x000000,0x000000,0x000000,0x000000,0x000000,0x000000,0x000000,0x000000,0x000000,0x010000,0x000000,
0x000000,0x000000,0x000000,0x000000,0x000000,0x000000,0x000000,0x000000,0x000000,0x000000,0x000000,0x000000,
0x000000,0x000000,0x000000,0x000000,0x000000,0x000000,0x000000,0x000000,0x000000,0x000000,0x000000,0x000000,
0x000000,0x000000,0x000000,0x000000,0x000000,0x000000,0x000000,0x000000,0x000000,0x000000,0x000000,0x000000,
0x000000,0x000000,0x000000,0x000000,0x000000,0x000000,0x000000,0x000000,0x000000,0x000000,0x000000,0x000000,
0x000000,0x000000,0x000000,0x000000,0x000000,0x000000,0x000000,0x000000,0x000000,0x000000,0x000000,0x000000,
0x000000,0x000000,0x000000,0x000000,0x000000,0x000000,0x000000,0x000000,0x000000,0x000000,0x000000,0x000000,
0x000000,0x000000,0x000000,0x000000,0x000000,0x000000,0x000000,0x000000,0x000000,0x000000,0x000000,0x000000,
0x000000,0x000000,0x000000,0x000000,0x000000,0x000000,0x000000,0x000000,0x000000,0x000000,0x000000,0x000000,
0x000000,0x000000,0x000000,0x000000,0x000000,0x000000,0x000000,0x000000,0x000000,0x000000,0x000000,0x000000,
0x000000,0x000000,0x000000,0x000000,0x000000,0x000000,0x000000,0x000000,0x000000,0x000000,0x000000,0x000000,
0x000000,0x000000,0x000000,0x000000,0x000000,0x000000,0x000000,0x000000,0x000000,0x000000,0x0B0B0B,0x4C4C4C,
0xA4A4A4,0xE8E8E8,0xFFFFFF,0xFFFFFF,0xFFFFFF,0xFEFEFE,0xFEFEFE,0xFEFEFE,0xFEFDFE,0xFFFEFF,0xFFFFFF,0xFEFEFE,
0xFEFDFE,0xFEFEFE,0xFEFEFE,0xFEFEFE,0xFEFEFE,0xFEFDFF,0xFEFEFE,0xFFFEFF,0xFEFEFF,0xFEFEFE,0xFEFEFE,0xFEFDFE,
0xFEFEFE,0xFEFEFE,0xFEFEFE,0xFEFEFD,0xFFFEFF,0xFFFEFF,0xFFFFFF,0xFEFEFE,0xFDFDFD,0xFEFDFE,0xFFFFFF,0xFEFEFE,
0xFEFDFE,0xFEFDFE,0xFDFCFD,0xFEFDFE,0xFFFFFF,0xFFFFFF,0xFFFFFF,0xFEFEFE,0xFDFCFD,0xFDFDFE,0xFDFEFE,0xFEFEFE,
0xFEFEFF,0xFFFFFF,0xFEFEFE,0xFEFDFE,0xFEFDFE,0xFEFEFE,0xFEFEFE,0xFEFFFF,0xFEFEFE,0xFEFEFE,0xFFFEFF,0xFEFEFE,
0xFEFEFE,0xFEFEFE,0xFFFFFF,0xFEFEFE,0xFEFDFE,0xFEFDFE,0xFFFEFF,0xFEFEFE,0xFEFEFE,0xFEFEFE,0xFFFEFF,0xFEFEFE,
0xFEFEFF,0xFFFFFF,0xFFFFFF,0xFFFFFF,0xF1F1F1,0xB6B6B6,0x616161,0x181817,0x000000,0x000000,0x000000,0x000000,
0x000000,0x000000,0x000000,0x000000,0x000000,0x000000,0x000000,0x000000,0x000000,0x000000,0x000000,0x000000,
0x000000,0x000000,0x000000,0x000000,0x000000,0x000000,0x000000,0x000000,0x000000,0x000000,0x000000,0x000000,
0x000000,0x000000,0x000000,0x000000,0x000000,0x000000,0x000000,0x000000,0x000000,0x000000,0x000000,0x000000,
0x000000,0x000000,0x000000,0x000000,0x000000,0x000000,0x000000,0x000000,0x000000,0x000000,0x000000,0x000000,
0x000000,0x000000,0x000000,0x000000,0x000000,0x000000,0x000000,0x000000,0x000000,0x000000,0x000000,0x000000,
0x000000,0x000000,0x000000,0x000000,0x000000,0x000000,0x000000,0x000000,0x000000,0x000000,0x000000,0x000000,
0x000000,0x000000,0x000000,0x000000,0x000000,0x000000,0x000000,0x000000,0x000000,0x000000,0x000000,0x000000,
0x000000,0x000000,0x000000,0x000000,0x000000,0x000000,0x000000,0x000000,0x000000,0x000000,0x000000,0x000000,
0x000000,0x000000,0x000000,0x000000,0x000000,0x000000,0x000000,0x000000,0x000000,0x000000,0x000000,0x000000,
0x000000,0x000000,0x000000,0x000000,0x010000,0x000000,0x000000,0x000000,0x000000,0x000000,0x000000,0x000000,
0x000000,0x000000,0x000000,0x000000,0x000000,0x000000,0x000000,0x000000,0x000000,0x000000,0x000000,0x000000,
0x000000,0x000000,0x000000,0x000000,0x000000,0x000000,0x000000,0x000000,0x000000,0x000000,0x000000,0x000000,
0x000000,0x000000,0x000000,0x000000,0x000000,0x000000,0x000000,0x000000,0x000000,0x010000,0x000000,0x000000,
0x000000,0x000000,0x000000,0x000000,0x000000,0x000000,0x000000,0x000000,0x000000,0x000000,0x000000,0x000000,
0x000000,0x000000,0x000000,0x000000,0x000000,0x202020,0x696969,0xBBBABA,0xF1F1F1,0xFFFFFF,0xFFFFFF,0xFFFFFF,
0xFEFEFE,0xFEFEFE,0xFEFDFE,0xFEFDFE,0xFDFDFD,0xFEFEFE,0xFEFEFE,0xFEFEFE,0xFEFEFE,0xFEFEFE,0xFEFFFE,0xFEFEFE,
0xFEFEFE,0xFEFEFE,0xFEFEFE,0xFEFEFE,0xFEFEFE,0xFEFEFE,0xFEFDFE,0xFEFEFE,0xFFFEFF,0xFEFDFE,0xFEFDFE,0xFEFDFE,
0xFEFDFE,0xFFFEFF,0xFEFFFE,0xFFFEFF,0xFEFDFE,0xFEFDFE,0xFEFEFE,0xFEFDFE,0xFFFEFF,0xFFFFFF,0xFEFEFE,0xFDFCFE,
0xFDFCFD,0xFEFEFE,0xFEFEFF,0xFFFFFF,0xFFFEFE,0xFEFEFE,0xFEFEFE,0xFEFDFE,0xFFFEFF,0xFFFFFF,0xFFFFFF,0xFEFFFE,
0xFEFDFE,0xFFFEFF,0xFEFEFE,0xFEFDFE,0xFDFDFD,0xFEFEFE,0xFFFFFF,0xFEFEFE,0xFEFEFE,0xFEFEFE,0xFFFEFF,0xFFFEFF,
0xFEFEFE,0xFFFFFF,0xFFFFFF,0xFFFFFF,0xFFFFFF,0xF9F9F9,0xCACACA,0x7B7C7C,0x2D2D2D,0x010101,0x000000,0x000000,
0x000000,0x000000,0x000000,0x000000,0x000000,0x000000,0x000000,0x000000,0x000000,0x000000,0x000000,0x000000,
0x000000,0x000000,0x000000,0x000000,0x000000,0x000000,0x000000,0x000000,0x000000,0x000000,0x000000,0x000000,
0x000000,0x000000,0x000000,0x000000,0x000000,0x000000,0x000000,0x000000,0x000000,0x000000,0x000000,0x000000,
0x000000,0x000000,0x000000,0x000000,0x000000,0x000000,0x000000,0x000000,0x000000,0x000000,0x000000,0x000000,
0x000000,0x000000,0x000000,0x000000,0x000000,0x000000,0x000000,0x010100,0x000000,0x000000,0x000000,0x000000,
0x000000,0x000000,0x000000,0x000000,0x000000,0x000000,0x000000,0x000000,0x000000,0x000000,0x000000,0x000000,
0x000000,0x000000,0x000000,0x000000,0x000000,0x000000,0x000000,0x000000,0x000000,0x000000,0x000000,0x000000,
0x000000,0x000000,0x000000,0x000000,0x000000,0x000000,0x000000,0x000000,0x000000,0x000000,0x000000,0x000000,
0x000000,0x000000,0x000000,0x000000,0x000000,0x000000,0x000000,0x000000,0x000000,0x000000,0x000000,0x000000,
0x000000,0x000000,0x000000,0x000000,0x000000,0x000000,0x000000,0x000000,0x010000,0x000000,0x000000,0x000000,
0x000000,0x000000,0x000000,0x000000,0x000000,0x000000,0x000000,0x000000,0x000000,0x000000,0x000000,0x000000,
0x000000,0x000000,0x000000,0x000000,0x000000,0x000000,0x000000,0x000000,0x010000,0x000000,0x000000,0x000000,
0x000000,0x000000,0x000000,0x000000,0x000000,0x000000,0x000000,0x000000,0x000000,0x000000,0x000000,0x000000,
0x000000,0x000000,0x000000,0x000000,0x000000,0x000000,0x000000,0x000000,0x000000,0x000000,0x000000,0x000000,
0x000000,0x000000,0x000000,0x000000,0x000000,0x000000,0x000000,0x000000,0x000000,0x000000,0x000000,0x030303,
0x2C2D2C,0x717272,0xBCBCBC,0xEDEDED,0xFFFFFF,0xFFFFFF,0xFFFFFF,0xFFFFFF,0xFFFFFF,0xFFFFFF,0xFFFEFF,0xFEFEFE,
0xFEFEFE,0xFEFEFE,0xFEFEFE,0xFEFEFE,0xFEFEFE,0xFEFEFE,0xFFFEFF,0xFEFEFE,0xFEFEFE,0xFEFEFE,0xFFFEFF,0xFEFEFE,
0xFEFEFE,0xFEFDFE,0xFEFEFE,0xFEFDFE,0xFEFEFE,0xFFFFFF,0xFFFFFF,0xFEFEFE,0xFFFFFF,0xFFFFFF,0xFFFFFF,0xFFFFFF,
0xFFFFFF,0xFFFFFF,0xFDFDFD,0xFDFDFE,0xFEFEFE,0xFFFEFF,0xFFFFFF,0xFFFFFF,0xFFFEFE,0xFEFEFE,0xFEFEFE,0xFEFEFE,
0xFEFEFE,0xFFFFFF,0xFFFFFF,0xFEFEFE,0xFEFEFE,0xFEFEFE,0xFEFEFE,0xFFFEFF,0xFEFEFE,0xFFFEFF,0xFFFFFF,0xFEFEFF,
0xFEFEFE,0xFFFFFF,0xFFFFFF,0xFFFFFF,0xFFFFFF,0xFFFFFF,0xF5F5F5,0xC8C8C8,0x818282,0x3B3B3B,0x0A0A0A,0x000000,
0x000000,0x000000,0x000000,0x000000,0x010000,0x000000,0x000000,0x000000,0x000000,0x000000,0x000000,0x000000,
0x000000,0x000000,0x000000,0x000000,0x000000,0x000000,0x000000,0x000000,0x000000,0x000000,0x000000,0x000000,
0x000000,0x000000,0x000000,0x000000,0x000000,0x000000,0x000000,0x000000,0x000000,0x000000,0x000000,0x000000,
0x000000,0x000000,0x000000,0x000000,0x000000,0x000000,0x000000,0x000000,0x000000,0x000000,0x000000,0x000000,
0x000000,0x000000,0x000000,0x000000,0x000000,0x000000,0x000000,0x000000,0x000000,0x000000,0x000000,0x000000,
0x000000,0x000000,0x000000,0x000000,0x010000,0x010000,0x000000,0x000000,0x000000,0x000000,0x000000,0x000000,
0x000000,0x000000,0x000000,0x000000,0x000000,0x000000,0x000000,0x000000,0x000000,0x000000,0x000000,0x000000,
0x000000,0x000000,0x000000,0x000000,0x000000,0x000000,0x000000,0x000000,0x000000,0x000000,0x000000,0x000000,
0x000000,0x000000,0x000000,0x000000,0x000000,0x000000,0x000000,0x000000,0x000000,0x000000,0x000000,0x000000,
0x000000,0x000000,0x000000,0x000100,0x000000,0x000000,0x000000,0x000000,0x000000,0x000000,0x000000,0x000000,
0x000000,0x000000,0x000000,0x000000,0x000000,0x000000,0x000000,0x000000,0x000000,0x000000,0x000000,0x000000,
0x000000,0x000000,0x000000,0x000000,0x000000,0x010101,0x000000,0x000000,0x000000,0x000000,0x000000,0x000000,
0x000000,0x000000,0x010100,0x000000,0x000000,0x000000,0x000000,0x000000,0x000000,0x000000,0x000000,0x000000,
0x000000,0x000000,0x000000,0x000000,0x000000,0x000000,0x000000,0x000000,0x000000,0x000000,0x000000,0x000000,
0x000000,0x000000,0x000000,0x000000,0x010000,0x000000,0x000000,0x000000,0x000000,0x000000,0x000000,0x000000,
0x000000,0x000000,0x000000,0x000000,0x000000,0x000000,0x040303,0x262626,0x656565,0xAAAAA9,0xDFDFDF,0xFBFBFC,
0xFFFFFF,0xFFFFFF,0xFFFFFF,0xFFFFFF,0xFFFFFF,0xFFFFFF,0xFFFFFF,0xFFFFFF,0xFFFFFF,0xFFFFFF,0xFFFFFF,0xFFFFFF,
0xFFFFFF,0xFFFFFF,0xFFFFFF,0xFFFFFF,0xFFFFFF,0xFFFFFF,0xFFFFFF,0xFFFFFF,0xFFFFFF,0xFFFFFF,0xFFFFFF,0xFFFFFF,
0xF4F4F4,0xD8D8D8,0xC7C7C7,0xC7C7C8,0xD5D5D5,0xEEEEEE,0xFFFFFF,0xFFFFFF,0xFFFFFF,0xFFFFFF,0xFFFFFF,0xFFFFFF,
0xFFFFFF,0xFFFFFF,0xFFFFFF,0xFFFFFF,0xFFFFFF,0xFFFFFF,0xFFFFFF,0xFFFFFF,0xFFFFFF,0xFFFFFF,0xFFFFFF,0xFFFFFF,
0xFFFFFF,0xFFFFFF,0xFFFFFF,0xFFFFFF,0xFFFFFF,0xFFFFFF,0xFFFFFF,0xE7E7E8,0xBABABA,0x787878,0x343434,0x090808,
0x000000,0x000000,0x000000,0x000000,0x000000,0x000000,0x000000,0x000000,0x010000,0x000000,0x000000,0x000000,
0x000000,0x000000,0x000000,0x000000,0x000000,0x000000,0x000000,0x000000,0x000000,0x000000,0x000000,0x000000,
0x000000,0x000000,0x000000,0x000000,0x000000,0x000000,0x010000,0x000000,0x000000,0x000000,0x000000,0x010101,
0x000000,0x000000,0x000000,0x010100,0x000000,0x010000,0x010100,0x000000,0x000000,0x000000,0x000000,0x000000,
0x000000,0x000000,0x000000,0x000000,0x000000,0x000000,0x000000,0x000000,0x000000,0x000000,0x000000,0x000000,
0x000000,0x000000,0x000000,0x000000,0x000000,0x000000,0x000000,0x000000,0x000000,0x000000,0x000000,0x000000,
0x000000,0x000000,0x000000,0x000000,0x000000,0x000000,0x000000,0x000000,0x000000,0x000000,0x000000,0x000000,
0x000000,0x000000,0x000000,0x000000,0x000000,0x000000,0x000000,0x000000,0x000000,0x000000,0x000000,0x000000,
0x000000,0x000000,0x000000,0x000000,0x000000,0x000000,0x000000,0x000000,0x000000,0x000000,0x000000,0x000000,
0x000000,0x000000,0x000000,0x000000,0x000000,0x000000,0x000000,0x000000,0x000000,0x000000,0x000000,0x000000,
0x000000,0x000000,0x000000,0x000000,0x000000,0x000000,0x000000,0x000000,0x000000,0x000000,0x000000,0x000000,
0x000000,0x000000,0x000000,0x000000,0x000000,0x000000,0x000000,0x000000,0x000000,0x000000,0x000000,0x000000,
0x000000,0x000000,0x000000,0x000000,0x000000,0x000000,0x000000,0x000000,0x000000,0x000000,0x000000,0x000000,
0x000000,0x000000,0x000000,0x000000,0x000000,0x000000,0x000000,0x000000,0x000000,0x000000,0x000000,0x000000,
0x000000,0x000000,0x000000,0x000000,0x000000,0x000000,0x000000,0x000000,0x000000,0x000000,0x000000,0x000000,
0x000000,0x000000,0x000000,0x000000,0x000000,0x000000,0x000000,0x000000,0x000000,0x000000,0x000000,0x000000,
0x000000,0x000000,0x151515,0x3B3B3B,0x505050,0x515151,0x515151,0x515151,0x525252,0x535253,0x525252,0x525252,
0x525252,0x525252,0x525252,0x525252,0x525252,0x525252,0x525252,0x525252,0x525252,0x535253,0x525252,0x535253,
0x535352,0x525252,0x525252,0x4D4D4D,0x2E2E2E,0x0F0F0F,0x030304,0x040404,0x0D0D0C,0x262626,0x4A4A4A,0x525252,
0x525252,0x535253,0x525253,0x525252,0x525252,0x525252,0x535253,0x535353,0x525252,0x525252,0x525252,0x525252,
0x535252,0x535253,0x525252,0x525252,0x525253,0x535353,0x525252,0x515151,0x515151,0x515151,0x434343,0x1D1E1D,
0x000100,0x000000,0x000000,0x000000,0x000000,0x000000,0x000000,0x000000,0x000000,0x000000,0x000000,0x000000,
0x000000,0x000000,0x000000,0x000000,0x000000,0x000000,0x000000,0x000000,0x000000,0x000000,0x000000,0x000000,
0x000000,0x000000,0x000000,0x000000,0x000000,0x000000,0x000000,0x000000,0x000000,0x000000,0x000000,0x000000,
0x000000,0x000000,0x000000,0x000000,0x000000,0x000000,0x000000,0x000000,0x000000,0x000000,0x000000,0x000000,
0x000000,0x000000,0x000000,0x000000,0x000000,0x000000,0x000000,0x000000,0x000000,0x000000,0x000000,0x000000,
0x000000,0x000000,0x000000,0x000000,0x000000,0x000000,0x000000,0x000000,0x000000,0x000000,0x000000,0x000000,
0x000000,0x000000,0x000000,0x000000,0x000000,0x000000,0x000000,0x000000,0x000000,0x000000,0x000000,0x000000,
0x000000,0x000000,0x000000,0x000000,0x000000,0x000000,0x000000,0x000000,0x000000,0x000000,0x000000,0x000000,
0x000000,0x000000,0x000000,0x000000,0x000000,0x000000,0x000000,0x000000,0x000000,0x000000,0x000000,0x000000,
0x000000,0x000000,0x000000,0x000000,0x000000,0x000000,0x000000,0x000000,0x000000,0x000000,0x000000,0x000000,
0x000000,0x000000,0x000000,0x000000,0x000000,0x000000,0x000000,0x000000,0x000000,0x000000,0x000000,0x000000,
0x000000,0x000000,0x000000,0x000000,0x000000,0x000000,0x000000,0x000000,0x000000,0x000000,0x000000,0x000000,
0x000000,0x000000,0x000000,0x000000,0x000000,0x000000,0x000000,0x000000,0x000000,0x000000,0x000000,0x000000,
0x000000,0x000000,0x000000,0x000000,0x000000,0x000000,0x000000,0x000000,0x000000,0x000000,0x000000,0x000000,
0x000000,0x000000,0x000000,0x000000,0x000000,0x000000,0x000000,0x000000,0x000000,0x000000,0x000000,0x000000,
0x000000,0x000000,0x000000,0x000000,0x000000,0x000000,0x000000,0x000000,0x000000,0x000000,0x000000,0x000000,
0x000000,0x000000,0x000000,0x000000,0x000000,0x000000,0x000000,0x000000,0x000000,0x000000,0x000000,0x000000,
0x000000,0x000000,0x000000,0x000000,0x000000,0x000000,0x000000,0x000000,0x000000,0x000000,0x000000,0x000000,
0x000000,0x000000,0x000000,0x000000,0x000000,0x000000,0x000000,0x000000,0x000000,0x000000,0x000000,0x000000,
0x000000,0x000000,0x000000,0x000000,0x000000,0x000000,0x000000,0x000000,0x000000,0x000000,0x000000,0x000000,
0x000000,0x000000,0x000000,0x000000,0x000000,0x000000,0x000000,0x000000,0x000000,0x000000,0x000000,0x000000,
0x000000,0x000000,0x000000,0x000000,0x000000,0x000000,0x000000,0x000000,0x000000,0x000000,0x000000,0x000000,
0x000000,0x000000,0x000000,0x000000,0x000000,0x000000,0x000000,0x000000,0x000000,0x000000,0x000000,0x000000,
0x000000,0x000000,0x000000,0x000000,0x000000,0x000000,0x000000,0x000000,0x000000,0x000000,0x000000,0x000000,
0x000000,0x000000,0x000000,0x000000,0x000000,0x000000,0x000000,0x000000,0x000000,0x000000,0x000000,0x000000,
0x000000,0x000000,0x000000,0x000000,0x000000,0x000000,0x000000,0x000000,0x000000,0x000000,0x000000,0x000000,
0x000000,0x000000,0x000000,0x000000,0x000000,0x000000,0x000000,0x000000,0x000000,0x000000,0x000000,0x000000,
0x000000,0x000000,0x000000,0x000000,0x000000,0x000000,0x000000,0x000000,0x000000,0x000000,0x000000,0x000000,
0x000000,0x000000,0x000000,0x000000,0x000000,0x000000,0x000000,0x000000,0x000000,0x000000,0x000000,0x000000,
0x000000,0x000000,0x000000,0x000000,0x000000,0x000000,0x000000,0x000000,0x000000,0x000000,0x000000,0x000000,
0x000000,0x000000,0x000000,0x000000,0x000000,0x000000,0x000000,0x000000,0x000000,0x000000,0x000000,0x000000,
0x000000,0x000000,0x000000,0x000000,0x000000,0x000000,0x000000,0x000000,0x000000,0x000000,0x000000,0x000000,
0x000000,0x000000,0x000000,0x000000,0x000000,0x000000,0x000000,0x000000,0x000000,0x000000,0x000000,0x000000,
0x000000,0x000000,0x000000,0x000000,0x000000,0x000000,0x000000,0x000000,0x000000,0x000000,0x000000,0x000000,
0x000000,0x000000,0x000000,0x000000,0x000000,0x000000,0x000000,0x000000,0x000000,0x000000,0x000000,0x000000,
0x000000,0x000000,0x000000,0x000000,0x000000,0x000000,0x000000,0x000000,0x000000,0x000000,0x000000,0x000000,
0x000000,0x000000,0x000000,0x000000,0x000000,0x000000,0x000000,0x000000,0x000000,0x000000,0x000000,0x000000,
0x000000,0x000000,0x000000,0x000000,0x000000,0x000000,0x000000,0x000000,0x000000,0x000000,0x000000,0x000000,
0x000000,0x000000,0x000000,0x000000,0x000000,0x000000,0x000000,0x000000,0x000000,0x000000,0x000000,0x000000,
0x000000,0x000000,0x000000,0x000000,0x000000,0x000000,0x000000,0x000000,0x000000,0x000000,0x000000,0x000000,
0x000000,0x000000,0x000000,0x000000,0x000000,0x000000,0x000000,0x000000,0x000000,0x000000,0x000000,0x000000,
0x000000,0x000000,0x000000,0x000000,0x000000,0x000000,0x000000,0x000000,0x000000,0x000000,0x000000,0x000000,
0x000000,0x000000,0x000000,0x000000,0x000000,0x000000,0x000000,0x000000,0x000000,0x000000,0x000000,0x000000,
0x000000,0x000000,0x000000,0x000000,0x000000,0x000000,0x000000,0x000000,0x000000,0x000000,0x000000,0x000000,
0x000000,0x000000,0x000000,0x000000,0x000000,0x000000,0x000000,0x000000,0x000000,0x000000,0x000000,0x000000,
0x000000,0x000000,0x000000,0x000000,0x000000,0x000000,0x000000,0x000000,0x000000,0x000000,0x000000,0x000000,
0x000000,0x000000,0x000000,0x000000,0x000000,0x000000,0x000000,0x000000,0x000000,0x000000,0x000000,0x000000,
0x000000,0x000000,0x000000,0x000000,0x000000,0x000000,0x000000,0x000000,0x000000,0x000000,0x000000,0x000000,
0x000000,0x000000,0x000000,0x000000,0x000000,0x000000,0x000000,0x000000,0x000000,0x000000,0x000000,0x000000,
0x000000,0x000000,0x000000,0x000000,0x000000,0x000000,0x000000,0x000000,0x000000,0x000000,0x000000,0x000000,
0x000000,0x000000,0x000000,0x000000,0x000000,0x000000,0x000000,0x000000,0x000000,0x000000,0x000000,0x000000,
0x000000,0x000000,0x000000,0x000000,0x000000,0x000000,0x000000,0x000000,0x000000,0x000000,0x000000,0x000000,
0x000000,0x000000,0x000000,0x000000,0x000000,0x000000,0x000000,0x000000,0x000000,0x000000,0x000000,0x000000,
0x000000,0x000000,0x000000,0x000000,0x000000,0x000000,0x000000,0x000000,0x000000,0x000000,0x000000,0x000000,
0x000000,0x000000,0x000000,0x000000,0x000000,0x000000,0x000000,0x000000,0x000000,0x000000,0x000000,0x000000,
0x000000,0x000000,0x000000,0x000000,0x000000,0x000000,0x000000,0x000000,0x000000,0x000000,0x000000,0x000000,
0x000000,0x000000,0x000000,0x000000,0x000000,0x000000,0x000000,0x000000,0x000000,0x000000,0x000000,0x000000,
0x000000,0x000000,0x000000,0x000000,0x000000,0x000000,0x000000,0x000000,0x000000,0x000000,0x000000,0x000000,
0x000000,0x000000,0x000000,0x000000,0x000000,0x000000,0x000000,0x000000,0x000000,0x000000,0x000000,0x000000,
0x000000,0x000000,0x000000,0x000000,0x000000,0x000000,0x000000,0x000000,0x000000,0x000000,0x000000,0x000000,
0x000000,0x000000,0x000000,0x000000,0x000000,0x000000,0x000000,0x000000,0x000000,0x000000,0x000000,0x000000,
0x000000,0x000000,0x000000,0x000000,0x000000,0x000000,0x000000,0x000000,0x000000,0x000000,0x000000,0x000000,
0x000000,0x000000,0x000000,0x000000,0x000000,0x000000,0x000000,0x000000,0x000000,0x000000,0x000000,0x000000,
0x000000,0x000000,0x000000,0x000000,0x000000,0x000000,0x000000,0x000000,0x000000,0x000000,0x000000,0x000000,
0x000000,0x000000,0x000000,0x000000,0x000000,0x000000,0x000000,0x000000,0x000000,0x000000,0x000000,0x000000,
0x000000,0x000000,0x000000,0x000000,0x000000,0x000000,0x000000,0x000000,0x000000,0x000000,0x000000,0x000000,
0x000000,0x000000,0x000000,0x000000,0x000000,0x000000,0x000000,0x000000,0x000000,0x000000,0x000000,0x000000,
0x000000,0x000000,0x000000,0x000000,0x000000,0x000000,0x000000,0x000000,0x000000,0x000000,0x000000,0x000000,
0x000000,0x000000,0x000000,0x000000,0x000000,0x000000,0x000000,0x000000,0x000000,0x000000,0x000000,0x000000,
0x000000,0x000000,0x000000,0x000000,0x000000,0x000000,0x000000,0x000000,0x000000,0x000000,0x000000,0x000000,
0x000000,0x000000,0x000000,0x000000,0x000000,0x000000,0x000000,0x000000,0x000000,0x000000,0x000000,0x000000,
0x000000,0x000000,0x000000,0x000000,0x000000,0x000000,0x000000,0x000000,0x000000,0x000000,0x000000,0x000000,
0x000000,0x000000,0x000000,0x000000,0x000000,0x000000,0x000000,0x000000,0x000000,0x000000,0x000000,0x000000,
0x000000,0x000000,0x000000,0x000000,0x000000,0x000000,0x000000,0x000000,0x000000,0x000000,0x000000,0x000000,
0x000000,0x000000,0x000000,0x000000,0x000000,0x000000,0x000000,0x000000,0x000000,0x000000,0x000000,0x000000,
0x000000,0x000000,0x000000,0x000000,0x000000,0x000000,0x000000,0x000000,0x000000,0x000000,0x000000,0x000000,
0x000000,0x000000,0x000000,0x000000,0x000000,0x000000,0x000000,0x000000,0x000000,0x000000,0x000000,0x000000,
0x000000,0x000000,0x000000,0x000000,0x000000,0x000000,0x000000,0x000000,0x000000,0x000000,0x000000,0x000000,
0x000000,0x000000,0x000000,0x000000,0x000000,0x000000,0x000000,0x000000,0x000000,0x000000,0x000000,0x000000,
0x000000,0x000000,0x000000,0x000000,0x000000,0x000000,0x000000,0x000000,0x000000,0x000000,0x000000,0x000000,
0x000000,0x000000,0x000000,0x000000,0x000000,0x000000,0x000000,0x000000,0x000000,0x000000,0x000000,0x000000,
0x000000,0x000000,0x000000,0x000000,0x000000,0x000000,0x000000,0x000000,0x000000,0x000000,0x000000,0x000000,
0x000000,0x000000,0x000000,0x000000,0x000000,0x000000,0x000000,0x000000,0x000000,0x000000,0x000000,0x000000,
0x000000,0x000000,0x000000,0x000000,0x000000,0x000000,0x000000,0x000000,0x000000,0x000000,0x000000,0x000000,
0x000000,0x000000,0x000000,0x000000,0x000000,0x000000,0x000000,0x000000,0x000000,0x000000,0x000000,0x000000,
0x000000,0x000000,0x000000,0x000000,0x000000,0x000000,0x000000,0x000000,0x000000,0x000000,0x000000,0x000000,
0x000000,0x000000,0x000000,0x000000,0x000000,0x000000,0x000000,0x000000,0x000000,0x000000,0x000000,0x000000,
0x000000,0x000000,0x000000,0x000000,0x000000,0x000000,0x000000,0x000000,0x000000,0x000000,0x000000,0x000000,
0x000000,0x000000,0x000000,0x000000,0x000000,0x000000,0x000000,0x000000,0x000000,0x000000,0x000000,0x000000,
0x000000,0x000000,0x000000,0x000000,0x000000,0x000000,0x000000,0x000000,0x000000,0x000000,0x000000,0x000000,
0x000000,0x000000,0x000000,0x000000,0x000000,0x000000,0x000000,0x000000,0x000000,0x000000,0x000000,0x000000,
0x000000,0x000000,0x000000,0x000000,0x000000,0x000000,0x000000,0x000000,0x000000,0x000000,0x000000,0x000000,
0x000000,0x000000,0x000000,0x000000,0x000000,0x000000,0x000000,0x000000,0x000000,0x000000,0x000000,0x000000,
0x000000,0x000000,0x000000,0x000000,0x000000,0x000000,0x000000,0x000000,0x000000,0x000000,0x000000,0x000000,
0x000000,0x000000,0x000000,0x000000,0x000000,0x000000,0x000000,0x000000,0x000000,0x000000,0x000000,0x000000,
0x000000,0x000000,0x000000,0x000000,0x000000,0x000000,0x000000,0x000000,0x000000,0x000000,0x000000,0x000000,
0x000000,0x000000,0x000000,0x000000,0x000000,0x000000,0x000000,0x000000,0x000000,0x000000,0x000000,0x000000,
0x000000,0x000000,0x000000,0x000000,0x000000,0x000000,0x000000,0x000000,0x000000,0x000000,0x000000,0x000000,
0x000000,0x000000,0x000000,0x000000,0x000000,0x000000,0x000000,0x000000,0x000000,0x000000,0x000000,0x000000,
0x000000,0x000000,0x000000,0x000000,0x000000,0x000000,0x000000,0x000000,0x000000,0x000000,0x000000,0x000000,
0x000000,0x000000,0x000000,0x000000,0x000000,0x000000,0x000000,0x000000,0x000000,0x000000,0x000000,0x000000,
0x000000,0x000000,0x000000,0x000000,0x000000,0x000000,0x000000,0x000000,0x000000,0x000000,0x000000,0x000000,
0x000000,0x000000,0x000000,0x000000,0x000000,0x000000,0x000000,0x000000,0x000000,0x000000,0x000000,0x000000,
0x000000,0x000000,0x000000,0x000000,0x000000,0x000000,0x000000,0x000000,0x000000,0x000000,0x000000,0x000000,
0x000000,0x000000,0x000000,0x000000,0x000000,0x000000,0x000000,0x000000,0x000000,0x000000,0x000000,0x000000,
0x000000,0x000000,0x000000,0x000000,0x000000,0x000000,0x000000,0x000000,0x000000,0x000000,0x000000,0x000000,
0x000000,0x000000,0x000000,0x000000,0x000000,0x000000,0x000000,0x000000,0x000000,0x000000,0x000000,0x000000,
0x000000,0x000000,0x000000,0x000000,0x000000,0x000000,0x000000,0x000000,0x000000,0x000000,0x000000,0x000000,
0x000000,0x000000,0x000000,0x000000,0x000000,0x000000,0x000000,0x000000,0x000000,0x000000,0x000000,0x000000,
0x000000,0x000000,0x000000,0x000000,0x000000,0x000000,0x000000,0x000000,0x000000,0x000000,0x000000,0x000000,
0x000000,0x000000,0x000000,0x000000,0x000000,0x000000,0x000000,0x000000,0x000000,0x000000,0x000000,0x000000,
0x000000,0x000000,0x000000,0x000000,0x000000,0x000000,0x000000,0x000000,0x000000,0x000000,0x000000,0x000000,
0x000000,0x000000,0x000000,0x000000,0x000000,0x000000,0x000000,0x000000,0x000000,0x000000,0x000000,0x000000,
0x000000,0x000000,0x000000,0x000000,0x000000,0x000000,0x000000,0x000000,0x000000,0x000000,0x000000,0x000000,
0x000000,0x000000,0x000000,0x000000,0x000000,0x000000,0x000000,0x000000,0x000000,0x000000,0x000000,0x000000,
0x000000,0x000000,0x000000,0x000000,0x000000,0x000000,0x000000,0x000000,0x000000,0x000000,0x000000,0x000000,
0x000000,0x000000,0x000000,0x000000,0x000000,0x000000,0x000000,0x000000,0x000000,0x000000,0x000000,0x000000,
0x000000,0x000000,0x000000,0x000000,0x000000,0x000000,0x000000,0x000000,0x000000,0x000000,0x000000,0x000000,
0x000000,0x000000,0x000000,0x000000,0x000000,0x000000,0x000000,0x000000,0x000000,0x000000,0x000000,0x000000,
0x000000,0x000000,0x000000,0x000000,0x000000,0x000000,0x000000,0x000000,0x000000,0x000000,0x000000,0x000000,
0x000000,0x000000,0x000000,0x000000,0x000000,0x000000,0x000000,0x000000,0x000000,0x000000,0x000000,0x000000,
0x000000,0x000000,0x000000,0x000000,0x000000,0x000000,0x000000,0x000000,0x000000,0x000000,0x000000,0x000000,
0x000000,0x000000,0x000000,0x000000,0x000000,0x000000,0x000000,0x000000,0x000000,0x000000,0x000000,0x000000,
0x000000,0x000000,0x000000,0x000000,0x000000,0x000000,0x000000,0x000000,0x000000,0x000000,0x000000,0x000000,
0x000000,0x000000,0x000000,0x000000,0x000000,0x000000,0x000000,0x000000,0x000000,0x000000,0x000000,0x000000,
0x000000,0x000000,0x000000,0x000000,0x000000,0x000000,0x000000,0x000000,0x000000,0x000000,0x000000,0x000000,
0x000000,0x000000,0x000000,0x000000,0x000000,0x000000,0x000000,0x000000,0x000000,0x000000,0x000000,0x000000,
0x000000,0x000000,0x000000,0x000000,0x000000,0x000000,0x000000,0x000000,0x000000,0x000000,0x000000,0x000000,
0x000000,0x000000,0x000000,0x000000,0x000000,0x000000,0x000000,0x000000,0x000000,0x000000,0x000000,0x000000,
0x000000,0x000000,0x000000,0x000000,0x000000,0x000000,0x000000,0x000000,0x000000,0x000000,0x000000,0x000000,
0x000000,0x000000,0x000000,0x000000,0x000000,0x000000,0x000000,0x000000,0x000000,0x000000,0x000000,0x000000,
0x000000,0x000000,0x000000,0x000000,0x000000,0x000000,0x000000,0x000000,0x000000,0x000000,0x000000,0x000000,
0x000000,0x000000,0x000000,0x000000,0x000000,0x000000,0x000000,0x000000,0x000000,0x000000,0x000000,0x000000,
0x000000,0x000000,0x000000,0x000000,0x000000,0x000000,0x000000,0x000000,0x000000,0x000000,0x000000,0x000000,
0x000000,0x000000,0x000000,0x000000,0x000000,0x000000,0x000000,0x000000,0x000000,0x000000,0x000000,0x000000,
0x000000,0x000000,0x000000,0x000000,0x000000,0x000000,0x000000,0x000000,0x000000,0x000000,0x000000,0x000000,
0x000000,0x000000,0x000000,0x000000,0x000000,0x000000,0x000000,0x000000,0x000000,0x000000,0x000000,0x000000,
0x000000,0x000000,0x000000,0x000000,0x000000,0x000000,0x000000,0x000000,0x000000,0x000000,0x000000,0x000000,
0x000000,0x000000,0x000000,0x000000,0x000000,0x000000,0x000000,0x000000,0x000000,0x000000,0x000000,0x000000,
0x000000,0x000000,0x000000,0x000000,0x000000,0x000000,0x000000,0x000000,0x000000,0x000000,0x000000,0x000000,
0x000000,0x000000,0x000000,0x000000,0x000000,0x000000,0x000000,0x000000,0x000000,0x000000,0x000000,0x000000,
0x000000,0x000000,0x000000,0x000000,0x000000,0x000000,0x000000,0x000000,0x000000,0x000000,0x000000,0x000000,
0x000000,0x000000,0x000000,0x000000,0x000000,0x000000,0x000000,0x000000,0x000000,0x000000,0x000000,0x000000,
0x000000,0x000000,0x000000,0x000000,0x000000,0x000000,0x000000,0x000000,0x000000,0x000000,0x000000,0x000000,
0x000000,0x000000,0x000000,0x000000,0x000000,0x000000,0x000000,0x000000,0x000000,0x000000,0x000000,0x000000,
0x000000,0x000000,0x000000,0x000000,0x000000,0x000000,0x000000,0x000000,0x000000,0x000000,0x000000,0x000000,
0x000000,0x000000,0x000000,0x000000,0x000000,0x000000,0x000000,0x000000,0x000000,0x000000,0x000000,0x000000,
0x000000,0x000000,0x000000,0x000000,0x000000,0x000000,0x000000,0x000000,0x000000,0x000000,0x000000,0x000000,
0x000000,0x000000,0x000000,0x000000,0x000000,0x000000,0x000000,0x000000,0x000000,0x000000,0x000000,0x000000,
0x000000,0x000000,0x000000,0x000000,0x000000,0x000000,0x000000,0x000000,0x000000,0x000000,0x000000,0x000000,
0x000000,0x000000,0x000000,0x000000,0x000000,0x000000,0x000000,0x000000,0x000000,0x000000,0x000000,0x000000,
0x000000,0x000000,0x000000,0x000000,0x000000,0x000000,0x000000,0x000000,0x000000,0x000000,0x000000,0x000000,
0x000000,0x000000,0x000000,0x000000,0x000000,0x000000,0x000000,0x000000,0x000000,0x000000,0x000000,0x000000,
0x000000,0x000000,0x000000,0x000000,0x000000,0x000000,0x000000,0x000000,0x000000,0x000000,0x000000,0x000000,
0x000000,0x000000,0x000000,0x000000,0x000000,0x000000,0x000000,0x000000,0x000000,0x000000,0x000000,0x000000,
0x000000,0x000000,0x000000,0x000000,0x000000,0x000000,0x000000,0x000000,0x000000,0x000000,0x000000,0x000000,
0x000000,0x000000,0x000000,0x000000,0x000000,0x000000,0x000000,0x000000,0x000000,0x000000,0x000000,0x000000,
0x000000,0x000000,0x000000,0x000000,0x000000,0x000000,0x000000,0x000000,0x000000,0x000000,0x000000,0x000000,
0x000000,0x000000,0x000000,0x000000,0x000000,0x000000,0x000000,0x000000,0x000000,0x000000,0x000000,0x000000,
0x000000,0x000000,0x000000,0x000000,0x000000,0x000000,0x000000,0x000000,0x000000,0x000000,0x000000,0x000000,
0x000000,0x000000,0x000000,0x000000,0x000000,0x000000,0x000000,0x000000,0x000000,0x000000,0x000000,0x000000,
0x000000,0x000000,0x000000,0x000000,0x000000,0x000000,0x000000,0x000000,0x000000,0x000000,0x000000,0x000000,
0x000000,0x000000,0x000000,0x000000,0x000000,0x000000,0x000000,0x000000,0x000000,0x000000,0x000000,0x000000,
0x000000,0x000000,0x000000,0x000000,0x000000,0x000000,0x000000,0x000000,0x000000,0x000000,0x000000,0x000000,
0x000000,0x000000,0x000000,0x000000,0x000000,0x000000,0x000000,0x000000,0x000000,0x000000,0x000000,0x000000,
0x000000,0x000000,0x000000,0x000000,0x000000,0x000000,0x000000,0x000000,0x000000,0x000000,0x000000,0x000000,
0x000000,0x000000,0x000000,0x000000,0x000000,0x000000,0x000000,0x000000,0x000000,0x000000,0x000000,0x000000,
0x000000,0x000000,0x000000,0x000000,0x000000,0x000000,0x000000,0x000000,0x000000,0x000000,0x000000,0x000000,
0x000000,0x000000,0x000000,0x000000,0x000000,0x000000,0x000000,0x000000,0x000000,0x000000,0x000000,0x000000,
0x000000,0x000000,0x000000,0x000000,0x000000,0x000000,0x000000,0x000000,0x000000,0x000000,0x000000,0x000000,
0x000000,0x000000,0x000000,0x000000,0x000000,0x000000,0x000000,0x000000,0x000000,0x000000,0x000000,0x000000,
0x000000,0x000000,0x000000,0x000000,0x000000,0x000000,0x000000,0x000000,0x000000,0x000000,0x000000,0x000000,
0x000000,0x000000,0x000000,0x000000,0x000000,0x000000,0x000000,0x000000,0x000000,0x000000,0x000000,0x000000,
0x000000,0x000000,0x000000,0x000000,0x000000,0x000000,0x000000,0x000000,0x000000,0x000000,0x000000,0x000000,
0x000000,0x000000,0x000000,0x000000,0x000000,0x000000,0x000000,0x000000,0x000000,0x000000,0x000000,0x000000,
0x000000,0x000000,0x000000,0x000000,0x000000,0x000000,0x000000,0x000000,0x000000,0x000000,0x000000,0x000000,
0x000000,0x000000,0x000000,0x000000,0x000000,0x000000,0x000000,0x000000,0x000000,0x000000,0x000000,0x000000,
0x000000,0x000000,0x000000,0x000000,0x000000,0x000000,0x000000,0x000000,0x000000,0x000000,0x000000,0x000000,
0x000000,0x000000,0x000000,0x000000,0x000000,0x000000,0x000000,0x000000,0x000000,0x000000,0x000000,0x000000,
0x000000,0x000000,0x000000,0x000000,0x000000,0x000000,0x000000,0x000000,0x000000,0x000000,0x000000,0x000000,
0x000000,0x000000,0x000000,0x000000,0x000000,0x000000,0x000000,0x000000,0x000000,0x000000,0x000000,0x000000,
0x000000,0x000000,0x000000,0x000000,0x000000,0x000000,0x000000,0x000000,0x000000,0x000000,0x000000,0x000000,
0x000000,0x000000,0x000000,0x000000,0x000000,0x000000,0x000000,0x000000,0x000000,0x000000,0x000000,0x000000,
0x000000,0x000000,0x000000,0x000000,0x000000,0x000000,0x000000,0x000000,0x000000,0x000000,0x000000,0x000000,
0x000000,0x000000,0x000000,0x000000,0x000000,0x000000,0x000000,0x000000,0x000000,0x000000,0x000000,0x000000,
0x000000,0x000000,0x000000,0x000000,0x000000,0x000000,0x000000,0x000000,0x000000,0x000000,0x000000,0x000000,
0x000000,0x000000,0x000000,0x000000,0x000000,0x000000,0x000000,0x000000,0x000000,0x000000,0x000000,0x000000,
0x000000,0x000000,0x000000,0x000000,0x000000,0x000000,0x000000,0x000000,0x000000,0x000000,0x000000,0x000000,
0x000000,0x000000,0x000000,0x000000,0x000000,0x000000,0x000000,0x000000,0x000000,0x000000,0x000000,0x000000,
0x000000,0x000000,0x000000,0x000000,0x000000,0x000000,0x000000,0x000000,0x000000,0x000000,0x000000,0x000000,
0x000000,0x000000,0x000000,0x000000,0x000000,0x000000,0x000000,0x000000,0x000000,0x000000,0x000000,0x000000,
0x000000,0x000000,0x000000,0x000000,0x000000,0x000000,0x000000,0x000000,0x000000,0x000000,0x000000,0x000000,
0x000000,0x000000,0x000000,0x000000,0x000000,0x000000,0x000000,0x000000,0x000000,0x000000,0x000000,0x000000,
0x000000,0x000000,0x000000,0x000000,0x000000,0x000000,0x000000,0x000000,0x000000,0x000000,0x000000,0x000000,
0x000000,0x000000,0x000000,0x000000,0x000000,0x000000,0x000000,0x000000,0x000000,0x000000,0x000000,0x000000,
0x000000,0x000000,0x000000,0x000000,0x000000,0x000000,0x000000,0x000000,0x000000,0x000000,0x000000,0x000000,
0x000000,0x000000,0x000000,0x000000,0x000000,0x000000,0x000000,0x000000,0x000000,0x000000,0x000000,0x000000,
0x000000,0x000000,0x000000,0x000000,0x000000,0x000000,0x000000,0x000000,0x000000,0x000000,0x000000,0x000000,
0x000000,0x000000,0x000000,0x000000,0x000000,0x000000,0x000000,0x000000,0x000000,0x000000,0x000000,0x000000,
0x000000,0x000000,0x000000,0x000000,0x000000,0x000000,0x000000,0x000000,0x000000,0x000000,0x000000,0x000000,
0x000000,0x000000,0x000000,0x000000,0x000000,0x000000,0x000000,0x000000,0x000000,0x000000,0x000000,0x000000,
0x000000,0x000000,0x000000,0x000000,0x000000,0x000000,0x000000,0x000000,0x000000,0x000000,0x000000,0x000000,
0x000000,0x000000,0x000000,0x000000,0x000000,0x000000,0x000000,0x000000,0x000000,0x000000,0x000000,0x000000,
0x000000,0x000000,0x000000,0x000000,0x000000,0x000000,0x000000,0x000000,0x000000,0x000000,0x000000,0x000000,
0x000000,0x000000,0x000000,0x000000,0x000000,0x000000,0x000000,0x000000,0x000000,0x000000,0x000000,0x000000,
0x000000,0x000000,0x000000,0x000000,0x000000,0x000000,0x000000,0x000000,0x000000,0x000000,0x000000,0x000000,
0x000000,0x000000,0x000000,0x000000,0x000000,0x000000,0x000000,0x000000,0x000000,0x000000,0x000000,0x000000,
0x000000,0x000000,0x000000,0x000000,0x000000,0x000000,0x000000,0x000000,0x000000,0x000000,0x000000,0x000000,
0x000000,0x000000,0x000000,0x000000,0x000000,0x000000,0x000000,0x000000,0x000000,0x000000,0x000000,0x000000,
0x000000,0x000000,0x000000,0x000000,0x000000,0x000000,0x000000,0x000000,0x000000,0x000000,0x000000,0x000000,
0x000000,0x000000,0x000000,0x000000,0x000000,0x000000,0x000000,0x000000,0x000000,0x000000,0x000000,0x000000,
0x000000,0x000000,0x000000,0x000000,0x000000,0x000000,0x000000,0x000000,0x000000,0x000000,0x000000,0x000000,
0x000000,0x000000,0x000000,0x000000,0x000000,0x000000,0x000000,0x000000,0x000000,0x000000,0x000000,0x000000,
0x000000,0x000000,0x000000,0x000000,0x000000,0x000000,0x000000,0x000000,0x000000,0x000000,0x000000,0x000000,
0x000000,0x000000,0x000000,0x000000,0x000000,0x000000,0x000000,0x000000,0x000000,0x000000,0x000000,0x000000,
0x000000,0x000000,0x000000,0x000000,0x000000,0x000000,0x000000,0x000000,0x000000,0x000000,0x000000,0x000000,
0x000000,0x000000,0x000000,0x000000,0x000000,0x000000,0x000000,0x000000,0x000000,0x000000,0x000000,0x000000,
0x000000,0x000000,0x000000,0x000000,0x000000,0x000000,0x000000,0x000000,0x000000,0x000000,0x000000,0x000000,
0x000000,0x000000,0x000000,0x000000,0x000000,0x000000,0x000000,0x000000,0x000000,0x000000,0x000000,0x000000,
0x000000,0x000000,0x000000,0x000000,0x000000,0x000000,0x000000,0x000000,0x000000,0x000000,0x000000,0x000000,
0x000000,0x000000,0x000000,0x000000,0x000000,0x000000,0x000000,0x000000,0x000000,0x000000,0x000000,0x000000,
0x000000,0x000000,0x000000,0x000000,0x000000,0x000000,0x000000,0x000000,0x000000,0x000000,0x000000,0x000000,
0x000000,0x000000,0x000000,0x000000,0x000000,0x000000,0x000000,0x000000,0x000000,0x000000,0x000000,0x000000,
0x000000,0x000000,0x000000,0x000000,0x000000,0x000000,0x000000,0x000000,0x000000,0x000000,0x000000,0x000000,
0x000000,0x000000,0x000000,0x000000,0x000000,0x000000,0x000000,0x000000,0x000000,0x000000,0x000000,0x000000,
0x000000,0x000000,0x000000,0x000000,0x000000,0x000000,0x000000,0x000000,0x000000,0x000000,0x000000,0x000000,
0x000000,0x000000,0x000000,0x000000,0x000000,0x000000,0x000000,0x000000,0x000000,0x000000,0x000000,0x000000,
0x000000,0x000000,0x000000,0x000000,0x000000,0x000000,0x000000,0x000000,0x000000,0x000000,0x000000,0x000000,
0x000000,0x000000,0x000000,0x000000,0x000000,0x000000,0x000000,0x000000,0x000000,0x000000,0x000000,0x000000,
0x000000,0x000000,0x000000,0x000000,0x000000,0x000000,0x000000,0x000000,0x000000,0x000000,0x000000,0x000000,
0x000000,0x000000,0x000000,0x000000,0x000000,0x000000,0x000000,0x000000,0x000000,0x000000,0x000000,0x000000,
0x000000,0x000000,0x000000,0x000000,0x000000,0x000000,0x000000,0x000000,0x000000,0x000000,0x000000,0x000000,
0x000000,0x000000,0x000000,0x000000,0x000000,0x000000,0x000000,0x000000,0x000000,0x000000,0x000000,0x000000,
0x000000,0x000000,0x000000,0x000000,0x000000,0x000000,0x000000,0x000000,0x000000,0x000000,0x000000,0x000000,
0x000000,0x000000,0x000000,0x000000,0x000000,0x000000,0x000000,0x000000,0x000000,0x000000,0x000000,0x000000,
0x000000,0x000000,0x000000,0x000000,0x000000,0x000000,0x000000,0x000000,0x000000,0x000000,0x000000,0x000000,
0x000000,0x000000,0x000000,0x000000,0x000000,0x000000,0x000000,0x000000,0x000000,0x000000,0x000000,0x000000,
0x000000,0x000000,0x000000,0x000000,0x000000,0x000000,0x000000,0x000000,0x000000,0x000000,0x000000,0x000000,
0x000000,0x000000,0x000000,0x000000,0x000000,0x000000,0x000000,0x000000,0x000000,0x000000,0x000000,0x000000,
0x000000,0x000000,0x000000,0x000000,0x000000,0x000000,0x000000,0x000000,0x000000,0x000000,0x000000,0x000000,
0x000000,0x000000,0x000000,0x000000,0x000000,0x000000,0x000000,0x000000,0x000000,0x000000,0x000000,0x000000,
0x000000,0x000000,0x000000,0x000000,0x000000,0x000000,0x000000,0x000000,0x000000,0x000000,0x000000,0x000000,
0x000000,0x000000,0x000000,0x000000,0x000000,0x000000,0x000000,0x000000,0x000000,0x000000,0x000000,0x000000,
0x000000,0x000000,0x000000,0x000000,0x000000,0x000000,0x000000,0x000000,0x000000,0x000000,0x000000,0x000000,
0x000000,0x000000,0x000000,0x000000,0x000000,0x000000,0x000000,0x000000,0x000000,0x000000,0x000000,0x000000,
0x000000,0x000000,0x000000,0x000000,0x000000,0x000000,0x000000,0x000000,0x000000,0x000000,0x000000,0x000000,
0x000000,0x000000,0x000000,0x000000,0x000000,0x000000,0x000000,0x000000,0x000000,0x000000,0x000000,0x000000,
0x000000,0x000000,0x000000,0x000000,0x000000,0x000000,0x000000,0x000000,0x000000,0x000000,0x000000,0x000000,
0x000000,0x000000,0x000000,0x000000,0x000000,0x000000,0x000000,0x000000,0x000000,0x000000,0x000000,0x000000,
0x000000,0x000000,0x000000,0x000000,0x000000,0x000000,0x000000,0x000000,0x000000,0x000000,0x000000,0x000000,
0x000000,0x000000,0x000000,0x000000,0x000000,0x000000,0x000000,0x000000,0x000000,0x000000,0x000000,0x000000,
0x000000,0x000000,0x000000,0x000000,0x000000,0x000000,0x000000,0x000000,0x000000,0x000000,0x000000,0x000000,
0x000000,0x000000,0x000000,0x000000,0x000000,0x000000,0x000000,0x000000,0x000000,0x000000,0x000000,0x000000,
0x000000,0x000000,0x000000,0x000000,0x000000,0x000000,0x000000,0x000000,0x000000,0x000000,0x000000,0x000000,
0x000000,0x000000,0x000000,0x000000,0x000000,0x000000,0x000000,0x000000,0x000000,0x000000,0x000000,0x000000,
0x000000,0x000000,0x000000,0x000000,0x000000,0x000000,0x000000,0x000000,0x000000,0x000000,0x000000,0x000000,
0x000000,0x000000,0x000000,0x000000,0x000000,0x000000,0x000000,0x000000,0x000000,0x000000,0x000000,0x000000,
0x000000,0x000000,0x000000,0x000000,0x000000,0x000000,0x000000,0x000000,0x000000,0x000000,0x000000,0x000000,
0x000000,0x000000,0x000000,0x000000,0x000000,0x000000,0x000000,0x000000,0x000000,0x000000,0x000000,0x000000,
0x000000,0x000000,0x000000,0x000000,0x000000,0x000000,0x000000,0x000000,0x000000,0x000000,0x000000,0x000000,
0x000000,0x000000,0x000000,0x000000,0x000000,0x000000,0x000000,0x000000,0x000000,0x000000,0x000000,0x000000,
0x000000,0x000000,0x000000,0x000000,0x000000,0x000000,0x000000,0x000000,0x000000,0x000000,0x000000,0x000000,
0x000000,0x000000,0x000000,0x000000,0x000000,0x000000,0x000000,0x000000,0x000000,0x000000,0x000000,0x000000,
0x000000,0x000000,0x000000,0x000000,0x000000,0x000000,0x000000,0x000000,0x000000,0x000000,0x000000,0x000000,
0x000000,0x000000,0x000000,0x000000,0x000000,0x000000,0x000000,0x000000,0x000000,0x000000,0x000000,0x000000,
0x000000,0x000000,0x000000,0x000000,0x000000,0x000000,0x000000,0x000000,0x000000,0x000000,0x000000,0x000000,
0x000000,0x000000,0x000000,0x000000,0x000000,0x000000,0x000000,0x000000,0x000000,0x000000,0x000000,0x000000,
0x000000,0x000000,0x000000,0x000000,0x000000,0x000000,0x000000,0x000000,0x000000,0x000000,0x000000,0x000000,
0x000000,0x000000,0x000000,0x000000,0x000000,0x000000,0x000000,0x000000,0x000000,0x000000,0x000000,0x000000,
0x000000,0x000000,0x000000,0x000000,0x000000,0x000000,0x000000,0x000000,0x000000,0x000000,0x000000,0x000000,
0x000000,0x000000,0x000000,0x000000,0x000000,0x000000,0x000000,0x000000,0x000000,0x000000,0x000000,0x000000,
0x000000,0x000000,0x000000,0x000000,0x000000,0x000000,0x000000,0x000000,0x000000,0x000000,0x000000,0x000000,
0x000000,0x000000,0x000000,0x000000,0x000000,0x000000,0x000000,0x000000,0x000000,0x000000,0x000000,0x000000,
0x000000,0x000000,0x000000,0x000000,0x000000,0x000000,0x000000,0x000000,0x000000,0x000000,0x000000,0x000000,
0x000000,0x000000,0x000000,0x000000,0x000000,0x000000,0x000000,0x000000,0x000000,0x000000,0x000000,0x000000,
0x000000,0x000000,0x000000,0x000000,0x000000,0x000000,0x000000,0x000000,0x000000,0x000000,0x000000,0x000000,
0x000000,0x000000,0x000000,0x000000,0x000000,0x000000,0x000000,0x000000,0x000000,0x000000,0x000000,0x000000,
0x000000,0x000000,0x000000,0x000000,0x000000,0x000000,0x000000,0x000000,0x000000,0x000000,0x000000,0x000000,
0x000000,0x000000,0x000000,0x000000,0x000000,0x000000,0x000000,0x000000,0x000000,0x000000,0x000000,0x000000,
0x000000,0x000000,0x000000,0x000000,0x000000,0x000000,0x000000,0x000000,0x000000,0x000000,0x000000,0x000000,
0x000000,0x000000,0x000000,0x000000,0x000000,0x000000,0x000000,0x000000,0x000000,0x000000,0x000000,0x000000,
0x000000,0x000000,0x000000,0x000000,0x000000,0x000000,0x000000,0x000000,0x000000,0x000000,0x000000,0x000000,
0x000000,0x000000,0x000000,0x000000,0x000000,0x000000,0x000000,0x000000,0x000000,0x000000,0x000000,0x000000,
0x000000,0x000000,0x000000,0x000000,0x000000,0x000000,0x000000,0x000000,0x000000,0x000000,0x000000,0x000000,
0x000000,0x000000,0x000000,0x000000,0x000000,0x000000,0x000000,0x000000,0x000000,0x000000,0x000000,0x000000,
0x000000,0x000000,0x000000,0x000000,0x000000,0x000000,0x000000,0x000000,0x000000,0x000000,0x000000,0x000000,
0x000000,0x000000,0x000000,0x000000,0x000000,0x000000,0x000000,0x000000,0x000000,0x000000,0x000000,0x000000,
0x000000,0x000000,0x000000,0x000000,0x000000,0x000000,0x000000,0x000000,0x000000,0x000000,0x000000,0x000000,
0x000000,0x000000,0x000000,0x000000,0x000000,0x000000,0x000000,0x000000,0x000000,0x000000,0x000000,0x000000,
0x000000,0x000000,0x000000,0x000000,0x000000,0x000000,0x000000,0x000000,0x000000,0x000000,0x000000,0x000000,
0x000000,0x000000,0x000000,0x000000,0x000000,0x000000,0x000000,0x000000,0x000000,0x000000,0x000000,0x000000,
0x000000,0x000000,0x000000,0x000000,0x000000,0x000000,0x000000,0x000000,0x000000,0x000000,0x000000,0x000000,
0x000000,0x000000,0x000000,0x000000,0x000000,0x000000,0x000000,0x000000,0x000000,0x000000,0x000000,0x000000,
0x000000,0x000000,0x000000,0x000000,0x000000,0x000000,0x000000,0x000000,0x000000,0x000000,0x000000,0x000000,
0x000000,0x000000,0x000000,0x000000,0x000000,0x000000,0x000000,0x000000,0x000000,0x000000,0x000000,0x000000,
0x000000,0x000000,0x000000,0x000000,0x000000,0x000000,0x000000,0x000000,0x000000,0x000000,0x000000,0x000000,
0x000000,0x000000,0x000000,0x000000,0x000000,0x000000,0x000000,0x000000,0x000000,0x000000,0x000000,0x000000,
0x000000,0x000000,0x000000,0x000000,0x000000,0x000000,0x000000,0x000000,0x000000,0x000000,0x000000,0x000000,
0x000000,0x000000,0x000000,0x000000,0x000000,0x000000,0x000000,0x000000,0x000000,0x000000,0x000000,0x000000,
0x000000,0x000000,0x000000,0x000000,0x000000,0x000000,0x000000,0x000000,0x000000,0x000000,0x000000,0x000000,
0x000000,0x000000,0x000000,0x000000,0x000000,0x000000,0x000000,0x000000,0x000000,0x000000,0x000000,0x000000,
0x000000,0x000000,0x000000,0x000000,0x000000,0x000000,0x000000,0x000000,0x000000,0x000000,0x000000,0x000000,
0x000000,0x000000,0x000000,0x000000,0x000000,0x000000,0x000000,0x000000,0x000000,0x000000,0x000000,0x000000,
0x000000,0x000000,0x000000,0x000000,0x000000,0x000000,0x000000,0x000000,0x000000,0x000000,0x000000,0x000000,
0x000000,0x000000,0x000000,0x000000,0x000000,0x000000,0x000000,0x000000,0x000000,0x000000,0x000000,0x000000,
0x000000,0x000000,0x000000,0x000000,0x000000,0x000000,0x000000,0x000000,0x000000,0x000000,0x000000,0x000000,
0x000000,0x000000,0x000000,0x000000,0x000000,0x000000,0x000000,0x000000,0x000000,0x000000,0x000000,0x000000,
0x000000,0x000000,0x000000,0x000000,0x000000,0x000000,0x000000,0x000000,0x000000,0x000000,0x000000,0x000000,
0x000000,0x000000,0x000000,0x000000,0x000000,0x000000,0x000000,0x000000,0x000000,0x000000,0x000000,0x000000,
0x000000,0x000000,0x000000,0x000000,0x000000,0x000000,0x000000,0x000000,0x000000,0x000000,0x000000,0x000000,
0x000000,0x000000,0x000000,0x000000,0x000000,0x000000,0x000000,0x000000,0x000000,0x000000,0x000000,0x000000,
0x000000,0x000000,0x000000,0x000000,0x000000,0x000000,0x000000,0x000000,0x000000,0x000000,0x000000,0x000000,
0x000000,0x000000,0x000000,0x000000,0x000000,0x000000,0x000000,0x000000,0x000000,0x000000,0x000000,0x000000,
0x000000,0x000000,0x000000,0x000000,0x000000,0x000000,0x000000,0x000000,0x000000,0x000000,0x000000,0x000000,
0x000000,0x000000,0x000000,0x000000,0x000000,0x000000,0x000000,0x000000,0x000000,0x000000,0x000000,0x000000,
0x000000,0x000000,0x000000,0x000000,0x000000,0x000000,0x000000,0x000000,0x000000,0x000000,0x000000,0x000000,
0x000000,0x000000,0x000000,0x000000,0x000000,0x000000,0x000000,0x000000,0x000000,0x000000,0x000000,0x000000,
0x000000,0x000000,0x000000,0x000000,0x000000,0x000000,0x000000,0x000000,0x000000,0x000000,0x000000,0x000000,
0x000000,0x000000,0x000000,0x000000,0x000000,0x000000,0x000000,0x000000,0x000000,0x000000,0x000000,0x000000,
0x000000,0x000000,0x000000,0x000000,0x000000,0x000000,0x000000,0x000000,0x000000,0x000000,0x000000,0x000000,
0x000000,0x000000,0x000000,0x000000,0x000000,0x000000,0x000000,0x000000,0x000000,0x000000,0x000000,0x000000,
0x000000,0x000000,0x000000,0x000000,0x000000,0x000000,0x000000,0x000000,0x000000,0x000000,0x000000,0x000000,
0x000000,0x000000,0x000000,0x000000,0x000000,0x000000,0x000000,0x000000,0x000000,0x000000,0x000000,0x000000,
0x000000,0x000000,0x000000,0x000000,0x000000,0x000000,0x000000,0x000000,0x000000,0x000000,0x000000,0x000000,
0x000000,0x000000,0x000000,0x000000,0x000000,0x000000,0x000000,0x000000,0x000000,0x000000,0x000000,0x000000,
0x000000,0x000000,0x000000,0x000000,0x000000,0x000000,0x000000,0x000000,0x000000,0x000000,0x000000,0x000000,
0x000000,0x000000,0x000000,0x000000,0x000000,0x000000,0x000000,0x000000,0x000000,0x000000,0x000000,0x000000,
0x000000,0x000000,0x000000,0x000000,0x000000,0x000000,0x000000,0x000000,0x000000,0x000000,0x000000,0x000000,
0x000000,0x000000,0x000000,0x000000,0x000000,0x000000,0x000000,0x000000,0x000000,0x000000,0x000000,0x000000,
0x000000,0x000000,0x000000,0x000000,0x000000,0x000000,0x000000,0x000000,0x000000,0x000000,0x000000,0x000000,
0x000000,0x000000,0x000000,0x000000,0x000000,0x000000,0x000000,0x000000,0x000000,0x000000,0x000000,0x000000,
0x000000,0x000000,0x000000,0x000000,0x000000,0x000000,0x000000,0x000000,0x000000,0x000000,0x000000,0x000000,
0x000000,0x000000,0x000000,0x000000,0x000000,0x000000,0x000000,0x000000,0x000000,0x000000,0x000000,0x000000,
0x000000,0x000000,0x000000,0x000000,0x000000,0x000000,0x000000,0x000000,0x000000,0x000000,0x000000,0x000000,
0x000000,0x000000,0x000000,0x000000,0x000000,0x000000,0x000000,0x000000,0x000000,0x000000,0x000000,0x000000,
0x000000,0x000000,0x000000,0x000000,0x000000,0x000000,0x000000,0x000000,0x000000,0x000000,0x000000,0x000000,
0x000000,0x000000,0x000000,0x000000,0x000000,0x000000,0x000000,0x000000,0x000000,0x000000,0x000000,0x000000,
0x000000,0x000000,0x000000,0x000000,0x000000,0x000000,0x000000,0x000000,0x000000,0x000000,0x000000,0x000000,
0x000000,0x000000,0x000000,0x000000,0x000000,0x000000,0x000000,0x000000,0x000000,0x000000,0x000000,0x000000,
0x000000,0x000000,0x000000,0x000000,0x000000,0x000000,0x000000,0x000000,0x000000,0x000000,0x000000,0x000000,
0x000000,0x000000,0x000000,0x000000,0x000000,0x000000,0x000000,0x000000,0x000000,0x000000,0x000000,0x000000,
0x000000,0x000000,0x000000,0x000000,0x000000,0x000000,0x000000,0x000000,0x000000,0x000000,0x000000,0x000000,
0x000000,0x000000,0x000000,0x000000,0x000000,0x000000,0x000000,0x000000,0x000000,0x000000,0x000000,0x000000,
0x000000,0x000000,0x000000,0x000000,0x000000,0x000000,0x000000,0x000000,0x000000,0x000000,0x000000,0x000000,
0x000000,0x000000,0x000000,0x000000,0x000000,0x000000,0x000000,0x000000,0x000000,0x000000,0x000000,0x000000,
0x000000,0x000000,0x000000,0x000000,0x000000,0x000000,0x000000,0x000000,0x000000,0x000000,0x000000,0x000000,
0x000000,0x000000,0x000000,0x000000,0x000000,0x000000,0x000000,0x000000,0x000000,0x000000,0x000000,0x000000,
0x000000,0x000000,0x000000,0x000000,0x000000,0x000000,0x000000,0x000000,0x000000,0x000000,0x000000,0x000000,
0x000000,0x000000,0x000000,0x000000,0x000000,0x000000,0x000000,0x000000,0x000000,0x000000,0x000000,0x000000,
0x000000,0x000000,0x000000,0x000000,0x000000,0x000000,0x000000,0x000000,0x000000,0x000000,0x000000,0x000000,
0x000000,0x000000,0x000000,0x000000,0x000000,0x000000,0x000000,0x000000,0x000000,0x000000,0x000000,0x000000,
0x000000,0x000000,0x000000,0x000000,0x000000,0x000000,0x000000,0x000000,0x000000,0x000000,0x000000,0x000000,
0x000000,0x000000,0x000000,0x000000,0x000000,0x000000,0x000000,0x000000,0x000000,0x000000,0x000000,0x000000,
0x000000,0x000000,0x000000,0x000000,0x000000,0x000000,0x000000,0x000000,0x000000,0x000000,0x000000,0x000000,
0x000000,0x000000,0x000000,0x000000,0x000000,0x000000,0x000000,0x000000,0x000000,0x000000,0x000000,0x000000,
0x000000,0x000000,0x000000,0x000000,0x000000,0x000000,0x000000,0x000000,0x000000,0x000000,0x000000,0x000000,
0x000000,0x000000,0x000000,0x000000,0x000000,0x000000,0x000000,0x000000,0x000000,0x000000,0x000000,0x000000,
0x000000,0x000000,0x000000,0x000000,0x000000,0x000000,0x000000,0x000000,0x000000,0x000000,0x000000,0x000000,
0x000000,0x000000,0x000000,0x000000,0x000000,0x000000,0x000000,0x000000,0x000000,0x000000,0x000000,0x000000,
0x000000,0x000000,0x000000,0x000000,0x000000,0x000000,0x000000,0x000000,0x000000,0x000000,0x000000,0x000000,
0x000000,0x000000,0x000000,0x000000,0x000000,0x000000,0x000000,0x000000,0x000000,0x000000,0x000000,0x000000,
0x000000,0x000000,0x000000,0x000000,0x000000,0x000000,0x000000,0x000000,0x000000,0x000000,0x000000,0x000000,
0x000000,0x000000,0x000000,0x000000,0x000000,0x000000,0x000000,0x000000,0x000000,0x000000,0x000000,0x000000,
0x000000,0x000000,0x000000,0x000000,0x000000,0x000000,0x000000,0x000000,0x000000,0x000000,0x000000,0x000000,
0x000000,0x000000,0x000000,0x000000,0x000000,0x000000,0x000000,0x000000,0x000000,0x000000,0x000000,0x000000,
0x000000,0x000000,0x000000,0x000000,0x000000,0x000000,0x000000,0x000000,0x000000,0x000000,0x000000,0x000000,
0x000000,0x000000,0x000000,0x000000,0x000000,0x000000,0x000000,0x000000,0x000000,0x000000,0x000000,0x000000,
0x000000,0x000000,0x000000,0x000000,0x000000,0x000000,0x000000,0x000000,0x000000,0x000000,0x000000,0x000000,
0x000000,0x000000,0x000000,0x000000,0x000000,0x000000,0x000000,0x000000,0x000000,0x000000,0x000000,0x000000,
0x000000,0x000000,0x000000,0x000000,0x000000,0x000000,0x000000,0x000000,0x000000,0x000000,0x000000,0x000000,
0x000000,0x000000,0x000000,0x000000,0x000000,0x000000,0x000000,0x000000,0x000000,0x000000,0x000000,0x000000,
0x000000,0x000000,0x000000,0x000000,0x000000,0x000000,0x000000,0x000000,0x000000,0x000000,0x000000,0x000000,
0x000000,0x000000,0x000000,0x000000,0x000000,0x000000,0x000000,0x000000,0x000000,0x000000,0x000000,0x000000,
0x000000,0x000000,0x000000,0x000000,0x000000,0x000000,0x000000,0x000000,0x000000,0x000000,0x000000,0x000000,
0x000000,0x000000,0x000000,0x000000,0x000000,0x000000,0x000000,0x000000,0x000000,0x000000,0x000000,0x000000,
0x000000,0x000000,0x000000,0x000000,0x000000,0x000000,0x000000,0x000000,0x000000,0x000000,0x000000,0x000000,
0x000000,0x000000,0x000000,0x000000,0x000000,0x000000,0x000000,0x000000,0x000000,0x000000,0x000000,0x000000,
0x000000,0x000000,0x000000,0x000000,0x000000,0x000000,0x000000,0x000000,0x000000,0x000000,0x000000,0x000000,
0x000000,0x000000,0x000000,0x000000,0x000000,0x000000,0x000000,0x000000,0x000000,0x000000,0x000000,0x000000,
0x000000,0x000000,0x000000,0x000000,0x000000,0x000000,0x000000,0x000000,0x000000,0x000000,0x000000,0x000000,
0x000000,0x000000,0x000000,0x000000,0x000000,0x000000,0x000000,0x000000,0x000000,0x000000,0x000000,0x000000,
0x000000,0x000000,0x000000,0x000000,0x000000,0x000000,0x000000,0x000000,0x000000,0x000000,0x000000,0x000000,
0x000000,0x000000,0x000000,0x000000,0x000000,0x000000,0x000000,0x000000,0x000000,0x000000,0x000000,0x000000,
0x000000,0x000000,0x000000,0x000000,0x000000,0x000000,0x000000,0x000000,0x000000,0x000000,0x000000,0x000000,
0x000000,0x000000,0x000000,0x000000,0x000000,0x000000,0x000000,0x000000,0x000000,0x000000,0x000000,0x000000,
0x000000,0x000000,0x000000,0x000000,0x000000,0x000000,0x000000,0x000000,0x000000,0x000000,0x000000,0x000000,
0x000000,0x000000,0x000000,0x000000,0x000000,0x000000,0x000000,0x000000,0x000000,0x000000,0x000000,0x000000,
0x000000,0x000000,0x000000,0x000000,0x000000,0x000000,0x000000,0x000000,0x000000,0x000000,0x000000,0x000000,
0x000000,0x000000,0x000000,0x000000,0x000000,0x000000,0x000000,0x000000,0x000000,0x000000,0x000000,0x000000,
0x000000,0x000000,0x000000,0x000000,0x000000,0x000000,0x000000,0x000000,0x000000,0x000000,0x000000,0x000000,
0x000000,0x000000,0x000000,0x000000,0x000000,0x000000,0x000000,0x000000,0x000000,0x000000,0x000000,0x000000,
0x000000,0x000000,0x000000,0x000000,0x000000,0x000000,0x000000,0x000000,0x000000,0x000000,0x000000,0x000000,
0x000000,0x000000,0x000000,0x000000,0x000000,0x000000,0x000000,0x000000,0x000000,0x000000,0x000000,0x000000,
0x000000,0x000000,0x000000,0x000000,0x000000,0x000000,0x000000,0x000000,0x000000,0x000000,0x000000,0x000000,
0x000000,0x000000,0x000000,0x000000,0x000000,0x000000,0x000000,0x000000,0x000000,0x000000,0x000000,0x000000,
0x000000,0x000000,0x000000,0x000000,0x000000,0x000000,0x000000,0x000000,0x000000,0x000000,0x000000,0x000000,
0x000000,0x000000,0x000000,0x000000,0x000000,0x000000,0x000000,0x000000,0x000000,0x000000,0x000000,0x000000,
0x000000,0x000000,0x000000,0x000000,0x000000,0x000000,0x000000,0x000000,0x000000,0x000000,0x000000,0x000000,
0x000000,0x000000,0x000000,0x000000,0x000000,0x000000,0x000000,0x000000,0x000000,0x000000,0x000000,0x000000,
0x000000,0x000000,0x000000,0x000000,0x000000,0x000000,0x000000,0x000000,0x000000,0x000000,0x000000,0x000000,
0x000000,0x000000,0x000000,0x000000,0x000000,0x000000,0x000000,0x000000,0x000000,0x000000,0x000000,0x000000,
0x000000,0x000000,0x000000,0x000000,0x000000,0x000000,0x000000,0x000000,0x000000,0x000000,0x000000,0x000000,
0x000000,0x000000,0x000000,0x000000,0x000000,0x000000,0x000000,0x000000,0x000000,0x000000,0x000000,0x000000,
0x000000,0x000000,0x000000,0x000000,0x000000,0x000000,0x000000,0x000000,0x000000,0x000000,0x000000,0x000000,
0x000000,0x000000,0x000000,0x000000,0x000000,0x000000,0x000000,0x000000,0x000000,0x000000,0x000000,0x000000,
0x000000,0x000000,0x000000,0x000000,0x000000,0x000000,0x000000,0x000000,0x000000,0x000000,0x000000,0x000000,
0x000000,0x000000,0x000000,0x000000,0x000000,0x000000,0x000000,0x000000,0x000000,0x000000,0x000000,0x000000,
0x000000,0x000000,0x000000,0x000000,0x000000,0x000000,0x000000,0x000000,0x000000,0x000000,0x000000,0x000000,
0x000000,0x000000,0x000000,0x000000,0x000000,0x000000,0x000000,0x000000,0x000000,0x000000,0x000000,0x000000,
0x000000,0x000000,0x000000,0x000000,0x000000,0x000000,0x000000,0x000000,0x000000,0x000000,0x000000,0x000000,
0x000000,0x000000,0x000000,0x000000,0x000000,0x000000,0x000000,0x000000,0x000000,0x000000,0x000000,0x000000,
0x000000,0x000000,0x000000,0x000000,0x000000,0x000000,0x000000,0x000000,0x000000,0x000000,0x000000,0x000000,
0x000000,0x000000,0x000000,0x000000,0x000000,0x000000,0x000000,0x000000,0x000000,0x000000,0x000000,0x000000,
0x000000,0x000000,0x000000,0x000000,0x000000,0x000000,0x000000,0x000000,0x000000,0x000000,0x000000,0x000000,
0x000000,0x000000,0x000000,0x000000,0x000000,0x000000,0x000000,0x000000,0x000000,0x000000,0x000000,0x000000,
0x000000,0x000000,0x000000,0x000000,0x000000,0x000000,0x000000,0x000000,0x000000,0x000000,0x000000,0x000000,
0x000000,0x000000,0x000000,0x000000,0x000000,0x000000,0x000000,0x000000,0x000000,0x000000,0x000000,0x000000,
0x000000,0x000000,0x000000,0x000000,0x000000,0x000000,0x000000,0x000000,0x000000,0x000000,0x000000,0x000000,
0x000000,0x000000,0x000000,0x000000,0x000000,0x000000,0x000000,0x000000,0x000000,0x000000,0x000000,0x000000,
0x000000,0x000000,0x000000,0x000000,0x000000,0x000000,0x000000,0x000000,0x000000,0x000000,0x000000,0x000000,
0x000000,0x000000,0x000000,0x000000,0x000000,0x000000,0x000000,0x000000,0x000000,0x000000,0x000000,0x000000,
0x000000,0x000000,0x000000,0x000000,0x000000,0x000000,0x000000,0x000000,0x000000,0x000000,0x000000,0x000000,
0x000000,0x000000,0x000000,0x000000,0x000000,0x000000,0x000000,0x000000,0x000000,0x000000,0x000000,0x000000,
0x000000,0x000000,0x000000,0x000000,0x000000,0x000000,0x000000,0x000000,0x000000,0x000000,0x000000,0x000000,
0x000000,0x000000,0x000000,0x000000,0x000000,0x000000,0x000000,0x000000,0x000000,0x000000,0x000000,0x000000,
0x000000,0x000000,0x000000,0x000000,0x000000,0x000000,0x000000,0x000000,0x000000,0x000000,0x000000,0x000000,
0x000000,0x000000,0x000000,0x000000,0x000000,0x000000,0x000000,0x000000,0x000000,0x000000,0x000000,0x000000,
0x000000,0x000000,0x000000,0x000000,0x000000,0x000000,0x000000,0x000000,0x000000,0x000000,0x000000,0x000000,
0x000000,0x000000,0x000000,0x000000,0x000000,0x000000,0x000000,0x000000,0x000000,0x000000,0x000000,0x000000,
0x000000,0x000000,0x000000,0x000000,0x000000,0x000000,0x000000,0x000000,0x000000,0x000000,0x000000,0x000000,
0x000000,0x000000,0x000000,0x000000,0x000000,0x000000,0x000000,0x000000,0x000000,0x000000,0x000000,0x000000,
0x000000,0x000000,0x000000,0x000000,0x000000,0x000000,0x000000,0x000000,0x000000,0x000000,0x000000,0x000000,
0x000000,0x000000,0x000000,0x000000,0x000000,0x000000,0x000000,0x000000,0x000000,0x000000,0x000000,0x000000,
0x000000,0x000000,0x000000,0x000000,0x000000,0x000000,0x000000,0x000000,0x000000,0x000000,0x000000,0x000000,
0x000000,0x000000,0x000000,0x000000,0x000000,0x000000,0x000000,0x000000,0x000000,0x000000,0x000000,0x000000,
0x000000,0x000000,0x000000,0x000000,0x000000,0x000000,0x000000,0x000000,0x000000,0x000000,0x000000,0x000000,
0x000000,0x000000,0x000000,0x000000,0x000000,0x000000,0x000000,0x000000,0x000000,0x000000,0x000000,0x000000,
0x000000,0x000000,0x000000,0x000000,0x000000,0x000000,0x000000,0x000000,0x000000,0x000000,0x000000,0x000000,
0x000000,0x000000,0x000000,0x000000,0x000000,0x000000,0x000000,0x000000,0x000000,0x000000,0x000000,0x000000,
0x000000,0x000000,0x000000,0x000000,0x000000,0x000000,0x000000,0x000000,0x000000,0x000000,0x000000,0x000000,
0x000000,0x000000,0x000000,0x000000,0x000000,0x000000,0x000000,0x000000,0x000000,0x000000,0x000000,0x000000,
0x000000,0x000000,0x000000,0x000000,0x000000,0x000000,0x000000,0x000000,0x000000,0x000000,0x000000,0x000000,
0x000000,0x000000,0x000000,0x000000,0x000000,0x000000,0x000000,0x000000,0x000000,0x000000,0x000000,0x000000,
0x000000,0x000000,0x000000,0x000000,0x000000,0x000000,0x000000,0x000000,0x000000,0x000000,0x000000,0x000000,
0x000000,0x000000,0x000000,0x000000,0x000000,0x000000,0x000000,0x000000,0x000000,0x000000,0x000000,0x000000,
0x000000,0x000000,0x000000,0x000000,0x000000,0x000000,0x000000,0x000000,0x000000,0x000000,0x000000,0x000000,
0x000000,0x000000,0x000000,0x000000,0x000000,0x000000,0x000000,0x000000,0x000000,0x000000,0x000000,0x000000,
0x000000,0x000000,0x000000,0x000000,0x000000,0x000000,0x000000,0x000000,0x000000,0x000000,0x000000,0x000000,
0x000000,0x000000,0x000000,0x000000,0x000000,0x000000,0x000000,0x000000,0x000000,0x000000,0x000000,0x000000,
0x000000,0x000000,0x000000,0x000000,0x000000,0x000000,0x000000,0x000000,0x000000,0x000000,0x000000,0x000000,
0x000000,0x000000,0x000000,0x000000,0x000000,0x000000,0x000000,0x000000,0x000000,0x000000,0x000000,0x000000,
0x000000,0x000000,0x000000,0x000000,0x000000,0x000000,0x000000,0x000000,0x000000,0x000000,0x000000,0x000000,
0x000000,0x000000,0x000000,0x000000,0x000000,0x000000,0x000000,0x000000,0x000000,0x000000,0x000000,0x000000,
0x000000,0x000000,0x000000,0x000000,0x000000,0x000000,0x000000,0x000000,0x000000,0x000000,0x000000,0x000000,
0x000000,0x000000,0x000000,0x000000,0x000000,0x000000,0x000000,0x000000,0x000000,0x000000,0x000000,0x000000,
0x000000,0x000000,0x000000,0x000000,0x000000,0x000000,0x000000,0x000000,0x000000,0x000000,0x000000,0x000000,
0x000000,0x000000,0x000000,0x000000,0x000000,0x000000,0x000000,0x000000,0x000000,0x000000,0x000000,0x000000,
0x000000,0x000000,0x000000,0x000000,0x000000,0x000000,0x000000,0x000000,0x000000,0x000000,0x000000,0x000000,
0x000000,0x000000,0x000000,0x000000,0x000000,0x000000,0x000000,0x000000,0x000000,0x000000,0x000000,0x000000,
0x000000,0x000000,0x000000,0x000000,0x000000,0x000000,0x000000,0x000000,0x000000,0x000000,0x000000,0x000000,
0x000000,0x000000,0x000000,0x000000,0x000000,0x000000,0x000000,0x000000,0x000000,0x000000,0x000000,0x000000,
0x000000,0x000000,0x000000,0x000000,0x000000,0x000000,0x000000,0x000000,0x000000,0x000000,0x000000,0x000000,
0x000000,0x000000,0x000000,0x000000,0x000000,0x000000,0x000000,0x000000,0x000000,0x000000,0x000000,0x000000,
0x000000,0x000000,0x000000,0x000000,0x000000,0x000000,0x000000,0x000000,0x000000,0x000000,0x000000,0x000000,
0x000000,0x000000,0x000000,0x000000,0x000000,0x000000,0x000000,0x000000,0x000000,0x000000,0x000000,0x000000,
0x000000,0x000000,0x000000,0x000000,0x000000,0x000000,0x000000,0x000000,0x000000,0x000000,0x000000,0x000000,
0x000000,0x000000,0x000000,0x000000,0x000000,0x000000,0x000000,0x000000,0x000000,0x000000,0x000000,0x000000,
0x000000,0x000000,0x000000,0x000000,0x000000,0x000000,0x000000,0x000000,0x000000,0x000000,0x000000,0x000000,
0x000000,0x000000,0x000000,0x000000,0x000000,0x000000,0x000000,0x000000,0x000000,0x000000,0x000000,0x000000,
0x000000,0x000000,0x000000,0x000000,0x000000,0x000000,0x000000,0x000000,0x000000,0x000000,0x000000,0x000000,
0x000000,0x000000,0x000000,0x000000,0x000000,0x000000,0x000000,0x000000,0x000000,0x000000,0x000000,0x000000,
0x000000,0x000000,0x000000,0x000000,0x000000,0x000000,0x000000,0x000000,0x000000,0x000000,0x000000,0x000000,
0x000000,0x000000,0x000000,0x000000,0x000000,0x000000,0x000000,0x000000,0x000000,0x000000,0x000000,0x000000,
0x000000,0x000000,0x000000,0x000000,0x000000,0x000000,0x000000,0x000000,0x000000,0x000000,0x000000,0x000000,
0x000000,0x000000,0x000000,0x000000,0x000000,0x000000,0x000000,0x000000,0x000000,0x000000,0x000000,0x000000,
0x000000,0x000000,0x000000,0x000000,0x000000,0x000000,0x000000,0x000000,0x000000,0x000000,0x000000,0x000000,
0x000000,0x000000,0x000000,0x000000,0x000000,0x000000,0x000000,0x000000,0x000000,0x000000,0x000000,0x000000,
0x000000,0x000000,0x000000,0x000000,0x000000,0x000000,0x000000,0x000000,0x000000,0x000000,0x000000,0x000000,
0x000000,0x000000,0x000000,0x000000,0x000000,0x000000,0x000000,0x000000,0x000000,0x000000,0x000000,0x000000,
0x000000,0x000000,0x000000,0x000000,0x000000,0x000000,0x000000,0x000000,0x000000,0x000000,0x000000,0x000000,
0x000000,0x000000,0x000000,0x000000,0x000000,0x000000,0x000000,0x000000,0x000000,0x000000,0x000000,0x000000,
0x000000,0x000000,0x000000,0x000000,0x000000,0x000000,0x000000,0x000000,0x000000,0x000000,0x000000,0x000000,
0x000000,0x000000,0x000000,0x000000,0x000000,0x000000,0x000000,0x000000,0x000000,0x000000,0x000000,0x000000,
0x000000,0x000000,0x000000,0x000000,0x000000,0x000000,0x000000,0x000000,0x000000,0x000000,0x000000,0x000000,
0x000000,0x000000,0x000000,0x000000,0x000000,0x000000,0x000000,0x000000,0x000000,0x000000,0x000000,0x000000,
0x000000,0x000000,0x000000,0x000000,0x000000,0x000000,0x000000,0x000000,0x000000,0x000000,0x000000,0x000000,
0x000000,0x000000,0x000000,0x000000,0x000000,0x000000,0x000000,0x000000,0x000000,0x000000,0x000000,0x000000,
0x000000,0x000000,0x000000,0x000000,0x000000,0x000000,0x000000,0x000000,0x000000,0x000000,0x000000,0x000000,
0x000000,0x000000,0x000000,0x000000,0x000000,0x000000,0x000000,0x000000,0x000000,0x000000,0x000000,0x000000,
0x000000,0x000000,0x000000,0x000000,0x000000,0x000000,0x000000,0x000000,0x000000,0x000000,0x000000,0x000000,
0x000000,0x000000,0x000000,0x000000,0x000000,0x000000,0x000000,0x000000,0x000000,0x000000,0x000000,0x000000,
0x000000,0x000000,0x000000,0x000000,0x000000,0x000000,0x000000,0x000000,0x000000,0x000000,0x000000,0x000000,
0x000000,0x000000,0x000000,0x000000,0x000000,0x000000,0x000000,0x000000,0x000000,0x000000,0x000000,0x000000,
0x000000,0x000000,0x000000,0x000000,0x000000,0x000000,0x000000,0x000000,0x000000,0x000000,0x000000,0x000000,
0x000000,0x000000,0x000000,0x000000,0x000000,0x000000,0x000000,0x000000,0x000000,0x000000,0x000000,0x000000,
0x000000,0x000000,0x000000,0x000000,0x000000,0x000000,0x000000,0x000000,0x000000,0x000000,0x000000,0x000000,
0x000000,0x000000,0x000000,0x000000,0x000000,0x000000,0x000000,0x000000,0x000000,0x000000,0x000000,0x000000,
0x000000,0x000000,0x000000,0x000000,0x000000,0x000000,0x000000,0x000000,0x000000,0x000000,0x000000,0x000000,
0x000000,0x000000,0x000000,0x000000,0x000000,0x000000,0x000000,0x000000,0x000000,0x000000,0x000000,0x000000,
0x000000,0x000000,0x000000,0x000000,
};

#endif
